t,p,p_d,v,v_d,q,R,w,T_sp,q_sp,hover_throttle,fa,pwm
0.34108090400696,"[-0.31007832288742065, 0.06494452059268951, -0.5592759847640991]","[-0.31007832288742065, 0.06494452059268951, -0.5592759847640991]","[0.39272287487983704, -0.04558337852358818, -1.1809791326522827]","[0.39272287487983704, -0.04558337852358818, -1.1809791326522827]","[-0.007762431167066097, -0.006663290783762932, -0.8929867744445801, 0.449966698884964]","[[-0.5949395575540086, 0.8037320687616295, 0.007866978824092041], [-0.803525175417409, -0.5949712693411175, 0.018886132143490497], [0.019860014654813685, 0.0049147900332245364, 0.9997906904366152]]","[0.005284144077450037, -0.020252441987395287, 0.12991008162498474]",[0.0],"[-0.007762431167066097, -0.006663290783762932, -0.8929867744445801, 0.449966698884964]",[0.44],"[0.850994884967804, -0.6144391372799873, -18.96886461734772]","[669.857421875, 669.5279541015625, 653.61669921875, 653.3715209960938]"
0.37308025360107,"[-0.2968115210533142, 0.06321241706609726, -0.601566731929779]","[-0.2968115210533142, 0.06321241706609726, -0.601566731929779]","[0.41128116846084595, -0.05944652855396271, -1.3819020986557007]","[0.41128116846084595, -0.05944652855396271, -1.3819020986557007]","[-0.008007691241800785, -0.006852218881249428, -0.8919739127159119, 0.4519641101360321]","[[-0.5913288277386595, 0.8063901323566484, 0.00809138935929754], [-0.8061706505441592, -0.5913631681695144, 0.01946237906527698], [0.0204792173957824, 0.004985622879898621, 0.9997778479547589]]","[0.004609416238963604, -0.016085363924503326, 0.1412961333990097]",[0.0],"[-0.008007691241800785, -0.006852218881249428, -0.8919739127159119, 0.4519641101360321]",[0.44],"[0.9279146790504456, -0.6931575015187263, -19.8561483001709]","[669.857421875, 669.6182250976562, 655.7694702148438, 655.5538940429688]"
0.40307950973511,"[-0.28422126173973083, 0.06123664975166321, -0.6457533240318298]","[-0.28422126173973083, 0.06123664975166321, -0.6457533240318298]","[0.4280419647693634, -0.07230543345212936, -1.5636192560195923]","[0.4280419647693634, -0.07230543345212936, -1.5636192560195923]","[-0.00818589050322771, -0.00699316430836916, -0.8909798860549927, 0.45391514897346497]","[[-0.5877881234032232, 0.8089730259766245, 0.008238321137990334], [-0.8087440448674269, -0.5878243323157972, 0.019892936891775348], [0.020935534013307555, 0.005030138062763034, 0.9997681736992506]]","[0.00437807897105813, -0.012985970824956894, 0.150459423661232]",[0.0],"[-0.00818589050322771, -0.00699316430836916, -0.8909798860549927, 0.45391514897346497]",[0.44],"[0.8380398154258728, -0.6429452449083328, -18.895857868194582]","[669.857421875, 669.6446533203125, 657.0247802734375, 656.8517456054688]"
0.43508744239807,"[-0.27112922072410583, 0.0588720366358757, -0.6953729391098022]","[-0.27112922072410583, 0.0588720366358757, -0.6953729391098022]","[0.4447304308414459, -0.08536216616630554, -1.744032382965088]","[0.4447304308414459, -0.08536216616630554, -1.744032382965088]","[-0.008329431526362896, -0.007110170554369688, -0.8899227380752563, 0.4559797942638397]","[[-0.5840260685373471, 0.8116920213940834, 0.008340912807977857], [-0.8114551266789899, -0.5840637183458273, 0.02025110984330486], [0.021309289234227063, 0.005058899948402085, 0.9997601320902708]]","[0.004118877463042736, -0.010461779311299324, 0.1586141437292099]",[0.0],"[-0.008329431526362896, -0.007110170554369688, -0.8899227380752563, 0.4559797942638397]",[0.44],"[0.834423303604126, -0.6528366357088089, -18.830656347274783]","[669.857421875, 669.6949462890625, 658.5953369140625, 658.4495239257812]"
0.46608114242554,"[-0.2561509907245636, 0.05581464245915413, -0.7562175393104553]","[-0.2561509907245636, 0.05581464245915413, -0.7562175393104553]","[0.46300897002220154, -0.09997313469648361, -1.9437284469604492]","[0.46300897002220154, -0.09997313469648361, -1.9437284469604492]","[-0.008454112336039543, -0.007217499893158674, -0.8887056708335876, 0.45834338665008545]","[[-0.5796997233529695, 0.8147867689197695, 0.008410248461451109], [-0.814542698700241, -0.5797384827743348, 0.020578239127023112], [0.021642621838159015, 0.005078693210140595, 0.9997528713598037]]","[0.003998579923063517, -0.008194544352591038, 0.1609923243522644]",[0.0],"[-0.008454112336039543, -0.007217499893158674, -0.8887056708335876, 0.45834338665008545]",[0.44],"[0.9139269590377808, -0.7305484265089035, -19.79480319976807]","[660.7017211914062, 660.56884765625, 669.66552734375, 669.5531005859375]"
0.49607968330383,"[-0.2420106828212738, 0.05261639133095741, -0.817133367061615]","[-0.2420106828212738, 0.05261639133095741, -0.817133367061615]","[0.4796658158302307, -0.11322852969169617, -2.1154892444610596]","[0.4796658158302307, -0.11322852969169617, -2.1154892444610596]","[-0.008541885763406754, -0.007300766184926033, -0.8876278400421143, 0.46042436361312866]","[[-0.5758729672094323, 0.8174956913748468, 0.00844112997095281], [-0.8172462421318989, -0.5759122924604485, 0.020826511272102], [0.02188693246928408, 0.005094942005411607, 0.9997474700014359]]","[0.003895931411534548, -0.0065629552118480206, 0.1502194106578827]",[0.0],"[-0.008541885763406754, -0.007300766184926033, -0.8876278400421143, 0.46042436361312866]",[0.44],"[0.8328422904014587, -0.6627697497606277, -18.39803987503052]","[650.763916015625, 650.6517333984375, 669.8558959960938, 669.7599487304688]"
0.52708888053894,"[-0.22736932337284088, 0.0490228496491909, -0.8829858899116516]","[-0.22736932337284088, 0.0490228496491909, -0.8829858899116516]","[0.49642351269721985, -0.12630029022693634, -2.271899700164795]","[0.49642351269721985, -0.12630029022693634, -2.271899700164795]","[-0.008608847856521606, -0.007374534383416176, -0.8866574168205261, 0.462287962436676]","[[-0.5724315171204408, 0.8199090736916942, 0.008447880656471396], [-0.8196551287136161, -0.5724709741285299, 0.021036904682345314], [0.022084514552586088, 0.005117837744270437, 0.9997430079624221]]","[0.003778231330215931, -0.005229786038398743, 0.1278107911348343]",[0.0],"[-0.008608847856521606, -0.007374534383416176, -0.8866574168205261, 0.462287962436676]",[0.44],"[0.8378848433494568, -0.6535880267620087, -17.63052278518677]","[630.8194580078125, 630.7237548828125, 669.857421875, 669.787109375]"
0.55808591842651,"[-0.21222436428070068, 0.04503847286105156, -0.9533876776695251]","[-0.21222436428070068, 0.04503847286105156, -0.9533876776695251]","[0.5132215023040771, -0.13931570947170258, -2.420549154281616]","[0.5132215023040771, -0.13931570947170258, -2.420549154281616]","[-0.008657996542751789, -0.007441144436597824, -0.8858609199523926, 0.46381044387817383]","[[-0.5696098802588512, 0.8218719438005055, 0.008437000556413388], [-0.8216142421892809, -0.5696490608060671, 0.021214976551385156], [0.02224212257281355, 0.005152299673027549, 0.9997393369306787]]","[0.00358542799949646, -0.004144679289311171, 0.10083963721990585]",[0.0],"[-0.008657996542751789, -0.007441144436597824, -0.8858609199523926, 0.46381044387817383]",[0.44],"[0.839899480342865, -0.6507709622383118, -17.242472705841067]","[627.0514526367188, 626.9696655273438, 669.857421875, 669.8085327148438]"
0.59008860588074,"[-0.19498158991336823, 0.040207602083683014, -1.0357701778411865]","[-0.19498158991336823, 0.040207602083683014, -1.0357701778411865]","[0.5317941308021545, -0.1534021645784378, -2.569000244140625]","[0.5317941308021545, -0.1534021645784378, -2.569000244140625]","[-0.008695215918123722, -0.007507907692342997, -0.8852334022521973, 0.4650053083896637]","[[-0.5673890902818344, 0.823407028179185, 0.008412157277358084], [-0.8231458966652718, -0.5674275664857267, 0.021379144459620136], [0.022377025004714418, 0.0052058582215328, 0.9997360490844409]]","[0.0032940590754151344, -0.0032287875656038523, 0.06022368744015694]",[0.0],"[-0.008695215918123722, -0.007507907692342997, -0.8852334022521973, 0.4650053083896637]",[0.44],"[0.9286314249038696, -0.7043227553367615, -17.23255449295044]","[603.3034057617188, 603.2293090820312, 669.857421875, 669.8283081054688]"
0.6210823059082,"[-0.178773432970047, 0.03541570529341698, -1.1147249937057495]","[-0.178773432970047, 0.03541570529341698, -1.1147249937057495]","[0.5487225651741028, -0.1660473495721817, -2.6941161155700684]","[0.5487225651741028, -0.1660473495721817, -2.6941161155700684]","[-0.008716179989278316, -0.007564399391412735, -0.8849639296531677, 0.46551650762557983]","[[-0.5664367538506592, 0.8240625011467165, 0.008384304215801053], [-0.8237987704802913, -0.5664742571615646, 0.0215034925586709], [0.022469715363703124, 0.005273389884891677, 0.9997336161364834]]","[0.0029134582728147507, -0.002575806574895978, 0.016809187829494476]",[0.0],"[-0.008716179989278316, -0.007564399391412735, -0.8849639296531677, 0.46551650762557983]",[0.44],"[0.8464217185974121, -0.6322592496871948, -16.06579357147217]","[603.5285034179688, 603.4573974609375, 669.857421875, 669.8423461914062]"
0.65207982063293,"[-0.16035860776901245, 0.029706494882702827, -1.205890417098999]","[-0.16035860776901245, 0.029706494882702827, -1.205890417098999]","[0.5672898292541504, -0.17996175587177277, -2.8311145305633545]","[0.5672898292541504, -0.17996175587177277, -2.8311145305633545]","[-0.00872854981571436, -0.007621603086590767, -0.8850111365318298, 0.4654257595539093]","[[-0.5666056012379415, 0.8239470119524247, 0.008355146774170263], [-0.823680909783557, -0.5666417987344932, 0.021615391075282375], [0.022544308396549972, 0.005365423364150412, 0.9997314471690101]]","[0.0023667321074754, -0.0020437261555343866, -0.028558239340782166]",[0.0],"[-0.00872854981571436, -0.007621603086590767, -0.8850111365318298, 0.4654257595539093]",[0.44],"[0.9283632040023804, -0.6957203149795532, -16.65992074966431]","[609.1300659179688, 609.0657958984375, 669.855224609375, 669.8571166992188]"
0.68324303627014,"[-0.143086776137352, 0.024119026958942413, -1.2926422357559204]","[-0.143086776137352, 0.024119026958942413, -1.2926422357559204]","[0.5841418504714966, -0.1924848109483719, -2.9504194259643555]","[0.5841418504714966, -0.1924848109483719, -2.9504194259643555]","[-0.008733022026717663, -0.007668794598430395, -0.8853566646575928, 0.4647670388221741]","[[-0.5678304681284203, 0.8231031341730649, 0.008335272594216125], [-0.822835247164479, -0.5678653786546726, 0.021696878389873775], [0.02259208442160804, 0.005461595240568218, 0.9997298478313759]]","[0.001796238822862506, -0.0017004568362608552, -0.07186982780694962]",[0.0],"[-0.008733022026717663, -0.007668794598430395, -0.8853566646575928, 0.4647670388221741]",[0.44],"[0.8426010608673096, -0.626152753829956, -15.77524477005005]","[600.1744384765625, 600.1145629882812, 669.8432006835938, 669.857421875]"
0.71459364891052,"[-0.12530995905399323, 0.01815810054540634, -1.3828943967819214]","[-0.12530995905399323, 0.01815810054540634, -1.3828943967819214]","[0.6009366512298584, -0.20489366352558136, -3.066309690475464]","[0.6009366512298584, -0.20489366352558136, -3.066309690475464]","[-0.008732764981687069, -0.007711688056588173, -0.8860111236572266, 0.4635176956653595]","[[-0.5701503627540467, 0.8214983574617676, 0.00832564607275843], [-0.8212289800241266, -0.5701839448571333, 0.021760865002820873], [0.022623661583477728, 0.005569700598425931, 0.9997285373661849]]","[0.0011427291901782155, -0.0014607138000428677, -0.1157068982720375]",[0.0],"[-0.008732764981687069, -0.007711688056588173, -0.8860111236572266, 0.4635176956653595]",[0.44],"[0.8397400379180908, -0.6204426288604736, -15.60451322555542]","[605.83984375, 605.782958984375, 669.829833984375, 669.857421875]"
0.74559569358826,"[-0.1051754355430603, 0.011172179132699966, -1.486191749572754]","[-0.1051754355430603, 0.011172179132699966, -1.486191749572754]","[0.6192854046821594, -0.21847626566886902, -3.1943001747131348]","[0.6192854046821594, -0.21847626566886902, -3.1943001747131348]","[-0.008729439228773117, -0.0077531058341264725, -0.8870672583580017, 0.4614925980567932]","[[-0.5738968630017138, 0.8188853079539281, 0.008331197538540502], [-0.8186145868890752, -0.5739290479200612, 0.021812195850606786], [0.02264320135614173, 0.005697909493545206, 0.999727372481352]]","[0.0003525974170770496, -0.0013012405252084136, -0.16028766334056854]",[0.0],"[-0.008729439228773117, -0.0077531058341264725, -0.8870672583580017, 0.4614925980567932]",[0.44],"[0.9174376726150513, -0.6791301071643829, -16.209524211883547]","[611.12890625, 611.0753173828125, 669.8238525390625, 669.857421875]"
0.77662587165833,"[-0.08634800463914871, 0.004433393478393555, -1.583783745765686]","[-0.08634800463914871, 0.004433393478393555, -1.583783745765686]","[0.6358261704444885, -0.23075151443481445, -3.311840057373047]","[0.6358261704444885, -0.23075151443481445, -3.311840057373047]","[-0.008725534193217754, -0.0077849202789366245, -0.8883017301559448, 0.4591115117073059]","[[-0.5782811375635888, 0.815794955544393, 0.008353521205173464], [-0.8155232451920517, -0.5783121974900041, 0.02184270269361499], [0.022650107276307285, 0.005818729918007026, 0.9997265201385872]]","[-0.0004012558492831886, -0.0012311753816902637, -0.19669988751411438]",[0.0],"[-0.008725534193217754, -0.0077849202789366245, -0.8883017301559448, 0.4591115117073059]",[0.44],"[0.8270382881164551, -0.6137624382972717, -15.686994132995606]","[617.6283569335938, 617.5794067382812, 669.8170776367188, 669.857421875]"
0.80760312080383,"[-0.06702651083469391, -0.002672169590368867, -1.6849122047424316]","[-0.06702651083469391, -0.002672169590368867, -1.6849122047424316]","[0.6522204279899597, -0.24292203783988953, -3.429987668991089]","[0.6522204279899597, -0.24292203783988953, -3.429987668991089]","[-0.008722218684852123, -0.0078107756562530994, -0.8897667527198792, 0.4562653601169586]","[[-0.5834917649240619, 0.8120757502864093, 0.008393907656280869], [-0.8118032411129208, -0.58352190268893, 0.021858829482301445], [0.022649053126653246, 0.005940244485249768, 0.9997258293697227]]","[-0.0011654486879706383, -0.0012160789920017123, -0.22954565286636353]",[0.0],"[-0.008722218684852123, -0.0078107756562530994, -0.8897667527198792, 0.4562653601169586]",[0.44],"[0.8197128772735596, -0.6085261702537537, -15.7173805809021]","[623.4844970703125, 623.440185546875, 669.8134765625, 669.857421875]"
0.83966326713562,"[-0.045207615941762924, -0.010907436721026897, -1.8002456426620483]","[-0.045207615941762924, -0.010907436721026897, -1.8002456426620483]","[0.6700802445411682, -0.25612837076187134, -3.559091091156006]","[0.6700802445411682, -0.25612837076187134, -3.559091091156006]","[-0.008720366284251213, -0.007832162082195282, -0.8916130661964417, 0.452646404504776]","[[-0.5900704051502039, 0.807307495890905, 0.008459985030105921], [-0.8070342986022876, -0.5900998092007035, 0.021861000987169255], [0.022640785054123258, 0.006072031209045314, 0.9997252248979734]]","[-0.0019966152030974627, -0.0012498927535489202, -0.2628737688064575]",[0.0],"[-0.008720366284251213, -0.007832162082195282, -0.8916130661964417, 0.452646404504776]",[0.44],"[0.8929908275604248, -0.6603166460990906, -16.265171108245852]","[624.4609375, 624.4214477539062, 669.811279296875, 669.857421875]"
0.87068176269531,"[-0.022802278399467468, -0.019574228674173355, -1.9197887182235718]","[-0.022802278399467468, -0.019574228674173355, -1.9197887182235718]","[0.6877541542053223, -0.26908349990844727, -3.6857268810272217]","[0.6877541542053223, -0.26908349990844727, -3.6857268810272217]","[-0.008721043355762959, -0.007846437394618988, -0.8936880230903625, 0.4485355317592621]","[[-0.597479698389896, 0.8018385235688524, 0.008548972053371906], [-0.8015648070860254, -0.597508678424747, 0.021847929885144113], [0.022626595930216653, 0.0062011386088532405, 0.9997247536459984]]","[-0.002811921527609229, -0.0013213376514613628, -0.29465386271476746]",[0.0],"[-0.008721043355762959, -0.007846437394618988, -0.8936880230903625, 0.4485355317592621]",[0.44],"[0.8836954832077026, -0.6477564573287964, -16.141789493560793]","[628.1187744140625, 628.0818481445312, 669.8097534179688, 669.857421875]"
0.9016706943512,"[-0.0019305422902107239, -0.02782101184129715, -2.0320825576782227]","[-0.0019305422902107239, -0.02782101184129715, -2.0320825576782227]","[0.7036353349685669, -0.28065139055252075, -3.800137758255005]","[0.7036353349685669, -0.28065139055252075, -3.800137758255005]","[-0.008724384009838104, -0.007853245362639427, -0.8957502245903015, 0.4444027841091156]","[[-0.6048602766326028, 0.7962848168051254, 0.008649729665551109], [-0.7960107578920569, -0.6048891594598533, 0.021823373681912228], [0.02260974607934696, 0.006314811507475815, 0.9997244233218461]]","[-0.0035346075892448425, -0.0014148986665531993, -0.32078617811203003]",[0.0],"[-0.008724384009838104, -0.007853245362639427, -0.8957502245903015, 0.4444027841091156]",[0.44],"[0.7940590381622314, -0.5783945322036743, -15.53054386138916]","[632.3462524414062, 632.3145751953125, 669.808837890625, 669.857421875]"
0.93267011642456,"[0.019414925947785378, -0.03641142323613167, -2.1477909088134766]","[0.019414925947785378, -0.03641142323613167, -2.1477909088134766]","[0.7193333506584167, -0.29199063777923584, -3.9134533405303955]","[0.7193333506584167, -0.29199063777923584, -3.9134533405303955]","[-0.008730708621442318, -0.007854322902858257, -0.8979586362838745, 0.4399232268333435]","[[-0.6127828057301159, 0.7902028692831086, 0.008769032262971543], [-0.7899285740643743, -0.6128118754996563, 0.0217873971841408], [0.022590228567037296, 0.006424031146994413, 0.9997241686774102]]","[-0.004229886457324028, -0.001528819790109992, -0.34460118412971497]",[0.0],"[-0.008730708621442318, -0.007854322902858257, -0.8979586362838745, 0.4399232268333435]",[0.44],"[0.7849007844924927, -0.5669623613357544, -15.475779113769532]","[636.6475219726562, 636.6194458007812, 669.8090209960938, 669.857421875]"
0.96369910240173,"[0.043435368686914444, -0.04624931886792183, -2.2789788246154785]","[0.043435368686914444, -0.04624931886792183, -2.2789788246154785]","[0.7363805770874023, -0.3041796088218689, -4.036910533905029]","[0.7363805770874023, -0.3041796088218689, -4.036910533905029]","[-0.008741380646824837, -0.007849004119634628, -0.9005314111709595, 0.4346323013305664]","[[-0.6220368587424594, 0.7829373015808098, 0.00892091425159558], [-0.7826628570499768, -0.6220664684823447, 0.0217351222869544], [0.02256663714627516, 0.006537976737610585, 0.9997239627974346]]","[-0.004958828911185265, -0.0016665981383994222, -0.3679642379283905]",[0.0],"[-0.008741380646824837, -0.007849004119634628, -0.9005314111709595, 0.4346323013305664]",[0.44],"[0.8523613214492798, -0.6094485521316528, -15.98285966873169]","[639.5067749023438, 639.4818725585938, 669.8096923828125, 669.857421875]"
0.99466633796692,"[0.06575717777013779, -0.05553757771849632, -2.401754856109619]","[0.06575717777013779, -0.05553757771849632, -2.401754856109619]","[0.7516754269599915, -0.3149764835834503, -4.147721290588379]","[0.7516754269599915, -0.3149764835834503, -4.147721290588379]","[-0.008754590526223183, -0.007838452234864235, -0.9029790163040161, 0.4295240342617035]","[[-0.6308650904376136, 0.7758396247524822, 0.009076815830453833], [-0.7755651349937799, -0.6308954934813009, 0.02167652985903279], [0.02254403033560004, 0.006635301694502105, 0.9997238316225598]]","[-0.0055826809257268906, -0.001803000457584858, -0.38687339425086975]",[0.0],"[-0.008754590526223183, -0.007838452234864235, -0.9029790163040161, 0.4295240342617035]",[0.44],"[0.7647424936294556, -0.539843738079071, -15.350537834167481]","[643.0653686523438, 643.0447998046875, 669.8106079101562, 669.857421875]"
1.0266768932343,"[0.09083758294582367, -0.06612342596054077, -2.540618419647217]","[0.09083758294582367, -0.06612342596054077, -2.540618419647217]","[0.7682769894599915, -0.3265138268470764, -4.267697334289551]","[0.7682769894599915, -0.3265138268470764, -4.267697334289551]","[-0.008773020468652248, -0.007820842787623405, -0.9057689309120178, 0.4236089885234833]","[[-0.6409570435748169, 0.7675209461469892, 0.009266700136188133], [-0.7672464964915575, -0.6409886441872863, 0.021600413475196423], [0.022518617346853453, 0.006735092167110046, 0.9997237370598958]]","[-0.006223836448043585, -0.0019573476165533066, -0.40537261962890625]",[0.0],"[-0.008773020468652248, -0.007820842787623405, -0.9057689309120178, 0.4236089885234833]",[0.44],"[0.830078125, -0.5768671631813049, -15.808802185058594]","[646.2301635742188, 646.2131958007812, 669.8123779296875, 669.857421875]"
1.0577068328857,"[0.11411024630069733, -0.07607226818799973, -2.6702632904052734]","[0.11411024630069733, -0.07607226818799973, -2.6702632904052734]","[0.7831692099571228, -0.33667269349098206, -4.374752044677734]","[0.7831692099571228, -0.33667269349098206, -4.374752044677734]","[-0.008793245069682598, -0.007799646817147732, -0.908376157283783, 0.41798874735832214]","[[-0.6504161552242484, 0.7595191926382696, 0.009454819127031888], [-0.759244855814589, -0.650449128561015, 0.021520981391645433], [0.022495477538779507, 0.006819071424079948, 0.9997236887013445]]","[-0.0067642019130289555, -0.002099068136885762, -0.42031022906303406]",[0.0],"[-0.008793245069682598, -0.007799646817147732, -0.908376157283783, 0.41798874735832214]",[0.44],"[0.7446110248565674, -0.507943332195282, -15.16273551940918]","[649.0394287109375, 649.02587890625, 669.814453125, 669.857421875]"
1.0887053012848,"[0.137827530503273, -0.08631925284862518, -2.802992105484009]","[0.137827530503273, -0.08631925284862518, -2.802992105484009]","[0.797920286655426, -0.34634730219841003, -4.468433856964111]","[0.797920286655426, -0.34634730219841003, -4.468433856964111]","[-0.009728534147143364, -0.00821773987263441, -0.9110257625579834, 0.41215282678604126]","[[-0.6600709425859388, 0.7511235797522899, 0.010951961043348057], [-0.7508037935004368, -0.6601251688420147, 0.022992431166399152], [0.024499819916542598, 0.006953859769480486, 0.9996756487494671]]","[-0.027885226532816887, -0.21734869480133057, -0.43334242701530457]",[0.0],"[-0.009728534147143364, -0.00821773987263441, -0.9110257625579834, 0.41215282678604126]",[0.44],"[0.7375538349151611, -0.4837304353713989, -14.494090614318848]","[625.4769897460938, 645.114501953125, 637.0823364257812, 669.857421875]"
1.1196980476379,"[0.1644117683172226, -0.09791897237300873, -2.9512434005737305]","[0.1644117683172226, -0.09791897237300873, -2.9512434005737305]","[0.8125556707382202, -0.3566747009754181, -4.493642330169678]","[0.8125556707382202, -0.3566747009754181, -4.493642330169678]","[-0.022329023107886314, -0.010925410315394402, -0.9138123393058777, 0.4053753912448883]","[[-0.6703447121164805, 0.7413619766198447, 0.031951288719037296], [-0.7403861616622625, -0.6711031534812661, 0.03807082247332538], [0.04966685864349307, 0.001864276559423117, 0.9987641002729755]]","[-0.2869848608970642, -1.7742655277252197, -0.44476789236068726]",[0.0],"[-0.022329023107886314, -0.010925410315394402, -0.9138123393058777, 0.4053753912448883]",[0.44],"[0.7317692041397095, -0.5163699388504028, -11.07042366027832]","[467.7362976074219, 651.7118530273438, 477.5252990722656, 669.857421875]"
1.1517074108124,"[0.18884634971618652, -0.1088659018278122, -3.086334228515625]","[0.18884634971618652, -0.1088659018278122, -3.086334228515625]","[0.8125706911087036, -0.37653976678848267, -4.52442741394043]","[0.8125706911087036, -0.37653976678848267, -4.52442741394043]","[-0.05833546072244644, -0.023110417649149895, -0.9150505065917969, 0.3984288275241852]","[[-0.6757030420356445, 0.7318613146556653, 0.08834407255759091], [-0.72646868721146, -0.6814409111832083, 0.08877945719226021], [0.12517549898777103, -0.0041906596826497555, 0.9921257652367635]]","[-0.1671544760465622, -2.7828967571258545, -0.4558577835559845]",[0.0],"[-0.05833546072244644, -0.023110417649149895, -0.9150505065917969, 0.3984288275241852]",[0.44],"[0.0007510185241699219, -0.9932532906532288, -11.349254188537598]","[643.78271484375, 621.7642211914062, 666.4158325195312, 627.3048706054688]"
1.1827094554901,"[0.2153502106666565, -0.12193682044744492, -3.236215591430664]","[0.2153502106666565, -0.12193682044744492, -3.236215591430664]","[0.7895447611808777, -0.4194704592227936, -4.560335159301758]","[0.7895447611808777, -0.4194704592227936, -4.560335159301758]","[-0.09704485535621643, -0.037784475833177567, -0.9149063229560852, 0.3900013566017151]","[[-0.6769624927980249, 0.7209629922166025, 0.1481019098846743], [-0.7062958362488378, -0.6929425674722669, 0.14483376217899435], [0.2070458972183702, -0.006556738781572147, 0.9783092588698061]]","[-0.1622517853975296, -2.386134624481201, -0.46691790223121643]",[0.0],"[-0.09704485535621643, -0.037784475833177567, -0.9149063229560852, 0.3900013566017151]",[0.44],"[-1.1512964963912964, -2.1465346217155457, -11.605387268066407]","[654.0611572265625, 655.9779052734375, 667.5973510742188, 668.1090087890625]"
1.2141945362091,"[0.23852233588695526, -0.135285422205925, -3.3732330799102783]","[0.23852233588695526, -0.135285422205925, -3.3732330799102783]","[0.7541747689247131, -0.47118207812309265, -4.563229560852051]","[0.7541747689247131, -0.47118207812309265, -4.563229560852051]","[-0.1289188116788864, -0.04966376721858978, -0.913871705532074, 0.38177478313446045]","[[-0.675255967892888, 0.7105915320910889, 0.1977097606892695], [-0.6849811566778192, -0.7035631083535958, 0.18920852604371952], [0.27355125652733925, -0.007663279438917314, 0.9618269004419231]]","[-0.14026936888694763, -2.05622935295105, -0.47584325075149536]",[0.0],"[-0.1289188116788864, -0.04966376721858978, -0.913871705532074, 0.38177478313446045]",[0.44],"[-1.7684996128082275, -2.5855809450149536, -9.954720077514649]","[655.2527465820312, 619.9388427734375, 669.8389282226562, 627.6378784179688]"
1.2452459335327,"[0.2605120539665222, -0.15028029680252075, -3.509718418121338]","[0.2605120539665222, -0.15028029680252075, -3.509718418121338]","[0.7098157405853271, -0.5300761461257935, -4.534654140472412]","[0.7098157405853271, -0.5300761461257935, -4.534654140472412]","[-0.15394406020641327, -0.058997105807065964, -0.9128857254981995, 0.3734438121318817]","[[-0.6736820126239682, 0.6999875587583865, 0.23700246198066277], [-0.6636585427249181, -0.7141182429824195, 0.22269414487104067], [0.32513087837001753, -0.007263681923130871, 0.9456411356671082]]","[-0.14076738059520721, -1.6003625392913818, -0.4834461808204651]",[0.0],"[-0.15394406020641327, -0.058997105807065964, -0.9128857254981995, 0.3734438121318817]",[0.44],"[-2.2179514169692993, -2.9447034001350403, -8.381228981018067]","[659.4883422851562, 638.6137084960938, 669.857421875, 648.1136474609375]"
1.2762427330017,"[0.28299111127853394, -0.16895069181919098, -3.65867018699646]","[0.28299111127853394, -0.16895069181919098, -3.65867018699646]","[0.6515437960624695, -0.6020106077194214, -4.488221168518066]","[0.6515437960624695, -0.6020106077194214, -4.488221168518066]","[-0.17625616490840912, -0.06705179810523987, -0.9120281934738159, 0.3642009496688843]","[[-0.6725827386405161, 0.6879596539444064, 0.2726605262462094], [-0.6406864828074363, -0.725723322718665, 0.25069158587946205], [0.370341840433948, -0.006079064699090253, 0.9288756414052677]]","[-0.14335490763187408, -1.3114590644836426, -0.49090278148651123]",[0.0],"[-0.17625616490840912, -0.06705179810523987, -0.9120281934738159, 0.3642009496688843]",[0.44],"[-2.9135972261428833, -3.5967230796813965, -7.488351402282715]","[660.5516967773438, 641.9397583007812, 669.857421875, 649.7229614257812]"
1.3072104454041,"[0.30168530344963074, -0.1880238652229309, -3.7924437522888184]","[0.30168530344963074, -0.1880238652229309, -3.7924437522888184]","[0.5939233303070068, -0.6699292063713074, -4.4277663230896]","[0.5939233303070068, -0.6699292063713074, -4.4277663230896]","[-0.19262726604938507, -0.07276257127523422, -0.9115946292877197, 0.3558026850223541]","[[-0.6725983198495973, 0.6767277438560002, 0.2994177259122748], [-0.6206635231541127, -0.7362200635437515, 0.26973453531311], [0.4029741988277098, -0.00441465856243628, 0.9152006891915118]]","[-0.15304765105247498, -1.0547178983688354, -0.49682313203811646]",[0.0],"[-0.19262726604938507, -0.07276257127523422, -0.9115946292877197, 0.3558026850223541]",[0.44],"[-2.8810232877731323, -3.3959299325942993, -6.787257728576661]","[662.3125, 648.330810546875, 669.857421875, 655.736083984375]"
1.3387856483459,"[0.31858789920806885, -0.20916511118412018, -3.9242327213287354]","[0.31858789920806885, -0.20916511118412018, -3.9242327213287354]","[0.5323803424835205, -0.7395975589752197, -4.35605525970459]","[0.5323803424835205, -0.7395975589752197, -4.35605525970459]","[-0.20598697662353516, -0.07713871449232101, -0.9115465879440308, 0.34742170572280884]","[[-0.6737351265318647, 0.6651612820164416, 0.32193412387180675], [-0.6016029997008445, -0.7466956330618189, 0.2837597575381938], [0.42913277893655444, -0.002497629562737913, 0.9032379683759347]]","[-0.16393505036830902, -0.8656142354011536, -0.5020735859870911]",[0.0],"[-0.20598697662353516, -0.07713871449232101, -0.9115465879440308, 0.34742170572280884]",[0.44],"[-3.0771493911743164, -3.4834176301956177, -6.224446830749512]","[663.0711059570312, 651.126953125, 669.857421875, 657.8638305664062]"
1.3697872161865,"[0.3349987864494324, -0.23484337329864502, -4.066516876220703]","[0.3349987864494324, -0.23484337329864502, -4.066516876220703]","[0.46174755692481995, -0.8166177272796631, -4.2651543617248535]","[0.46174755692481995, -0.8166177272796631, -4.2651543617248535]","[-0.21794310212135315, -0.08071478456258774, -0.9119164943695068, 0.3382222056388855]","[[-0.6762131383003114, 0.652043277237524, 0.3428927543921878], [-0.5816783550990157, -0.7581817769308987, 0.29463668017073985], [0.45209088424189137, -0.00021610664231985766, 0.891971855581473]]","[-0.17643235623836517, -0.689388632774353, -0.50714111328125]",[0.0],"[-0.21794310212135315, -0.08071478456258774, -0.9119164943695068, 0.3382222056388855]",[0.44],"[-3.531639277935028, -3.851008415222168, -5.264955101013184]","[663.4747314453125, 654.255859375, 669.857421875, 659.6257934570312]"
1.4017858505249,"[0.3490394055843353, -0.2630579471588135, -4.20562744140625]","[0.3490394055843353, -0.2630579471588135, -4.20562744140625]","[0.38867294788360596, -0.8933502435684204, -4.1644978523254395]","[0.38867294788360596, -0.8933502435684204, -4.1644978523254395]","[-0.22751682996749878, -0.08336874842643738, -0.9126853346824646, 0.32907634973526]","[[-0.679889736717266, 0.638621903509101, 0.3604331813812216], [-0.5627507300677372, -0.7695168561258043, 0.301919683937367], [0.47017191503789846, 0.0024380523011977573, 0.8825714877346993]]","[-0.18195536732673645, -0.5520548224449158, -0.5115353465080261]",[0.0],"[-0.22751682996749878, -0.08336874842643738, -0.9126853346824646, 0.32907634973526]",[0.44],"[-3.6537304520606995, -3.836625814437866, -4.777174530029297]","[665.95751953125, 657.1103515625, 669.857421875, 663.4628295898438]"
1.4328556060791,"[0.35967737436294556, -0.2909010350704193, -4.329118251800537]","[0.35967737436294556, -0.2909010350704193, -4.329118251800537]","[0.32034119963645935, -0.9625985026359558, -4.06685209274292]","[0.32034119963645935, -0.9625985026359558, -4.06685209274292]","[-0.23465920984745026, -0.08490943908691406, -0.9137030243873596, 0.32073718309402466]","[[-0.6841256592413245, 0.6259666322224362, 0.3743504308542658], [-0.5462675046835344, -0.7798363230816752, 0.30569189049257695], [0.48328488809758774, 0.0046361546784137175, 0.8754508847754319]]","[-0.20330828428268433, -0.45023417472839355, -0.5150471329689026]",[0.0],"[-0.23465920984745026, -0.08490943908691406, -0.9137030243873596, 0.32073718309402466]",[0.44],"[-3.4165874123573303, -3.46241295337677, -4.927712020874024]","[665.4563598632812, 659.4109497070312, 669.857421875, 663.8967895507812]"
1.4638659954071,"[0.3682484030723572, -0.32080355286598206, -4.449589252471924]","[0.3682484030723572, -0.32080355286598206, -4.449589252471924]","[0.25079774856567383, -1.0306955575942993, -3.9637420177459717]","[0.25079774856567383, -1.0306955575942993, -3.9637420177459717]","[-0.24057738482952118, -0.08583477884531021, -0.9149695038795471, 0.3123871982097626]","[[-0.6890736045780157, 0.6129493327726665, 0.38661456873932964], [-0.5303497062845663, -0.7900933422419922, 0.3073790004304602], [0.49386931302909387, 0.00676581963235634, 0.8695098252983303]]","[-0.2155970185995102, -0.3681219220161438, -0.5181360244750977]",[0.0],"[-0.24057738482952118, -0.08583477884531021, -0.9149695038795471, 0.3123871982097626]",[0.44],"[-3.477172553539276, -3.4048527479171753, -4.654496250152588]","[666.684326171875, 660.9619140625, 669.857421875, 665.712890625]"
1.4941594600677,"[0.3747137188911438, -0.35273176431655884, -4.566906929016113]","[0.3747137188911438, -0.35273176431655884, -4.566906929016113]","[0.1800607442855835, -1.0975455045700073, -3.8565640449523926]","[0.1800607442855835, -1.0975455045700073, -3.8565640449523926]","[-0.24552366137504578, -0.08618742227554321, -0.9164457321166992, 0.3040017783641815]","[[-0.6946021033468313, 0.5995243676386188, 0.3976159639128731], [-0.5148801617123446, -0.8003092964198419, 0.30725144999012066], [0.5024204824904324, 0.00869293123612458, 0.8645797198929781]]","[-0.23164992034435272, -0.30103012919425964, -0.5208554863929749]",[0.0],"[-0.24552366137504578, -0.08618742227554321, -0.9164457321166992, 0.3040017783641815]",[0.44],"[-3.5368502140045166, -3.3424973487854004, -4.451101360321045]","[666.8106079101562, 662.5606079101562, 669.857421875, 666.3823852539062]"
1.5251474380493,"[0.37936481833457947, -0.39013510942459106, -4.692158222198486]","[0.37936481833457947, -0.39013510942459106, -4.692158222198486]","[0.1016024500131607, -1.168992280960083, -3.7336955070495605]","[0.1016024500131607, -1.168992280960083, -3.7336955070495605]","[-0.24997973442077637, -0.08627039194107056, -0.9182385206222534, 0.29479748010635376]","[[-0.7012091225604209, 0.5845205033636631, 0.4082174547361248], [-0.4982571047004427, -0.8113036967512528, 0.30582038570874204], [0.5099466313441852, 0.011046802569140368, 0.8601351037065044]]","[-0.21699921786785126, -0.2420867532491684, -0.523450493812561]",[0.0],"[-0.24997973442077637, -0.08627039194107056, -0.9182385206222534, 0.29479748010635376]",[0.44],"[-3.9229147136211395, -3.572338819503784, -3.666573104858399]","[667.1776123046875, 663.84619140625, 669.857421875, 667.1226196289062]"
1.5561470985413,"[0.38132309913635254, -0.4261668920516968, -4.802478790283203]","[0.38132309913635254, -0.4261668920516968, -4.802478790283203]","[0.028878584504127502, -1.2327653169631958, -3.6203200817108154]","[0.028878584504127502, -1.2327653169631958, -3.6203200817108154]","[-0.25331106781959534, -0.0861014649271965, -0.9199875593185425, 0.2864314019680023]","[[-0.7075811431269958, 0.5706475608605408, 0.41676173544225525], [-0.4834057447743825, -0.8210872127615847, 0.303537041723402], [0.515410388684638, 0.013312064565088377, 0.8568400813149742]]","[-0.22892189025878906, -0.19865946471691132, -0.525505542755127]",[0.0],"[-0.25331106781959534, -0.0861014649271965, -0.9199875593185425, 0.2864314019680023]",[0.44],"[-3.63619327545166, -3.1886518001556396, -4.141228733062745]","[666.8841552734375, 664.6443481445312, 669.857421875, 667.0396728515625]"
1.5881476402283,"[0.38100188970565796, -0.46794167160987854, -4.91974401473999]","[0.38100188970565796, -0.46794167160987854, -4.91974401473999]","[-0.04844803735613823, -1.2987687587738037, -3.4862146377563477]","[-0.04844803735613823, -1.2987687587738037, -3.4862146377563477]","[-0.2558935284614563, -0.08718496561050415, -0.9218663573265076, 0.27763232588768005]","[[-0.7148775979978979, 0.5564999388420482, 0.4233885403226161], [-0.46725966492659765, -0.8306381573577966, 0.3028344042947033], [0.5202099994621427, 0.018657142349265854, 0.8538345677260821]]","[-0.022846993058919907, -0.16221655905246735, -0.5273978114128113]",[0.0],"[-0.2558935284614563, -0.08718496561050415, -0.9218663573265076, 0.27763232588768005]",[0.44],"[-3.8663310930132866, -3.3001720905303955, -3.104727802276612]","[656.706787109375, 665.5831298828125, 669.857421875, 657.0297241210938]"
1.6188569068909,"[0.3784397840499878, -0.5078336000442505, -5.02258825302124]","[0.3784397840499878, -0.5078336000442505, -5.02258825302124]","[-0.1224760040640831, -1.3606641292572021, -3.3700222969055176]","[-0.1224760040640831, -1.3606641292572021, -3.3700222969055176]","[-0.2573547959327698, -0.08943743258714676, -0.9235039353370667, 0.27001845836639404]","[[-0.7217171458616587, 0.5447605222544576, 0.4270368183087019], [-0.45269191340559356, -0.8381820191452931, 0.30417273242327614], [0.5236358489784205, 0.026210551419418415, 0.851538909325244]]","[-0.07165857404470444, -0.13415458798408508, -0.5288758873939514]",[0.0],"[-0.2573547959327698, -0.08943743258714676, -0.9235039353370667, 0.27001845836639404]",[0.44],"[-3.7013983353972435, -3.094768524169922, -4.000382957458497]","[669.5071411132812, 660.9727783203125, 664.7708129882812, 669.8015747070312]"
1.6498818397522,"[0.37363800406455994, -0.5495871901512146, -5.121966361999512]","[0.37363800406455994, -0.5495871901512146, -5.121966361999512]","[-0.19788989424705505, -1.4228558540344238, -3.255323886871338]","[-0.19788989424705505, -1.4228558540344238, -3.255323886871338]","[-0.25875866413116455, -0.09051057696342468, -0.9252863526344299, 0.26210108399391174]","[[-0.7286939978275573, 0.5318779040301074, 0.4314058804229095], [-0.43819632009092047, -0.8462217612689429, 0.3031382559898397], [0.5262975617630214, 0.03185455054346065, 0.8497035783896063]]","[-0.11379954218864441, -0.11198917031288147, -0.5302144289016724]",[0.0],"[-0.25875866413116455, -0.09051057696342468, -0.9252863526344299, 0.26210108399391174]",[0.44],"[-3.7706945091485977, -3.109586238861084, -4.075079498291016]","[666.9561767578125, 666.9783935546875, 669.833740234375, 667.6238403320312]"
1.6808800697327,"[0.3657280504703522, -0.5976616144180298, -5.22731351852417]","[0.3657280504703522, -0.5976616144180298, -5.22731351852417]","[-0.28125452995300293, -1.4902955293655396, -3.128521680831909]","[-0.28125452995300293, -1.4902955293655396, -3.128521680831909]","[-0.26005005836486816, -0.09135293960571289, -0.9272863864898682, 0.25331512093544006]","[[-0.7364108042880844, 0.5173040008234722, 0.4359995959672176], [-0.4222786517184005, -0.854972150850017, 0.301169898492347], [0.528563919743334, 0.037671450556487684, 0.8480572151396473]]","[-0.15189264714717865, -0.09393734484910965, -0.5300900936126709]",[0.0],"[-0.26005005836486816, -0.09135293960571289, -0.9272863864898682, 0.25331512093544006]",[0.44],"[-4.168231785297394, -3.371983766555786, -3.469889698028565]","[669.7703247070312, 664.7719116210938, 663.0072631835938, 666.1790161132812]"
1.7108838558197,"[0.35615262389183044, -0.6432749629020691, -5.31942892074585]","[0.35615262389183044, -0.6432749629020691, -5.31942892074585]","[-0.357296884059906, -1.550409197807312, -3.012559652328491]","[-0.357296884059906, -1.550409197807312, -3.012559652328491]","[-0.261183500289917, -0.09132859110832214, -0.9291619062423706, 0.24515391886234283]","[[-0.743365519131574, 0.5032824073502802, 0.4405843939881047], [-0.4078683229414075, -0.863117337671298, 0.29777841289379126], [0.5301426420456314, 0.04165777834076323, 0.8468845352449517]]","[-0.18170535564422607, -0.08053836226463318, -0.5272535681724548]",[0.0],"[-0.261183500289917, -0.09132859110832214, -0.9291619062423706, 0.24515391886234283]",[0.44],"[-3.802117705345154, -3.005683422088623, -4.011898574829102]","[669.8573608398438, 669.2957763671875, 663.9420776367188, 663.294677734375]"
1.7428886890411,"[0.3443434238433838, -0.6906368136405945, -5.407958030700684]","[0.3443434238433838, -0.6906368136405945, -5.407958030700684]","[-0.4290304481983185, -1.6060899496078491, -2.8872969150543213]","[-0.4290304481983185, -1.6060899496078491, -2.8872969150543213]","[-0.26221224665641785, -0.09099211543798447, -0.9310114979743958, 0.23702913522720337]","[[-0.7501239488648155, 0.4890721945369365, 0.445109668224128], [-0.3936352064688804, -0.8710753433142688, 0.29373329553745986], [0.5313807979631653, 0.04512552725364838, 0.8459303452630288]]","[-0.2070290744304657, -0.07084197551012039, -0.5134970545768738]",[0.0],"[-0.26221224665641785, -0.09099211543798447, -0.9310114979743958, 0.23702913522720337]",[0.44],"[-3.586678206920624, -2.7840375900268555, -3.5468631362915044]","[669.857421875, 667.2461547851562, 640.04443359375, 641.9139404296875]"
1.7749044895172,"[0.32899942994117737, -0.7445486187934875, -5.500733852386475]","[0.32899942994117737, -0.7445486187934875, -5.500733852386475]","[-0.4989034831523895, -1.6596003770828247, -2.7314352989196777]","[-0.4989034831523895, -1.6596003770828247, -2.7314352989196777]","[-0.2633378207683563, -0.08999472856521606, -0.932965874671936, 0.22831760346889496]","[[-0.7570487489437951, 0.4734230966487232, 0.4502756390730145], [-0.3786270338447082, -0.8795442622987952, 0.28817334158452557], [0.5324651620763898, 0.047674701022315524, 0.8451082819668922]]","[-0.22970867156982422, -0.06202482804656029, -0.4766056537628174]",[0.0],"[-0.2633378207683563, -0.08999472856521606, -0.932965874671936, 0.22831760346889496]",[0.44],"[-3.4936517477035522, -2.6755213737487793, -2.0169191932678228]","[669.857421875, 669.1342163085938, 604.98681640625, 605.2222900390625]"
1.8056764602661,"[0.31313005089759827, -0.795013964176178, -5.580449104309082]","[0.31313005089759827, -0.795013964176178, -5.580449104309082]","[-0.5576426982879639, -1.70356285572052, -2.5801424980163574]","[-0.5576426982879639, -1.70356285572052, -2.5801424980163574]","[-0.2643451392650604, -0.08869197219610214, -0.934581458568573, 0.22093641757965088]","[[-0.7626175372643909, 0.45985674226875384, 0.45491355842954384], [-0.3660755753012679, -0.886641710706451, 0.28258668162434564], [0.5332947048498671, 0.048972809329080214, 0.8445107628298033]]","[-0.2422308325767517, -0.05571247637271881, -0.4295308291912079]",[0.0],"[-0.2643451392650604, -0.08869197219610214, -0.934581458568573, 0.22093641757965088]",[0.44],"[-2.936960756778717, -2.1981239318847656, -2.245359954833985]","[669.857421875, 668.9750366210938, 571.52783203125, 572.0960083007812]"
1.836362361908,"[0.29570332169532776, -0.8466490507125854, -5.655239582061768]","[0.29570332169532776, -0.8466490507125854, -5.655239582061768]","[-0.6033698916435242, -1.738025426864624, -2.4043455123901367]","[-0.6033698916435242, -1.738025426864624, -2.4043455123901367]","[-0.26537346839904785, -0.08697349578142166, -0.9359738230705261, 0.2143957018852234]","[[-0.7672227728833949, 0.4474984459554143, 0.4594717521709457], [-0.35517661301819103, -0.892940150406794, 0.27659969274295104], [0.5340587268648234, 0.04901996866643099, 0.8440250666028372]]","[-0.24635513126850128, -0.05027306079864502, -0.3513592779636383]",[0.0],"[-0.26537346839904785, -0.08697349578142166, -0.9359738230705261, 0.2143957018852234]",[0.44],"[-2.286359667778015, -1.7231285572052002, -1.0201507186889653]","[669.2105102539062, 669.7816772460938, 536.5812377929688, 535.399658203125]"
1.867354631424,"[0.2749663293361664, -0.9046080112457275, -5.731382846832275]","[0.2749663293361664, -0.9046080112457275, -5.731382846832275]","[-0.6543111205101013, -1.7748709917068481, -2.2119901180267334]","[-0.6543111205101013, -1.7748709917068481, -2.2119901180267334]","[-0.266486793756485, -0.0848722979426384, -0.9371646642684937, 0.20857591927051544]","[[-0.7709618298230847, 0.4361746558302477, 0.46407937807759336], [-0.34570526960033243, -0.8985856384001796, 0.2702440931766388], [0.5348886483335409, 0.047913181251794335, 0.8435629635906493]]","[-0.21805764734745026, -0.044546980410814285, -0.26143017411231995]",[0.0],"[-0.266486793756485, -0.0848722979426384, -0.9371646642684937, 0.20857591927051544]",[0.44],"[-2.5470614433288574, -1.842278242111206, -0.19223028182983448]","[668.1624755859375, 669.8573608398438, 543.8848266601562, 541.1958618164062]"
1.8973567485809,"[0.25457099080085754, -0.9583839178085327, -5.7952494621276855]","[0.25457099080085754, -0.9583839178085327, -5.7952494621276855]","[-0.7062116861343384, -1.810422658920288, -2.0472426414489746]","[-0.7062116861343384, -1.810422658920288, -2.0472426414489746]","[-0.26743772625923157, -0.08297792822122574, -0.9379493594169617, 0.20455525815486908]","[[-0.7732686748051512, 0.428107803609834, 0.46773894500065194], [-0.3393420897970887, -0.9025438765147928, 0.26506977551230726], [0.535633231114448, 0.04624660297107397, 0.8431834520028109]]","[-0.1944655478000641, -0.03924510255455971, -0.18580694496631622]",[0.0],"[-0.26743772625923157, -0.08297792822122574, -0.9379493594169617, 0.20455525815486908]",[0.44],"[-2.595028281211853, -1.777583360671997, -1.572626171112061]","[669.7960815429688, 669.6201171875, 552.3265380859375, 551.8549194335938]"
1.9293808937073,"[0.23256278038024902, -1.0132423639297485, -5.854274749755859]","[0.23256278038024902, -1.0132423639297485, -5.854274749755859]","[-0.7618627548217773, -1.8470919132232666, -1.889309287071228]","[-0.7618627548217773, -1.8470919132232666, -1.889309287071228]","[-0.2681785821914673, -0.08179858326911926, -0.9384282231330872, 0.2018458992242813]","[[-0.7746770763951165, 0.42270903328425113, 0.47031128354612317], [-0.3349625209387188, -0.9051345638378976, 0.261785692454346], [0.5363541179270337, 0.045262704153827826, 0.8427784796578788]]","[-0.07550385594367981, -0.03416633605957031, -0.11684627085924149]",[0.0],"[-0.2681785821914673, -0.08179858326911926, -0.9384282231330872, 0.2018458992242813]",[0.44],"[-2.7825534343719482, -1.8334627151489258, -1.9133322811126714]","[664.0669555664062, 669.8571166992188, 565.1207275390625, 557.4901123046875]"
1.9603548049927,"[0.20630817115306854, -1.0749115943908691, -5.913946151733398]","[0.20630817115306854, -1.0749115943908691, -5.913946151733398]","[-0.830449104309082, -1.8909285068511963, -1.7292110919952393]","[-0.830449104309082, -1.8909285068511963, -1.7292110919952393]","[-0.2687443792819977, -0.08137552440166473, -0.9386367201805115, 0.20028899610042572]","[[-0.7753217368857475, 0.4197356423640466, 0.47190944129329315], [-0.3322587831877568, -0.906524867733788, 0.26041719452274226], [0.5371039296515137, 0.0451110267866488, 0.8423089652653757]]","[-0.05540541186928749, -0.028489893302321434, -0.04707371070981026]",[0.0],"[-0.2687443792819977, -0.08137552440166473, -0.9386367201805115, 0.20028899610042572]",[0.44],"[-3.4293174743652344, -2.1918296813964844, -1.805090246200562]","[669.82958984375, 669.1109008789062, 574.0248413085938, 574.0598754882812]"
1.9913668632507,"[0.18039417266845703, -1.1322698593139648, -5.963761806488037]","[0.18039417266845703, -1.1322698593139648, -5.963761806488037]","[-0.8978696465492249, -1.933223843574524, -1.5932283401489258]","[-0.8978696465492249, -1.933223843574524, -1.5932283401489258]","[-0.2692583203315735, -0.08073033392429352, -0.9386535882949829, 0.19977997243404388]","[[-0.7751758912691504, 0.41852300421390076, 0.4732239693430498], [-0.3315737477648515, -0.907141203773655, 0.259140474871538], [0.5377371848869958, 0.04397079561762318, 0.8419651402333836]]","[-0.05345187336206436, -0.02362540178000927, 0.010722432285547256]",[0.0],"[-0.2692583203315735, -0.08073033392429352, -0.9386535882949829, 0.19977997243404388]",[0.44],"[-3.371027112007141, -2.114766836166382, -3.0108624076843267]","[669.4059448242188, 669.845458984375, 584.59521484375, 583.372802734375]"
2.0233776569366,"[0.14947891235351562, -1.1968636512756348, -6.0139875411987305]","[0.14947891235351562, -1.1968636512756348, -6.0139875411987305]","[-0.9762935042381287, -1.9816930294036865, -1.4518115520477295]","[-0.9762935042381287, -1.9816930294036865, -1.4518115520477295]","[-0.2697712779045105, -0.07999978959560394, -0.938480794429779, 0.20019342005252838]","[[-0.7742923356977802, 0.41891865072361867, 0.47431946343907017], [-0.3325920688384265, -0.9070454877915637, 0.2581694016990852], [0.5383811893695767, 0.042143662676505045, 0.8416469825648529]]","[-0.012852131389081478, -0.018699470907449722, 0.06828479468822479]",[0.0],"[-0.2697712779045105, -0.07999978959560394, -0.938480794429779, 0.20019342005252838]",[0.44],"[-3.9211928844451904, -2.42345929145813, -2.739160594940186]","[665.8165893554688, 669.857421875, 593.98583984375, 588.750244140625]"
2.0543611049652,"[0.11910557746887207, -1.2569828033447266, -6.0556488037109375]","[0.11910557746887207, -1.2569828033447266, -6.0556488037109375]","[-1.0493720769882202, -2.0266811847686768, -1.3271591663360596]","[-1.0493720769882202, -2.0266811847686768, -1.3271591663360596]","[-0.26989540457725525, -0.08069977164268494, -0.9380487203598022, 0.20176376402378082]","[[-0.7728957098236879, 0.42208947634855853, 0.47378549842439543], [-0.3349674862813803, -0.9055578623611655, 0.2603108604859541], [0.5389146571543462, 0.04249040960504136, 0.8412880348897964]]","[0.14722779393196106, -0.014355293475091457, 0.11514988541603088]",[0.0],"[-0.26989540457725525, -0.08069977164268494, -0.9380487203598022, 0.20176376402378082]",[0.44],"[-3.6539286375045776, -2.2494077682495117, -3.5773807144165044]","[663.8109130859375, 669.857421875, 600.8170776367188, 593.463623046875]"
2.0853564739227,"[0.08645520359277725, -1.3185088634490967, -6.093738555908203]","[0.08645520359277725, -1.3185088634490967, -6.093738555908203]","[-1.1276829242706299, -2.0754098892211914, -1.2130950689315796]","[-1.1276829242706299, -2.0754098892211914, -1.2130950689315796]","[-0.26971957087516785, -0.0825687125325203, -0.9373739957809448, 0.20436200499534607]","[[-0.7709752005112254, 0.42766805384055884, 0.47190840849709526], [-0.33858646299261297, -0.9028373097588389, 0.26503639256726075], [0.5394040390692161, 0.04455466340512615, 0.8408675215952747]]","[0.19640891253948212, -0.01036144234240055, 0.15807250142097473]",[0.0],"[-0.26971957087516785, -0.0825687125325203, -0.9373739957809448, 0.20436200499534607]",[0.44],"[-3.9155423641204834, -2.4364352226257324, -4.1067951297760015]","[664.4322509765625, 669.7667846679688, 608.0198364257812, 601.709716796875]"
2.1173584461212,"[0.04781433567404747, -1.3879082202911377, -6.1317362785339355]","[0.04781433567404747, -1.3879082202911377, -6.1317362785339355]","[-1.2142951488494873, -2.1310365200042725, -1.0904719829559326]","[-1.2142951488494873, -2.1310365200042725, -1.0904719829559326]","[-0.2690739929676056, -0.08643745630979538, -0.9363078474998474, 0.20845955610275269]","[[-0.7682876382862105, 0.4368807795531633, 0.4678347548013937], [-0.3438484935082049, -0.8981463979626572, 0.27404622758721775], [0.5399096098933578, 0.04968204705592871, 0.8402555049103223]]","[0.42907872796058655, -0.0059753479436039925, 0.2000701129436493]",[0.0],"[-0.2690739929676056, -0.08643745630979538, -0.9363078474998474, 0.20845955610275269]",[0.44],"[-4.330611228942871, -2.7813315391540527, -3.678845701217652]","[660.2144775390625, 669.8573608398438, 615.1390991210938, 604.3187255859375]"
2.1483559608459,"[0.010145416483283043, -1.452669382095337, -6.162917137145996]","[0.010145416483283043, -1.452669382095337, -6.162917137145996]","[-1.2969762086868286, -2.1869208812713623, -0.9888411164283752]","[-1.2969762086868286, -2.1869208812713623, -0.9888411164283752]","[-0.2681034207344055, -0.09142374247312546, -0.9350470304489136, 0.21318863332271576]","[[-0.7653424996782476, 0.44770483321450794, 0.46239760939961605], [-0.34966076084096276, -0.8923847867216423, 0.2852842015350703], [0.5403596202439902, 0.05665779411301841, 0.839524510205436]]","[0.3425767421722412, -0.002343103988096118, 0.23460736870765686]",[0.0],"[-0.2681034207344055, -0.09142374247312546, -0.9350470304489136, 0.21318863332271576]",[0.44],"[-4.134052991867065, -2.794218063354492, -4.728456673622132]","[669.8433837890625, 662.233154296875, 612.6416625976562, 620.8164672851562]"
2.1803612709045,"[-0.03421205282211304, -1.5259357690811157, -6.193850040435791]","[-0.03421205282211304, -1.5259357690811157, -6.193850040435791]","[-1.3919739723205566, -2.2543320655822754, -0.8875859975814819]","[-1.3919739723205566, -2.2543320655822754, -0.8875859975814819]","[-0.26737886667251587, -0.09518395364284515, -0.9336592555046082, 0.21846964955329895]","[[-0.7615591808410049, 0.45885277600543795, 0.45769189719935444], [-0.35705206540370504, -0.8864221274649964, 0.29456709318813346], [0.5408711171811538, 0.06091042398852231, 0.8388971132516754]]","[0.3313228189945221, 0.001106082578189671, 0.26894518733024597]",[0.0],"[-0.26737886667251587, -0.09518395364284515, -0.9336592555046082, 0.21846964955329895]",[0.44],"[-4.749888181686401, -3.3705592155456543, -4.747244057655335]","[666.6527099609375, 669.7595825195312, 624.5803833007812, 621.0347900390625]"
2.2113871574402,"[-0.07731514424085617, -1.5945534706115723, -6.219220161437988]","[-0.07731514424085617, -1.5945534706115723, -6.219220161437988]","[-1.483290195465088, -2.3217456340789795, -0.8074579238891602]","[-1.483290195465088, -2.3217456340789795, -0.8074579238891602]","[-0.2666947543621063, -0.09848109632730484, -0.9322758316993713, 0.22369010746479034]","[[-0.7576735054091648, 0.46961054554796133, 0.45320765382417405], [-0.36455297837067535, -0.8805286367500376, 0.3029370484975189], [0.5413246419069948, 0.0643091354432972, 0.8383507633238158]]","[0.28666868805885315, 0.004836723208427429, 0.29094037413597107]",[0.0],"[-0.2666947543621063, -0.09848109632730484, -0.9322758316993713, 0.22369010746479034]",[0.44],"[-4.5658111572265625, -3.370678424835205, -5.803596315383912]","[669.8536376953125, 666.5790405273438, 657.4628295898438, 660.6962890625]"
2.2430129051208,"[-0.12797877192497253, -1.6724764108657837, -6.2445597648620605]","[-0.12797877192497253, -1.6724764108657837, -6.2445597648620605]","[-1.5832457542419434, -2.3986291885375977, -0.7214998006820679]","[-1.5832457542419434, -2.3986291885375977, -0.7214998006820679]","[-0.2660319209098816, -0.10145489871501923, -0.9307856559753418, 0.22928601503372192]","[[-0.7533100676854443, 0.48081275100001797, 0.4487130131649355], [-0.3728517846365218, -0.8742698406248977, 0.31086032693912813], [0.541761770893002, 0.066870730870356, 0.8378678411674474]]","[0.276953786611557, 0.008060145191848278, 0.2676807641983032]",[0.0],"[-0.2660319209098816, -0.10145489871501923, -0.9307856559753418, 0.22928601503372192]",[0.44],"[-4.997777938842773, -3.844177722930908, -5.512093839645386]","[605.8331298828125, 605.5733032226562, 669.5728759765625, 669.691162109375]"
2.2740006446838,"[-0.17667648196220398, -1.745405673980713, -6.2647624015808105]","[-0.17667648196220398, -1.745405673980713, -6.2647624015808105]","[-1.662282109260559, -2.4629604816436768, -0.6240732073783875]","[-1.662282109260559, -2.4629604816436768, -0.6240732073783875]","[-0.265351265668869, -0.1041719987988472, -0.9295620322227478, 0.23377643525600433]","[[-0.7498747541676636, 0.48990373994178205, 0.44461500647068974], [-0.379335053027662, -0.8689937318843111, 0.3177344157657984], [0.5420268406014388, 0.06960292385084976, 0.8374738009483645]]","[0.25245970487594604, 0.010404875501990318, 0.21949505805969238]",[0.0],"[-0.265351265668869, -0.1041719987988472, -0.9295620322227478, 0.23377643525600433]",[0.44],"[-3.951817750930786, -3.216564655303955, -4.9386703348159795]","[592.0070190429688, 590.3585815429688, 668.391845703125, 669.8572387695312]"
2.3060307502747,"[-0.2329656481742859, -1.8278865814208984, -6.283625602722168]","[-0.2329656481742859, -1.8278865814208984, -6.283625602722168]","[-1.749643087387085, -2.5366098880767822, -0.5206910371780396]","[-1.749643087387085, -2.5366098880767822, -0.5206910371780396]","[-0.26457878947257996, -0.1069805920124054, -0.9284424781799316, 0.23779791593551636]","[[-0.7469005647124352, 0.4981729638177921, 0.4404128502913416], [-0.3849537816909834, -0.8640147422553373, 0.32448322140495023], [0.5421718975957326, 0.07281808245566523, 0.837106434187799]]","[0.2311704456806183, 0.01161616574972868, 0.166172057390213]",[0.0],"[-0.26457878947257996, -0.1069805920124054, -0.9284424781799316, 0.23779791593551636]",[0.44],"[-4.368048906326294, -3.6824703216552734, -4.6408914899826055]","[600.089599609375, 598.8018798828125, 668.6488647460938, 669.857421875]"
2.3370320796967,"[-0.28667667508125305, -1.9050403833389282, -6.29792594909668]","[-0.28667667508125305, -1.9050403833389282, -6.29792594909668]","[-1.8313426971435547, -2.607452392578125, -0.4337558448314667]","[-1.8313426971435547, -2.607452392578125, -0.4337558448314667]","[-0.26385971903800964, -0.1094222292304039, -0.9276168942451477, 0.24069029092788696]","[[-0.7448926534775291, 0.5042809976134692, 0.43684772980598385], [-0.388792522968481, -0.8601901076396619, 0.3300207619589939], [0.5421952025557593, 0.07598687180135766, 0.8368096488388631]]","[0.20658034086227417, 0.011957676149904728, 0.12239338457584381]",[0.0],"[-0.26385971903800964, -0.1094222292304039, -0.9276168942451477, 0.24069029092788696]",[0.44],"[-4.084980487823486, -3.5421252250671387, -5.463240382671357]","[605.6488037109375, 604.0701904296875, 668.3305053710938, 669.857421875]"
2.3679986000061,"[-0.3486160337924957, -1.9924206733703613, -6.3107428550720215]","[-0.3486160337924957, -1.9924206733703613, -6.3107428550720215]","[-1.9227749109268188, -2.688838481903076, -0.3440832197666168]","[-1.9227749109268188, -2.688838481903076, -0.3440832197666168]","[-0.26308897137641907, -0.11190091818571091, -0.9269170165061951, 0.24307869374752045]","[[-0.743393941959102, 0.5095073500924605, 0.4333218308043667], [-0.3917477602462385, -0.8567819246972963, 0.33534837746112345], [0.5421247468912898, 0.07954308345488847, 0.8365247552985852]]","[0.18067459762096405, 0.011546417139470577, 0.07778056710958481]",[0.0],"[-0.26308897137641907, -0.11190091818571091, -0.9269170165061951, 0.24307869374752045]",[0.44],"[-4.571610689163208, -4.069304466247559, -5.326368746757508]","[610.7718505859375, 609.4050903320312, 668.4696044921875, 669.857421875]"
2.3989987373352,"[-0.4075668156147003, -2.0742361545562744, -6.319913387298584]","[-0.4075668156147003, -2.0742361545562744, -6.319913387298584]","[-2.0074143409729004, -2.7658960819244385, -0.2681174874305725]","[-2.0074143409729004, -2.7658960819244385, -0.2681174874305725]","[-0.2624184787273407, -0.11396743357181549, -0.9264592528343201, 0.24458391964435577]","[[-0.7426306461545455, 0.5130083919827486, 0.4304908522336972], [-0.3933797498132483, -0.8543804102797967, 0.33953904693726233], [0.5419892586929067, 0.0828056864802944, 0.8362959322149641]]","[0.1558787226676941, 0.010642449371516705, 0.041220057755708694]",[0.0],"[-0.2624184787273407, -0.11396743357181549, -0.9264592528343201, 0.24458391964435577]",[0.44],"[-4.231971502304077, -3.8528800010681152, -6.011713383197785]","[617.2802124023438, 615.8553466796875, 668.3650512695312, 669.857421875]"
2.4300372600555,"[-0.4690752327442169, -2.158402681350708, -6.326877117156982]","[-0.4690752327442169, -2.158402681350708, -6.326877117156982]","[-2.0932300090789795, -2.8454973697662354, -0.19683583080768585]","[-2.0932300090789795, -2.8454973697662354, -0.19683583080768585]","[-0.261792927980423, -0.1158321425318718, -0.9261610507965088, 0.2455059140920639]","[[-0.7423827545120343, 0.5154041022398554, 0.42804987447182774], [-0.39410795924919784, -0.8526196583061125, 0.3431018618600019], [0.5417997786059454, 0.08601501351331553, 0.8360947552318264]]","[0.13184864819049835, 0.009313974529504776, 0.00822728406637907]",[0.0],"[-0.261792927980423, -0.1158321425318718, -0.9261610507965088, 0.2455059140920639]",[0.44],"[-4.290783405303955, -3.9800643920898438, -6.245917168855668]","[622.1100463867188, 620.7789306640625, 668.4153442382812, 669.857421875]"
2.4600036144257,"[-0.5331695079803467, -2.244988203048706, -6.331758975982666]","[-0.5331695079803467, -2.244988203048706, -6.331758975982666]","[-2.1794352531433105, -2.926823377609253, -0.12859055399894714]","[-2.1794352531433105, -2.926823377609253, -0.12859055399894714]","[-0.2612197995185852, -0.11749555915594101, -0.9260106086730957, 0.245893195271492]","[[-0.7426017075929687, 0.5167837476579313, 0.42600189415720835], [-0.3940150820297754, -0.8514628620712941, 0.34606861084436424], [0.5415673280414681, 0.08913992615715038, 0.8359180198362058]]","[0.10825266689062119, 0.007665195968002081, -0.02257028967142105]",[0.0],"[-0.2612197995185852, -0.11749555915594101, -0.9260106086730957, 0.245893195271492]",[0.44],"[-4.310262203216553, -4.066300392150879, -6.397736159563065]","[619.54736328125, 618.261962890625, 668.437255859375, 669.857421875]"
2.4910008907318,"[-0.6066176891326904, -2.343038558959961, -6.334720611572266]","[-0.6066176891326904, -2.343038558959961, -6.334720611572266]","[-2.2718942165374756, -3.0157291889190674, -0.05133134871721268]","[-2.2718942165374756, -3.0157291889190674, -0.05133134871721268]","[-0.2606489062309265, -0.11911007016897202, -0.9260205030441284, 0.2456848919391632]","[[-0.7434023617475161, 0.5171103134689554, 0.4242053730950688], [-0.39292667542642956, -0.8509036487549579, 0.34867173091379833], [0.5412595519683889, 0.09252173746817327, 0.8357498777299285]]","[0.08323998749256134, 0.005528008099645376, -0.06004816293716431]",[0.0],"[-0.2606489062309265, -0.11911007016897202, -0.9260205030441284, 0.2456848919391632]",[0.44],"[-4.622948169708252, -4.445290565490723, -5.947039735913277]","[620.4149169921875, 619.1598510742188, 668.4232788085938, 669.857421875]"
2.5220322608948,"[-0.6760450601577759, -2.434744358062744, -6.335248947143555]","[-0.6760450601577759, -2.434744358062744, -6.335248947143555]","[-2.35663104057312, -3.0981154441833496, 0.01549583487212658]","[-2.35663104057312, -3.0981154441833496, 0.01549583487212658]","[-0.2601873278617859, -0.12038697302341461, -0.9261879324913025, 0.24491940438747406]","[[-0.7446342191325077, 0.516329123193934, 0.42299451504767704], [-0.3910364639126094, -0.8510430637447399, 0.35045177402503924], [0.5409349379632995, 0.0955520725487311, 0.8356190622928064]]","[0.06035551056265831, 0.003213939955458045, -0.09110145270824432]",[0.0],"[-0.2601873278617859, -0.12038697302341461, -0.9261879324913025, 0.24491940438747406]",[0.44],"[-4.236841201782227, -4.119312763214111, -6.468640820533038]","[624.481689453125, 623.2659912109375, 668.4197998046875, 669.857421875]"
2.5530059337616,"[-0.7480252385139465, -2.528942108154297, -6.3338212966918945]","[-0.7480252385139465, -2.528942108154297, -6.3338212966918945]","[-2.4420318603515625, -3.181783676147461, 0.07920566946268082]","[-2.4420318603515625, -3.181783676147461, 0.07920566946268082]","[-0.25978854298591614, -0.12147479504346848, -0.9264922142028809, 0.2436513751745224]","[[-0.746287897618819, 0.5145977241857511, 0.42218912310835477], [-0.38836668413032926, -0.8517558200906041, 0.3516865751655365], [0.5405791265538922, 0.0984952321531205, 0.8355075742048043]]","[0.0382554717361927, 0.0006592569989152253, -0.11905136704444885]",[0.0],"[-0.25978854298591614, -0.12147479504346848, -0.9264922142028809, 0.2436513751745224]",[0.44],"[-4.270040988922119, -4.183411598205566, -6.624508270472289]","[629.59423828125, 628.4602661132812, 668.4530029296875, 669.857421875]"
2.5840117931366,"[-0.8301671147346497, -2.6354727745056152, -6.330082893371582]","[-0.8301671147346497, -2.6354727745056152, -6.330082893371582]","[-2.536034345626831, -3.274446725845337, 0.14728102087974548]","[-2.536034345626831, -3.274446725845337, 0.14728102087974548]","[-0.2594589591026306, -0.12233157455921173, -0.9269842505455017, 0.2416946291923523]","[[-0.7485296297870829, 0.5115742754065291, 0.4218949683989255], [-0.3846141834044534, -0.8532375044360521, 0.3522185597435321], [0.5401625066053466, 0.10137921209975609, 0.835432068814487]]","[-0.013051137328147888, -0.0023200276773422956, -0.1464778333902359]",[0.0],"[-0.2594589591026306, -0.12233157455921173, -0.9269842505455017, 0.2416946291923523]",[0.44],"[-4.700124263763428, -4.633152484893799, -6.406232429146767]","[634.65966796875, 631.73388671875, 666.7120361328125, 669.857421875]"
2.6149978637695,"[-0.9075382351875305, -2.7349793910980225, -6.324767112731934]","[-0.9075382351875305, -2.7349793910980225, -6.324767112731934]","[-2.6220693588256836, -3.3592474460601807, 0.20664232969284058]","[-2.6220693588256836, -3.3592474460601807, 0.20664232969284058]","[-0.25933369994163513, -0.1225225180387497, -0.927596926689148, 0.23937052488327026]","[[-0.7508956516594165, 0.5076271623016888, 0.4224577271996619], [-0.38053029058507004, -0.8553800526571411, 0.35145671011581925], [0.5397708450114838, 0.10314933461602038, 0.8354685292960524]]","[-0.04341352358460426, -0.005118571687489748, -0.1687602549791336]",[0.0],"[-0.25933369994163513, -0.1225225180387497, -0.927596926689148, 0.23937052488327026]",[0.44],"[-4.301750659942627, -4.2400360107421875, -6.841934559345246]","[638.6123046875, 637.2942504882812, 668.1777954101562, 669.857421875]"
2.6458919048309,"[-0.9874958395957947, -2.8370299339294434, -6.317696571350098]","[-0.9874958395957947, -2.8370299339294434, -6.317696571350098]","[-2.708399534225464, -3.44396710395813, 0.2644079625606537]","[-2.708399534225464, -3.44396710395813, 0.2644079625606537]","[-0.25929510593414307, -0.12246690690517426, -0.9283125400543213, 0.23665110766887665]","[[-0.753524630618053, 0.5028825209323351, 0.42344993848297596], [-0.3758622425347191, -0.8579962479670087, 0.35010007890834416], [0.5393776551705387, 0.10465018277860949, 0.8355358095033618]]","[-0.06431526690721512, -0.008014830760657787, -0.18874655663967133]",[0.0],"[-0.25929510593414307, -0.12246690690517426, -0.9283125400543213, 0.23665110766887665]",[0.44],"[-4.316508769989014, -4.235982894897461, -6.921718356609345]","[641.2446899414062, 640.9380493164062, 669.13037109375, 669.857421875]"
2.6768860816956,"[-1.0700491666793823, -2.9416191577911377, -6.30891752243042]","[-1.0700491666793823, -2.9416191577911377, -6.30891752243042]","[-2.794989585876465, -3.528378486633301, 0.32080501317977905]","[-2.794989585876465, -3.528378486633301, 0.32080501317977905]","[-0.2592974007129669, -0.1223461851477623, -0.9290953874588013, 0.2336193323135376]","[[-0.7563736560348611, 0.49755738373934966, 0.42465916979429075], [-0.370661192555501, -0.860906762027442, 0.3484963238383312], [0.5389889061356055, 0.10618878133753462, 0.8355925379265771]]","[-0.07018797844648361, -0.010899513959884644, -0.20665882527828217]",[0.0],"[-0.2592974007129669, -0.1223461851477623, -0.9290953874588013, 0.2336193323135376]",[0.44],"[-4.329502582550049, -4.220569133758545, -6.990147469043732]","[644.5916137695312, 644.0020141601562, 668.8477783203125, 669.857421875]"
2.7088866233826,"[-1.1638529300689697, -3.059577465057373, -6.2973103523254395]","[-1.1638529300689697, -3.059577465057373, -6.2973103523254395]","[-2.8899600505828857, -3.6203041076660156, 0.3824905753135681]","[-2.8899600505828857, -3.6203041076660156, 0.3824905753135681]","[-0.2593534588813782, -0.12211325764656067, -0.9300248622894287, 0.22995179891586304]","[[-0.7597157843390523, 0.49106277173168067, 0.4262500032262757], [-0.364380788748047, -0.8644209222204111, 0.3464143201025607], [0.5385706562954873, 0.10785914240326377, 0.83564827134642]]","[-0.08534619957208633, -0.013980405405163765, -0.22416599094867706]",[0.0],"[-0.2593534588813782, -0.12211325764656067, -0.9300248622894287, 0.22995179891586304]",[0.44],"[-4.748523235321045, -4.596281051635742, -6.725721893310547]","[647.546875, 647.2555541992188, 669.129638671875, 669.857421875]"
2.7384660243988,"[-1.2517939805984497, -3.1693878173828125, -6.284895420074463]","[-1.2517939805984497, -3.1693878173828125, -6.284895420074463]","[-2.971268892288208, -3.6988697052001953, 0.44781556725502014]","[-2.971268892288208, -3.6988697052001953, 0.44781556725502014]","[-0.25980135798454285, -0.12034966051578522, -0.9311124086380005, 0.22594007849693298]","[[-0.7629087166118471, 0.4832852318642358, 0.4294249129127907], [-0.3582172109243169, -0.8689341262605428, 0.34151720299651167], [0.5381921598888537, 0.10671904612996208, 0.8360384272062453]]","[-0.391967236995697, -0.008294761180877686, -0.2379760891199112]",[0.0],"[-0.25980135798454285, -0.12034966051578522, -0.9311124086380005, 0.22594007849693298]",[0.44],"[-4.065442085266113, -3.9282798767089844, -6.543750402927399]","[653.5807495117188, 617.9093017578125, 640.8472290039062, 669.857421875]"
2.7686700820923,"[-1.3418769836425781, -3.2812840938568115, -6.2699408531188965]","[-1.3418769836425781, -3.2812840938568115, -6.2699408531188965]","[-3.022813320159912, -3.7513351440429688, 0.570791482925415]","[-3.022813320159912, -3.7513351440429688, 0.570791482925415]","[-0.2543046772480011, -0.1114783063530922, -0.9348812699317932, 0.22113068401813507]","[[-0.7728608033132724, 0.4701607788260742, 0.42618681095632716], [-0.3567629599569666, -0.8773477154789848, 0.32090709568417175], [0.5247919075044971, 0.09596882676872553, 0.8458034366848722]]","[-0.6632960438728333, 1.650266170501709, -0.24775338172912598]",[0.0],"[-0.2543046772480011, -0.1114783063530922, -0.9348812699317932, 0.22113068401813507]",[0.44],"[-2.577221393585205, -2.623271942138672, -3.6612042164802556]","[661.1029052734375, 395.66290283203125, 669.6419067382812, 421.8219299316406]"
2.7995681762695,"[-1.433318853378296, -3.3945624828338623, -6.251141548156738]","[-1.433318853378296, -3.3945624828338623, -6.251141548156738]","[-3.084235906600952, -3.80850887298584, 0.6523632407188416]","[-3.084235906600952, -3.80850887298584, 0.6523632407188416]","[-0.21921727061271667, -0.09489171206951141, -0.945949375629425, 0.2193608283996582]","[[-0.8076493165463643, 0.4566122815717124, 0.37310583139091236], [-0.3734046730771281, -0.8857528659771763, 0.27570087573135815], [0.45636792966223183, 0.08335014740688784, 0.8858787024912558]]","[-0.5496954917907715, 2.8507821559906006, -0.25320178270339966]",[0.0],"[-0.21921727061271667, -0.09489171206951141, -0.945949375629425, 0.2193608283996582]",[0.44],"[-3.071129322052002, -2.8586864471435547, -5.731412110328675]","[591.477294921875, 660.5267333984375, 617.90185546875, 666.9954833984375]"
2.8308136463165,"[-1.5365465879440308, -3.521529197692871, -6.2297163009643555]","[-1.5365465879440308, -3.521529197692871, -6.2297163009643555]","[-3.1729493141174316, -3.8871796131134033, 0.6297417879104614]","[-3.1729493141174316, -3.8871796131134033, 0.6297417879104614]","[-0.18134301900863647, -0.0791880413889885, -0.9558300375938416, 0.21733146905899048]","[[-0.8397636133313373, 0.4441842894716794, 0.31224610261886543], [-0.3867434954922393, -0.8929927026196225, 0.2302037066051179], [0.38108631608675747, 0.07255752770616031, 0.9216879271156183]]","[-0.4400964081287384, 2.3811702728271484, -0.2609510123729706]",[0.0],"[-0.18134301900863647, -0.0791880413889885, -0.9558300375938416, 0.21733146905899048]",[0.44],"[-4.435670375823975, -3.933537006378174, -10.941072640419007]","[647.5321655273438, 646.9168090820312, 665.0409545898438, 660.6863403320312]"
2.8618152141571,"[-1.6328706741333008, -3.6391732692718506, -6.2118611335754395]","[-1.6328706741333008, -3.6391732692718506, -6.2118611335754395]","[-3.2457499504089355, -3.9538142681121826, 0.5546156167984009]","[-3.2457499504089355, -3.9538142681121826, 0.5546156167984009]","[-0.1470959186553955, -0.06604477018117905, -0.9631696939468384, 0.2151861935853958]","[[-0.864115542011862, 0.4339514727188316, 0.2549328165012723], [-0.3950918081500916, -0.8986661372454421, 0.19053066381919415], [0.311780507307313, 0.06391862050958785, 0.948001758093281]]","[-0.36486852169036865, 2.34277081489563, -0.26803281903266907]",[0.0],"[-0.1470959186553955, -0.06604477018117905, -0.9631696939468384, 0.2151861935853958]",[0.44],"[-3.6400318145751953, -3.331732749938965, -13.566308555603028]","[617.8687133789062, 659.2376098632812, 636.5342407226562, 669.0953979492188]"
2.8928127288818,"[-1.731080412864685, -3.7586240768432617, -6.196605682373047]","[-1.731080412864685, -3.7586240768432617, -6.196605682373047]","[-3.2992231845855713, -4.008083343505859, 0.45516136288642883]","[-3.2992231845855713, -4.008083343505859, 0.45516136288642883]","[-0.11878757923841476, -0.055310796946287155, -0.9683526754379272, 0.212422713637352]","[[-0.8815323765732501, 0.42454067749902286, 0.20655800116707768], [-0.39825973479903504, -0.9036347860182286, 0.15758707626355428], [0.2535550794901772, 0.05665435655061013, 0.9656604535196879]]","[-0.3074871897697449, 1.7308344841003418, -0.2749796509742737]",[0.0],"[-0.11878757923841476, -0.055310796946287155, -0.9683526754379272, 0.212422713637352]",[0.44],"[-2.673661708831787, -2.713453769683838, -14.782712695598603]","[630.177978515625, 658.8391723632812, 645.2506103515625, 669.8564453125]"
2.9238119125366,"[-1.8407413959503174, -3.891767978668213, -6.184046745300293]","[-1.8407413959503174, -3.891767978668213, -6.184046745300293]","[-3.3436777591705322, -4.0590596199035645, 0.30168819427490234]","[-3.3436777591705322, -4.0590596199035645, 0.30168819427490234]","[-0.09423740953207016, -0.045796822756528854, -0.972334086894989, 0.20877856016159058]","[[-0.8950618510250099, 0.4146365691986907, 0.16413770166726183], [-0.3973734734331921, -0.9086285317864542, 0.1284091250262498], [0.20238328052759647, 0.04971012232439476, 0.978043923340184]]","[-0.2552105486392975, 1.4419310092926025, -0.28282299637794495]",[0.0],"[-0.09423740953207016, -0.045796822756528854, -0.972334086894989, 0.20877856016159058]",[0.44],"[-2.222728729248047, -2.548813819885254, -17.483658430576327]","[638.3700561523438, 660.1494140625, 652.3189086914062, 669.857421875]"
2.9540238380432,"[-1.9414559602737427, -4.014105319976807, -6.177272319793701]","[-1.9414559602737427, -4.014105319976807, -6.177272319793701]","[-3.3677239418029785, -4.094771385192871, 0.15033464133739471]","[-3.3677239418029785, -4.094771385192871, 0.15033464133739471]","[-0.07592811435461044, -0.03856391832232475, -0.9750171303749084, 0.20515702664852142]","[[-0.9042911606417843, 0.4059194019988586, 0.13223910670777117], [-0.3942070595975013, -0.9128469661479359, 0.10635533431733246], [0.1638857419834695, 0.044046589597249275, 0.9854954913083646]]","[-0.23430509865283966, 1.1527577638626099, -0.27810582518577576]",[0.0],"[-0.07592811435461044, -0.03856391832232475, -0.9750171303749084, 0.20515702664852142]",[0.44],"[-1.2023091316223145, -1.785588264465332, -17.377677646875384]","[650.6387329101562, 669.6685791015625, 629.3474731445312, 646.5880126953125]"
2.986026763916,"[-2.052802324295044, -4.1497321128845215, -6.175043106079102]","[-2.052802324295044, -4.1497321128845215, -6.175043106079102]","[-3.377969264984131, -4.123177528381348, -0.01619688607752323]","[-3.377969264984131, -4.123177528381348, -0.01619688607752323]","[-0.05980305001139641, -0.03201387822628021, -0.9771959185600281, 0.2012135237455368]","[[-0.9118735032989282, 0.3970791234476897, 0.1039953422838149], [-0.38942101320518974, -0.9169765360820852, 0.08663402712704482], [0.12976184327049634, 0.03850129743295028, 0.9907974136204947]]","[-0.18727552890777588, 0.9277573227882385, -0.2563575804233551]",[0.0],"[-0.05980305001139641, -0.03201387822628021, -0.9771959185600281, 0.2012135237455368]",[0.44],"[-0.5122661590576172, -1.4203071594238281, -18.1365763707459]","[655.4359130859375, 669.8572387695312, 624.6751098632812, 636.7269287109375]"
3.0170185565948,"[-2.1541335582733154, -4.273717403411865, -6.177810192108154]","[-2.1541335582733154, -4.273717403411865, -6.177810192108154]","[-3.37546443939209, -4.141136169433594, -0.16682285070419312]","[-3.37546443939209, -4.141136169433594, -0.16682285070419312]","[-0.04792948439717293, -0.027129750698804855, -0.9786801338195801, 0.19786842167377472]","[[-0.9171016554121809, 0.389900416730353, 0.08307902650510635], [-0.38469915687908274, -0.92022407961538, 0.0720701589474092], [0.10455151030980836, 0.034135233230183526, 0.9939334823048838]]","[-0.16342763602733612, 0.7534381151199341, -0.22894763946533203]",[0.0],"[-0.04792948439717293, -0.027129750698804855, -0.9786801338195801, 0.19786842167377472]",[0.44],"[0.12524127960205078, -0.8979320526123047, -17.341298231333496]","[657.8532104492188, 669.857421875, 609.6126708984375, 619.815185546875]"
3.0490183830261,"[-2.265336036682129, -4.410607814788818, -6.186028003692627]","[-2.265336036682129, -4.410607814788818, -6.186028003692627]","[-3.3624134063720703, -4.154036045074463, -0.3324873745441437]","[-3.3624134063720703, -4.154036045074463, -0.3324873745441437]","[-0.03743092715740204, -0.022707995027303696, -0.9798997640609741, 0.1946273297071457]","[[-0.9214384012898256, 0.38313051153521427, 0.06451792050990901], [-0.37973058630418366, -0.923209243829231, 0.05907328074132101], [0.08219630625057806, 0.02993295513688965, 0.9961665453079545]]","[-0.1331951916217804, 0.6002641916275024, -0.19412903487682343]",[0.0],"[-0.03743092715740204, -0.022707995027303696, -0.9798997640609741, 0.1946273297071457]",[0.44],"[0.6525516510009766, -0.644993782043457, -18.09322619199753]","[660.214599609375, 669.857421875, 615.6365966796875, 623.6146240234375]"
3.0790181159973,"[-2.3659415245056152, -4.535347938537598, -6.198337554931641]","[-2.3659415245056152, -4.535347938537598, -6.198337554931641]","[-3.343444585800171, -4.161130428314209, -0.4889538884162903]","[-3.343444585800171, -4.161130428314209, -0.4889538884162903]","[-0.02976144105195999, -0.01942010596394539, -0.9807319641113281, 0.19209885597229004]","[[-0.9244246518906285, 0.37795091732022384, 0.050914832798275356], [-0.37563903596474874, -0.9254418576063053, 0.04952611488687708], [0.06583715335241358, 0.02665755977420403, 0.9974742322217197]]","[-0.1128133088350296, 0.48764827847480774, -0.16502949595451355]",[0.0],"[-0.02976144105195999, -0.01942010596394539, -0.9807319641113281, 0.19209885597229004]",[0.44],"[0.9484410285949707, -0.3547191619873047, -17.633325693607333]","[661.655029296875, 669.857421875, 619.7951049804688, 626.435791015625]"
3.1110210418701,"[-2.4658920764923096, -4.660245418548584, -6.2154107093811035]","[-2.4658920764923096, -4.660245418548584, -6.2154107093811035]","[-3.3189504146575928, -4.164597034454346, -0.6499571204185486]","[-3.3189504146575928, -4.164597034454346, -0.6499571204185486]","[-0.02353280782699585, -0.016703691333532333, -0.9813702702522278, 0.1899465024471283]","[[-0.926733241278193, 0.37360187039631443, 0.039843180460423566], [-0.37202953136370054, -0.9272828007583058, 0.041724961235393376], [0.052534411447467066, 0.023845063077400308, 0.9983343873032235]]","[-0.09360936284065247, 0.39658430218696594, -0.1385996788740158]",[0.0],"[-0.02353280782699585, -0.016703691333532333, -0.9813702702522278, 0.1899465024471283]",[0.44],"[1.2247085571289062, -0.17333030700683594, -17.860161600112917]","[663.3837280273438, 669.857421875, 626.6621704101562, 631.65234375]"
3.1420187950134,"[-2.565037965774536, -4.785200595855713, -6.237373352050781]","[-2.565037965774536, -4.785200595855713, -6.237373352050781]","[-3.2899386882781982, -4.165085315704346, -0.8147938251495361]","[-3.2899386882781982, -4.165085315704346, -0.8147938251495361]","[-0.018470926210284233, -0.014466115273535252, -0.9818618297576904, 0.1881406307220459]","[[-0.9285238424524542, 0.36999061296056174, 0.030828466708976432], [-0.368921802769494, -0.9287876557003714, 0.03535771623836448], [0.04171512291561941, 0.0214571894094715, 0.9988991127876541]]","[-0.0781559869647026, 0.3225584924221039, -0.11483527719974518]",[0.0],"[-0.018470926210284233, -0.014466115273535252, -0.9818618297576904, 0.1881406307220459]",[0.44],"[1.4505863189697266, -0.0244140625, -18.05183523654938]","[664.66162109375, 669.857421875, 632.133056640625, 636.007080078125]"
3.1740188598633,"[-2.673022985458374, -4.922621250152588, -6.267301559448242]","[-2.673022985458374, -4.922621250152588, -6.267301559448242]","[-3.253797769546509, -4.162802696228027, -0.9994663000106812]","[-3.253797769546509, -4.162802696228027, -0.9994663000106812]","[-0.013989759609103203, -0.012458453886210918, -0.9822729229927063, 0.18651801347732544]","[[-0.9300306166357399, 0.3667717701282693, 0.022836071986688355], [-0.3660746070283925, -0.9301116172371113, 0.02969388817218699], [0.03213097626610806, 0.01925651948692597, 0.9992981471056893]]","[-0.06342636793851852, 0.2571449875831604, -0.09149404615163803]",[0.0],"[-0.013989759609103203, -0.012458453886210918, -0.9822729229927063, 0.18651801347732544]",[0.44],"[1.8070459365844727, 0.11413097381591797, -19.043623743057253]","[665.703369140625, 669.857421875, 636.90380859375, 639.935546875]"
3.2040181159973,"[-2.770106315612793, -5.047450065612793, -6.299834728240967]","[-2.770106315612793, -5.047450065612793, -6.299834728240967]","[-3.2178497314453125, -4.158642292022705, -1.1696432828903198]","[-3.2178497314453125, -4.158642292022705, -1.1696432828903198]","[-0.010711871087551117, -0.010973630473017693, -0.9825544357299805, 0.18534190952777863]","[[-0.9310672794768373, 0.364452126896346, 0.01698224565143952], [-0.3639819344363885, -0.9310559267097132, 0.02553509587861469], [0.0251177401567248, 0.01759366131068618, 0.9995296705040907]]","[-0.052499983459711075, 0.209331676363945, -0.07257819175720215]",[0.0],"[-0.010711871087551117, -0.010973630473017693, -0.9825544357299805, 0.18534190952777863]",[0.44],"[1.7974019050598145, 0.20802021026611328, -18.318849143981936]","[666.3191528320312, 669.857421875, 639.9880981445312, 642.5201416015625]"
3.2360701560974,"[-2.87560772895813, -5.184587001800537, -6.341546535491943]","[-2.87560772895813, -5.184587001800537, -6.341546535491943]","[-3.175607442855835, -4.152214527130127, -1.3585699796676636]","[-3.175607442855835, -4.152214527130127, -1.3585699796676636]","[-0.00780744943767786, -0.00964526180177927, -0.9827836751937866, 0.1843431442975998]","[[-0.9319135666052623, 0.36248947548680843, 0.011789991928274374], [-0.3621882559114862, -0.9318494169882563, 0.02183691124008988], [0.018902143480728467, 0.016079912126945622, 0.9996920253161065]]","[-0.04241214320063591, 0.16701294481754303, -0.05405194312334061]",[0.0],"[-0.00780744943767786, -0.00964526180177927, -0.9827836751937866, 0.1843431442975998]",[0.44],"[2.112114429473877, 0.32138824462890625, -19.25633483886719]","[667.0244140625, 669.857421875, 643.76171875, 645.7459106445312]"
3.2681024074554,"[-2.9796764850616455, -5.3214850425720215, -6.38951301574707]","[-2.9796764850616455, -5.3214850425720215, -6.38951301574707]","[-3.1311399936676025, -4.144223690032959, -1.548475980758667]","[-3.1311399936676025, -4.144223690032959, -1.548475980758667]","[-0.005491788033396006, -0.00857714843004942, -0.9829444289207458, 0.1836206018924713]","[[-0.9325066356430445, 0.3610719030927753, 0.007646362589986966], [-0.36088348756834004, -0.9324198201642699, 0.01887853137900289], [0.013946127218973925, 0.014844909682370705, 0.9997925455780103]]","[-0.03423445671796799, 0.1333097219467163, -0.03756476938724518]",[0.0],"[-0.005491788033396006, -0.00857714843004942, -0.9829444289207458, 0.1836206018924713]",[0.44],"[2.223372459411621, 0.39954185485839844, -19.305300054550173]","[667.5914306640625, 669.857421875, 646.3466186523438, 647.9050903320312]"
3.2996015548706,"[-3.0729868412017822, -5.445691108703613, -6.438554286956787]","[-3.0729868412017822, -5.445691108703613, -6.438554286956787]","[-3.08920955657959, -4.135858535766602, -1.7207635641098022]","[-3.08920955657959, -4.135858535766602, -1.7207635641098022]","[-0.0037958722095936537, -0.007789510302245617, -0.9830405712127686, 0.18318340182304382]","[[-0.9328588822421502, 0.36021256790101147, 0.004609174778937242], [-0.36009429595828096, -0.9327663465923157, 0.016705490882452392], [0.010316810761741235, 0.013924127745496714, 0.9998498297668393]]","[-0.028106316924095154, 0.10866282135248184, -0.023570124059915543]",[0.0],"[-0.0037958722095936537, -0.007789510302245617, -0.9830405712127686, 0.18318340182304382]",[0.44],"[2.0965218544006348, 0.4182577133178711, -18.424379167556765]","[668.0520629882812, 669.857421875, 645.1126708984375, 646.3441772460938]"
3.329598903656,"[-3.1650218963623047, -5.5696306228637695, -6.492641448974609]","[-3.1650218963623047, -5.5696306228637695, -6.492641448974609]","[-3.046140193939209, -4.126482963562012, -1.8817284107208252]","[-3.046140193939209, -4.126482963562012, -1.8817284107208252]","[-0.0024131755344569683, -0.007143362425267696, -0.9830848574638367, 0.18299566209316254]","[[-0.9330137292028615, 0.3598350051455911, 0.0021303039794871304], [-0.35976605239583737, -0.9329233207817043, 0.014928264172663588], [0.007359121325820256, 0.013161861553963691, 0.9998862979142024]]","[-0.023138737305998802, 0.0889243483543396, -0.0005160379223525524]",[0.0],"[-0.0024131755344569683, -0.007143362425267696, -0.9830848574638367, 0.18299566209316254]",[0.44],"[2.153468132019043, 0.4687786102294922, -17.85824233055115]","[668.3759765625, 669.857421875, 624.5880126953125, 625.6202392578125]"
3.360643863678,"[-3.255751609802246, -5.693276405334473, -6.551366806030273]","[-3.255751609802246, -5.693276405334473, -6.551366806030273]","[-3.0022389888763428, -4.116302967071533, -2.032966136932373]","[-3.0022389888763428, -4.116302967071533, -2.032966136932373]","[-0.0012855782406404614, -0.006612714845687151, -0.983048677444458, 0.18322084844112396]","[[-0.9328568604458569, 0.36024702780523116, 0.00010439752937392577], [-0.36021302315596243, -0.9327727098734218, 0.01347233063871536], [0.004950746427477989, 0.012530151694764988, 0.9999092385819136]]","[-0.018920019268989563, 0.07249154895544052, 0.030000463128089905]",[0.0],"[-0.0012855782406404614, -0.006612714845687151, -0.983048677444458, 0.18322084844112396]",[0.44],"[2.1950602531433105, 0.5089998245239258, -17.371886310577395]","[668.6255493164062, 669.857421875, 622.5328369140625, 623.38037109375]"
3.3915996551514,"[-3.3540215492248535, -5.82892370223999, -6.621170520782471]","[-3.3540215492248535, -5.82892370223999, -6.621170520782471]","[-2.953286647796631, -4.104465484619141, -2.197505235671997]","[-2.953286647796631, -4.104465484619141, -2.197505235671997]","[-0.00028879346791654825, -0.006140399258583784, -0.9829093813896179, 0.18398751318454742]","[[-0.9322971130535525, 0.3616896521496679, -0.0016917979612957046], [-0.3616825589208828, -0.932221870850777, 0.012177180857451526], [0.0028272291968925722, 0.011964643289507897, 0.9999244241905562]]","[-0.015153965912759304, 0.0579698421061039, 0.0632619857788086]",[0.0],"[-0.00028879346791654825, -0.006140399258583784, -0.9829093813896179, 0.18398751318454742]",[0.44],"[2.4476170539855957, 0.5918741226196289, -18.036954936981203]","[668.8901977539062, 669.857421875, 625.8512573242188, 626.5022583007812]"
3.4226057529449,"[-3.4419491291046143, -5.951892852783203, -6.689367294311523]","[-3.4419491291046143, -5.951892852783203, -6.689367294311523]","[-2.908371686935425, -4.093259334564209, -2.3491575717926025]","[-2.908371686935425, -4.093259334564209, -2.3491575717926025]","[0.0004402397316880524, -0.005793209187686443, -0.9826982021331787, 0.18512295186519623]","[[-0.9314586354969481, 0.36383488314131385, -0.003010157556869064], [-0.3638450847447474, -0.9313919005736062, 0.011222955549324893], [0.0012796663855192958, 0.01154894946395863, 0.9999324898325727]]","[-0.012349617667496204, 0.04737439379096031, 0.08950429409742355]",[0.0],"[0.0004402397316880524, -0.005793209187686443, -0.9826982021331787, 0.18512295186519623]",[0.44],"[2.2457480430603027, 0.560307502746582, -17.392616806030276]","[669.03125, 669.857421875, 631.5264282226562, 632.0719604492188]"
3.4536056518555,"[-3.5285251140594482, -6.074520587921143, -6.762128829956055]","[-3.5285251140594482, -6.074520587921143, -6.762128829956055]","[-2.8632118701934814, -4.081682205200195, -2.501544952392578]","[-2.8632118701934814, -4.081682205200195, -2.501544952392578]","[0.0010334081016480923, -0.005509912967681885, -0.982416033744812, 0.1866210699081421]","[[-0.9303432449995981, 0.3666676746473401, -0.004087005083180828], [-0.36669045060214084, -0.9302846625823844, 0.01044034223681567], [2.6058329337330655e-05, 0.011211765139140906, 0.9999371458535681]]","[-0.010089762508869171, 0.03882360830903053, 0.11284533888101578]",[0.0],"[0.0010334081016480923, -0.005509912967681885, -0.982416033744812, 0.1866210699081421]",[0.44],"[2.257990837097168, 0.5788564682006836, -17.42936902999878]","[669.2060546875, 669.857421875, 636.0366821289062, 636.4609375]"
3.4845986366272,"[-3.6221914291381836, -6.209003925323486, -6.847447395324707]","[-3.6221914291381836, -6.209003925323486, -6.847447395324707]","[-2.8133935928344727, -4.068570137023926, -2.6691226959228516]","[-2.8133935928344727, -4.068570137023926, -2.6691226959228516]","[0.0015600781189277768, -0.005257919896394014, -0.9820305109024048, 0.18864257633686066]","[[-0.9288231401297502, 0.37048912570450343, -0.005047823735213827], [-0.37052193676762923, -0.9287727163739505, 0.009738281212996868], [-0.001080353513499402, 0.010915469835562065, 0.9999398408692519]]","[-0.008088215254247189, 0.031279705464839935, 0.13574111461639404]",[0.0],"[0.0015600781189277768, -0.005257919896394014, -0.9820305109024048, 0.18864257633686066]",[0.44],"[2.4909138679504395, 0.6556034088134766, -18.188887176513674]","[669.3495483398438, 669.857421875, 640.3619995117188, 640.6887817382812]"
3.5154058933258,"[-3.705915689468384, -6.330881118774414, -6.9298014640808105]","[-3.705915689468384, -6.330881118774414, -6.9298014640808105]","[-2.768080949783325, -4.0563483238220215, -2.8209235668182373]","[-2.768080949783325, -4.0563483238220215, -2.8209235668182373]","[0.001946732634678483, -0.005072757601737976, -0.9816171526908875, 0.19078311324119568]","[[-0.9271959346533021, 0.3745322021971091, -0.005757485267762069], [-0.3745717034081935, -0.9271520484498319, 0.009216204321233781], [-0.0018862993158520192, 0.010701819172002566, 0.9999409547247262]]","[-0.006647124886512756, 0.025787679478526115, 0.1542738378047943]",[0.0],"[0.001946732634678483, -0.005072757601737976, -0.9816171526908875, 0.19078311324119568]",[0.44],"[2.265632152557373, 0.6110906600952148, -17.40004354476929]","[669.45556640625, 669.857421875, 643.8655395507812, 644.1221923828125]"
3.5454461574554,"[-3.788280963897705, -6.45238733291626, -7.016696929931641]","[-3.788280963897705, -6.45238733291626, -7.016696929931641]","[-2.7228288650512695, -4.043869495391846, -2.971768856048584]","[-2.7228288650512695, -4.043869495391846, -2.971768856048584]","[0.0022628752049058676, -0.0049212779849767685, -0.9811483025550842, 0.1931803971529007]","[[-0.9253524211674571, 0.3790549650311138, -0.006341821203650039], [-0.3790995099828284, -0.9253142244218322, 0.00878272082114099], [-0.0025390434610994828, 0.010531293344305658, 0.9999413208376032]]","[-0.005491429008543491, 0.021342933177947998, 0.17084868252277374]",[0.0],"[0.0022628752049058676, -0.0049212779849767685, -0.9811483025550842, 0.1931803971529007]",[0.44],"[2.262604236602783, 0.6239414215087891, -17.352264461517336]","[669.5181884765625, 669.857421875, 646.1609497070312, 646.3771362304688]"
3.5764467716217,"[-3.869290351867676, -6.573516368865967, -7.10809850692749]","[-3.869290351867676, -6.573516368865967, -7.10809850692749]","[-2.677703857421875, -4.031161308288574, -3.1212668418884277]","[-2.677703857421875, -4.031161308288574, -3.1212668418884277]","[0.0025218690279871225, -0.004797099158167839, -0.9806275963783264, 0.19580675661563873]","[[-0.9233069898781343, 0.38400282287767723, -0.006824637581240828], [-0.38405121350084187, -0.9232736852042565, 0.008420737644166058], [-0.0030674198719430057, 0.010395933624084426, 0.9999412560325448]]","[-0.004573705606162548, 0.017745524644851685, 0.1856573075056076]",[0.0],"[0.0025218690279871225, -0.004797099158167839, -0.9806275963783264, 0.19580675661563873]",[0.44],"[2.2562503814697266, 0.6354093551635742, -17.28489929199219]","[669.5895385742188, 669.857421875, 649.0038452148438, 649.1744995117188]"
3.6074051856995,"[-3.956840753555298, -6.706312656402588, -7.213738918304443]","[-3.956840753555298, -6.706312656402588, -7.213738918304443]","[-2.62837815284729, -4.016916275024414, -3.277689218521118]","[-2.62837815284729, -4.016916275024414, -3.277689218521118]","[0.002231977181509137, -0.004791437182575464, -0.9799999594688416, 0.19892747700214386]","[[-0.9208457568584114, 0.3898764500417635, -0.0062809721147166625], [-0.38991922755559605, -0.9208098045621398, 0.008503213310554973], [-0.002468378074940672, 0.010279219668330848, 0.9999441208151734]]","[-0.003635186469182372, -0.10961712151765823, 0.1999579817056656]",[0.0],"[0.002231977181509137, -0.004791437182575464, -0.9799999594688416, 0.19892747700214386]",[0.44],"[2.466285228729248, 0.7122516632080078, -17.631118831634524]","[653.4246826171875, 669.857421875, 635.2732543945312, 652.0897827148438]"
3.6376440525055,"[-4.035037994384766, -6.82663106918335, -7.314107418060303]","[-4.035037994384766, -6.82663106918335, -7.314107418060303]","[-2.585170269012451, -4.004333972930908, -3.4152238368988037]","[-2.585170269012451, -4.004333972930908, -3.4152238368988037]","[-0.0008532794308848679, -0.005376401823014021, -0.9793844223022461, 0.2019321620464325]","[[-0.9184455046897337, 0.39554760288635316, -0.0004999597233440733], [-0.3955292525940022, -0.9183891494681831, 0.010875737507611321], [0.003842714053262336, 0.010186519266377998, 0.9999407324353007]]","[-0.002515962813049555, -0.23207205533981323, 0.20937174558639526]",[0.0],"[-0.0008532794308848679, -0.005376401823014021, -0.9793844223022461, 0.2019321620464325]",[0.44],"[2.1603941917419434, 0.629115104675293, -16.68673091888428]","[664.066650390625, 658.969970703125, 661.117431640625, 656.0875854492188]"
3.6689579486847,"[-4.111985683441162, -6.946587562561035, -7.418517589569092]","[-4.111985683441162, -6.946587562561035, -7.418517589569092]","[-2.5449469089508057, -3.9926180839538574, -3.5375514030456543]","[-2.5449469089508057, -3.9926180839538574, -3.5375514030456543]","[-0.0033696466125547886, -0.0058501954190433025, -0.9787601232528687, 0.20489786565303802]","[[-0.9160112073128233, 0.4011311466639876, 0.004198766357615166], [-0.4010522942992813, -0.9159654667765282, 0.012832742776627312], [0.008993536577675779, 0.01007100918095745, 0.999908841390531]]","[-0.0024540754966437817, -0.12825928628444672, 0.18839111924171448]",[0.0],"[-0.0033696466125547886, -0.0058501954190433025, -0.9787601232528687, 0.20489786565303802]",[0.44],"[2.0111680030822754, 0.5857944488525391, -15.92637830734253]","[600.3164672851562, 598.889404296875, 669.749267578125, 668.4888305664062]"
3.7009606361389,"[-4.1952714920043945, -7.0781378746032715, -7.536914825439453]","[-4.1952714920043945, -7.0781378746032715, -7.536914825439453]","[-2.5029234886169434, -3.980032444000244, -3.6332356929779053]","[-2.5029234886169434, -3.980032444000244, -3.6332356929779053]","[-0.005757714156061411, -0.00636019604280591, -0.9782018065452576, 0.2074792981147766]","[[-0.9138384528442169, 0.40598648885481503, 0.00862519475639345], [-0.4058400080916511, -0.9138238512014167, 0.014832323501799749], [0.01390363079972845, 0.01005389753441921, 0.9998527932679884]]","[-0.02017800509929657, -0.21320325136184692, 0.13267947733402252]",[0.0],"[-0.005757714156061411, -0.00636019604280591, -0.9782018065452576, 0.2074792981147766]",[0.44],"[2.1011710166931152, 0.6292819976806641, -14.59421449661255]","[576.50390625, 580.3265380859375, 642.3676147460938, 669.8555908203125]"
3.7319574356079,"[-4.269816875457764, -7.197373390197754, -7.64689826965332]","[-4.269816875457764, -7.197373390197754, -7.64689826965332]","[-2.46732759475708, -3.9689056873321533, -3.6953721046447754]","[-2.46732759475708, -3.9689056873321533, -3.6953721046447754]","[-0.011622087098658085, -0.005465182475745678, -0.9778258204460144, 0.2090257853269577]","[[-0.9123464067008289, 0.40890865371689616, 0.020444025587185027], [-0.4086545864099234, -0.9125568160788999, 0.015546624842337015], [0.025013481822976497, 0.0058293613105957764, 0.999670117743956]]","[-0.22344078123569489, -0.6252675652503967, 0.08618683367967606]",[0.0],"[-0.011622087098658085, -0.005465182475745678, -0.9778258204460144, 0.2090257853269577]",[0.44],"[1.779794692993164, 0.556337833404541, -12.916820583343506]","[549.5967407226562, 602.0532836914062, 621.904541015625, 669.857421875]"
3.7629663944244,"[-4.3433837890625, -7.316283226013184, -7.758630752563477]","[-4.3433837890625, -7.316283226013184, -7.758630752563477]","[-2.4387001991271973, -3.9585764408111572, -3.753232955932617]","[-2.4387001991271973, -3.9585764408111572, -3.753232955932617]","[-0.02583324909210205, -0.0053268619813025, -0.977380096912384, 0.20983940362930298]","[[-0.910600458598058, 0.4104609336153745, 0.04826223591965667], [-0.40991049300560556, -0.9118784211982316, 0.021254404925636516], [0.052733378085145166, -0.0004289294075391914, 0.9986085355655552]]","[-0.17785999178886414, -1.1949779987335205, 0.04244339466094971]",[0.0],"[-0.02583324909210205, -0.0053268619813025, -0.977380096912384, 0.20983940362930298]",[0.44],"[1.4313697814941406, 0.5164623260498047, -12.70304256439209]","[565.3927612304688, 609.1054077148438, 636.6763305664062, 669.857421875]"
3.7940421104431,"[-4.4235334396362305, -7.446782112121582, -7.883544445037842]","[-4.4235334396362305, -7.446782112121582, -7.883544445037842]","[-2.421663284301758, -3.9511845111846924, -3.8155524730682373]","[-2.421663284301758, -3.9511845111846924, -3.8155524730682373]","[-0.04787556082010269, -0.007349824998527765, -0.9765182137489319, 0.2099195271730423]","[[-0.9072836834218272, 0.4106842373995475, 0.09041697069155895], [-0.409276729424611, -0.9117597822144878, 0.03445450613885953], [0.09658845784554117, -0.005745554223141214, 0.9953078214973033]]","[-0.14716246724128723, -1.359675407409668, -0.002901093102991581]",[0.0],"[-0.04787556082010269, -0.007349824998527765, -0.9765182137489319, 0.2099195271730423]",[0.44],"[0.8518457412719727, 0.3695964813232422, -12.925975856781006]","[608.0259399414062, 604.4380493164062, 669.151123046875, 663.2854614257812]"
3.8255906105042,"[-4.496115684509277, -7.565271377563477, -7.998544692993164]","[-4.496115684509277, -7.565271377563477, -7.998544692993164]","[-2.4187557697296143, -3.9485301971435547, -3.8448894023895264]","[-2.4187557697296143, -3.9485301971435547, -3.8448894023895264]","[-0.06902969628572464, -0.009892548434436321, -0.9753605723381042, 0.20930588245391846]","[[-0.902852217172484, 0.4096631698358137, 0.13051655099556414], [-0.4069316513801298, -0.9121866900820272, 0.0481942463990076], [0.13879882531471543, -0.009599039587430691, 0.9902740770323459]]","[-0.11193537712097168, -1.5772567987442017, -0.03968796506524086]",[0.0],"[-0.06902969628572464, -0.009892548434436321, -0.9753605723381042, 0.20930588245391846]",[0.44],"[0.14537572860717773, 0.13271570205688477, -11.276846466064454]","[595.6111450195312, 620.7249755859375, 652.7169189453125, 669.7742919921875]"
3.8575892448425,"[-4.576059341430664, -7.695591449737549, -8.125511169433594]","[-4.576059341430664, -7.695591449737549, -8.125511169433594]","[-2.428926944732666, -3.950596570968628, -3.846029281616211]","[-2.428926944732666, -3.950596570968628, -3.846029281616211]","[-0.09756048023700714, -0.014592108316719532, -0.9731636047363281, 0.20789815485477448]","[[-0.8945206624170623, 0.4074850617831065, 0.18381727246553234], [-0.4017906094029082, -0.9131308977749595, 0.06896630511644242], [0.19595196204348034, -0.012164270195635485, 0.9805380461415953]]","[-0.07355701178312302, -1.816983699798584, -0.0761648491024971]",[0.0],"[-0.09756048023700714, -0.014592108316719532, -0.9731636047363281, 0.20789815485477448]",[0.44],"[-0.5085587501525879, -0.10331869125366211, -9.866993961334229]","[622.2097778320312, 612.3587646484375, 669.3190307617188, 659.0518798828125]"
3.8885886669159,"[-4.649195194244385, -7.814194202423096, -8.240455627441406]","[-4.649195194244385, -7.814194202423096, -8.240455627441406]","[-2.4477434158325195, -3.956538677215576, -3.810076951980591]","[-2.4477434158325195, -3.956538677215576, -3.810076951980591]","[-0.12282657623291016, -0.01922295242547989, -0.9706153273582458, 0.20603403449058533]","[[-0.8849272712054139, 0.4046817625310588, 0.23051355011111285], [-0.39523740480501957, -0.9143609630637073, 0.08792909461036214], [0.24635587988328167, -0.013296725565365541, 0.9690882205418977]]","[-0.026084192097187042, -1.6276280879974365, -0.10588226467370987]",[0.0],"[-0.12282657623291016, -0.01922295242547989, -0.9706153273582458, 0.20603403449058533]",[0.44],"[-0.9408235549926758, -0.2971053123474121, -8.012383518218995]","[621.9968872070312, 615.9513549804688, 669.85302734375, 653.718017578125]"
3.9195880889893,"[-4.730400085449219, -7.944912433624268, -8.36501407623291]","[-4.730400085449219, -7.944912433624268, -8.36501407623291]","[-2.4737627506256104, -3.9658374786376953, -3.7302417755126953]","[-2.4737627506256104, -3.9658374786376953, -3.7302417755126953]","[-0.14752645790576935, -0.02516978606581688, -0.9675478935241699, 0.2036013901233673]","[[-0.8735648887873149, 0.40141461103398546, 0.27522862030740236], [-0.38656177349584164, -0.9158259640905624, 0.10877913079605239], [0.29572703403583467, -0.01136723684231189, 0.9552048521743566]]","[0.07459752261638641, -1.4325551986694336, -0.13472433388233185]",[0.0],"[-0.14752645790576935, -0.02516978606581688, -0.9675478935241699, 0.2036013901233673]",[0.44],"[-1.300966739654541, -0.46494007110595703, -5.818241176605225]","[624.5009765625, 614.1412353515625, 669.857421875, 644.1497802734375]"
3.9505932331085,"[-4.804994106292725, -8.06403923034668, -8.475434303283691]","[-4.804994106292725, -8.06403923034668, -8.475434303283691]","[-2.500174045562744, -3.976485013961792, -3.6297647953033447]","[-2.500174045562744, -3.976485013961792, -3.6297647953033447]","[-0.16694636642932892, -0.03213305398821831, -0.9646649956703186, 0.20129065215587616]","[[-0.8632221740604511, 0.3990850853920688, 0.3091584649113511], [-0.37762709896962676, -0.9168992862711431, 0.12920475072006443], [0.3350307984835449, -0.005214221174389522, 0.942192755154869]]","[0.24580368399620056, -1.3980895280838013, -0.15784239768981934]",[0.0],"[-0.16694636642932892, -0.03213305398821831, -0.9646649956703186, 0.20129065215587616]",[0.44],"[-1.3205647468566895, -0.532376766204834, -4.786150989532471]","[627.8239135742188, 640.5986938476562, 667.6466674804688, 669.2160034179688]"
3.9816212654114,"[-4.8804192543029785, -8.183525085449219, -8.582571983337402]","[-4.8804192543029785, -8.183525085449219, -8.582571983337402]","[-2.527182102203369, -3.9889628887176514, -3.506272554397583]","[-2.527182102203369, -3.9889628887176514, -3.506272554397583]","[-0.186112642288208, -0.04053883254528046, -0.9613518118858337, 0.19879984855651855]","[[-0.8516814063206195, 0.3973227677054396, 0.341721224215938], [-0.36714361074431423, -0.9176704436713479, 0.15194249044098207], [0.37395767929857726, 0.0039458300355850184, 0.9274373748727345]]","[0.269303560256958, -1.3184813261032104, -0.17840850353240967]",[0.0],"[-0.186112642288208, -0.04053883254528046, -0.9613518118858337, 0.19879984855651855]",[0.44],"[-1.35040283203125, -0.6238937377929688, -3.6353879547119146]","[641.0510864257812, 619.8743286132812, 669.8544921875, 651.216796875]"
4.0126225948334,"[-4.964240550994873, -8.315382957458496, -8.695545196533203]","[-4.964240550994873, -8.315382957458496, -8.695545196533203]","[-2.5527830123901367, -4.002561092376709, -3.337587356567383]","[-2.5527830123901367, -4.002561092376709, -3.337587356567383]","[-0.20347629487514496, -0.048803407698869705, -0.9580692648887634, 0.19575235247612]","[[-0.8405569778550352, 0.39494929802577905, 0.3707820047748289], [-0.3552279517223905, -0.918598637801225, 0.17317601666611404], [0.40899553223844864, 0.013852163086376823, 0.912431249641722]]","[0.20722544193267822, -1.0040112733840942, -0.19852344691753387]",[0.0],"[-0.20347629487514496, -0.048803407698869705, -0.9580692648887634, 0.19575235247612]",[0.44],"[-1.280045509338379, -0.6799101829528809, -1.3757401084899907]","[647.3281860351562, 625.5742797851562, 669.857421875, 658.1407470703125]"
4.0445957183838,"[-5.04118537902832, -8.43566608428955, -8.79323959350586]","[-5.04118537902832, -8.43566608428955, -8.79323959350586]","[-2.576648235321045, -4.0162224769592285, -3.1732027530670166]","[-2.576648235321045, -4.0162224769592285, -3.1732027530670166]","[-0.21594356000423431, -0.0546143613755703, -0.9556593894958496, 0.19261573255062103]","[[-0.8325351944000827, 0.3917373059988415, 0.39169781099013423], [-0.3445628275076479, -0.9198329796777647, 0.1875737084993756], [0.4337761518866935, 0.021197200500157276, 0.9007713008484726]]","[0.1496039777994156, -0.8357861042022705, -0.21540068089962006]",[0.0],"[-0.21594356000423431, -0.0546143613755703, -0.9556593894958496, 0.19261573255062103]",[0.44],"[-1.1932611465454102, -0.6830692291259766, -1.59076982498169]","[646.980224609375, 634.409912109375, 669.857421875, 660.4459228515625]"
4.0761952400208,"[-5.126631736755371, -8.568453788757324, -8.894798278808594]","[-5.126631736755371, -8.568453788757324, -8.894798278808594]","[-2.601814031600952, -4.031436920166016, -2.9803578853607178]","[-2.601814031600952, -4.031436920166016, -2.9803578853607178]","[-0.22709093987941742, -0.059894777834415436, -0.9535040259361267, 0.18887144327163696]","[[-0.8255146237764714, 0.3873824858723178, 0.41043942458924665], [-0.33297624030317263, -0.921480444903438, 0.20000181073320622], [0.455689077125327, 0.02843783645745379, 0.8896846412256977]]","[0.11672883480787277, -0.6634647846221924, -0.23209638893604279]",[0.0],"[-0.22709093987941742, -0.059894777834415436, -0.9535040259361267, 0.18887144327163696]",[0.44],"[-1.2582898139953613, -0.7607221603393555, -0.1677566146850591]","[649.5352783203125, 638.4646606445312, 669.857421875, 661.476318359375]"
4.107191324234,"[-5.205041885375977, -8.689618110656738, -8.981526374816895]","[-5.205041885375977, -8.689618110656738, -8.981526374816895]","[-2.6256978511810303, -4.04622745513916, -2.8011364936828613]","[-2.6256978511810303, -4.04622745513916, -2.8011364936828613]","[-0.23518027365207672, -0.06381510198116302, -0.9520004391670227, 0.18523800373077393]","[[-0.8207544068301407, 0.38270942809836894, 0.42414148340266244], [-0.32267721551010853, -0.9232291945785396, 0.20863265903944672], [0.471425411798128, 0.03437536140677544, 0.8812357432881361]]","[0.07424789667129517, -0.5439244508743286, -0.24577409029006958]",[0.0],"[-0.23518027365207672, -0.06381510198116302, -0.9520004391670227, 0.18523800373077393]",[0.44],"[-1.1941909790039062, -0.7395267486572266, -0.8489304161071782]","[653.1214599609375, 643.3768310546875, 669.857421875, 665.0425415039062]"
4.1381990909576,"[-5.284186363220215, -8.811239242553711, -9.062849998474121]","[-5.284186363220215, -8.811239242553711, -9.062849998474121]","[-2.6506810188293457, -4.061859130859375, -2.61999773979187]","[-2.6506810188293457, -4.061859130859375, -2.61999773979187]","[-0.2418217808008194, -0.0668545663356781, -0.9508753418922424, 0.1813528686761856]","[[-0.817266897717241, 0.37722172258313424, 0.43563620221378496], [-0.3125541614392935, -0.925283378976737, 0.21485086455621571], [0.48413327177009524, 0.039430569929766346, 0.8741053865807777]]","[0.03749670088291168, -0.4452792704105377, -0.2581019103527069]",[0.0],"[-0.2418217808008194, -0.0668545663356781, -0.9508753418922424, 0.1813528686761856]",[0.44],"[-1.2491583824157715, -0.7815837860107422, -0.75306230545044]","[654.14990234375, 645.9697265625, 669.857421875, 665.3101806640625]"
4.1691992282867,"[-5.372140407562256, -8.94558334350586, -9.146026611328125]","[-5.372140407562256, -8.94558334350586, -9.146026611328125]","[-2.680199384689331, -4.0802531242370605, -2.4212300777435303]","[-2.680199384689331, -4.0802531242370605, -2.4212300777435303]","[-0.24774308502674103, -0.06937793642282486, -0.9500219225883484, 0.1768288016319275]","[[-0.8147099029215026, 0.3703582841950743, 0.446186689175458], [-0.3016066681863554, -0.9278365791540577, 0.21943734676699922], [0.4952587586048347, 0.04420489541549788, 0.8676201315182869]]","[-0.0023483652621507645, -0.35820358991622925, -0.27021878957748413]",[0.0],"[-0.24774308502674103, -0.06937793642282486, -0.9500219225883484, 0.1768288016319275]",[0.44],"[-1.4759182929992676, -0.9196996688842773, 0.1283831024169917]","[656.2526245117188, 649.5043334960938, 669.857421875, 666.8024291992188]"
4.2002153396606,"[-5.452977180480957, -9.068257331848145, -9.215974807739258]","[-5.452977180480957, -9.068257331848145, -9.215974807739258]","[-2.709174871444702, -4.098090171813965, -2.2422709465026855]","[-2.709174871444702, -4.098090171813965, -2.2422709465026855]","[-0.2521350085735321, -0.07102017104625702, -0.9495407342910767, 0.172500878572464]","[[-0.8133429415469533, 0.3634065646823901, 0.45432283855910516], [-0.29177987893982316, -0.9303993372528243, 0.22186011172510156], [0.5033270061664892, 0.04788606973386145, 0.8627681455123706]]","[-0.030889110639691353, -0.2948939800262451, -0.28002625703811646]",[0.0],"[-0.2521350085735321, -0.07102017104625702, -0.9495407342910767, 0.172500878572464]",[0.44],"[-1.4487743377685547, -0.8918523788452148, -0.8620434379577642]","[657.7244873046875, 652.3480224609375, 669.857421875, 667.4053344726562]"
4.2311942577362,"[-5.542945861816406, -9.203837394714355, -9.286766052246094]","[-5.542945861816406, -9.203837394714355, -9.286766052246094]","[-2.7438361644744873, -4.119030952453613, -2.048748254776001]","[-2.7438361644744873, -4.119030952453613, -2.048748254776001]","[-0.25608888268470764, -0.07224632054567337, -0.94927978515625, 0.16753174364566803]","[[-0.8127032826773686, 0.35507195424286886, 0.46199289496568574], [-0.28106603621637793, -0.9334272526819962, 0.22296997738073276], [0.5104071031776878, 0.051357909202972785, 0.8583979066658197]]","[-0.0596826896071434, -0.23887969553470612, -0.28961172699928284]",[0.0],"[-0.25608888268470764, -0.07224632054567337, -0.94927978515625, 0.16753174364566803]",[0.44],"[-1.7330646514892578, -1.0470390319824219, -0.13386541366577198]","[658.9555053710938, 654.4244384765625, 669.857421875, 667.9927978515625]"
4.2611856460571,"[-5.617439270019531, -9.315296173095703, -9.339981079101562]","[-5.617439270019531, -9.315296173095703, -9.339981079101562]","[-2.778033494949341, -4.139244079589844, -1.8765112161636353]","[-2.778033494949341, -4.139244079589844, -1.8765112161636353]","[-0.25904586911201477, -0.07291316986083984, -0.9492427110671997, 0.16284121572971344]","[[-0.8127561097067257, 0.34692738509813026, 0.4680482677276032], [-0.2713759632728774, -0.9363329736364125, 0.22279127857433512], [0.5155413446189883, 0.05405790155049228, 0.8551578147136905]]","[-0.08132234215736389, -0.19818121194839478, -0.2973368167877197]",[0.0],"[-0.25904586911201477, -0.07291316986083984, -0.9492427110671997, 0.16284121572971344]",[0.44],"[-1.7098665237426758, -1.0106563568115234, -1.1981480693817144]","[660.2135009765625, 656.5970458984375, 669.857421875, 668.4434814453125]"
4.2929883003235,"[-5.709657669067383, -9.452207565307617, -9.399397850036621]","[-5.709657669067383, -9.452207565307617, -9.399397850036621]","[-2.814922332763672, -4.160550594329834, -1.7083081007003784]","[-2.814922332763672, -4.160550594329834, -1.7083081007003784]","[-0.2615140378475189, -0.07322512567043304, -0.949359655380249, 0.1580025851726532]","[[-0.8132913485863118, 0.3383013561893309, 0.47340223538499426], [-0.26170376304546306, -0.9393466945100375, 0.2216737482210096], [0.5196812720070776, 0.05639417206562136, 0.8524969779584715]]","[-0.1006263718008995, -0.1651955246925354, -0.30421608686447144]",[0.0],"[-0.2615140378475189, -0.07322512567043304, -0.949359655380249, 0.1580025851726532]",[0.44],"[-1.8444418907165527, -1.0653257369995117, -1.3998442268371587]","[661.3732299804688, 658.4641723632812, 669.857421875, 668.8390502929688]"
4.3249816894531,"[-5.803264141082764, -9.589912414550781, -9.452788352966309]","[-5.803264141082764, -9.589912414550781, -9.452788352966309]","[-2.858640670776367, -4.185163974761963, -1.5282410383224487]","[-2.858640670776367, -4.185163974761963, -1.5282410383224487]","[-0.26377537846565247, -0.07322249561548233, -0.9496299624443054, 0.15252532064914703]","[[-0.8143171988722644, 0.32831381202605714, 0.4786414362471756], [-0.2510566460533634, -0.9427490317133422, 0.21953339988246512], [0.5233145747371044, 0.058603703163170096, 0.850122031702285]]","[-0.11859903484582901, -0.13618828356266022, -0.31090834736824036]",[0.0],"[-0.26377537846565247, -0.07322249561548233, -0.9496299624443054, 0.15252532064914703]",[0.44],"[-2.1859169006347656, -1.2306690216064453, -0.8066468811035161]","[662.396728515625, 660.0598754882812, 669.857421875, 669.1378784179688]"
4.356011390686,"[-5.889657497406006, -9.715818405151367, -9.496240615844727]","[-5.889657497406006, -9.715818405151367, -9.496240615844727]","[-2.901242256164551, -4.208521842956543, -1.3692244291305542]","[-2.901242256164551, -4.208521842956543, -1.3692244291305542]","[-0.26549917459487915, -0.07295604050159454, -0.94997638463974, 0.1474195122718811]","[[-0.815555430437723, 0.31882964765655863, 0.48292560419689146], [-0.24135057351702294, -0.9458898861675067, 0.21689254884139864], [0.5259461798290221, 0.06033351353194227, 0.8483752088875351]]","[-0.13282623887062073, -0.11510993540287018, -0.3162824809551239]",[0.0],"[-0.26549917459487915, -0.07295604050159454, -0.94997638463974, 0.1474195122718811]",[0.44],"[-2.1300792694091797, -1.167893409729004, -1.859169540405274]","[663.0635986328125, 661.0762329101562, 669.857421875, 669.3096313476562]"
4.3869881629944,"[-5.97736930847168, -9.842436790466309, -9.534988403320312]","[-5.97736930847168, -9.842436790466309, -9.534988403320312]","[-2.9465203285217285, -4.2327117919921875, -1.214712142944336]","[-2.9465203285217285, -4.2327117919921875, -1.214712142944336]","[-0.2669685184955597, -0.07247740775346756, -0.9503960013389587, 0.14220526814460754]","[[-0.8170110679914888, 0.3090010087726225, 0.48683828651511574], [-0.23160426408325518, -0.9490494984575921, 0.213693136550277], [0.5280649633311474, 0.06183581751495826, 0.8469496709952472]]","[-0.1450832635164261, -0.09810610115528107, -0.3210548758506775]",[0.0],"[-0.2669685184955597, -0.07247740775346756, -0.9503960013389587, 0.14220526814460754]",[0.44],"[-2.2639036178588867, -1.2094974517822266, -2.0843856906890874]","[663.958251953125, 662.4031372070312, 669.857421875, 669.5130004882812]"
4.4179809093475,"[-6.075453758239746, -9.982563018798828, -9.572315216064453]","[-6.075453758239746, -9.982563018798828, -9.572315216064453]","[-2.9971723556518555, -4.259235858917236, -1.046187162399292]","[-2.9971723556518555, -4.259235858917236, -1.046187162399292]","[-0.2682957649230957, -0.07210780680179596, -0.9508925080299377, 0.1364598274230957]","[[-0.8187921952584607, 0.2982096934529892, 0.49056122785900413], [-0.2208248167217306, -0.9523583586062685, 0.21035673407610211], [0.5299205033471281, 0.06391035895708974, 0.8456356934451317]]","[-0.048075102269649506, -0.08346890658140182, -0.32564568519592285]",[0.0],"[-0.2682957649230957, -0.07210780680179596, -0.9508925080299377, 0.1364598274230957]",[0.44],"[-2.5326013565063477, -1.3262033462524414, -1.3837509727478032]","[650.3438110351562, 663.569580078125, 669.857421875, 655.3174438476562]"
4.4499814510345,"[-6.166080474853516, -10.110711097717285, -9.601439476013184]","[-6.166080474853516, -10.110711097717285, -9.601439476013184]","[-3.045640707015991, -4.284358978271484, -0.8974206447601318]","[-3.045640707015991, -4.284358978271484, -0.8974206447601318]","[-0.2690189480781555, -0.07384756952524185, -0.9512152671813965, 0.1317761093378067]","[[-0.8205278960875217, 0.29042768504739147, 0.49232717035386275], [-0.2109621031601554, -0.9543633578881057, 0.2113904117850769], [0.531252551938221, 0.06958933052152183, 0.8443506841002745]]","[0.026067620143294334, -0.07337959855794907, -0.3292894661426544]",[0.0],"[-0.2690189480781555, -0.07384756952524185, -0.9512152671813965, 0.1317761093378067]",[0.44],"[-2.423417568206787, -1.2561559677124023, -2.3716741180419927]","[665.4349365234375, 659.4893798828125, 665.1832275390625, 669.717041015625]"
4.4801554679871,"[-6.258223533630371, -10.239645004272461, -9.626213073730469]","[-6.258223533630371, -10.239645004272461, -9.626213073730469]","[-3.097565174102783, -4.311394214630127, -0.7551188468933105]","[-3.097565174102783, -4.311394214630127, -0.7551188468933105]","[-0.2696491777896881, -0.07516086846590042, -0.9515926241874695, 0.12693175673484802]","[[-0.8223553571130857, 0.28210877973565696, 0.4941117352615785], [-0.20104051420050117, -0.9564784029812987, 0.21149914379725576], [0.5322729395499528, 0.07459096844144586, 0.8432803295375936]]","[-0.018694378435611725, -0.06431894749403, -0.33254775404930115]",[0.0],"[-0.2696491777896881, -0.07516086846590042, -0.9515926241874695, 0.12693175673484802]",[0.44],"[-2.5962233543395996, -1.351761817932129, -2.694910106658936]","[661.7409057617188, 664.5136108398438, 669.550048828125, 665.7699584960938]"
4.5111539363861,"[-6.361392021179199, -10.382421493530273, -9.648566246032715]","[-6.361392021179199, -10.382421493530273, -9.648566246032715]","[-3.1555066108703613, -4.3419189453125, -0.6006675958633423]","[-3.1555066108703613, -4.3419189453125, -0.6006675958633423]","[-0.2700780928134918, -0.07762493193149567, -0.9519376158714294, 0.12184851616621017]","[[-0.824421709136701, 0.2739139590951378, 0.49527802599724446], [-0.19005478481179594, -0.9582548014575085, 0.2136054149867479], [0.5331119570906677, 0.08197095555345202, 0.8420643874497151]]","[0.12155311554670334, -0.05831179767847061, -0.3356817364692688]",[0.0],"[-0.2700780928134918, -0.07762493193149567, -0.9519376158714294, 0.12184851616621017]",[0.44],"[-2.8970718383789062, -1.5262365341186523, -2.0874374485015874]","[661.720703125, 665.5048828125, 669.8570556640625, 665.31884765625]"
4.5426979064941,"[-6.456895351409912, -10.513129234313965, -9.664569854736328]","[-6.456895351409912, -10.513129234313965, -9.664569854736328]","[-3.2113661766052246, -4.372013568878174, -0.4665391743183136]","[-3.2113661766052246, -4.372013568878174, -0.4665391743183136]","[-0.2702382206916809, -0.0809803158044815, -0.952158510684967, 0.11750590056180954]","[[-0.8263272820352161, 0.2675364394593638, 0.495587913615122], [-0.18000053364314983, -0.9592690507848403, 0.21772136475958082], [0.5336505733606633, 0.09070302280519282, 0.8408269850592016]]","[0.09839437901973724, -0.053590722382068634, -0.3381972312927246]",[0.0],"[-0.2702382206916809, -0.0809803158044815, -0.952158510684967, 0.11750590056180954]",[0.44],"[-2.792978286743164, -1.5047311782836914, -3.103578922748566]","[666.7307739257812, 659.0971069335938, 662.97802734375, 669.8240966796875]"
4.5736904144287,"[-6.56390905380249, -10.65798282623291, -9.677584648132324]","[-6.56390905380249, -10.65798282623291, -9.677584648132324]","[-3.2750933170318604, -4.407240390777588, -0.3238523602485657]","[-3.2750933170318604, -4.407240390777588, -0.3238523602485657]","[-0.2704941928386688, -0.08334957808256149, -0.9525075554847717, 0.11231701821088791]","[[-0.8284355908442329, 0.259056770604555, 0.496572372628436], [-0.16887446321701072, -0.9608755032300369, 0.2195444081062159], [0.5340186769459115, 0.09802000337421513, 0.8397714789480321]]","[0.024864085018634796, -0.049782607704401016, -0.34065625071525574]",[0.0],"[-0.2704941928386688, -0.08334957808256149, -0.9525075554847717, 0.11231701821088791]",[0.44],"[-3.186357021331787, -1.7613410949707031, -2.6756592965126043]","[666.9481811523438, 666.183837890625, 669.4205932617188, 669.857421875]"
4.6037406921387,"[-6.6630682945251465, -10.7907075881958, -9.685423851013184]","[-6.6630682945251465, -10.7907075881958, -9.685423851013184]","[-3.3356471061706543, -4.44105339050293, -0.1993427276611328]","[-3.3356471061706543, -4.44105339050293, -0.1993427276611328]","[-0.27073225378990173, -0.08507021516561508, -0.9528498649597168, 0.10744447261095047]","[[-0.830319613324149, 0.250819404600382, 0.4976537341211561], [-0.1586944002716666, -0.9624376367918206, 0.22029565451976074], [0.5342150317346345, 0.10394091761084079, 0.8389342104990324]]","[0.01265248004347086, -0.04814520850777626, -0.34264108538627625]",[0.0],"[-0.27073225378990173, -0.08507021516561508, -0.9528498649597168, 0.10744447261095047]",[0.44],"[-3.0276894569396973, -1.6906499862670898, -3.5845183706283574]","[667.0112915039062, 666.7696533203125, 669.635498046875, 669.6618041992188]"
4.6350045204163,"[-6.764064311981201, -10.92446517944336, -9.689570426940918]","[-6.764064311981201, -10.92446517944336, -9.689570426940918]","[-3.3974273204803467, -4.475922584533691, -0.07759742438793182]","[-3.3974273204803467, -4.475922584533691, -0.07759742438793182]","[-0.2709420621395111, -0.08678914606571198, -0.9531753063201904, 0.10254266113042831]","[[-0.8321510409068087, 0.24251192528050947, 0.49871138616007404], [-0.1484526044550245, -0.9639055312299991, 0.2210167819008082], [0.5343097461393362, 0.10988430164500285, 0.8381160861775476]]","[0.012559926137328148, -0.047127798199653625, -0.3444002568721771]",[0.0],"[-0.2709420621395111, -0.08678914606571198, -0.9531753063201904, 0.10254266113042831]",[0.44],"[-3.089010715484619, -1.743459701538086, -3.722734836339951]","[667.4569091796875, 664.649658203125, 667.1190795898438, 669.8120727539062]"
4.6662840843201,"[-6.877307415008545, -11.072815895080566, -9.689940452575684]","[-6.877307415008545, -11.072815895080566, -9.689940452575684]","[-3.466078996658325, -4.515108585357666, 0.05439130961894989]","[-3.466078996658325, -4.515108585357666, 0.05439130961894989]","[-0.2712176740169525, -0.08804326504468918, -0.9535681009292603, 0.09693925082683563]","[[-0.8340874792591304, 0.23263413374945907, 0.5001793483940318], [-0.13711857551634443, -0.9657022996180036, 0.22049377435695217], [0.5343187410091546, 0.11532722183615096, 0.8373787135622094]]","[-0.05234662443399429, -0.04652639105916023, -0.3461061716079712]",[0.0],"[-0.2712176740169525, -0.08804326504468918, -0.9535681009292603, 0.09693925082683563]",[0.44],"[-3.432583808898926, -1.9593000411987305, -3.210563299655915]","[667.7278442382812, 666.3756713867188, 668.4775390625, 669.857421875]"
4.697357416153,"[-6.982258319854736, -11.208821296691895, -9.686566352844238]","[-6.982258319854736, -11.208821296691895, -9.686566352844238]","[-3.5306334495544434, -4.551836013793945, 0.1702023148536682]","[-3.5306334495544434, -4.551836013793945, 0.1702023148536682]","[-0.27151060104370117, -0.08864720910787582, -0.9539501070976257, 0.09166727215051651]","[[-0.835758269028374, 0.2230293222221169, 0.5017630382022081], [-0.1267546941192128, -0.9674776266213669, 0.21890730155997407], [0.5342672295729097, 0.119352756929481, 0.8368473316765453]]","[-0.07266203314065933, -0.046752676367759705, -0.34748271107673645]",[0.0],"[-0.27151060104370117, -0.08864720910787582, -0.9539501070976257, 0.09166727215051651]",[0.44],"[-3.227722644805908, -1.8363714218139648, -4.019449738264084]","[667.8655395507812, 666.4159545898438, 668.2645874023438, 669.857421875]"
4.7283580303192,"[-7.089091777801514, -11.345907211303711, -9.679633140563965]","[-7.089091777801514, -11.345907211303711, -9.679633140563965]","[-3.590355157852173, -4.586426258087158, 0.29357147216796875]","[-3.590355157852173, -4.586426258087158, 0.29357147216796875]","[-0.2718335688114166, -0.08885229378938675, -0.9543492197990417, 0.08619386702775955]","[[-0.8373543268853503, 0.2128241717345083, 0.5035312630287415], [-0.11621202726311042, -0.9693518449275818, 0.21645300747813812], [0.5341653542127168, 0.12273146154288783, 0.8364235615112267]]","[-0.10503257811069489, -0.04711891710758209, -0.359732449054718]",[0.0],"[-0.2718335688114166, -0.08885229378938675, -0.9543492197990417, 0.08619386702775955]",[0.44],"[-2.9860854148864746, -1.7295122146606445, -3.6415421342849736]","[646.200439453125, 644.9612426757812, 668.4666137695312, 669.857421875]"
4.7596452236176,"[-7.20866060256958, -11.497886657714844, -9.667713165283203]","[-7.20866060256958, -11.497886657714844, -9.667713165283203]","[-3.656536102294922, -4.624442100524902, 0.4279584288597107]","[-3.656536102294922, -4.624442100524902, 0.4279584288597107]","[-0.272201806306839, -0.088748037815094, -0.9548094272613525, 0.07980633527040482]","[[-0.8390745132063628, 0.20071443494163788, 0.5056363902377532], [-0.10408493014381293, -0.9715097314877159, 0.21292178354426428], [0.533967012879601, 0.12602806908293074, 0.8360599248545295]]","[-0.12740889191627502, -0.04823479428887367, -0.3762240409851074]",[0.0],"[-0.272201806306839, -0.088748037815094, -0.9548094272613525, 0.07980633527040482]",[0.44],"[-3.309047222137451, -1.900792121887207, -3.0906521654129033]","[648.658935546875, 647.4804077148438, 668.3561401367188, 669.857421875]"
4.7906377315521,"[-7.3192925453186035, -11.6371488571167, -9.653097152709961]","[-7.3192925453186035, -11.6371488571167, -9.653097152709961]","[-3.7191715240478516, -4.659669876098633, 0.545647919178009]","[-3.7191715240478516, -4.659669876098633, 0.545647919178009]","[-0.27255433797836304, -0.08837736397981644, -0.9552350044250488, 0.07368625700473785]","[[-0.8405689442858879, 0.1889506519355555, 0.5076824941784197], [-0.0926001162083887, -0.9735195616594936, 0.2090093213367279], [0.5337312828008918, 0.12867528535260853, 0.8358071487703106]]","[-0.14938707649707794, -0.04973074048757553, -0.3895496726036072]",[0.0],"[-0.27255433797836304, -0.08837736397981644, -0.9552350044250488, 0.07368625700473785]",[0.44],"[-3.1317710876464844, -1.7613887786865234, -3.9255254840850835]","[651.3267822265625, 650.5791015625, 668.6793212890625, 669.857421875]"
4.8218922615051,"[-7.431839466094971, -11.77747631072998, -9.635013580322266]","[-7.431839466094971, -11.77747631072998, -9.635013580322266]","[-3.7841291427612305, -4.695330619812012, 0.6592240333557129]","[-3.7841291427612305, -4.695330619812012, 0.6592240333557129]","[-0.27292418479919434, -0.08778445422649384, -0.9556550979614258, 0.06730293482542038]","[[-0.8419655533270114, 0.17655378676297317, 0.509826474317651], [-0.0807197843317411, -0.9755285538159342, 0.20452051965026286], [0.5334590799236143, 0.1310461251629782, 0.8356125578957037]]","[-0.16680240631103516, -0.05155417323112488, -0.4014444649219513]",[0.0],"[-0.27292418479919434, -0.08778445422649384, -0.9556550979614258, 0.06730293482542038]",[0.44],"[-3.2478809356689453, -1.7830371856689453, -4.131194291114808]","[652.9229736328125, 652.1798095703125, 668.6187133789062, 669.857421875]"
4.8528802394867,"[-7.5579304695129395, -11.933075904846191, -9.611255645751953]","[-7.5579304695129395, -11.933075904846191, -9.611255645751953]","[-3.8580129146575928, -4.734747409820557, 0.7799336910247803]","[-3.8580129146575928, -4.734747409820557, 0.7799336910247803]","[-0.27335265278816223, -0.08689596503973007, -0.9560996294021606, 0.06000752002000809]","[[-0.8433548201662697, 0.16225282042534017, 0.5122759173301598], [-0.0672398501845497, -0.977696348258549, 0.198968829511474], [0.5331335627772779, 0.13335597037264213, 0.8354548369469769]]","[-0.1849762350320816, -0.053797151893377304, -0.41304612159729004]",[0.0],"[-0.27335265278816223, -0.08689596503973007, -0.9560996294021606, 0.06000752002000809]",[0.44],"[-3.6941885948181152, -1.970839500427246, -3.7745171165466314]","[654.9033203125, 654.3698120117188, 668.7643432617188, 669.857421875]"
4.8849132061005,"[-7.674708366394043, -12.075658798217773, -9.586256980895996]","[-7.674708366394043, -12.075658798217773, -9.586256980895996]","[-3.9272964000701904, -4.770532131195068, 0.8860805630683899]","[-3.9272964000701904, -4.770532131195068, 0.8860805630683899]","[-0.2737612724304199, -0.08590157330036163, -0.9564780592918396, 0.05315481498837471]","[[-0.8444587164043225, 0.14871587658515883, 0.5145611366550432], [-0.054649780543230886, -0.9795910243788128, 0.19342939981493323], [0.5328254655990073, 0.13522248066684917, 0.8353513708436]]","[-0.19908541440963745, -0.0559714138507843, -0.42239075899124146]",[0.0],"[-0.2737612724304199, -0.08590157330036163, -0.9564780592918396, 0.05315481498837471]",[0.44],"[-3.464174270629883, -1.789236068725586, -4.5026563978195195]","[656.6577758789062, 656.21728515625, 668.8070678710938, 669.857421875]"
4.9158821105957,"[-7.805599212646484, -12.233735084533691, -9.555139541625977]","[-7.805599212646484, -12.233735084533691, -9.555139541625977]","[-4.005695343017578, -4.809587001800537, 0.9992287755012512]","[-4.005695343017578, -4.809587001800537, 0.9992287755012512]","[-0.2742309272289276, -0.0846223458647728, -0.9568569660186768, 0.04540067911148071]","[[-0.8454723896762486, 0.1332960408811652, 0.5171157220929858], [-0.04047178339803059, -0.981555709734609, 0.18684350290222795], [0.532483369974055, 0.1370424215839705, 0.8352729142630108]]","[-0.21308928728103638, -0.058413080871105194, -0.43149372935295105]",[0.0],"[-0.2742309272289276, -0.0846223458647728, -0.9568569660186768, 0.04540067911148071]",[0.44],"[-3.9199471473693848, -1.9527435302734375, -4.152589378356934]","[658.2102661132812, 657.908935546875, 668.9102172851562, 669.857421875]"
4.9461081027985,"[-7.926865577697754, -12.378555297851562, -9.52365779876709]","[-7.926865577697754, -12.378555297851562, -9.52365779876709]","[-4.078822612762451, -4.844590187072754, 1.099107265472412]","[-4.078822612762451, -4.844590187072754, 1.099107265472412]","[-0.27467411756515503, -0.08331514894962311, -0.9571599364280701, 0.038178373128175735]","[[-0.84619311589497, 0.11885464842767801, 0.5194524481265436], [-0.02731658835748929, -0.9832020295263675, 0.18046506724234268], [0.5321757955018566, 0.1385186234461231, 0.835225430190611]]","[-0.21926696598529816, -0.06063183769583702, -0.43881529569625854]",[0.0],"[-0.27467411756515503, -0.08331514894962311, -0.9571599364280701, 0.038178373128175735]",[0.44],"[-3.6563634872436523, -1.7501592636108398, -4.816075501441956]","[658.1535034179688, 659.5321655273438, 669.3592529296875, 668.671142578125]"
4.9770977497101,"[-8.050337791442871, -12.524409294128418, -9.4891996383667]","[-8.050337791442871, -12.524409294128418, -9.4891996383667]","[-4.152835845947266, -4.878730773925781, 1.1976275444030762]","[-4.152835845947266, -4.878730773925781, 1.1976275444030762]","[-0.2751096487045288, -0.08252710103988647, -0.9573626518249512, 0.03099628910422325]","[[-0.8467079390307006, 0.10475738261847667, 0.5216433378872654], [-0.01394137551573138, -0.9844571318392639, 0.17507148501115655], [0.5318754734183284, 0.14096197218472906, 0.8350079175672462]]","[-0.13179440796375275, -0.06322700530290604, -0.44425833225250244]",[0.0],"[-0.2751096487045288, -0.08252710103988647, -0.9573626518249512, 0.03099628910422325]",[0.44],"[-3.7006616592407227, -1.7070293426513672, -4.883986053466797]","[660.6822509765625, 666.955322265625, 669.8568115234375, 664.2584838867188]"
5.0090906620026,"[-8.188780784606934, -12.686037063598633, -9.44797420501709]","[-8.188780784606934, -12.686037063598633, -9.44797420501709]","[-4.237323760986328, -4.91640567779541, 1.3012133836746216]","[-4.237323760986328, -4.91640567779541, 1.3012133836746216]","[-0.2755785286426544, -0.08265925198793411, -0.9574342370033264, 0.02331533096730709]","[[-0.8470257402506931, 0.09020402231340197, 0.5238421809757409], [0.0009124378527471944, -0.9852476872699842, 0.1711320049222408], [0.5315510922461758, 0.14543118651109277, 0.8344478452238898]]","[-0.1361711174249649, -0.06580565869808197, -0.44789016246795654]",[0.0],"[-0.2755785286426544, -0.08265925198793411, -0.9574342370033264, 0.02331533096730709]",[0.44],"[-4.224395751953125, -1.8837451934814453, -4.63070803642273]","[661.7666015625, 662.1318359375, 669.17724609375, 669.247802734375]"
5.0391240119934,"[-8.317035675048828, -12.834030151367188, -9.407489776611328]","[-8.317035675048828, -12.834030151367188, -9.407489776611328]","[-4.311668395996094, -4.949178218841553, 1.3994741439819336]","[-4.311668395996094, -4.949178218841553, 1.3994741439819336]","[-0.2760047912597656, -0.08340226858854294, -0.957389771938324, 0.016442906111478806]","[[-0.8471022276356628, 0.07752339172888734, 0.525745576972372], [0.014554311200599468, -0.9855476404209256, 0.1687735995442532], [0.5312310796599149, 0.15062031606824267, 0.8337308335918755]]","[0.051083095371723175, -0.06841540336608887, -0.4504741430282593]",[0.0],"[-0.2760047912597656, -0.08340226858854294, -0.957389771938324, 0.016442906111478806]",[0.44],"[-3.7172317504882812, -1.638627052307129, -4.8969619846344]","[648.1370849609375, 668.759033203125, 667.8184204101562, 647.73876953125]"
5.0697481632233,"[-8.447394371032715, -12.982967376708984, -9.363853454589844]","[-8.447394371032715, -12.982967376708984, -9.363853454589844]","[-4.374142169952393, -4.978362560272217, 1.51673424243927]","[-4.374142169952393, -4.978362560272217, 1.51673424243927]","[-0.2763163149356842, -0.08742024004459381, -0.9570234417915344, 0.010640602558851242]","[[-0.8470723330159378, 0.06867788932704544, 0.5270219734259763], [0.027944664992614943, -0.9844891480763014, 0.17320678219495256], [0.5307427895456319, 0.1614460938439246, 0.8320139914618188]]","[0.17224566638469696, -0.04478674381971359, -0.42398354411125183]",[0.0],"[-0.2763163149356842, -0.08742024004459381, -0.9570234417915344, 0.010640602558851242]",[0.44],"[-3.1236886978149414, -1.4592170715332031, -3.946995077133179]","[669.4164428710938, 663.0335083007812, 588.2955932617188, 586.8125610351562]"
5.10173869133,"[-8.592477798461914, -13.147671699523926, -9.311041831970215]","[-8.592477798461914, -13.147671699523926, -9.311041831970215]","[-4.417305946350098, -5.003309726715088, 1.6858831644058228]","[-4.417305946350098, -5.003309726715088, 1.6858831644058228]","[-0.27574750781059265, -0.0916520357131958, -0.9568362236022949, 0.005258491262793541]","[[-0.8478713088957477, 0.06060867071083642, 0.5267265052244334], [0.04048261102388828, -0.9831444937225076, 0.17829200719567206], [0.5286543109404938, 0.17249194375343568, 0.8311264325717485]]","[0.16348062455654144, 0.03281998634338379, -0.34350794553756714]",[0.0],"[-0.27574750781059265, -0.0916520357131958, -0.9568362236022949, 0.005258491262793541]",[0.44],"[-2.158188819885254, -1.2473583221435547, -1.3525539016723638]","[669.477783203125, 668.9181518554688, 544.8316040039062, 541.3681030273438]"
5.1327407360077,"[-8.725622177124023, -13.298138618469238, -9.258224487304688]","[-8.725622177124023, -13.298138618469238, -9.258224487304688]","[-4.459629535675049, -5.02809476852417, 1.8338172435760498]","[-4.459629535675049, -5.02809476852417, 1.8338172435760498]","[-0.27507659792900085, -0.09487848728895187, -0.9567282199859619, 0.0014634458348155022]","[[-0.8486616285354938, 0.05499794285736748, 0.526069388738741], [0.049397463143011855, -0.9819920432914007, 0.1823509719208281], [0.5266247868468875, 0.18074073311485045, 0.830661875843134]]","[0.09112809598445892, -0.005026818253099918, -0.2684701979160309]",[0.0],"[-0.27507659792900085, -0.09487848728895187, -0.9567282199859619, 0.0014634458348155022]",[0.44],"[-2.1161794662475586, -1.2392520904541016, -2.413296041488648]","[669.8557739257812, 666.480712890625, 549.174560546875, 558.3656616210938]"
5.1647398471832,"[-8.873648643493652, -13.464560508728027, -9.195176124572754]","[-8.873648643493652, -13.464560508728027, -9.195176124572754]","[-4.5124311447143555, -5.058380603790283, 1.98567795753479]","[-4.5124311447143555, -5.058380603790283, 1.98567795753479]","[-0.2747308015823364, -0.0973738431930542, -0.9565763473510742, -0.0017532981000840664]","[[-0.849039947299417, 0.05014886100236904, 0.5259434241134647], [0.056857514971953016, -0.9810306432991922, 0.18532766051339833], [0.5252605226163917, 0.18725440048319386, 0.8300826426474828]]","[0.15010249614715576, 0.027556419372558594, -0.19298577308654785]",[0.0],"[-0.2747308015823364, -0.0973738431930542, -0.9565763473510742, -0.0017532981000840664]",[0.44],"[-2.640080451965332, -1.514291763305664, -2.216964302062989]","[666.5760498046875, 669.8512573242188, 576.3909912109375, 555.635009765625]"
5.1957397460938,"[-9.009809494018555, -13.616762161254883, -9.133652687072754]","[-9.009809494018555, -13.616762161254883, -9.133652687072754]","[-4.565549373626709, -5.088739395141602, 2.114428758621216]","[-4.565549373626709, -5.088739395141602, 2.114428758621216]","[-0.2735004723072052, -0.10098641365766525, -0.9565508365631104, -0.003118648659437895]","[[-0.8503755173460465, 0.04927337169570101, 0.5238640934588757], [0.06120595563222797, -0.9795840225637011, 0.19149137316886303], [0.522604328884576, 0.194903180694129, 0.8299984718085972]]","[0.2013566642999649, 0.08477555215358734, -0.13048046827316284]",[0.0],"[-0.2735004723072052, -0.10098641365766525, -0.9565508365631104, -0.003118648659437895]",[0.44],"[-2.655911445617676, -1.517939567565918, -3.3724599456787114]","[669.8243408203125, 665.8663940429688, 569.919921875, 576.8112182617188]"
5.2267396450043,"[-9.147636413574219, -13.76992416381836, -9.068406105041504]","[-9.147636413574219, -13.76992416381836, -9.068406105041504]","[-4.624279022216797, -5.12260627746582, 2.232445001602173]","[-4.624279022216797, -5.12260627746582, 2.232445001602173]","[-0.2724848985671997, -0.10356257855892181, -0.9565625190734863, -0.003868152154609561]","[[-0.8514741211479735, 0.04903821868962521, 0.5220988735886272], [0.06383873616631663, -0.978519745686782, 0.19602013596115359], [0.5204964903430687, 0.2002361881511187, 0.8300535447501001]]","[0.12224757671356201, 0.039465442299842834, -0.07457154244184494]",[0.0],"[-0.2724848985671997, -0.10356257855892181, -0.9565625190734863, -0.003868152154609561]",[0.44],"[-2.9364824295043945, -1.6933441162109375, -3.909187850952149]","[668.6929931640625, 669.7926025390625, 594.7544555664062, 596.6886596679688]"
5.2572720050812,"[-9.301543235778809, -13.939693450927734, -8.99299144744873]","[-9.301543235778809, -13.939693450927734, -8.99299144744873]","[-4.707080841064453, -5.167997360229492, 2.331434726715088]","[-4.707080841064453, -5.167997360229492, 2.331434726715088]","[-0.2718198299407959, -0.10569596290588379, -0.956517219543457, -0.004142745863646269]","[[-0.8521936557154959, 0.04953530181547183, 0.5208764389297558], [0.06538573283455218, -0.9776224224643784, 0.19994785615912014], [0.5191249528772259, 0.2044521780636972, 0.8298846869527097]]","[0.10587748140096664, 0.03613223880529404, -0.0432569719851017]",[0.0],"[-0.2718198299407959, -0.10569596290588379, -0.956517219543457, -0.004142745863646269]",[0.44],"[-4.1400909423828125, -2.2695541381835938, -4.8605137443542485]","[669.853759765625, 667.6929931640625, 647.2742309570312, 650.250244140625]"
5.2892701625824,"[-9.444025039672852, -14.095422744750977, -8.921936988830566]","[-9.444025039672852, -14.095422744750977, -8.921936988830566]","[-4.7920098304748535, -5.214040756225586, 2.4043781757354736]","[-4.7920098304748535, -5.214040756225586, 2.4043781757354736]","[-0.2713218927383423, -0.10710751265287399, -0.9565010070800781, -0.004273869562894106]","[[-0.8527323916237783, 0.04994530503687322, 0.5199548543707635], [0.06629714720102164, -0.9770194920486404, 0.20257769867838993], [0.5181238002176258, 0.2072160761948748, 0.8298248225083958]]","[0.07670518010854721, 0.02511623501777649, -0.032364148646593094]",[0.0],"[-0.2713218927383423, -0.10710751265287399, -0.9565010070800781, -0.004273869562894106]",[0.44],"[-4.2464494705200195, -2.3021697998046875, -6.162827548980713]","[669.7362060546875, 669.6986694335938, 654.59521484375, 656.2473754882812]"
5.3202712535858,"[-9.58908462524414, -14.252559661865234, -8.848766326904297]","[-9.58908462524414, -14.252559661865234, -8.848766326904297]","[-4.877280235290527, -5.261058330535889, 2.475257158279419]","[-4.877280235290527, -5.261058330535889, 2.475257158279419]","[-0.27095964550971985, -0.10826246440410614, -0.956473171710968, -0.004389115143567324]","[[-0.8531233788033785, 0.05027337618914557, 0.5192816159367145], [0.06706565971863548, -0.9765201153951839, 0.20472173924487766], [0.5173809102487307, 0.20947883157848704, 0.8297202186127932]]","[0.06384024024009705, 0.020072774961590767, -0.034509435296058655]",[0.0],"[-0.27095964550971985, -0.10826246440410614, -0.956473171710968, -0.004389115143567324]",[0.44],"[-4.263520240783691, -2.3508787155151367, -6.266050872802735]","[637.6060791015625, 636.6451416015625, 668.2435302734375, 669.6472778320312]"
5.3512811660767,"[-9.751346588134766, -14.426947593688965, -8.765434265136719]","[-9.751346588134766, -14.426947593688965, -8.765434265136719]","[-4.953982353210449, -5.30679988861084, 2.578906297683716]","[-4.953982353210449, -5.30679988861084, 2.578906297683716]","[-0.2706531286239624, -0.10896603018045425, -0.9564768075942993, -0.005036988761276007]","[[-0.8534429583981398, 0.04934846810359883, 0.5188446022020733], [0.06861951982469339, -0.9762019989994428, 0.20572040783228374], [0.516649159524554, 0.2111735149006161, 0.8297465764655464]]","[-0.026102643460035324, -0.007590137422084808, -0.0710352286696434]",[0.0],"[-0.2706531286239624, -0.10896603018045425, -0.9564768075942993, -0.005036988761276007]",[0.44],"[-3.8351058959960938, -2.2870779037475586, -4.627543029785157]","[604.9631958007812, 604.3497314453125, 658.1524658203125, 669.857177734375]"
5.382271528244,"[-9.900971412658691, -14.586762428283691, -8.68659496307373]","[-9.900971412658691, -14.586762428283691, -8.68659496307373]","[-5.021353244781494, -5.347542762756348, 2.6757993698120117]","[-5.021353244781494, -5.347542762756348, 2.6757993698120117]","[-0.2710845172405243, -0.1085938960313797, -0.956387460231781, -0.00661027105525136]","[[-0.8529392166877412, 0.0462322870699175, 0.5199593360790734], [0.07152020845381951, -0.9763275791522492, 0.20413179656856698], [0.5170879957282205, 0.21129956511993428, 0.8294411005143956]]","[-0.05109125375747681, -0.05354497581720352, -0.11020709574222565]",[0.0],"[-0.2710845172405243, -0.1085938960313797, -0.956387460231781, -0.00661027105525136]",[0.44],"[-3.368544578552246, -2.0371437072753906, -4.965346393585206]","[605.8624267578125, 605.89794921875, 669.7202758789062, 666.0841674804688]"
5.4142520427704,"[-10.067923545837402, -14.763978004455566, -8.596575736999512]","[-10.067923545837402, -14.763978004455566, -8.596575736999512]","[-5.097529411315918, -5.3927998542785645, 2.7785723209381104]","[-5.097529411315918, -5.3927998542785645, 2.7785723209381104]","[-0.27146047353744507, -0.10850465297698975, -0.956271767616272, -0.008957008831202984]","[[-0.8524579065152125, 0.0417787796211615, 0.5211237280050887], [0.07604011829143764, -0.9762929644662464, 0.20265692487619746], [0.5172362194653226, 0.21238282031138722, 0.8290719031783382]]","[-0.047935787588357925, -0.03088061884045601, -0.15337567031383514]",[0.0],"[-0.27146047353744507, -0.10850465297698975, -0.956271767616272, -0.008957008831202984]",[0.44],"[-3.8088083267211914, -2.26285457611084, -4.671352443695069]","[612.2931518554688, 610.4481201171875, 668.8285522460938, 669.6015625]"
5.445253610611,"[-10.221928596496582, -14.926393508911133, -8.511882781982422]","[-10.221928596496582, -14.926393508911133, -8.511882781982422]","[-5.169830799102783, -5.434832572937012, 2.866597890853882]","[-5.169830799102783, -5.434832572937012, 2.866597890853882]","[-0.27167990803718567, -0.10838279873132706, -0.9561935663223267, -0.011704529635608196]","[[-0.85210593467409, 0.03650726571548435, 0.5220942996878786], [0.0812744494530746, -0.9762322174146068, 0.20091009862376402], [0.5170200209689146, 0.21362964076384622, 0.828886393016142]]","[-0.06052415817975998, -0.03921201080083847, -0.18884536623954773]",[0.0],"[-0.27167990803718567, -0.10838279873132706, -0.9561935663223267, -0.011704529635608196]",[0.44],"[-3.6150693893432617, -2.1016359329223633, -5.408721504211426]","[618.0349731445312, 618.3207397460938, 669.4793090820312, 669.8571166992188]"
5.4768435955048,"[-10.393893241882324, -15.106520652770996, -8.415762901306152]","[-10.393893241882324, -15.106520652770996, -8.415762901306152]","[-5.252364635467529, -5.481764793395996, 2.9581680297851562]","[-5.252364635467529, -5.481764793395996, 2.9581680297851562]","[-0.27191075682640076, -0.10829266160726547, -0.9560871124267578, -0.015322193503379822]","[[-0.851659734213043, 0.02959317566737285, 0.5232593028961408], [0.08819058263813462, -0.9760760524528838, 0.1987418978027078], [0.5166221784315705, 0.21540697472968606, 0.8286744795282165]]","[-0.07092706114053726, -0.03883271664381027, -0.2239002287387848]",[0.0],"[-0.27191075682640076, -0.10829266160726547, -0.9560871124267578, -0.015322193503379822]",[0.44],"[-4.126691818237305, -2.3466110229492188, -5.23149305343628]","[624.0765380859375, 623.213134765625, 668.812255859375, 669.857421875]"
5.5078451633453,"[-10.552613258361816, -15.271618843078613, -8.3258056640625]","[-10.552613258361816, -15.271618843078613, -8.3258056640625]","[-5.328821659088135, -5.5244574546813965, 3.038788080215454]","[-5.328821659088135, -5.5244574546813965, 3.038788080215454]","[-0.27210360765457153, -0.10807935893535614, -0.9559875130653381, -0.01914345473051071]","[[-0.8511865459294552, 0.02221575960000788, 0.5243933269857639], [0.09541937431720715, -0.9759049968709661, 0.19622702893432642], [0.5161172777254375, 0.21706304131490217, 0.8285569577469789]]","[-0.10567690432071686, -0.04917122423648834, -0.25234848260879517]",[0.0],"[-0.27210360765457153, -0.10807935893535614, -0.9559875130653381, -0.01914345473051071]",[0.44],"[-3.8228511810302734, -2.1346330642700195, -5.778997478485108]","[627.63818359375, 623.5584716796875, 661.923828125, 669.857421875]"
5.5388667583466,"[-10.713619232177734, -15.437983512878418, -8.233420372009277]","[-10.713619232177734, -15.437983512878418, -8.233420372009277]","[-5.405373573303223, -5.566355228424072, 3.119072437286377]","[-5.405373573303223, -5.566355228424072, 3.119072437286377]","[-0.2725706994533539, -0.106772780418396, -0.9558984041213989, -0.02372848242521286]","[[-0.8502843712802246, 0.012842225917475858, 0.5261669053227269], [0.1035702998474104, -0.9760730904046557, 0.1911924827078848], [0.5160326811481308, 0.21706323891431234, 0.8286095743224688]]","[-0.21086908876895905, -0.08017436414957047, -0.27773675322532654]",[0.0],"[-0.2725706994533539, -0.106772780418396, -0.9558984041213989, -0.02372848242521286]",[0.44],"[-3.8275957107543945, -2.094888687133789, -5.795782146453858]","[632.02197265625, 630.4393310546875, 665.8279418945312, 669.857421875]"
5.5704696178436,"[-10.893463134765625, -15.622441291809082, -8.12914752960205]","[-10.893463134765625, -15.622441291809082, -8.12914752960205]","[-5.494586944580078, -5.612473487854004, 3.1996662616729736]","[-5.494586944580078, -5.612473487854004, 3.1996662616729736]","[-0.27328991889953613, -0.10492529720067978, -0.9557416439056396, -0.029347645118832588]","[[-0.8489028157762109, 0.0012525187437022467, 0.5285477334762304], [0.11344758510623176, -0.9762589393351391, 0.18452212095889475], [0.516230491931296, 0.21660378317656725, 0.828606604470468]]","[-0.18344174325466156, -0.0847679004073143, -0.30295294523239136]",[0.0],"[-0.27328991889953613, -0.10492529720067978, -0.9557416439056396, -0.029347645118832588]",[0.44],"[-4.460668563842773, -2.305912971496582, -5.7803087806701665]","[636.6416015625, 637.4249267578125, 669.8519897460938, 669.1746826171875]"
5.6014914512634,"[-11.059550285339355, -15.791436195373535, -8.032097816467285]","[-11.059550285339355, -15.791436195373535, -8.032097816467285]","[-5.577954292297363, -5.653473854064941, 3.269713878631592]","[-5.577954292297363, -5.653473854064941, 3.269713878631592]","[-0.27389684319496155, -0.10344968736171722, -0.9555476307868958, -0.03474874794483185]","[[-0.8475462250353734, -0.009739081947230055, 0.5306324534121187], [0.12307725313875029, -0.97618151082923, 0.17866706259413423], [0.5162534649677029, 0.21673735206240163, 0.8285573629451952]]","[-0.1965145617723465, -0.08149994164705276, -0.32341960072517395]",[0.0],"[-0.27389684319496155, -0.10344968736171722, -0.9555476307868958, -0.03474874794483185]",[0.44],"[-4.168367385864258, -2.050018310546875, -6.307619152069092]","[641.0355834960938, 641.0399780273438, 669.6373291015625, 669.8289184570312]"
5.6321997642517,"[-11.228167533874512, -15.96164608001709, -7.932985782623291]","[-11.228167533874512, -15.96164608001709, -7.932985782623291]","[-5.663333892822266, -5.693454265594482, 3.336933135986328]","[-5.663333892822266, -5.693454265594482, 3.336933135986328]","[-0.2744519114494324, -0.10199280083179474, -0.9553209543228149, -0.04044158011674881]","[[-0.846081314379536, -0.021285139538175457, 0.5326288239755261], [0.13325361610764475, -0.9759239549330019, 0.17267318171921975], [0.5161298238708436, 0.21707025757952803, 0.8285472337604776]]","[-0.19153912365436554, -0.08300824463367462, -0.34142887592315674]",[0.0],"[-0.2744519114494324, -0.10199280083179474, -0.9553209543228149, -0.04044158011674881]",[0.44],"[-4.268980026245117, -1.9990205764770508, -6.449037132263184]","[649.4343872070312, 649.4283447265625, 669.426025390625, 669.844970703125]"
5.6635711193085,"[-11.416667938232422, -16.150249481201172, -7.821726322174072]","[-11.416667938232422, -16.150249481201172, -7.821726322174072]","[-5.760961055755615, -5.736607551574707, 3.4055073261260986]","[-5.760961055755615, -5.736607551574707, 3.4055073261260986]","[-0.2750453054904938, -0.10043272376060486, -0.9550173282623291, -0.04696042835712433]","[[-0.8442896585665824, -0.034448947271394914, 0.5347787930589964], [0.14494314402330666, -0.9754160347073526, 0.16599749230502336], [0.5159133381435135, 0.2176624737588222, 0.828526695851334]]","[-0.19926749169826508, -0.084025539457798, -0.35520148277282715]",[0.0],"[-0.2750453054904938, -0.10043272376060486, -0.9550173282623291, -0.04696042835712433]",[0.44],"[-4.8813581466674805, -2.1576642990112305, -6.381290493011475]","[652.3529052734375, 652.2554321289062, 669.3651123046875, 669.8573608398438]"
5.6945834159851,"[-11.590848922729492, -16.322919845581055, -7.718646049499512]","[-11.590848922729492, -16.322919845581055, -7.718646049499512]","[-5.851034641265869, -5.774306297302246, 3.466188430786133]","[-5.851034641265869, -5.774306297302246, 3.466188430786133]","[-0.2755713164806366, -0.09899263828992844, -0.954695463180542, -0.053080953657627106]","[[-0.8424859397062203, -0.04679322796557228, 0.536682618544534], [0.1559113545873605, -0.9747659557687616, 0.15976046876837424], [0.5156641239624783, 0.2182708218862941, 0.8285218141950564]]","[-0.20136480033397675, -0.08582855015993118, -0.36609169840812683]",[0.0],"[-0.2755713164806366, -0.09899263828992844, -0.954695463180542, -0.053080953657627106]",[0.44],"[-4.503679275512695, -1.8849372863769531, -6.7759447669982915]","[654.5606079101562, 654.612548828125, 669.363037109375, 669.857421875]"
5.7255766391754,"[-11.7855863571167, -16.514135360717773, -7.603173732757568]","[-11.7855863571167, -16.514135360717773, -7.603173732757568]","[-5.9512457847595215, -5.813885688781738, 3.5316429138183594]","[-5.9512457847595215, -5.813885688781738, 3.5316429138183594]","[-0.27614668011665344, -0.09738050401210785, -0.9542849063873291, -0.060003895312547684]","[[-0.8402852902406512, -0.06073901746035926, 0.538731636705036], [0.1683042290244794, -0.9738333429962456, 0.152717737341036], [0.5153587984321334, 0.21899724327954506, 0.828520096997797]]","[-0.20756429433822632, -0.08789392560720444, -0.3765604496002197]",[0.0],"[-0.27614668011665344, -0.09738050401210785, -0.9542849063873291, -0.060003895312547684]",[0.44],"[-5.010557174682617, -1.9789695739746094, -6.537275848388672]","[658.1848754882812, 658.2838134765625, 669.39111328125, 669.857421875]"
5.757274389267,"[-11.965509414672852, -16.689071655273438, -7.496347904205322]","[-11.965509414672852, -16.689071655273438, -7.496347904205322]","[-6.042567253112793, -5.8478569984436035, 3.5912303924560547]","[-6.042567253112793, -5.8478569984436035, 3.5912303924560547]","[-0.27670109272003174, -0.09626982361078262, -0.9538208246231079, -0.0662911981344223]","[[-0.8380840888455134, -0.0731839197615205, 0.540610212767368], [0.17973578131779355, -0.9726753203943304, 0.1469626311624861], [0.5150828449619749, 0.2203340190085452, 0.8283372526989784]]","[-0.12915469706058502, -0.09023485332727432, -0.3754270672798157]",[0.0],"[-0.27670109272003174, -0.09626982361078262, -0.9538208246231079, -0.0662911981344223]",[0.44],"[-4.566073417663574, -1.6985654830932617, -6.830626068115235]","[664.4482421875, 669.8095092773438, 644.16650390625, 639.1619262695312]"
5.7882726192474,"[-12.14804744720459, -16.864971160888672, -7.387532711029053]","[-12.14804744720459, -16.864971160888672, -7.387532711029053]","[-6.125524520874023, -5.878010272979736, 3.664170980453491]","[-6.125524520874023, -5.878010272979736, 3.664170980453491]","[-0.2773660123348236, -0.09609568864107132, -0.9532229900360107, -0.07210845500230789]","[[-0.8357369002171886, -0.08416351824646862, 0.5426419425049122], [0.19077823009023964, -0.9711319470634283, 0.14320037007279263], [0.5149246959437502, 0.22320210855125344, 0.8276674276521535]]","[-0.12925998866558075, -0.0922452062368393, -0.3532191216945648]",[0.0],"[-0.2773660123348236, -0.09609568864107132, -0.9532229900360107, -0.07210845500230789]",[0.44],"[-4.147863388061523, -1.5076637268066406, -6.162970600128174]","[669.7740478515625, 665.5806274414062, 629.4594116210938, 634.2096557617188]"
5.8197853565216,"[-12.351703643798828, -17.059476852416992, -7.265285491943359]","[-12.351703643798828, -17.059476852416992, -7.265285491943359]","[-6.217653274536133, -5.909815788269043, 3.7436773777008057]","[-6.217653274536133, -5.909815788269043, 3.7436773777008057]","[-0.27808982133865356, -0.09513036906719208, -0.952619194984436, -0.0783131793141365]","[[-0.8330662355433103, -0.09629570099425777, 0.5447273267759456], [0.20211485034536025, -0.9696345587699184, 0.1376898351108613], [0.5149274801720296, 0.22480222728658195, 0.8272325282979511]]","[-0.15457427501678467, -0.09233228862285614, -0.3285265862941742]",[0.0],"[-0.27808982133865356, -0.09513036906719208, -0.952619194984436, -0.0783131793141365]",[0.44],"[-4.606437683105469, -1.590275764465332, -5.834680137634278]","[668.4395141601562, 669.7931518554688, 637.796875, 636.5842895507812]"
5.8501663208008,"[-12.539525032043457, -17.23719596862793, -7.1519293785095215]","[-12.539525032043457, -17.23719596862793, -7.1519293785095215]","[-6.303501605987549, -5.937591552734375, 3.813178062438965]","[-6.303501605987549, -5.937591552734375, 3.813178062438965]","[-0.2787681519985199, -0.09414523094892502, -0.9520663022994995, -0.08363538235425949]","[[-0.8305871369693367, -0.10676347433663791, 0.5465592721186782], [0.21174224254106067, -0.9682838530858238, 0.1326352418561778], [0.5150637825697045, 0.22589476577852396, 0.8268499858418074]]","[-0.17043425142765045, -0.0919208750128746, -0.3084893822669983]",[0.0],"[-0.2787681519985199, -0.09414523094892502, -0.9520663022994995, -0.08363538235425949]",[0.44],"[-4.292416572570801, -1.3887882232666016, -6.3349657630920415]","[669.8505859375, 665.6758422851562, 637.41552734375, 641.8085327148438]"
5.8813147544861,"[-12.729921340942383, -17.415721893310547, -7.036482810974121]","[-12.729921340942383, -17.415721893310547, -7.036482810974121]","[-6.389468669891357, -5.963651180267334, 3.882761240005493]","[-6.389468669891357, -5.963651180267334, 3.882761240005493]","[-0.27936506271362305, -0.09215157479047775, -0.9516040086746216, -0.08895531296730042]","[[-0.8280842041239485, -0.11781260388417536, 0.5480845714756746], [0.22078832576617913, -0.9671900551811916, 0.12568160278095597], [0.5152950827720084, 0.22508562912423535, 0.8269264979972969]]","[-0.2745482325553894, -0.09157184511423111, -0.29067984223365784]",[0.0],"[-0.27936506271362305, -0.09215157479047775, -0.9516040086746216, -0.08895531296730042]",[0.44],"[-4.29835319519043, -1.3029813766479492, -6.3308411216735845]","[668.2435913085938, 668.71533203125, 640.1039428710938, 647.6149291992188]"
5.912246465683,"[-12.94238567352295, -17.612972259521484, -6.907156944274902]","[-12.94238567352295, -17.612972259521484, -6.907156944274902]","[-6.487221717834473, -5.990228652954102, 3.954531669616699]","[-6.487221717834473, -5.990228652954102, 3.954531669616699]","[-0.28047114610671997, -0.08849357068538666, -0.9510446190834045, -0.09496895223855972]","[[-0.8246339590802951, -0.13099963562652928, 0.550289432001583], [0.230279208399355, -0.9662998625718302, 0.11505056668982139], [0.5166728652502226, 0.22159477020543417, 0.8270096482978668]]","[-0.33649688959121704, -0.16418536007404327, -0.2732590138912201]",[0.0],"[-0.28047114610671997, -0.08849357068538666, -0.9510446190834045, -0.09496895223855972]",[0.44],"[-4.887652397155762, -1.328873634338379, -6.221478519439698]","[668.9346313476562, 666.8101196289062, 640.4502563476562, 650.3479614257812]"
5.943244934082,"[-13.138370513916016, -17.793010711669922, -6.787580490112305]","[-13.138370513916016, -17.793010711669922, -6.787580490112305]","[-6.578178405761719, -6.0115180015563965, 4.017151355743408]","[-6.578178405761719, -6.0115180015563965, 4.017151355743408]","[-0.28191304206848145, -0.08439433574676514, -0.9504281282424927, -0.1004437804222107]","[[-0.8208720617213316, -0.14334546059312459, 0.5528299420578406], [0.23851291628800197, -0.965577180485667, 0.10378867772476497], [0.518922397543335, 0.21705432450750095, 0.8268052656111138]]","[-0.32139909267425537, -0.14447453618049622, -0.25807812809944153]",[0.0],"[-0.28191304206848145, -0.08439433574676514, -0.9504281282424927, -0.1004437804222107]",[0.44],"[-4.547834396362305, -1.064467430114746, -6.679015693664551]","[666.5808715820312, 669.818359375, 647.8237915039062, 639.21484375]"
5.9752504825592,"[-13.356971740722656, -17.99170684814453, -6.6536688804626465]","[-13.356971740722656, -17.99170684814453, -6.6536688804626465]","[-6.664698600769043, -6.028911590576172, 4.10669469833374]","[-6.664698600769043, -6.028911590576172, 4.10669469833374]","[-0.2831704318523407, -0.08071820437908173, -0.949795126914978, -0.10577509552240372]","[[-0.8172524232592449, -0.15521532296755058, 0.5549837440767147], [0.24664335813703087, -0.9645925531737607, 0.09342675538855483], [0.5208318409623376, 0.21323627330176143, 0.8265981560127513]]","[-0.287125825881958, -0.1289423108100891, -0.21527838706970215]",[0.0],"[-0.2831704318523407, -0.08071820437908173, -0.949795126914978, -0.10577509552240372]",[0.44],"[-4.326009750366211, -0.8696794509887695, -5.332832870483399]","[669.8299560546875, 669.2952270507812, 558.3467407226562, 558.8340454101562]"
6.0062930583954,"[-13.557748794555664, -18.17272186279297, -6.528724670410156]","[-13.557748794555664, -18.17272186279297, -6.528724670410156]","[-6.715738773345947, -6.0375800132751465, 4.229249000549316]","[-6.715738773345947, -6.0375800132751465, 4.229249000549316]","[-0.28413036465644836, -0.07725287228822708, -0.9493622183799744, -0.10960543900728226]","[[-0.8145132559282544, -0.16421075189690493, 0.556419936562163], [0.2520102989929529, -0.9640373716143049, 0.08439744971661378], [0.5225505966352645, 0.20896638313049065, 0.8266038592068251]]","[-0.28266024589538574, -0.012731574475765228, -0.13079743087291718]",[0.0],"[-0.28413036465644836, -0.07725287228822708, -0.9493622183799744, -0.10960543900728226]",[0.44],"[-2.552008628845215, -0.43342113494873047, -3.682284889221192]","[669.7408447265625, 622.950439453125, 496.7929382324219, 442.1214294433594]"
6.0372524261475,"[-13.758997917175293, -18.353809356689453, -6.398540019989014]","[-13.758997917175293, -18.353809356689453, -6.398540019989014]","[-6.691994667053223, -6.03353214263916, 4.461487770080566]","[-6.691994667053223, -6.03353214263916, 4.461487770080566]","[-0.27126654982566833, -0.06799431145191193, -0.953412652015686, -0.11311741173267365]","[[-0.8272378228268065, -0.17880597846773316, 0.5326406023928425], [0.2525843075690615, -0.9651624521558109, 0.06828333359483185], [0.5018752402969002, 0.19102321361855967, 0.8435824651117172]]","[-1.4081834554672241, 1.8633919954299927, -0.03006606549024582]",[0.0],"[-0.27126654982566833, -0.06799431145191193, -0.953412652015686, -0.11311741173267365]",[0.44],"[1.1872053146362305, 0.2023935317993164, 1.8019384765624995]","[669.8565063476562, 421.8233642578125, 393.4395751953125, 222.63096618652344]"
6.0682744979858,"[-13.979990005493164, -18.552898406982422, -6.248223781585693]","[-13.979990005493164, -18.552898406982422, -6.248223781585693]","[-6.711353302001953, -6.0327558517456055, 4.625067710876465]","[-6.711353302001953, -6.0327558517456055, 4.625067710876465]","[-0.229405015707016, -0.04851846769452095, -0.9651582837104797, -0.11614134907722473]","[[-0.8677691086447663, -0.201928810599304, 0.4540943030551212], [0.24645032997347172, -0.9683143476929903, 0.04036918599802286], [0.4315543018823156, 0.14694281803520193, 0.890038594122079]]","[-1.305821418762207, 2.660095453262329, 0.15465539693832397]",[0.0],"[-0.229405015707016, -0.04851846769452095, -0.9651582837104797, -0.11614134907722473]",[0.44],"[-0.9679317474365234, 0.038814544677734375, -1.6310029602050786]","[618.4603271484375, 668.63916015625, 328.2444152832031, 271.9646301269531]"
6.0992407798767,"[-14.18189811706543, -18.733877182006836, -6.108280658721924]","[-14.18189811706543, -18.733877182006836, -6.108280658721924]","[-6.750560760498047, -6.032172679901123, 4.6921000480651855]","[-6.750560760498047, -6.032172679901123, 4.6921000480651855]","[-0.19062428176403046, -0.03689940646290779, -0.9742852449417114, -0.11432013660669327]","[[-0.901186609416891, -0.20869299888222248, 0.3798815404757035], [0.23682869030026577, -0.9711387106183662, 0.028316706664202274], [0.3630081597255214, 0.11548548239146927, 0.9246016340092653]]","[-0.8797032237052917, 2.4715347290039062, 0.33099833130836487]",[0.0],"[-0.19062428176403046, -0.03689940646290779, -0.9742852449417114, -0.11432013660669327]",[0.44],"[-1.9603729248046875, 0.029158592224121094, -6.458383140563965]","[657.5651245117188, 669.8558349609375, 331.21771240234375, 310.4678649902344]"
6.1302764415741,"[-14.405391693115234, -18.932926177978516, -5.9531073570251465]","[-14.405391693115234, -18.932926177978516, -5.9531073570251465]","[-6.79075813293457, -6.030885696411133, 4.708065032958984]","[-6.79075813293457, -6.030885696411133, 4.708065032958984]","[-0.1506175398826599, -0.027332894504070282, -0.9822530150413513, -0.10838035494089127]","[[-0.9311361453595914, -0.20468023416773384, 0.3018137629515335], [0.2211474874800352, -0.9750132577562596, 0.021047671207247376], [0.2899643677198812, 0.08634360093847349, 0.9531345391154494]]","[-0.7048126459121704, 2.2348546981811523, 0.5215083360671997]",[0.0],"[-0.1506175398826599, -0.027332894504070282, -0.9822530150413513, -0.10838035494089127]",[0.44],"[-2.009868621826172, 0.06434917449951172, -9.011750755310059]","[631.2474365234375, 669.857421875, 311.1114807128906, 341.7204284667969]"
6.1607558727264,"[-14.609413146972656, -19.11382293701172, -5.8117852210998535]","[-14.609413146972656, -19.11382293701172, -5.8117852210998535]","[-6.807470798492432, -6.028514385223389, 4.710999011993408]","[-6.807470798492432, -6.028514385223389, 4.710999011993408]","[-0.12044724822044373, -0.02021961286664009, -0.987466037273407, -0.09997263550758362]","[[-0.9509960150258447, -0.19256837098116564, 0.2419179497758981], [0.20230995790064354, -0.9791934287446455, 0.015849504296779227], [0.23383231782701386, 0.06401521967371471, 0.9701672553032921]]","[-0.5186917781829834, 1.7591136693954468, 0.6881849765777588]",[0.0],"[-0.12044724822044373, -0.02021961286664009, -0.987466037273407, -0.09997263550758362]",[0.44],"[-0.8356332778930664, 0.11856555938720703, -9.663301048278809]","[627.9700927734375, 669.857421875, 302.6512145996094, 338.09637451171875]"
6.192761182785,"[-14.813709259033203, -19.294639587402344, -5.670584201812744]","[-14.813709259033203, -19.294639587402344, -5.670584201812744]","[-6.809789180755615, -6.025403022766113, 4.699325084686279]","[-6.809789180755615, -6.025403022766113, 4.699325084686279]","[-0.09659211337566376, -0.014615049585700035, -0.9912428259849548, -0.08884826302528381]","[[-0.9655518794820639, -0.17331700959692803, 0.19408952240013988], [0.17896380370321957, -0.9837847528660331, 0.011810043115741076], [0.1888954353212685, 0.04613820909721711, 0.9809127279184608]]","[-0.38105371594429016, 1.4202295541763306, 0.8519806861877441]",[0.0],"[-0.09659211337566376, -0.014615049585700035, -0.9912428259849548, -0.08884826302528381]",[0.44],"[-0.11591911315917969, 0.15556812286376953, -10.393696365356446]","[642.4998779296875, 669.857421875, 338.82171630859375, 358.33746337890625]"
6.223756313324,"[-15.038297653198242, -19.493417739868164, -5.515987396240234]","[-15.038297653198242, -19.493417739868164, -5.515987396240234]","[-6.799167633056641, -6.021369934082031, 4.6661882400512695]","[-6.799167633056641, -6.021369934082031, 4.6661882400512695]","[-0.07546170800924301, -0.009728792123496532, -0.9943756461143494, -0.07367528975009918]","[[-0.9777551499630239, -0.14505352515482173, 0.15150811247440096], [0.14799013023684537, -0.9889547899220039, 0.008228821502191397], [0.1486410261599326, 0.030467474312664833, 0.9884217624562911]]","[-0.26769036054611206, 1.1372764110565186, 1.0232670307159424]",[0.0],"[-0.07546170800924301, -0.009728792123496532, -0.9943756461143494, -0.07367528975009918]",[0.44],"[0.5310773849487305, 0.20165443420410156, -11.466842231750489]","[646.9790649414062, 669.857421875, 369.0091857910156, 383.7001647949219]"
6.2547609806061,"[-15.2420015335083, -19.673999786376953, -5.376707077026367]","[-15.2420015335083, -19.673999786376953, -5.376707077026367]","[-6.779325485229492, -6.0171709060668945, 4.615564346313477]","[-6.779325485229492, -6.0171709060668945, 4.615564346313477]","[-0.06003078445792198, -0.006282589863985777, -0.9965252876281738, -0.0573946051299572]","[[-0.9862042396356272, -0.11363605317494721, 0.12036556302582509], [0.11514464836679703, -0.9933326879300961, 0.005630633003308544], [0.11892321596807735, 0.01941240568172456, 0.9927136679639349]]","[-0.18566486239433289, 0.9249117970466614, 1.169944405555725]",[0.0],"[-0.06003078445792198, -0.006282589863985777, -0.9965252876281738, -0.0573946051299572]",[0.44],"[0.9921073913574219, 0.20995140075683594, -12.341194686889649]","[651.0919799804688, 669.857421875, 392.3979187011719, 403.8985900878906]"
6.2856929302216,"[-15.444979667663574, -19.854448318481445, -5.239246368408203]","[-15.444979667663574, -19.854448318481445, -5.239246368408203]","[-6.750908851623535, -6.012356281280518, 4.545127868652344]","[-6.750908851623535, -6.012356281280518, 4.545127868652344]","[-0.04749206826090813, -0.0036059485282748938, -0.9981070756912231, -0.03890830650925636]","[[-0.9924614748193472, -0.07732680415280299, 0.09508494144203537], [0.07801181996740361, -0.9969464621851676, 0.00350257358399117], [0.09452373603965648, 0.010893917378606927, 0.9954630011750254]]","[-0.12369515001773834, 0.7545161247253418, 1.308334231376648]",[0.0],"[-0.04749206826090813, -0.0036059485282748938, -0.9981070756912231, -0.03890830650925636]",[0.44],"[1.4208316802978516, 0.24073123931884766, -13.331823883056641]","[655.0234985351562, 669.857421875, 416.9355773925781, 425.5604553222656]"
6.3166961669922,"[-15.667125701904297, -20.052757263183594, -5.090816020965576]","[-15.667125701904297, -20.052757263183594, -5.090816020965576]","[-6.710629940032959, -6.006071090698242, 4.446692943572998]","[-6.710629940032959, -6.006071090698242, 4.446692943572998]","[-0.03636402264237404, -0.0013796519488096237, -0.9992064237594604, -0.01619580388069153]","[[-0.9968307614433407, -0.03226556316166053, 0.07271501918076229], [0.032466241940480964, -0.999471638849811, 0.0015792250215478365], [0.07262564089121615, 0.003935003337663501, 0.9973515088355301]]","[-0.07231491059064865, 0.6027576327323914, 1.4511114358901978]",[0.0],"[-0.03636402264237404, -0.0013796519488096237, -0.9992064237594604, -0.01619580388069153]",[0.44],"[2.0139455795288086, 0.31425952911376953, -14.731746253967286]","[658.0206298828125, 669.857421875, 442.3105163574219, 449.1029052734375]"
6.3486933708191,"[-15.867810249328613, -20.232839584350586, -4.959041595458984]","[-15.867810249328613, -20.232839584350586, -4.959041595458984]","[-6.667185306549072, -5.999102592468262, 4.331320285797119]","[-6.667185306549072, -5.999102592468262, 4.331320285797119]","[-0.028194257989525795, 0.00012451139627955854, -0.9995818138122559, 0.006424713414162397]","[[-0.9983276360145743, 0.012837032362646076, 0.05636653498059755], [-0.012851074388363444, -0.9999174373755586, 0.00011336140034848806], [0.05636333518044597, -0.0006111987096821588, 0.9984101366266646]]","[-0.03883659839630127, 0.49161264300346375, 1.5641298294067383]",[0.0],"[-0.028194257989525795, 0.00012451139627955854, -0.9995818138122559, 0.006424713414162397]",[0.44],"[2.172231674194336, 0.34842491149902344, -15.578632888793946]","[660.0579833984375, 669.857421875, 526.5927734375, 531.58984375]"
6.3787240982056,"[-16.067134857177734, -20.412691116333008, -4.831696510314941]","[-16.067134857177734, -20.412691116333008, -4.831696510314941]","[-6.6204447746276855, -5.990457534790039, 4.141120433807373]","[-6.6204447746276855, -5.990457534790039, 4.141120433807373]","[-0.021565377712249756, 0.0012020398862659931, -0.9993066787719727, 0.03032512404024601]","[[-0.9972305662763175, 0.06055635308766766, 0.04317375597348753], [-0.06066004286435772, -0.9981578075082851, -0.0010944674647943575], [0.043027947938878174, -0.00371035848118928, 0.9990669791684796]]","[-0.011537461541593075, 0.3938027322292328, 1.6074858903884888]",[0.0],"[-0.021565377712249756, 0.0012020398862659931, -0.9993066787719727, 0.03032512404024601]",[0.44],"[2.337026596069336, 0.4322528839111328, -19.319992599487307]","[648.771240234375, 657.3336181640625, 653.9938354492188, 657.7728271484375]"
6.4106936454773,"[-16.284671783447266, -20.610191345214844, -4.698703289031982]","[-16.284671783447266, -20.610191345214844, -4.698703289031982]","[-6.561673641204834, -5.978539943695068, 3.933854579925537]","[-6.561673641204834, -5.978539943695068, 3.933854579925537]","[-0.015668774023652077, 0.002010999247431755, -0.9982798099517822, 0.05646144598722458]","[[-0.9931332461506792, 0.11266562335391925, 0.03151072935979607], [-0.11279166292499823, -0.9936161788735414, -0.0022457166166337805], [0.0310565536582392, -0.005784443169523618, 0.9995008908052451]]","[0.0007720033754594624, 0.3222218453884125, 1.5502614974975586]",[0.0],"[-0.015668774023652077, 0.002010999247431755, -0.9982798099517822, 0.05646144598722458]",[0.44],"[2.938556671142578, 0.5958795547485352, -20.1732926940918]","[533.4378662109375, 539.9163208007812, 667.2625122070312, 669.8411865234375]"
6.440701007843,"[-16.480636596679688, -20.78936004638672, -4.5829339027404785]","[-16.480636596679688, -20.78936004638672, -4.5829339027404785]","[-6.501748561859131, -5.965256214141846, 3.786090135574341]","[-6.501748561859131, -5.965256214141846, 3.786090135574341]","[-0.011243808083236217, 0.0025162564124912024, -0.9968095421791077, 0.07898131012916565]","[[-0.9872711898513113, 0.15740206257273892, 0.022813344831759827], [-0.1575152317895, -0.9875113731990697, -0.0032403554185714], [0.02201839591944195, -0.006792558191590997, 0.9997344904669079]]","[0.0114173898473382, 0.26131582260131836, 1.4587376117706299]",[0.0],"[-0.011243808083236217, 0.0025162564124912024, -0.9968095421791077, 0.07898131012916565]",[0.44],"[2.9962539672851562, 0.6641864776611328, -17.198222217559817]","[505.020263671875, 511.5050048828125, 666.9588623046875, 669.857421875]"
6.472728729248,"[-16.694053649902344, -20.985937118530273, -4.460566520690918]","[-16.694053649902344, -20.985937118530273, -4.460566520690918]","[-6.431800842285156, -5.947728633880615, 3.6298162937164307]","[-6.431800842285156, -5.947728633880615, 3.6298162937164307]","[-0.007349456660449505, 0.002839158521965146, -0.9947463274002075, 0.1020669937133789]","[[-0.9790566333946273, 0.20301980174530881, 0.015201258792763683], [-0.20310326683534613, -0.9791485407788094, -0.00414821113174596], [0.014042121292712872, -0.007148758918781362, 0.9998758493313666]]","[0.01615125872194767, 0.20521432161331177, 1.3523533344268799]",[0.0],"[-0.007349456660449505, 0.002839158521965146, -0.9947463274002075, 0.1020669937133789]",[0.44],"[3.4973859786987305, 0.8763790130615234, -17.62369209289551]","[509.8401184082031, 514.4229736328125, 667.4074096679688, 669.857421875]"
6.5037000179291,"[-16.88602638244629, -21.164100646972656, -4.3538336753845215]","[-16.88602638244629, -21.164100646972656, -4.3538336753845215]","[-6.365881443023682, -5.929086685180664, 3.4852025508880615]","[-6.365881443023682, -5.929086685180664, 3.4852025508880615]","[-0.004514626692980528, 0.0030116229318082333, -0.9925746321678162, 0.12151627987623215]","[[-0.9704269405915178, 0.24120076089455078, 0.00969413028844688], [-0.24125514630765932, -0.970449564554505, -0.004881319766013574], [0.008230285428193727, -0.007075722329057295, 0.9999410965462793]]","[0.017356451600790024, 0.16495370864868164, 1.2586674690246582]",[0.0],"[-0.004514626692980528, 0.0030116229318082333, -0.9925746321678162, 0.12151627987623215]",[0.44],"[3.2959699630737305, 0.9320974349975586, -17.04068714141846]","[514.9238891601562, 518.71630859375, 667.6693725585938, 669.857421875]"
6.5356931686401,"[-17.094886779785156, -21.359386444091797, -4.241494655609131]","[-17.094886779785156, -21.359386444091797, -4.241494655609131]","[-6.291837215423584, -5.905634880065918, 3.3222317695617676]","[-6.291837215423584, -5.905634880065918, 3.3222317695617676]","[-0.0020230570808053017, 0.0031135582830756903, -0.989961564540863, 0.141288161277771]","[[-0.960067187026751, 0.27972710056702577, 0.004885315355432851], [-0.27975229619155006, -0.960055984056291, -0.005592938028191635], [0.0031256796560450995, -0.006736274088619459, 0.9999724259897314]]","[0.016402989625930786, 0.12911902368068695, 1.1607856750488281]",[0.0],"[-0.0020230570808053017, 0.0031135582830756903, -0.989961564540863, 0.141288161277771]",[0.44],"[3.702211380004883, 1.1725902557373047, -17.9585390663147]","[527.0183715820312, 529.7843627929688, 667.9821166992188, 669.857421875]"
6.5666930675507,"[-17.28262710571289, -21.53620719909668, -4.144107341766357]","[-17.28262710571289, -21.53620719909668, -4.144107341766357]","[-6.2238664627075195, -5.881724834442139, 3.169253349304199]","[-6.2238664627075195, -5.881724834442139, 3.169253349304199]","[-0.00021956226555630565, 0.0031624152325093746, -0.9874534606933594, 0.15787842869758606]","[[-0.9501486758107893, 0.3117938128784161, 0.0014321693335182795], [-0.3117965902666284, -0.9501287704857606, -0.00617614744000693], [-0.0005649392576732859, -0.006314804021956177, 0.9999799018446175]]","[0.014368780888617039, 0.10326571017503738, 1.0782185792922974]",[0.0],"[-0.00021956226555630565, 0.0031624152325093746, -0.9874534606933594, 0.15787842869758606]",[0.44],"[3.3985376358032227, 1.1955022811889648, -17.45892101287842]","[540.653076171875, 542.6813354492188, 668.3117065429688, 669.857421875]"
6.5977022647858,"[-17.468324661254883, -21.71227264404297, -4.051379203796387]","[-17.468324661254883, -21.71227264404297, -4.051379203796387]","[-6.1558003425598145, -5.855541706085205, 3.011788845062256]","[-6.1558003425598145, -5.855541706085205, 3.011788845062256]","[0.0012310431338846684, 0.003189271781593561, -0.9848714470863342, 0.17325304448604584]","[[-0.9399638774808539, 0.34127180553242764, -0.0013197363736803386], [-0.34125610100791237, -0.9399465655062551, -0.006708609371057647], [-0.0035299405570984183, -0.005855481487701, 0.9999766261566113]]","[0.011857879348099232, 0.08251889795064926, 1.0020793676376343]",[0.0],"[0.0012310431338846684, 0.003189271781593561, -0.9848714470863342, 0.17325304448604584]",[0.44],"[3.403306007385254, 1.3091564178466797, -17.68322521209717]","[553.3460693359375, 554.8262939453125, 668.5862426757812, 669.857421875]"
6.6286935806274,"[-17.670236587524414, -21.905004501342773, -3.9549038410186768]","[-17.670236587524414, -21.905004501342773, -3.9549038410186768]","[-6.081213474273682, -5.824570178985596, 2.834582567214966]","[-6.081213474273682, -5.824570178985596, 2.834582567214966]","[0.0024992150720208883, 0.0032089343294501305, -0.9819925427436829, 0.18887615203857422]","[[-0.9286393025274691, 0.37096598524208646, -0.003696238790292211], [-0.3709339059739213, -0.92863120016036, -0.007246383415188684], [-0.006120603463456303, -0.00535821491150823, 0.9999669133289861]]","[0.008928207680583, 0.06444524973630905, 0.9249860644340515]",[0.0],"[0.0024992150720208883, 0.0032089343294501305, -0.9819925427436829, 0.18887615203857422]",[0.44],"[3.7293434143066406, 1.5485763549804688, -18.670313892364504]","[561.6575927734375, 562.8099975585938, 668.7879638671875, 669.857421875]"
6.6596183776855,"[-17.851667404174805, -22.079303741455078, -3.872213363647461]","[-17.851667404174805, -22.079303741455078, -3.872213363647461]","[-6.013974189758301, -5.794908046722412, 2.680727481842041]","[-6.013974189758301, -5.794908046722412, 2.680727481842041]","[0.0034146886318922043, 0.003226145636290312, -0.9793843626976013, 0.20195122063159943]","[[-0.9184082758245065, 0.3955977675942215, -0.005385537200744708], [-0.3955537024629052, -0.9184107799900789, -0.007698474250510623], [-0.007991633397481254, -0.004940072101360715, 0.9999558637717614]]","[0.00639894837513566, 0.05167494714260101, 0.8509413003921509]",[0.0],"[0.0034146886318922043, 0.003226145636290312, -0.9793843626976013, 0.20195122063159943]",[0.44],"[3.361964225769043, 1.4831066131591797, -17.502754268646243]","[541.3619995117188, 542.2420043945312, 669.0114135742188, 669.857421875]"
6.6906108856201,"[-18.031091690063477, -22.252696990966797, -3.7939417362213135]","[-18.031091690063477, -22.252696990966797, -3.7939417362213135]","[-5.9474921226501465, -5.7641754150390625, 2.5387864112854004]","[-5.9474921226501465, -5.7641754150390625, 2.5387864112854004]","[0.004149990621954203, 0.003247817512601614, -0.9768555760383606, 0.21383506059646606]","[[-0.9085147295116649, 0.4177988994167554, -0.006718888449898874], [-0.417744985767879, -0.9085280777187992, -0.008120124286520536], [-0.009496877468352594, -0.004570470302039165, 0.999944458518485]]","[0.0040954966098070145, 0.04131261259317398, 0.7682810425758362]",[0.0],"[0.004149990621954203, 0.003247817512601614, -0.9768555760383606, 0.21383506059646606]",[0.44],"[3.324103355407715, 1.5366315841674805, -16.907053527832034]","[533.2469482421875, 533.9459838867188, 669.157470703125, 669.857421875]"
6.7216126918793,"[-18.22616958618164, -22.44234275817871, -3.71268630027771]","[-18.22616958618164, -22.44234275817871, -3.71268630027771]","[-5.875297546386719, -5.729382038116455, 2.3850579261779785]","[-5.875297546386719, -5.729382038116455, 2.3850579261779785]","[0.00478742690756917, 0.0032789509277790785, -0.9742343425750732, 0.2254633903503418]","[[-0.898286611543744, 0.4393397512212252, -0.007849584625904793], [-0.4392769602696242, -0.898310947418161, -0.008547712206191549], [-0.010806718197782672, -0.004230154199651559, 0.9999326580488358]]","[0.001906871679238975, 0.032092466950416565, 0.6778099536895752]",[0.0],"[0.00478742690756917, 0.0032789509277790785, -0.9742343425750732, 0.2254633903503418]",[0.44],"[3.6097288131713867, 1.739668846130371, -17.496424255371096]","[540.1265258789062, 540.6940307617188, 669.2620849609375, 669.857421875]"
6.7536444664001,"[-18.401458740234375, -22.613744735717773, -3.643281936645508]","[-18.401458740234375, -22.613744735717773, -3.643281936645508]","[-5.810512065887451, -5.697048664093018, 2.2411046028137207]","[-5.810512065887451, -5.697048664093018, 2.2411046028137207]","[0.005241171922534704, 0.003314249450340867, -0.9720252156257629, 0.23479461669921875]","[[-0.8896880081234599, 0.45648731695197975, -0.00863276667759022], [-0.4564178347473261, -0.8897209793908649, -0.008904265978422782], [-0.011745438394943741, -0.003981870167997809, 0.9999230917349187]]","[0.0002752656873781234, 0.025506887584924698, 0.6019337177276611]",[0.0],"[0.005241171922534704, 0.003314249450340867, -0.9720252156257629, 0.23479461669921875]",[0.44],"[3.239274024963379, 1.616668701171875, -17.007666168212893]","[552.6781616210938, 553.0972900390625, 669.3934936523438, 669.857421875]"
6.7842299938202,"[-18.574817657470703, -22.784168243408203, -3.578256368637085]","[-18.574817657470703, -22.784168243408203, -3.578256368637085]","[-5.746536731719971, -5.6642351150512695, 2.093343496322632]","[-5.746536731719971, -5.6642351150512695, 2.093343496322632]","[0.005600012838840485, 0.0033556262496858835, -0.9699931144714355, 0.24304494261741638]","[[-0.8817958046990462, 0.47154142479215927, -0.00923281181065301], [-0.47146625859183694, -0.8818360045315812, -0.009231978312015388], [-0.012495083767854617, -0.003787759115724265, 0.9999147592573545]]","[-0.0010197183582931757, 0.02027440443634987, 0.5319780111312866]",[0.0],"[0.005600012838840485, 0.0033556262496858835, -0.9699931144714355, 0.24304494261741638]",[0.44],"[3.1987667083740234, 1.6406774520874023, -17.198055324554446]","[563.4140625, 563.7314453125, 669.4962768554688, 669.857421875]"
6.8158602714539,"[-18.763309478759766, -22.970491409301758, -3.5119094848632812]","[-18.763309478759766, -22.970491409301758, -3.5119094848632812]","[-5.677082061767578, -5.6277594566345215, 1.9268499612808228]","[-5.677082061767578, -5.6277594566345215, 1.9268499612808228]","[0.005907530430704355, 0.003406824544072151, -0.9679691791534424, 0.25097647309303284]","[[-0.8739518764889262, 0.4859152331327104, -0.009726549146629737], [-0.48583472945404566, -0.8739984614135574, -0.00956070461926653], [-0.01314668038070177, -0.003630100010514753, 0.9999069892614724]]","[-0.002092713490128517, 0.015732571482658386, 0.4614359736442566]",[0.0],"[0.005907530430704355, 0.003406824544072151, -0.9679691791534424, 0.25097647309303284]",[0.44],"[3.472733497619629, 1.8237829208374023, -18.134676752090456]","[574.1463012695312, 574.3902587890625, 669.5789794921875, 669.857421875]"
6.847024679184,"[-18.932689666748047, -23.13882827758789, -3.456413984298706]","[-18.932689666748047, -23.13882827758789, -3.456413984298706]","[-5.614762783050537, -5.594391345977783, 1.7735601663589478]","[-5.614762783050537, -5.594391345977783, 1.7735601663589478]","[0.006067828740924597, 0.003442102577537298, -0.966322124004364, 0.25724101066589355]","[[-0.8675805908209195, 0.4971971317932894, -0.00995605442232722], [-0.4971135874374927, -0.8676305317718693, -0.009774148543259475], [-0.013497854205772708, -0.003530570951807477, 0.9999026667684331]]","[-0.002755752531811595, -0.02554931491613388, 0.40329882502555847]",[0.0],"[0.006067828740924597, 0.003442102577537298, -0.966322124004364, 0.25724101066589355]",[0.44],"[3.115963935852051, 1.668405532836914, -17.474489746093752]","[570.5853881835938, 584.0795288085938, 658.0738525390625, 669.857421875]"
6.878054857254,"[-19.11687469482422, -23.322847366333008, -3.400254249572754]","[-19.11687469482422, -23.322847366333008, -3.400254249572754]","[-5.548509120941162, -5.558559894561768, 1.6387637853622437]","[-5.548509120941162, -5.558559894561768, 1.6387637853622437]","[0.00031037803273648024, 0.001902824267745018, -0.964728832244873, 0.26323848962783813]","[[-0.8614106810095006, 0.5079087025908425, 0.0004029318983841401], [-0.5079063402114311, -0.8614036321981593, -0.0038348257566801353], [-0.0016006544466894423, -0.0035080119784752922, 0.9999925658505657]]","[-0.029535558074712753, -0.879116415977478, 0.34959346055984497]",[0.0],"[0.00031037803273648024, 0.001902824267745018, -0.964728832244873, 0.26323848962783813]",[0.44],"[3.31268310546875, 1.7915725708007812, -16.549819049835207]","[499.38104248046875, 595.0062866210938, 570.7740478515625, 669.857421875]"
6.9090332984924,"[-19.282533645629883, -23.489171981811523, -3.352426052093506]","[-19.282533645629883, -23.489171981811523, -3.352426052093506]","[-5.497674465179443, -5.530829429626465, 1.5492252111434937]","[-5.497674465179443, -5.530829429626465, 1.5492252111434937]","[-0.023075511679053307, -0.003065637778490782, -0.9631485939025879, 0.2679605484008789]","[[-0.8553292241430421, 0.5163131331480684, 0.04280735329388019], [-0.5160301685066231, -0.8563753863515646, 0.01827198295983612], [0.04609323321517156, -0.006461324096763921, 0.9989162452515219]]","[-0.15094895660877228, -2.284224510192871, 0.3081737160682678]",[0.0],"[-0.023075511679053307, -0.003065637778490782, -0.9631485939025879, 0.2679605484008789]",[0.44],"[2.5417327880859375, 1.3865232467651367, -14.2869287109375]","[506.3687438964844, 599.8997802734375, 568.3040771484375, 669.857421875]"
6.939026594162,"[-19.446992874145508, -23.654829025268555, -3.3077473640441895]","[-19.446992874145508, -23.654829025268555, -3.3077473640441895]","[-5.4715352058410645, -5.515413284301758, 1.4208451509475708]","[-5.4715352058410645, -5.515413284301758, 1.4208451509475708]","[-0.061518993228673935, -0.010772564448416233, -0.9603503942489624, 0.2717103064060211]","[[-0.8447778557578656, 0.5231996343957727, 0.11230554522779695], [-0.5205487651183424, -0.8521149325240143, 0.05412156203012364], [0.12401361237602809, -0.012739815969688095, 0.9921987306546701]]","[-0.17670342326164246, -2.6205692291259766, 0.26524490118026733]",[0.0],"[-0.061518993228673935, -0.010772564448416233, -0.9603503942489624, 0.2717103064060211]",[0.44],"[1.3069629669189453, 0.7708072662353516, -16.229003009796145]","[599.4276123046875, 583.3569946289062, 666.4006958007812, 646.0455932617188]"
6.9700326919556,"[-19.611143112182617, -23.820270538330078, -3.2672295570373535]","[-19.611143112182617, -23.820270538330078, -3.2672295570373535]","[-5.476996898651123, -5.516275405883789, 1.2791190147399902]","[-5.476996898651123, -5.516275405883789, 1.2791190147399902]","[-0.09792449325323105, -0.01848411001265049, -0.9564079642295837, 0.2745049297809601]","[[-0.8301157127294729, 0.5286974963380373, 0.1771635718389003], [-0.5214573079131342, -0.8486108008413575, 0.08911821234421802], [0.19745948912324496, -0.018404812233039136, 0.9801382625962762]]","[-0.1395755410194397, -2.446261167526245, 0.22455264627933502]",[0.0],"[-0.09792449325323105, -0.01848411001265049, -0.9564079642295837, 0.2745049297809601]",[0.44],"[-0.2730846405029297, -0.0431060791015625, -16.89630681037903]","[604.2437133789062, 609.00537109375, 663.7635498046875, 668.5473022460938]"
7.0010375976562,"[-19.792377471923828, -24.002544403076172, -3.2272355556488037]","[-19.792377471923828, -24.002544403076172, -3.2272355556488037]","[-5.509667873382568, -5.5318779945373535, 1.1569249629974365]","[-5.509667873382568, -5.5318779945373535, 1.1569249629974365]","[-0.13529804348945618, -0.026659904047846794, -0.9510408043861389, 0.2765956223011017]","[[-0.8103787241825491, 0.5333215119604294, 0.24259989472296273], [-0.5188933805312682, -0.8455683443590178, 0.1255550062512183], [0.2720959457253701, -0.02413637988913231, 0.9619673778881697]]","[-0.11599431186914444, -2.073552370071411, 0.18443545699119568]",[0.0],"[-0.13529804348945618, -0.026659904047846794, -0.9510408043861389, 0.2765956223011017]",[0.44],"[-1.6335487365722656, -0.7801294326782227, -15.919702587127686]","[619.1305541992188, 574.6001586914062, 669.8502807617188, 626.24365234375]"
7.0318119525909,"[-19.958316802978516, -24.168834686279297, -3.1936569213867188]","[-19.958316802978516, -24.168834686279297, -3.1936569213867188]","[-5.555476188659668, -5.555303573608398, 1.0840901136398315]","[-5.555476188659668, -5.555303573608398, 1.0840901136398315]","[-0.1617126613855362, -0.032194584608078, -0.9463459253311157, 0.27792438864707947]","[[-0.7932142033377847, 0.5364377694109583, 0.28817691586341176], [-0.5156126815742619, -0.8434431904863975, 0.1508222130272996], [0.3239675568431988, -0.028953357180969697, 0.9456250477390404]]","[-0.13996706902980804, -1.6191763877868652, 0.1520395427942276]",[0.0],"[-0.1617126613855362, -0.032194584608078, -0.9463459253311157, 0.27792438864707947]",[0.44],"[-2.2904157638549805, -1.171278953552246, -13.45174246788025]","[628.1239624023438, 603.4451904296875, 669.857421875, 655.0294799804688]"
7.0619413852692,"[-20.125804901123047, -24.335920333862305, -3.161907911300659]","[-20.125804901123047, -24.335920333862305, -3.161907911300659]","[-5.6106696128845215, -5.5838422775268555, 1.0394647121429443]","[-5.6106696128845215, -5.5838422775268555, 1.0394647121429443]","[-0.18343576788902283, -0.035978369414806366, -0.9420028328895569, 0.2787249982357025]","[[-0.7773275604753973, 0.5383189155123369, 0.3255378841061307], [-0.5119200362283371, -0.8420360362259718, 0.17003971998545442], [0.36565016791279215, -0.034472816339476076, 0.9301137519864325]]","[-0.11926253139972687, -1.3526313304901123, 0.12223916500806808]",[0.0],"[-0.18343576788902283, -0.035978369414806366, -0.9420028328895569, 0.2787249982357025]",[0.44],"[-2.759671211242676, -1.4269351959228516, -12.04127007484436]","[623.161376953125, 608.1126098632812, 669.857421875, 646.1536865234375]"
7.0932154655457,"[-20.294984817504883, -24.50388526916504, -3.130955219268799]","[-20.294984817504883, -24.50388526916504, -3.130955219268799]","[-5.668471336364746, -5.613797187805176, 1.0281785726547241]","[-5.668471336364746, -5.613797187805176, 1.0281785726547241]","[-0.20102164149284363, -0.03950786963105202, -0.9380896687507629, 0.27931562066078186]","[[-0.7631461967594007, 0.5399300697354119, 0.3550823199055475], [-0.5081623225149345, -0.840843853930787, 0.18642081779012942], [0.3992229804134777, -0.03817312044916177, 0.9160588557774769]]","[-0.07526930421590805, -1.0891484022140503, 0.09570112824440002]",[0.0],"[-0.20102164149284363, -0.03950786963105202, -0.9380896687507629, 0.27931562066078186]",[0.44],"[-2.8900861740112305, -1.4977455139160156, -10.374306974411011]","[632.5115356445312, 615.8021240234375, 669.857421875, 654.241455078125]"
7.1252157688141,"[-20.483121871948242, -24.68970489501953, -3.096850872039795]","[-20.483121871948242, -24.68970489501953, -3.096850872039795]","[-5.733348369598389, -5.647773265838623, 1.0437628030776978]","[-5.733348369598389, -5.647773265838623, 1.0437628030776978]","[-0.21648304164409637, -0.04267123341560364, -0.9343919157981873, 0.2796892523765564]","[[-0.7498181729404312, 0.5411539495136166, 0.3806906372953005], [-0.5042035559115563, -0.8399063192569725, 0.2008392712206355], [0.42842937878328335, -0.04135264905792546, 0.902628517038623]]","[-0.053739577531814575, -0.8743293881416321, 0.06943535804748535]",[0.0],"[-0.21648304164409637, -0.04267123341560364, -0.9343919157981873, 0.2796892523765564]",[0.44],"[-3.243851661682129, -1.6988039016723633, -9.030788478851319]","[634.6231079101562, 624.0404052734375, 669.857421875, 656.0148315429688]"
7.1562139987946,"[-20.655994415283203, -24.859600067138672, -3.0650298595428467]","[-20.655994415283203, -24.859600067138672, -3.0650298595428467]","[-5.791120529174805, -5.678332805633545, 1.0806782245635986]","[-5.791120529174805, -5.678332805633545, 1.0806782245635986]","[-0.22775916755199432, -0.04522285237908363, -0.9315382242202759, 0.2798521816730499]","[[-0.7396171391215307, 0.5419858471441396, 0.3990213131830165], [-0.5007861702953923, -0.8392754031748848, 0.21173143106970116], [0.4496441687820758, -0.043224168672152175, 0.8921613104374444]]","[-0.03307807072997093, -0.7118257284164429, 0.04811741039156914]",[0.0],"[-0.22775916755199432, -0.04522285237908363, -0.9315382242202759, 0.2798521816730499]",[0.44],"[-2.888607978820801, -1.5279769897460938, -7.9642289257049566]","[640.0958251953125, 630.5987548828125, 669.857421875, 659.8575439453125]"
7.187216758728,"[-20.84813117980957, -25.047536849975586, -3.028433084487915]","[-20.84813117980957, -25.047536849975586, -3.028433084487915]","[-5.852949142456055, -5.71141242980957, 1.140315294265747]","[-5.852949142456055, -5.71141242980957, 1.140315294265747]","[-0.23769931495189667, -0.04760698974132538, -0.9289377927780151, 0.2798343598842621]","[[-0.7303836966470425, 0.5425297229255404, 0.41497161095196144], [-0.4972651275318003, -0.8388527743597831, 0.22148073523120804], [0.4682598969530831, -0.04458500734675841, 0.8824652203983367]]","[-0.019722627475857735, -0.5693563222885132, 0.02714942768216133]",[0.0],"[-0.23769931495189667, -0.04760698974132538, -0.9289377927780151, 0.2798343598842621]",[0.44],"[-3.0914306640625, -1.6539812088012695, -6.828146514892579]","[642.2007446289062, 634.7412109375, 669.857421875, 661.0883178710938]"
7.2182176113129,"[-21.02454376220703, -25.219324111938477, -2.9932336807250977]","[-21.02454376220703, -25.219324111938477, -2.9932336807250977]","[-5.907285690307617, -5.740799903869629, 1.2083683013916016]","[-5.907285690307617, -5.740799903869629, 1.2083683013916016]","[-0.24494151771068573, -0.04951450973749161, -0.9270047545433044, 0.2796679139137268]","[[-0.7235790032408724, 0.5427632901100681, 0.426428663712227], [-0.4942506534548612, -0.8386683240886126, 0.22880493846909022], [0.48181914229920775, -0.04520419468694836, 0.8751039324540834]]","[-0.0014972304925322533, -0.46455830335617065, 0.010161375626921654]",[0.0],"[-0.24494151771068573, -0.04951450973749161, -0.9270047545433044, 0.2796679139137268]",[0.44],"[-2.716827392578125, -1.4693737030029297, -6.407349643707276]","[642.9711303710938, 639.5389404296875, 669.857421875, 660.2953491210938]"
7.2502450942993,"[-21.220430374145508, -25.409290313720703, -2.951925039291382]","[-21.220430374145508, -25.409290313720703, -2.951925039291382]","[-5.9643168449401855, -5.772119998931885, 1.2963745594024658]","[-5.9643168449401855, -5.772119998931885, 1.2963745594024658]","[-0.25109001994132996, -0.05214179679751396, -0.9252530932426453, 0.2795386016368866]","[[-0.7176241070567129, 0.5434724812858349, 0.43549234533892256], [-0.4911033420951767, -0.8382789693384414, 0.2368674236670132], [0.49379492519336954, -0.0438899885704962, 0.8684700698251786]]","[0.0855025202035904, -0.37151992321014404, -0.0063422201201319695]",[0.0],"[-0.25109001994132996, -0.05214179679751396, -0.9252530932426453, 0.2795386016368866]",[0.44],"[-2.851557731628418, -1.566004753112793, -5.409687099456788]","[648.3836669921875, 643.494873046875, 669.857421875, 664.231201171875]"
7.2810406684875,"[-21.400156021118164, -25.582904815673828, -2.911808729171753]","[-21.400156021118164, -25.582904815673828, -2.911808729171753]","[-6.017215728759766, -5.801999092102051, 1.3787199258804321]","[-6.017215728759766, -5.801999092102051, 1.3787199258804321]","[-0.2554575800895691, -0.054519765079021454, -0.9239799976348877, 0.27933868765830994]","[[-0.7134228816272774, 0.5440616944319929, 0.44161642923672195], [-0.48835174541543847, -0.8379952225091714, 0.24346871516671342], [0.5025343477511748, -0.04196802553163792, 0.8635380399810194]]","[0.04305620491504669, -0.30251947045326233, -0.019823461771011353]",[0.0],"[-0.2554575800895691, -0.054519765079021454, -0.9239799976348877, 0.27933868765830994]",[0.44],"[-2.644944190979004, -1.4939546585083008, -5.692731676101685]","[649.2725219726562, 644.8126220703125, 669.857421875, 666.0872192382812]"
7.3120386600494,"[-21.581409454345703, -25.75739097595215, -2.8690547943115234]","[-21.581409454345703, -25.75739097595215, -2.8690547943115234]","[-6.064241886138916, -5.829249858856201, 1.475510597229004]","[-6.064241886138916, -5.829249858856201, 1.475510597229004]","[-0.25903186202049255, -0.056442294269800186, -0.9230017066001892, 0.27889910340309143]","[[-0.7102357659386009, 0.5440894019834619, 0.4466902908857573], [-0.4856079916578022, -0.8380593118573305, 0.24868017601160863], [0.5096571119492002, -0.040294840269786025, 0.8594335237515156]]","[0.05454292148351669, -0.24802669882774353, -0.040941573679447174]",[0.0],"[-0.25903186202049255, -0.056442294269800186, -0.9230017066001892, 0.27889910340309143]",[0.44],"[-2.3513078689575195, -1.3625383377075195, -4.970466432571412]","[625.9459838867188, 622.5498046875, 669.857421875, 666.251220703125]"
7.3440458774567,"[-21.782291412353516, -25.950210571289062, -2.8183858394622803]","[-21.782291412353516, -25.950210571289062, -2.8183858394622803]","[-6.108076095581055, -5.855405807495117, 1.5993212461471558]","[-6.108076095581055, -5.855405807495117, 1.5993212461471558]","[-0.2621634304523468, -0.05836143717169762, -0.9222766160964966, 0.2779751121997833]","[[-0.7080004278943011, 0.543340360827443, 0.45112834891179276], [-0.48213942252719755, -0.838647641729894, 0.2534005955598255], [0.5160204570955658, -0.038099040418859254, 0.855728556769423]]","[0.029480408877134323, -0.19813548028469086, -0.08078239113092422]",[0.0],"[-0.2621634304523468, -0.05836143717169762, -0.9222766160964966, 0.2779751121997833]",[0.44],"[-2.1917104721069336, -1.3077974319458008, -3.6194675540924077]","[603.1280517578125, 598.97216796875, 669.857421875, 668.0152587890625]"
7.3750612735748,"[-21.965925216674805, -26.126115798950195, -2.7682976722717285]","[-21.965925216674805, -26.126115798950195, -2.7682976722717285]","[-6.1324262619018555, -5.8708343505859375, 1.7422996759414673]","[-6.1324262619018555, -5.8708343505859375, 1.7422996759414673]","[-0.26442185044288635, -0.05990450829267502, -0.9220220446586609, 0.2763475179672241]","[[-0.7074264019006495, 0.5412771289702127, 0.45449662603209795], [-0.4779168852397313, -0.8400871316563556, 0.2566111985729522], [0.5207144747590089, -0.03567808969181652, 0.8529850697891453]]","[0.020845523104071617, -0.14650726318359375, -0.14868178963661194]",[0.0],"[-0.26442185044288635, -0.05990450829267502, -0.9220220446586609, 0.2763475179672241]",[0.44],"[-1.217508316040039, -0.7714271545410156, -2.6610785102844243]","[549.2836303710938, 537.8001098632812, 669.857421875, 662.4284057617188]"
7.4060456752777,"[-22.16800308227539, -26.31972312927246, -2.706824541091919]","[-22.16800308227539, -26.31972312927246, -2.706824541091919]","[-6.108541965484619, -5.859387397766113, 1.9930728673934937]","[-6.108541965484619, -5.859387397766113, 1.9930728673934937]","[-0.24973757565021515, -0.0575750432908535, -0.926730215549469, 0.2747497260570526]","[[-0.7242875560446178, 0.5379950491608477, 0.4312412598824815], [-0.480480442243192, -0.8423954982080244, 0.24394372555050348], [0.4945161693700213, -0.030517596433692784, 0.8686325153968188]]","[0.2401733696460724, 2.33132004737854, -0.2176552712917328]",[0.0],"[-0.24973757565021515, -0.0575750432908535, -0.926730215549469, 0.2747497260570526]",[0.44],"[1.1942148208618164, 0.5723476409912109, 2.728659572601318]","[536.4521484375, 420.9842834472656, 669.857421875, 536.2177734375]"
7.4380383491516,"[-22.35153579711914, -26.49569320678711, -2.6450467109680176]","[-22.35153579711914, -26.49569320678711, -2.6450467109680176]","[-6.1332807540893555, -5.875725269317627, 2.104206085205078]","[-6.1332807540893555, -5.875725269317627, 2.104206085205078]","[-0.21040643751621246, -0.051690347492694855, -0.9368681311607361, 0.2744729816913605]","[[-0.7607875744170514, 0.5360419425624257, 0.36587096419803933], [-0.4925380150827736, -0.843985528265748, 0.21235584305332367], [0.4226213794019693, -0.018647686035203392, 0.9061144780556413]]","[0.25906261801719666, 2.65303111076355, -0.2956148386001587]",[0.0],"[-0.21040643751621246, -0.051690347492694855, -0.9368681311607361, 0.2744729816913605]",[0.44],"[-1.2369394302368164, -0.8168935775756836, -4.253339109420777]","[503.8043518066406, 527.9183349609375, 616.9834594726562, 668.1839599609375]"
7.4687275886536,"[-22.554655075073242, -26.690067291259766, -2.575016975402832]","[-22.554655075073242, -26.690067291259766, -2.575016975402832]","[-6.179002285003662, -5.905693054199219, 2.1217076778411865]","[-6.179002285003662, -5.905693054199219, 2.1217076778411865]","[-0.1708967685699463, -0.04399959370493889, -0.9460752606391907, 0.2716614603996277]","[[-0.7939887260794245, 0.5290631506715311, 0.29945642196866684], [-0.49898559714127266, -0.8485282086023247, 0.1761059856194147], [0.3472683975001627, -0.009598277289740498, 0.9377166604923011]]","[0.11463615298271179, 2.443171501159668, -0.38416099548339844]",[0.0],"[-0.1708967685699463, -0.04399959370493889, -0.9460752606391907, 0.2716614603996277]",[0.44],"[-2.286076545715332, -1.4983892440795898, -8.93492036819458]","[540.752685546875, 531.64453125, 668.3408813476562, 663.9100341796875]"
7.4997172355652,"[-22.74060821533203, -26.86763572692871, -2.5119049549102783]","[-22.74060821533203, -26.86763572692871, -2.5119049549102783]","[-6.214044570922852, -5.9300312995910645, 2.083963632583618]","[-6.214044570922852, -5.9300312995910645, 2.083963632583618]","[-0.13677607476711273, -0.03711003437638283, -0.9531310796737671, 0.2673132121562958]","[[-0.8196720193829945, 0.5197205907001344, 0.2408910506478732], [-0.4994175313542374, -0.8543330993375595, 0.1438655580480379], [0.280571060617399, -0.002382649520468405, 0.9598303014397698]]","[0.09721273183822632, 2.130671262741089, -0.4633072316646576]",[0.0],"[-0.13677607476711273, -0.03711003437638283, -0.9531310796737671, 0.2673132121562958]",[0.44],"[-1.7521142959594727, -1.2169122695922852, -11.697202262878418]","[488.6459655761719, 531.3758544921875, 625.4044799804688, 669.8477172851562]"
7.5297155380249,"[-22.927322387695312, -27.04578399658203, -2.4501142501831055]","[-22.927322387695312, -27.04578399658203, -2.4501142501831055]","[-6.230935096740723, -5.944914817810059, 2.030829906463623]","[-6.230935096740723, -5.944914817810059, 2.030829906463623]","[-0.10938914865255356, -0.031532809138298035, -0.9585656523704529, 0.26113516092300415]","[[-0.8396848559130885, 0.5075290860665691, 0.19324471090339923], [-0.49373169748152157, -0.8616281914946446, 0.11758324139868126], [0.22618201165813456, 0.0033218296522212754, 0.9740793922098344]]","[0.03851594030857086, 1.6570981740951538, -0.5515337586402893]",[0.0],"[-0.10938914865255356, -0.031532809138298035, -0.9585656523704529, 0.26113516092300415]",[0.44],"[-0.8445262908935547, -0.744175910949707, -12.466686305999756]","[487.38653564453125, 515.9937744140625, 640.2307739257812, 669.857421875]"
7.5607168674469,"[-23.11435317993164, -27.22428321838379, -2.390331745147705]","[-23.11435317993164, -27.22428321838379, -2.390331745147705]","[-6.235527515411377, -5.953841686248779, 1.950782060623169]","[-6.235527515411377, -5.953841686248779, 1.950782060623169]","[-0.08738359063863754, -0.02696254290640354, -0.963073194026947, 0.25323355197906494]","[[-0.8564739115464903, 0.49247705910235373, 0.15465794646263875], [-0.4830527238547142, -0.8702917379323329, 0.09619071871613083], [0.1819692285049448, 0.0076768905477038185, 0.9832742587342387]]","[0.01227573025971651, 1.359184980392456, -0.6404510140419006]",[0.0],"[-0.08738359063863754, -0.02696254290640354, -0.963073194026947, 0.25323355197906494]",[0.44],"[-0.22962093353271484, -0.44634342193603516, -13.812392292022706]","[506.8680725097656, 527.2295532226562, 648.0770874023438, 669.857421875]"
7.5927176475525,"[-23.320024490356445, -27.42083740234375, -2.3276875019073486]","[-23.320024490356445, -27.42083740234375, -2.3276875019073486]","[-6.2264885902404785, -5.957006454467773, 1.8428149223327637]","[-6.2264885902404785, -5.957006454467773, 1.8428149223327637]","[-0.06779097765684128, -0.022820791229605675, -0.967436671257019, 0.2427961230278015]","[[-0.8729090028104136, 0.4728738336089672, 0.12008535626123673], [-0.4666856586155367, -0.8810586590890637, 0.07707411370793293], [0.14224855480113718, 0.01123656750255142, 0.9897671896719688]]","[-0.01649036444723606, 1.0755698680877686, -0.7311049103736877]",[0.0],"[-0.06779097765684128, -0.022820791229605675, -0.967436671257019, 0.2427961230278015]",[0.44],"[0.4519462585449219, -0.15823841094970703, -15.208356914520264]","[523.2593383789062, 539.8980712890625, 651.5145263671875, 669.857421875]"
7.6227235794067,"[-23.506553649902344, -27.599531173706055, -2.2740488052368164]","[-23.506553649902344, -27.599531173706055, -2.2740488052368164]","[-6.206873893737793, -5.954803466796875, 1.7311575412750244]","[-6.206873893737793, -5.954803466796875, 1.7311575412750244]","[-0.053547270596027374, -0.01969464123249054, -0.9710671305656433, 0.23189131915569305]","[[-0.8867185019165373, 0.452473264357937, 0.09486195614321202], [-0.4482548872244656, -0.8916773645065525, 0.06308393192970807], [0.11313002148601337, 0.013415343066909502, 0.9934896218368786]]","[-0.032783690840005875, 0.8710865378379822, -0.8073089718818665]",[0.0],"[-0.053547270596027374, -0.01969464123249054, -0.9710671305656433, 0.23189131915569305]",[0.44],"[0.9807348251342773, 0.11014938354492188, -15.392869052886963]","[535.2789306640625, 548.7760009765625, 654.910400390625, 669.857421875]"
7.6538417339325,"[-23.692352294921875, -27.77809715270996, -2.2238965034484863]","[-23.692352294921875, -27.77809715270996, -2.2238965034484863]","[-6.177760601043701, -5.948701858520508, 1.6112357378005981]","[-6.177760601043701, -5.948701858520508, 1.6112357378005981]","[-0.04198252782225609, -0.01706157624721527, -0.9744976758956909, 0.21977438032627106]","[[-0.8998736354202852, 0.4297718218977141, 0.07432435688778716], [-0.4269066694997531, -0.9028165059368991, 0.05170630087339034], [0.0893231462762718, 0.01479956472672328, 0.9958927399472279]]","[-0.04446430876851082, 0.7056753635406494, -0.878630518913269]",[0.0],"[-0.04198252782225609, -0.01706157624721527, -0.9744976758956909, 0.21977438032627106]",[0.44],"[1.4556646347045898, 0.3050804138183594, -15.806090173721314]","[547.0709838867188, 557.8038940429688, 657.7819213867188, 669.857421875]"
7.6838421821594,"[-23.877147674560547, -27.956432342529297, -2.1774423122406006]","[-23.877147674560547, -27.956432342529297, -2.1774423122406006]","[-6.140594959259033, -5.939731121063232, 1.484442949295044]","[-6.140594959259033, -5.939731121063232, 1.484442949295044]","[-0.03261080011725426, -0.014826524071395397, -0.9777817130088806, 0.2065422534942627]","[[-0.9125538082212412, 0.40487348648652116, 0.05764788061609227], [-0.4029394672348174, -0.9142410851577369, 0.04246522449793011], [0.06989709538886402, 0.015523191920055468, 0.9974334197993456]]","[-0.05122432857751846, 0.5707833766937256, -0.9448456764221191]",[0.0],"[-0.03261080011725426, -0.014826524071395397, -0.9777817130088806, 0.2065422534942627]",[0.44],"[1.8582820892333984, 0.44853687286376953, -16.149639425277712]","[560.4532470703125, 568.9227905273438, 660.4207763671875, 669.857421875]"
7.7158091068268,"[-24.079010009765625, -28.152254104614258, -2.130864381790161]","[-24.079010009765625, -28.152254104614258, -2.130864381790161]","[-6.092000484466553, -5.927730560302734, 1.3370370864868164]","[-6.092000484466553, -5.927730560302734, 1.3370370864868164]","[-0.02433636412024498, -0.01275108102709055, -0.9812413454055786, 0.19081556797027588]","[[-0.9259943360014189, 0.3750928791805703, 0.042893483806419885], [-0.3738516193773622, -0.9268536731038863, 0.034311290088667734], [0.05262590288009705, 0.015736261520923778, 0.9984903026280948]]","[-0.054593268781900406, 0.45181015133857727, -1.011360764503479]",[0.0],"[-0.02433636412024498, -0.01275108102709055, -0.9812413454055786, 0.19081556797027588]",[0.44],"[2.4297237396240234, 0.6000280380249023, -17.18029314041138]","[572.5068969726562, 579.2742919921875, 662.3805541992188, 669.857421875]"
7.7468402385712,"[-24.261037826538086, -28.329914093017578, -2.0928478240966797]","[-24.261037826538086, -28.329914093017578, -2.0928478240966797]","[-6.041998386383057, -5.9158148765563965, 1.1962536573410034]","[-6.041998386383057, -5.9158148765563965, 1.1962536573410034]","[-0.018306825309991837, -0.011152914725244045, -0.9842370748519897, 0.17555014789104462]","[[-0.9376940140401397, 0.34597427702337646, 0.03212072072699987], [-0.34515757917708734, -0.9381155187322636, 0.028381756111664935], [0.039952304044731074, 0.015526692549326593, 0.9990809452804017]]","[-0.05472921207547188, 0.3646228313446045, -1.0663272142410278]",[0.0],"[-0.018306825309991837, -0.011152914725244045, -0.9842370748519897, 0.17555014789104462]",[0.44],"[2.5001049041748047, 0.5957841873168945, -16.84917145729065]","[581.7627563476562, 587.4130859375, 663.7418823242188, 669.857421875]"
7.7784700393677,"[-24.45945167541504, -28.524921417236328, -2.0561187267303467]","[-24.45945167541504, -28.524921417236328, -2.0561187267303467]","[-5.98199462890625, -5.902781009674072, 1.0253310203552246]","[-5.98199462890625, -5.902781009674072, 1.0253310203552246]","[-0.012990457937121391, -0.009662291966378689, -0.9873321056365967, 0.1578393280506134]","[[-0.9498360934136785, 0.3119307074276862, 0.022601613033679302], [-0.3114286370382245, -0.9499868776364238, 0.023180592448610482], [0.02870197171928751, 0.01497897184115049, 0.9994757762330807]]","[-0.0526321642100811, 0.2870344817638397, -1.1124283075332642]",[0.0],"[-0.012990457937121391, -0.009662291966378689, -0.9873321056365967, 0.1578393280506134]",[0.44],"[3.000187873840332, 0.6516933441162109, -18.356131849288943]","[614.2680053710938, 618.7267456054688, 664.99072265625, 669.857421875]"
7.8103923797607,"[-24.638051986694336, -28.701841354370117, -2.0279386043548584]","[-24.638051986694336, -28.701841354370117, -2.0279386043548584]","[-5.923840045928955, -5.891793727874756, 0.8487274050712585]","[-5.923840045928955, -5.891793727874756, 0.8487274050712585]","[-0.009132914245128632, -0.008512305095791817, -0.9899064898490906, 0.14117130637168884]","[[-0.9599746359667831, 0.2796482690205546, 0.01567807570376145], [-0.2793373004106816, -0.959996537535913, 0.01943138298573044], [0.02048484862619071, 0.014274161245868777, 0.9996882610786946]]","[-0.049197349697351456, 0.2298642098903656, -1.1348282098770142]",[0.0],"[-0.009132914245128632, -0.008512305095791817, -0.9899064898490906, 0.14117130637168884]",[0.44],"[2.907729148864746, 0.5493640899658203, -18.640180764198305]","[650.651611328125, 654.1614379882812, 666.0535888671875, 669.857421875]"
7.8416774272919,"[-24.832443237304688, -28.89609146118164, -2.0034000873565674]","[-24.832443237304688, -28.89609146118164, -2.0034000873565674]","[-5.8566575050354, -5.880843162536621, 0.6378236413002014]","[-5.8566575050354, -5.880843162536621, 0.6378236413002014]","[-0.005749889649450779, -0.007440892513841391, -0.9924175143241882, 0.12255240231752396]","[[-0.9698957792376057, 0.24333186958652606, 0.009588783881177156], [-0.24316073234313398, -0.9698511679367625, 0.016178269685081584], [0.013236380893008125, 0.01335961852667815, 0.9998231437752332]]","[-0.04417722672224045, 0.18038925528526306, -1.1440504789352417]",[0.0],"[-0.005749889649450779, -0.007440892513841391, -0.9924175143241882, 0.12255240231752396]",[0.44],"[3.3591270446777344, 0.5475282669067383, -20.35518818855286]","[656.9886474609375, 659.7449951171875, 667.0494995117188, 669.857421875]"
7.8727095127106,"[-25.00719451904297, -29.0723819732666, -1.9871609210968018]","[-25.00719451904297, -29.0723819732666, -1.9871609210968018]","[-5.793275833129883, -5.871781826019287, 0.4473874270915985]","[-5.793275833129883, -5.871781826019287, 0.4473874270915985]","[-0.0032888138666749, -0.00661979615688324, -0.9943918585777283, 0.10549977421760559]","[[-0.9777179802136549, 0.20985977568234168, 0.005143965466962608], [-0.2097726905727604, -0.9776519694046368, 0.01385928104845352], [0.007937513466633628, 0.01247140456694179, 0.9998907240043834]]","[-0.03905554115772247, 0.14464683830738068, -1.1414754390716553]",[0.0],"[-0.0032888138666749, -0.00661979615688324, -0.9943918585777283, 0.10549977421760559]",[0.44],"[3.169083595275879, 0.4530668258666992, -19.331810710430148]","[666.445556640625, 668.8048095703125, 645.6471557617188, 648.0464477539062]"
7.9036846160889,"[-25.18002700805664, -29.2484130859375, -1.9764140844345093]","[-25.18002700805664, -29.2484130859375, -1.9764140844345093]","[-5.728394985198975, -5.863499164581299, 0.27069926261901855]","[-5.728394985198975, -5.863499164581299, 0.27069926261901855]","[-0.0012991521507501602, -0.005924889352172613, -0.9960468411445618, 0.08862277865409851]","[[-0.9842888281357907, 0.1765602721292267, 0.001537872476626484], [-0.17652948279824737, -0.9842219951007414, 0.012033203593713016], [0.0036381931070569584, 0.011572665699737306, 0.9999264157797074]]","[-0.0337853878736496, 0.11568905413150787, -1.119425892829895]",[0.0],"[-0.0012991521507501602, -0.005924889352172613, -0.9960468411445618, 0.08862277865409851]",[0.44],"[3.24404239654541, 0.41413307189941406, -18.644408223629]","[667.917236328125, 669.856689453125, 625.2781372070312, 627.1497802734375]"
7.9346768856049,"[-25.367876052856445, -29.441776275634766, -1.9705233573913574]","[-25.367876052856445, -29.441776275634766, -1.9705233573913574]","[-5.656116008758545, -5.85538911819458, 0.08732346445322037]","[-5.656116008758545, -5.85538911819458, 0.08732346445322037]","[0.0004444668593350798, -0.005287962965667248, -0.9974980354309082, 0.07049543410539627]","[[-0.9900605864816954, 0.14063341340538038, -0.0016322641275977184], [-0.14064281470254691, -0.9900050564786209, 0.01048679957098038], [-0.0001411551484058332, 0.010612131107757534, 0.9999436797937694]]","[-0.029587548226118088, 0.08990146964788437, -1.0849828720092773]",[0.0],"[0.0004444668593350798, -0.005287962965667248, -0.9974980354309082, 0.07049543410539627]",[0.44],"[3.6139488220214844, 0.4055023193359375, -18.97878990828991]","[669.0250854492188, 669.857421875, 618.5732421875, 620.8556518554688]"
7.9666776657104,"[-25.53657341003418, -29.617338180541992, -1.9703744649887085]","[-25.53657341003418, -29.617338180541992, -1.9703744649887085]","[-5.59014892578125, -5.848905086517334, -0.07523201406002045]","[-5.59014892578125, -5.848905086517334, -0.07523201406002045]","[0.001694362610578537, -0.004695989657193422, -0.9985007643699646, 0.05451030656695366]","[[-0.994051657532528, 0.10884125212769903, -0.00389560439526283], [-0.10887307896487829, -0.9940132946241194, 0.00919317807368572], [-0.0028716850518674016, 0.0095626189750386, 0.9999501536329668]]","[-0.03240397945046425, 0.07135119289159775, -1.0495942831039429]",[0.0],"[0.001694362610578537, -0.004695989657193422, -0.9985007643699646, 0.05451030656695366]",[0.44],"[3.298354148864746, 0.3242015838623047, -17.937773925662043]","[668.0300903320312, 669.857421875, 594.4705810546875, 594.9642944335938]"
7.9966835975647,"[-25.703292846679688, -29.79271697998047, -1.9748018980026245]","[-25.703292846679688, -29.79271697998047, -1.9748018980026245]","[-5.524419784545898, -5.842953205108643, -0.21791918575763702]","[-5.524419784545898, -5.842953205108643, -0.21791918575763702]","[0.002699143486097455, -0.004227288533002138, -0.9992198348045349, 0.03917407989501953]","[[-0.9969162964702867, 0.07826421516602672, -0.005725275694046322], [-0.07830985539925756, -0.9968951272847211, 0.008236508174089996], [-0.00506287513912182, 0.008659454024380009, 0.9999496893122004]]","[-0.021770495921373367, 0.05650666356086731, -0.9962505102157593]",[0.0],"[0.002699143486097455, -0.004227288533002138, -0.9992198348045349, 0.03917407989501953]",[0.44],"[3.286457061767578, 0.2975940704345703, -16.94435858488083]","[668.7180786132812, 669.857421875, 578.734130859375, 579.6939086914062]"
8.0276789665222,"[-25.884418487548828, -29.985437393188477, -1.9843374490737915]","[-25.884418487548828, -29.985437393188477, -1.9843374490737915]","[-5.452917098999023, -5.836971759796143, -0.3526063561439514]","[-5.452917098999023, -5.836971759796143, -0.3526063561439514]","[0.0024614627473056316, -0.0038630820345133543, -0.9997182488441467, 0.023291653022170067]","[[-0.9989030009496254, 0.04655116347898319, -0.005101493587351105], [-0.046589198809054155, -0.9988852717417274, 0.007609324140895468], [-0.004741583321974849, 0.007838650285844429, 0.9999580355966765]]","[-0.004444836173206568, -0.207304447889328, -0.9289242625236511]",[0.0],"[0.0024614627473056316, -0.0038630820345133543, -0.9997182488441467, 0.023291653022170067]",[0.44],"[3.57513427734375, 0.299072265625, -16.544358519315722]","[634.4149780273438, 669.857421875, 533.4132690429688, 567.9395141601562]"
8.0587089061737,"[-26.047073364257812, -30.160476684570312, -1.9962711334228516]","[-26.047073364257812, -30.160476684570312, -1.9962711334228516]","[-5.391530990600586, -5.832098960876465, -0.43946027755737305]","[-5.391530990600586, -5.832098960876465, -0.43946027755737305]","[-0.004690784029662609, -0.004667714703828096, -0.9999293088912964, 0.009878639131784439]","[[-0.999760820680764, 0.019799672082838938, 0.009288683527619242], [-0.019712091116487983, -0.9997612524692772, 0.00942744660114949], [0.00947312620413621, 0.009242092350452792, 0.9999124179692614]]","[0.13611659407615662, -0.7524150609970093, -0.8541539907455444]",[0.0],"[-0.004690784029662609, -0.004667714703828096, -0.9999293088912964, 0.009878639131784439]",[0.44],"[3.069305419921875, 0.24363994598388672, -14.152696070671082]","[607.4629516601562, 669.857421875, 488.0586242675781, 519.41796875]"
8.0896778106689,"[-26.2080078125, -30.335391998291016, -2.0105366706848145]","[-26.2080078125, -30.335391998291016, -2.0105366706848145]","[-5.33902645111084, -5.829158782958984, -0.5089160203933716]","[-5.33902645111084, -5.829158782958984, -0.5089160203933716]","[-0.020112954080104828, -0.008984467014670372, -0.9997545480728149, -0.0023691963870078325]","[[-0.9991797540796323, -0.00437582138137696, 0.04025860656710966], [0.0050986380713780866, -0.9998273746282136, 0.017869220443576504], [0.040173462699948266, 0.01805982659613106, 0.9990294968612677]]","[0.43278834223747253, -1.3430824279785156, -0.7722033262252808]",[0.0],"[-0.020112954080104828, -0.008984467014670372, -0.9997545480728149, -0.0023691963870078325]",[0.44],"[2.6252269744873047, 0.14700889587402344, -13.282787141799927]","[602.207275390625, 669.857421875, 483.02374267578125, 513.6153564453125]"
8.1206889152527,"[-26.383460998535156, -30.527767181396484, -2.028291940689087]","[-26.383460998535156, -30.527767181396484, -2.028291940689087]","[-5.298028945922852, -5.83103609085083, -0.563653290271759]","[-5.298028945922852, -5.83103609085083, -0.563653290271759]","[-0.04874343425035477, -0.019830400124192238, -0.998511016368866, -0.01437506265938282]","[[-0.9948349891581425, -0.026774113243549363, 0.09791183863795325], [0.03064052046199653, -0.9988003443850086, 0.03820036612285224], [0.09677158566056968, 0.04100312580918167, 0.9944616656967915]]","[0.8568965792655945, -2.1484079360961914, -0.6783362030982971]",[0.0],"[-0.04874343425035477, -0.019830400124192238, -0.998511016368866, -0.01437506265938282]",[0.44],"[2.049875259399414, -0.09386539459228516, -12.546863493919373]","[597.87939453125, 669.857421875, 474.55743408203125, 505.45111083984375]"
8.1517584323883,"[-26.542144775390625, -30.702831268310547, -2.0460329055786133]","[-26.542144775390625, -30.702831268310547, -2.0460329055786133]","[-5.284232139587402, -5.840925693511963, -0.6129889488220215]","[-5.284232139587402, -5.840925693511963, -0.6129889488220215]","[-0.08142378181219101, -0.03345734253525734, -0.9958332180976868, -0.023811938241124153]","[[-0.985606384072633, -0.04197699145839101, 0.1637623816917595], [0.052873884892817136, -0.9966272610227884, 0.06275815004402255], [0.1605756449951128, 0.07051358229950519, 0.9845015479717584]]","[0.8585836291313171, -2.009509325027466, -0.5873929858207703]",[0.0],"[-0.08142378181219101, -0.03345734253525734, -0.9958332180976868, -0.023811938241124153]",[0.44],"[0.6898403167724609, -0.4944801330566406, -12.276782927513123]","[669.5956420898438, 612.9569702148438, 523.8091430664062, 486.2565612792969]"
8.1827507019043,"[-26.71654510498047, -30.89585304260254, -2.0665483474731445]","[-26.71654510498047, -30.89585304260254, -2.0665483474731445]","[-5.288364887237549, -5.858275890350342, -0.6269192695617676]","[-5.288364887237549, -5.858275890350342, -0.6269192695617676]","[-0.10940464586019516, -0.045277439057826996, -0.9924275279045105, -0.03268326446413994]","[[-0.9739248892605863, -0.05496441834083521, 0.22011199349457572], [0.07477866708314773, -0.9937635493569053, 0.08271775187950409], [0.21419273543463196, 0.09702055577652141, 0.9719611539531401]]","[0.6032952070236206, -1.4468286037445068, -0.49739766120910645]",[0.0],"[-0.10940464586019516, -0.045277439057826996, -0.9924275279045105, -0.03268326446413994]",[0.44],"[-0.20663738250732422, -0.8675098419189453, -10.506516036987305]","[669.8571166992188, 622.8394775390625, 538.8027954101562, 502.6378479003906]"
8.2147517204285,"[-26.8753604888916, -31.071868896484375, -2.0850536823272705]","[-26.8753604888916, -31.071868896484375, -2.0850536823272705]","[-5.299013614654541, -5.875740051269531, -0.5987010598182678]","[-5.299013614654541, -5.875740051269531, -0.5987010598182678]","[-0.12573513388633728, -0.05243799835443497, -0.9898885488510132, -0.0395176075398922]","[[-0.9652581656355688, -0.06504945687580266, 0.2530719869229647], [0.09142265185110832, -0.9913773260795598, 0.09387804484165474], [0.24478308996637238, 0.11375305154123905, 0.9628818648703302]]","[0.2500993013381958, -0.7207570672035217, -0.42586109042167664]",[0.0],"[-0.12573513388633728, -0.05243799835443497, -0.9898885488510132, -0.0395176075398922]",[0.44],"[-0.5324363708496094, -0.8732080459594727, -8.399089512825013]","[669.857421875, 592.0847778320312, 531.5062255859375, 509.19903564453125]"
8.2457568645477,"[-27.050188064575195, -31.265989303588867, -2.1029367446899414]","[-27.050188064575195, -31.265989303588867, -2.1029367446899414]","[-5.294492244720459, -5.887988567352295, -0.4780611991882324]","[-5.294492244720459, -5.887988567352295, -0.4780611991882324]","[-0.12060999125242233, -0.04907313361763954, -0.9904041886329651, -0.046311281621456146]","[[-0.9666172586095532, -0.07989635416499713, 0.24345056047679642], [0.10357119503040696, -0.9908944537032625, 0.08603326762600616], [0.234360001632741, 0.10837568071101533, 0.9660901151340718]]","[-0.8018295764923096, 1.5012449026107788, -0.3682103157043457]",[0.0],"[-0.12060999125242233, -0.04907313361763954, -0.9904041886329651, -0.046311281621456146]",[0.44],"[0.22606849670410156, -0.6124258041381836, -3.7780069684982305]","[669.857421875, 421.5589904785156, 533.6341552734375, 388.154052734375]"
8.2767522335052,"[-27.209218978881836, -31.442880630493164, -2.1170437335968018]","[-27.209218978881836, -31.442880630493164, -2.1170437335968018]","[-5.306642055511475, -5.904388427734375, -0.4722742438316345]","[-5.306642055511475, -5.904388427734375, -0.4722742438316345]","[-0.09306827932596207, -0.039228033274412155, -0.993557870388031, -0.0514034777879715]","[[-0.9773921608091556, -0.09484288872672858, 0.18897035748973667], [0.10944643095949308, -0.9916378928533893, 0.06838257594107788], [0.18090452814138847, 0.08751870885746516, 0.9795989135774527]]","[-0.5990288853645325, 1.6150639057159424, -0.30460575222969055]",[0.0],"[-0.09306827932596207, -0.039228033274412155, -0.993557870388031, -0.0514034777879715]",[0.44],"[-0.6074905395507812, -0.8199930191040039, -9.520652232170105]","[579.2374267578125, 669.2158203125, 507.18096923828125, 553.8607177734375]"
8.3073680400848,"[-27.368511199951172, -31.62024688720703, -2.1317331790924072]","[-27.368511199951172, -31.62024688720703, -2.1317331790924072]","[-5.312533855438232, -5.919872760772705, -0.5206702351570129]","[-5.312533855438232, -5.919872760772705, -0.5206702351570129]","[-0.07395456731319427, -0.03326571360230446, -0.9951637387275696, -0.05543788522481918]","[[-0.9829149491594098, -0.10541924334331576, 0.15088216903196877], [0.11525984916660803, -0.9916402898094323, 0.058009894210699686], [0.14350544578154373, 0.0744094334689398, 0.9868482285440954]]","[-0.46927541494369507, 1.0125598907470703, -0.24535129964351654]",[0.0],"[-0.07395456731319427, -0.03326571360230446, -0.9951637387275696, -0.05543788522481918]",[0.44],"[-0.2945899963378906, -0.7742166519165039, -12.229799566268921]","[664.120361328125, 669.8565673828125, 569.307861328125, 581.9295654296875]"
8.3393733501434,"[-27.543865203857422, -31.81587791442871, -2.150615692138672]","[-27.543865203857422, -31.81587791442871, -2.150615692138672]","[-5.312549114227295, -5.935427188873291, -0.6261084079742432]","[-5.312549114227295, -5.935427188873291, -0.6261084079742432]","[-0.057573966681957245, -0.026942213997244835, -0.9962343573570251, -0.058961860835552216]","[[-0.9864175553472765, -0.11437732281413035, 0.11789145354040334], [0.1205820033381925, -0.9915953128361199, 0.046892182072136745], [0.11153720125117447, 0.06047085491714588, 0.991918710930863]]","[-0.3978145122528076, 0.9056975245475769, -0.18370677530765533]",[0.0],"[-0.057573966681957245, -0.026942213997244835, -0.9962343573570251, -0.058961860835552216]",[0.44],"[-0.000762939453125, -0.7777214050292969, -15.081908640861512]","[648.9367065429688, 669.857421875, 579.9020385742188, 587.4159545898438]"
8.3713660240173,"[-27.70311737060547, -31.994117736816406, -2.171056032180786]","[-27.70311737060547, -31.994117736816406, -2.171056032180786]","[-5.302852630615234, -5.946604251861572, -0.7429953217506409]","[-5.302852630615234, -5.946604251861572, -0.7429953217506409]","[-0.04522858187556267, -0.02257603034377098, -0.9968357086181641, -0.06134537234902382]","[[-0.9883822142447203, -0.1202603517583117, 0.09294080090264531], [0.12434467910562544, -0.9914541091895035, 0.039460058019086836], [0.08740106095223935, 0.05055831480298564, 0.9948893964708854]]","[-0.31938040256500244, 0.6987283825874329, -0.1429699957370758]",[0.0],"[-0.04522858187556267, -0.02257603034377098, -0.9968357086181641, -0.06134537234902382]",[0.44],"[0.48482418060302734, -0.5588531494140625, -15.654345688819886]","[655.1817016601562, 669.857421875, 609.3126220703125, 621.000732421875]"
8.4014055728912,"[-27.861980438232422, -32.172664642333984, -2.195509195327759]","[-27.861980438232422, -32.172664642333984, -2.195509195327759]","[-5.286586284637451, -5.956006050109863, -0.8928689956665039]","[-5.286586284637451, -5.956006050109863, -0.8928689956665039]","[-0.03547155484557152, -0.018806444481015205, -0.9971877336502075, -0.06328295916318893]","[[-0.9894741169929095, -0.12487579359952096, 0.07312385368720273], [0.12754416890695508, -0.9912832146911992, 0.033017621586589774], [0.06836334385481527, 0.04199660141357825, 0.9967761728856402]]","[-0.2669287323951721, 0.5742335915565491, -0.122747503221035]",[0.0],"[-0.03547155484557152, -0.018806444481015205, -0.9971877336502075, -0.06328295916318893]",[0.44],"[0.8133172988891602, -0.4700899124145508, -17.303683695793154]","[658.664794921875, 669.857421875, 653.581787109375, 657.2456665039062]"
8.433403968811,"[-28.036043167114258, -32.36935806274414, -2.2280914783477783]","[-28.036043167114258, -32.36935806274414, -2.2280914783477783]","[-5.26112174987793, -5.964046001434326, -1.0833442211151123]","[-5.26112174987793, -5.964046001434326, -1.0833442211151123]","[-0.02673151157796383, -0.015524093993008137, -0.9973899722099304, -0.06525106728076935]","[[-0.990055508318459, -0.12933155536704669, 0.055349410582971076], [0.13099148536029268, -0.9910026607523372, 0.0274786320315607], [0.05129755577652803, 0.03445567067352223, 0.9980888575889069]]","[-0.21360987424850464, 0.45522570610046387, -0.12005727738142014]",[0.0],"[-0.02673151157796383, -0.015524093993008137, -0.9973899722099304, -0.06525106728076935]",[0.44],"[1.2732267379760742, -0.40199756622314453, -19.333761272430422]","[661.4039916992188, 669.857421875, 661.3593139648438, 666.311279296875]"
8.4644100666046,"[-28.19344711303711, -32.54836654663086, -2.2632670402526855]","[-28.19344711303711, -32.54836654663086, -2.2632670402526855]","[-5.2311577796936035, -5.969128608703613, -1.2621433734893799]","[-5.2311577796936035, -5.969128608703613, -1.2621433734893799]","[-0.020356744527816772, -0.013046810403466225, -0.997458279132843, -0.06702525168657303]","[[-0.9901864757447132, -0.1331786032388972, 0.04235893823292472], [0.13424096558404208, -0.9906748313168467, 0.023298466255435413], [0.03886107522892743, 0.028756129957420162, 0.9988307673810504]]","[-0.17612503468990326, 0.37167876958847046, -0.11985771358013153]",[0.0],"[-0.020356744527816772, -0.013046810403466225, -0.997458279132843, -0.06702525168657303]",[0.44],"[1.4981985092163086, -0.25413036346435547, -18.74995761871338]","[662.5087890625, 669.857421875, 665.1678466796875, 668.0897827148438]"
8.4954104423523,"[-28.365447998046875, -32.74541473388672, -2.3081932067871094]","[-28.365447998046875, -32.74541473388672, -2.3081932067871094]","[-5.192028999328613, -5.972601413726807, -1.4608420133590698]","[-5.192028999328613, -5.972601413726807, -1.4608420133590698]","[-0.014676626771688461, -0.010857820510864258, -0.9974510669708252, -0.06897913664579391]","[[-0.9900530465349675, -0.1372879145337631, 0.030776360235295286], [0.13792533925053085, -0.9902480687492661, 0.019635527219911297], [0.027780507896517648, 0.02368505139424576, 0.9993334087207169]]","[-0.1423512101173401, 0.2963823974132538, -0.12002505362033844]",[0.0],"[-0.014676626771688461, -0.010857820510864258, -0.9974510669708252, -0.06897913664579391]",[0.44],"[1.9564390182495117, -0.17364025115966797, -19.7449319934845]","[664.1539306640625, 669.857421875, 665.9691772460938, 668.9127807617188]"
8.5254082679749,"[-28.520620346069336, -32.92462158203125, -2.3547260761260986]","[-28.520620346069336, -32.92462158203125, -2.3547260761260986]","[-5.151906967163086, -5.974135398864746, -1.6403814554214478]","[-5.151906967163086, -5.974135398864746, -1.6403814554214478]","[-0.01051498856395483, -0.009222481399774551, -0.9973956942558289, -0.07075488567352295]","[[-0.989766450166472, -0.1409472880637706, 0.022280279871810138], [0.14133518520957028, -0.9898174718091339, 0.016908952849577163], [0.019670137403541177, 0.019884900104381265, 0.9996087617046614]]","[-0.11689051985740662, 0.24163736402988434, -0.11862944066524506]",[0.0],"[-0.01051498856395483, -0.009222481399774551, -0.9973956942558289, -0.07075488567352295]",[0.44],"[2.006101608276367, -0.07669925689697266, -18.7869721031189]","[665.2135620117188, 669.857421875, 660.413330078125, 662.44287109375]"
8.5564115047455,"[-28.674530029296875, -33.10386276245117, -2.406580924987793]","[-28.674530029296875, -33.10386276245117, -2.406580924987793]","[-5.108316898345947, -5.974362373352051, -1.8164939880371094]","[-5.108316898345947, -5.974362373352051, -1.8164939880371094]","[-0.007115671876817942, -0.007885465398430824, -0.9973132014274597, -0.07248204946517944]","[[-0.9893916046120774, -0.14446238882754073, 0.015336216385683332], [0.1446868303650257, -0.9893685090554947, 0.014697040520602], [0.013049997613423236, 0.016760074444416018, 0.9997743732983833]]","[-0.09630724787712097, 0.19687125086784363, -0.11415533721446991]",[0.0],"[-0.007115671876817942, -0.007885465398430824, -0.9973132014274597, -0.07248204946517944]",[0.44],"[2.1795034408569336, -0.011348724365234375, -18.615626630783083]","[666.139404296875, 669.857421875, 660.9649658203125, 662.72607421875]"
8.5874030590057,"[-28.82709503173828, -33.2830810546875, -2.463707208633423]","[-28.82709503173828, -33.2830810546875, -2.463707208633423]","[-5.062037467956543, -5.973550319671631, -1.991300344467163]","[-5.062037467956543, -5.973550319671631, -1.991300344467163]","[-0.004346443340182304, -0.0067818607203662395, -0.9972151517868042, -0.07414262741804123]","[[-0.9889681051760189, -0.14781334896238474, 0.009674328255607607], [0.14793125685583308, -0.9889139010457768, 0.012881435076984443], [0.007663028365242956, 0.014170461993643496, 0.9998702295909203]]","[-0.07903590798377991, 0.16028667986392975, -0.10910696536302567]",[0.0],"[-0.004346443340182304, -0.0067818607203662395, -0.9972151517868042, -0.07414262741804123]",[0.44],"[2.313971519470215, 0.040602684020996094, -18.550317821502688]","[666.6904907226562, 669.857421875, 659.1212158203125, 660.5205078125]"
8.6174037456512,"[-28.978239059448242, -33.46227264404297, -2.52604603767395]","[-28.978239059448242, -33.46227264404297, -2.52604603767395]","[-5.013647079467773, -5.971876621246338, -2.164428949356079]","[-5.013647079467773, -5.971876621246338, -2.164428949356079]","[-0.00208767456933856, -0.005877451505511999, -0.9971094727516174, -0.07572188973426819]","[[-0.9885236901744163, -0.15098148668530337, 0.00505338364785804], [0.1510305675094657, -0.988463318072232, 0.011404759816487559], [0.003273176708582487, 0.01203709047064952, 0.9999221943573858]]","[-0.064909927546978, 0.1305728256702423, -0.10353616625070572]",[0.0],"[-0.00208767456933856, -0.005877451505511999, -0.9971094727516174, -0.07572188973426819]",[0.44],"[2.4195194244384766, 0.08368492126464844, -18.466430244445803]","[667.3248901367188, 669.857421875, 660.3492431640625, 661.5027465820312]"
8.6494293212891,"[-29.14278793334961, -33.659305572509766, -2.6005313396453857]","[-29.14278793334961, -33.659305572509766, -2.6005313396453857]","[-4.958528518676758, -5.969149112701416, -2.3460493087768555]","[-4.958528518676758, -5.969149112701416, -2.3460493087768555]","[-8.144410094246268e-05, -0.005066733341664076, -0.9969921112060547, -0.07733708620071411]","[[-0.9880378831877232, -0.15420810438046575, 0.0009460910386884236], [0.15420975500263265, -0.9879865528804954, 0.010090389043537297], [-0.000621294534112804, 0.010115583641357805, 0.9999486431602058]]","[-0.052265465259552, 0.10444652289152145, -0.09081988036632538]",[0.0],"[-8.144410094246268e-05, -0.005066733341664076, -0.9969921112060547, -0.07733708620071411]",[0.44],"[2.7559280395507812, 0.13637542724609375, -18.89101797103882]","[667.8998413085938, 669.857421875, 637.6096801757812, 638.4942016601562]"
8.6804263591766,"[-29.29077911376953, -33.83833694458008, -2.673201560974121]","[-29.29077911376953, -33.83833694458008, -2.673201560974121]","[-4.907140731811523, -5.96595573425293, -2.497570037841797]","[-4.907140731811523, -5.96595573425293, -2.497570037841797]","[0.0013932037400081754, -0.004467586521059275, -0.996901273727417, -0.07852382957935333]","[[-0.9876642177773391, -0.15657345996772382, -0.0020761491607305532], [0.15654856293472402, -0.9876281811520151, 0.0091262847727623], [-0.0034793971711732513, 0.008688686000563422, 0.9999561993080314]]","[-0.04281197488307953, 0.08512873947620392, -0.06825520843267441]",[0.0],"[0.0013932037400081754, -0.004467586521059275, -0.996901273727417, -0.07852382957935333]",[0.44],"[2.5693893432617188, 0.1596689224243164, -17.386036453247073]","[668.1396484375, 669.857421875, 633.8746948242188, 634.6544189453125]"
8.7124207019806,"[-29.451770782470703, -34.03515625, -2.7583529949188232]","[-29.451770782470703, -34.03515625, -2.7583529949188232]","[-4.849591255187988, -5.961935043334961, -2.663118362426758]","[-4.849591255187988, -5.961935043334961, -2.663118362426758]","[0.0026987509336322546, -0.0039337449707090855, -0.9968282580375671, -0.0794399306178093]","[[-0.9873641007434102, -0.1583971677085768, -0.004755389529017225], [0.15835470291692733, -0.9873477185576247, 0.008271313467276945], [-0.006005375239182369, 0.007413759119586968, 0.9999544847878072]]","[-0.03426872566342354, 0.06779377162456512, -0.044424355030059814]",[0.0],"[0.0026987509336322546, -0.0039337449707090855, -0.9968282580375671, -0.0794399306178093]",[0.44],"[2.877473831176758, 0.2010345458984375, -18.08741622924805]","[668.50341796875, 669.857421875, 638.241455078125, 638.8380737304688]"
8.7434537410736,"[-29.596466064453125, -34.213958740234375, -2.8405094146728516]","[-29.596466064453125, -34.213958740234375, -2.8405094146728516]","[-4.796574592590332, -5.957920551300049, -2.813856840133667]","[-4.796574592590332, -5.957920551300049, -2.813856840133667]","[0.0036545759066939354, -0.0035413303412497044, -0.9967857003211975, -0.07995225489139557]","[[-0.9871885467708121, -0.1594164128894428, -0.006719383316865321], [0.15936464464727168, -0.9871901765797559, 0.007644278057366477], [-0.007851932701258238, 0.006475511719718691, 0.9999482061087127]]","[-0.02801070176064968, 0.05525579676032066, -0.02512519806623459]",[0.0],"[0.0036545759066939354, -0.0035413303412497044, -0.9967857003211975, -0.07995225489139557]",[0.44],"[2.6508331298828125, 0.20072460174560547, -17.34692388534546]","[668.7708129882812, 669.857421875, 642.0213012695312, 642.4898071289062]"
8.7740952968597,"[-29.753786087036133, -34.410491943359375, -2.9361002445220947]","[-29.753786087036133, -34.410491943359375, -2.9361002445220947]","[-4.737697601318359, -5.95318603515625, -2.979280710220337]","[-4.737697601318359, -5.95318603515625, -2.979280710220337]","[0.004502135328948498, -0.00319267506711185, -0.9967633485794067, -0.08020249754190445]","[[-0.9870947324906321, -0.15991456773902762, -0.008463005944036431], [0.15985707231817364, -0.9871148845875042, 0.007086847976947405], [-0.009487248000924983, 0.005642517986334153, 0.9999390752067914]]","[-0.022430919110774994, 0.04410555213689804, -0.006231784820556641]",[0.0],"[0.004502135328948498, -0.00319267506711185, -0.9967633485794067, -0.08020249754190445]",[0.44],"[2.943849563598633, 0.2367258071899414, -18.0811935043335]","[668.9945678710938, 669.857421875, 645.3721313476562, 645.7399291992188]"
8.8046114444733,"[-29.895111083984375, -34.58902359008789, -3.027724266052246]","[-29.895111083984375, -34.58902359008789, -3.027724266052246]","[-4.683818817138672, -5.948647499084473, -3.128457546234131]","[-4.683818817138672, -5.948647499084473, -3.128457546234131]","[0.00512309605255723, -0.002936944831162691, -0.996763288974762, -0.08017533272504807]","[[-0.9870913597854523, -0.15986174918427176, -0.009742087084093971], [0.15980156418238733, -0.9871266007218971, 0.006676369440086614], [-0.010683969200228287, 0.0050333857177019894, 0.99993025648379]]","[-0.01835721544921398, 0.03598220646381378, 0.00936327688395977]",[0.0],"[0.00512309605255723, -0.002936944831162691, -0.996763288974762, -0.08017533272504807]",[0.44],"[2.693939208984375, 0.2269268035888672, -17.2688418006897]","[669.1416015625, 669.857421875, 646.1222534179688, 646.4248657226562]"
8.8347232341766,"[-30.034814834594727, -34.767417907714844, -3.123791456222534]","[-30.034814834594727, -34.767417907714844, -3.123791456222534]","[-4.629723072052002, -5.943927764892578, -3.2756686210632324]","[-4.629723072052002, -5.943927764892578, -3.2756686210632324]","[0.005629174876958132, -0.0027285723481327295, -0.9967816472053528, -0.07992089539766312]","[[-0.9871621946249507, -0.15935808274304283, -0.010785976522082488], [0.15929664429939452, -0.9872106796304234, 0.006339359072414487], [-0.011658256302962775, 0.004539804286348391, 0.9999217345662913]]","[-0.015046424232423306, 0.02935970202088356, 0.024003518745303154]",[0.0],"[0.005629174876958132, -0.0027285723481327295, -0.9967816472053528, -0.07992089539766312]",[0.44],"[2.704787254333496, 0.23598670959472656, -17.17055374145508]","[669.2853393554688, 669.857421875, 649.1113891601562, 649.3525390625]"
8.8656930923462,"[-30.172897338867188, -34.9456672668457, -3.224254608154297]","[-30.172897338867188, -34.9456672668457, -3.224254608154297]","[-4.575491428375244, -5.939069747924805, -3.4214131832122803]","[-4.575491428375244, -5.939069747924805, -3.4214131832122803]","[0.006041579879820347, -0.0025587906129658222, -0.9968164563179016, -0.07946040481328964]","[[-0.9872991899911601, -0.15844579656290655, -0.011638047416850685], [0.1583839600113707, -0.9873590965472465, 0.0060614219484769055], [-0.012451337568605524, 0.004141156416627503, 0.9999139038063095]]","[-0.012371394783258438, 0.023972036316990852, 0.03703803941607475]",[0.0],"[0.006041579879820347, -0.0025587906129658222, -0.9968164563179016, -0.07946040481328964]",[0.44],"[2.7115821838378906, 0.24290084838867188, -17.097228107452395]","[669.4034423828125, 669.857421875, 651.6300048828125, 651.8211669921875]"
8.8977239131927,"[-30.322906494140625, -35.141571044921875, -3.33978009223938]","[-30.322906494140625, -35.141571044921875, -3.33978009223938]","[-4.515768527984619, -5.93359899520874, -3.5795693397521973]","[-4.515768527984619, -5.93359899520874, -3.5795693397521973]","[0.006407898850739002, -0.002407937776297331, -0.9968715906143188, -0.07874233275651932]","[[-0.9875175326765133, -0.15702284865076557, -0.012396491364387315], [0.156961129363928, -0.9875880586832069, 0.005809955329465669], [-0.013154917914940105, 0.0037916637151656357, 0.9999062813359684]]","[-0.010023287497460842, 0.01919766515493393, 0.04975305497646332]",[0.0],"[0.006407898850739002, -0.002407937776297331, -0.9968715906143188, -0.07874233275651932]",[0.44],"[2.98614501953125, 0.27353763580322266, -17.717807826995852]","[669.4727783203125, 669.857421875, 653.2713623046875, 653.4338989257812]"
8.928697347641,"[-30.45756721496582, -35.31950378417969, -3.4492971897125244]","[-30.45756721496582, -35.31950378417969, -3.4492971897125244]","[-4.461476802825928, -5.928534030914307, -3.720916271209717]","[-4.461476802825928, -5.928534030914307, -3.720916271209717]","[0.006676717195659876, -0.0022970414720475674, -0.996934711933136, -0.07791873067617416]","[[-0.9877681925134583, -0.15539044803428573, -0.012954537156603434], [0.15532910124910346, -0.9878467968194313, 0.005620483414407622], [-0.013670467379853342, 0.003539518098529211, 0.9999002900959297]]","[-0.008328485302627087, 0.013189290650188923, 0.05999073386192322]",[0.0],"[0.006676717195659876, -0.0022970414720475674, -0.996934711933136, -0.07791873067617416]",[0.44],"[2.7145862579345703, 0.2532482147216797, -16.87734657287598]","[669.5521850585938, 669.857421875, 655.2963256835938, 655.4264526367188]"
8.9596984386444,"[-30.590604782104492, -35.497283935546875, -3.562805414199829]","[-30.590604782104492, -35.497283935546875, -3.562805414199829]","[-4.407815933227539, -5.923236846923828, -3.83567214012146]","[-4.407815933227539, -5.923236846923828, -3.83567214012146]","[0.00478009507060051, -0.0021568876691162586, -0.9970205426216125, -0.07695809006690979]","[[-0.9881092291478237, -0.1534782136914966, -0.009199726051137919], [0.1534369731790367, -0.9881456234367574, 0.005036656602415646], [-0.009863685873154143, 0.0035651886545289835, 0.9999449970533977]]","[0.03101385571062565, -0.4505961537361145, 0.06867476552724838]",[0.0],"[0.00478009507060051, -0.0021568876691162586, -0.9970205426216125, -0.07695809006690979]",[0.44],"[2.6830434799194336, 0.2648591995239258, -15.547793445587159]","[593.843505859375, 669.857421875, 589.4072875976562, 651.164306640625]"
8.9908373355865,"[-30.735170364379883, -35.692649841308594, -3.6906232833862305]","[-30.735170364379883, -35.692649841308594, -3.6906232833862305]","[-4.3555707931518555, -5.916816234588623, -3.90000057220459]","[-4.3555707931518555, -5.916816234588623, -3.90000057220459]","[-0.013005162589251995, -0.003625274170190096, -0.9970319867134094, -0.07579502463340759]","[[-0.9881718502849945, -0.15104583342644848, 0.026482681677850478], [0.15123442254650424, -0.9884838335673223, 0.0052575753789432245], [0.02538357069772082, 0.009200481854198528, 0.9996354462664362]]","[0.32764193415641785, -1.8287798166275024, 0.07689326256513596]",[0.0],"[-0.013005162589251995, -0.003625274170190096, -0.9970319867134094, -0.07579502463340759]",[0.44],"[2.6122570037841797, 0.3210306167602539, -13.026421604156495]","[543.27099609375, 669.857421875, 544.8524780273438, 649.8046875]"
9.021849155426,"[-30.8653564453125, -35.87007522583008, -3.8084192276000977]","[-30.8653564453125, -35.87007522583008, -3.8084192276000977]","[-4.327969551086426, -5.91118860244751, -3.957254409790039]","[-4.327969551086426, -5.91118860244751, -3.957254409790039]","[-0.04875662177801132, -0.006427711341530085, -0.9960005879402161, -0.074594646692276]","[[-0.9841169733006923, -0.14796583694384474, 0.09808219362687878], [0.14921941090695362, -0.9887887586889201, 0.00553004259966855], [0.0961643022006333, 0.020077974501427287, 0.9951629527194118]]","[0.38890886306762695, -2.584097146987915, 0.08580922335386276]",[0.0],"[-0.04875662177801132, -0.006427711341530085, -0.9960005879402161, -0.074594646692276]",[0.44],"[1.3800621032714844, 0.28138160705566406, -12.672691879272461]","[659.9647216796875, 653.109375, 651.4666137695312, 641.920654296875]"
9.053838968277,"[-31.0080623626709, -36.06504440307617, -3.9395411014556885]","[-31.0080623626709, -36.06504440307617, -3.9395411014556885]","[-4.324787616729736, -5.904913425445557, -3.981874704360962]","[-4.324787616729736, -5.904913425445557, -3.981874704360962]","[-0.08649493753910065, -0.010365858674049377, -0.9935243129730225, -0.07294227182865143]","[[-0.9743960229891333, -0.14314665241340263, 0.1733818653506387], [0.1467330296076068, -0.9891438693768184, 0.007979190743462095], [0.17035742822607913, 0.03321573972657932, 0.9848223495081134]]","[0.43253058195114136, -2.012481212615967, 0.09514407068490982]",[0.0],"[-0.08649493753910065, -0.010365858674049377, -0.9935243129730225, -0.07294227182865143]",[0.44],"[0.15909671783447266, 0.31375885009765625, -11.041014728546143]","[669.8441162109375, 651.8397216796875, 661.4779052734375, 643.625244140625]"
9.0843749046326,"[-31.137975692749023, -36.24211883544922, -4.058849334716797]","[-31.137975692749023, -36.24211883544922, -4.058849334716797]","[-4.33695650100708, -5.899843215942383, -3.9608101844787598]","[-4.33695650100708, -5.899843215942383, -3.9608101844787598]","[-0.11569605767726898, -0.014093124307692051, -0.9906278848648071, -0.07121949642896652]","[[-0.9630844448489473, -0.13784300037161626, 0.23123089224066873], [0.1443650760626389, -0.989458368067567, 0.011442453914948025], [0.22721607137545008, 0.04440171378131508, 0.972831612170372]]","[0.3597896695137024, -1.8133331537246704, 0.10239501297473907]",[0.0],"[-0.11569605767726898, -0.014093124307692051, -0.9906278848648071, -0.07121949642896652]",[0.44],"[-0.6084442138671875, 0.2535104751586914, -8.756774005889893]","[669.857421875, 638.69287109375, 657.7379760742188, 637.3938598632812]"
9.1155977249146,"[-31.26830291748047, -36.419044494628906, -4.176587104797363]","[-31.26830291748047, -36.419044494628906, -4.176587104797363]","[-4.351855754852295, -5.8949151039123535, -3.8818001747131348]","[-4.351855754852295, -5.8949151039123535, -3.8818001747131348]","[-0.13989701867103577, -0.01697367988526821, -0.9875842332839966, -0.06941258907318115]","[[-0.9512214472799738, -0.13235242269653835, 0.2786765539797753], [0.14185069154384056, -0.989787587328367, 0.01410464873184969], [0.27396380571203194, 0.05294710581015272, 0.9602814367162166]]","[0.2922108471393585, -1.4128024578094482, 0.10807104408740997]",[0.0],"[-0.13989701867103577, -0.01697367988526821, -0.9875842332839966, -0.06941258907318115]",[0.44],"[-0.7449626922607422, 0.24640560150146484, -5.8594995117187505]","[669.857421875, 646.8516845703125, 661.2146606445312, 644.1102905273438]"
9.1460070610046,"[-31.412233352661133, -36.61349105834961, -4.302785873413086]","[-31.412233352661133, -36.61349105834961, -4.302785873413086]","[-4.370948314666748, -5.889676094055176, -3.7604284286499023]","[-4.370948314666748, -5.889676094055176, -3.7604284286499023]","[-0.1609470248222351, -0.019568394869565964, -0.9844686985015869, -0.06733887642621994]","[[-0.9391230808143594, -0.1262870821981532, 0.31953004355685916], [0.13888498193736654, -0.9901651262570752, 0.016852960826668983], [0.31425918866093444, 0.060204928089357956, 0.9474262662461992]]","[0.2366352677345276, -1.149976372718811, 0.11312094330787659]",[0.0],"[-0.1609470248222351, -0.019568394869565964, -0.9844686985015869, -0.06733887642621994]",[0.44],"[-0.9546279907226562, 0.2619504928588867, -3.7414126968383794]","[669.857421875, 651.8731689453125, 661.6519775390625, 649.9485473632812]"
9.1763784885406,"[-31.543607711791992, -36.79011154174805, -4.413569927215576]","[-31.543607711791992, -36.79011154174805, -4.413569927215576]","[-4.386837959289551, -5.884908676147461, -3.621182680130005]","[-4.386837959289551, -5.884908676147461, -3.621182680130005]","[-0.17649918794631958, -0.021412214264273643, -0.9818911552429199, -0.06541706621646881]","[[-0.9291374473279501, -0.1209064005802285, 0.3494074315808324], [0.1360233542993361, -0.9905244081799722, 0.01895680947043843], [0.34380453462736354, 0.06514104573058788, 0.9367791074691811]]","[0.19597487151622772, -0.9294083118438721, 0.1168745905160904]",[0.0],"[-0.17649918794631958, -0.021412214264273643, -0.9818911552429199, -0.06541706621646881]",[0.44],"[-0.7944822311401367, 0.2383708953857422, -2.8477125740051275]","[669.857421875, 654.179931640625, 663.5109252929688, 651.9883422851562]"
9.2064936161041,"[-31.675439834594727, -36.966590881347656, -4.519888401031494]","[-31.675439834594727, -36.966590881347656, -4.519888401031494]","[-4.401512622833252, -5.880161285400391, -3.463817834854126]","[-4.401512622833252, -5.880161285400391, -3.463817834854126]","[-0.1890675574541092, -0.022916492074728012, -0.9796433448791504, -0.06346066296100616]","[[-0.9204524975500421, -0.11567210189876642, 0.3733461403445547], [0.13300316262670753, -0.9908952488953457, 0.020903272817054397], [0.3675289572253432, 0.06889668297887797, 0.9274565862186521]]","[0.16382737457752228, -0.7536132335662842, 0.12002600729465485]",[0.0],"[-0.1890675574541092, -0.022916492074728012, -0.9796433448791504, -0.06346066296100616]",[0.44],"[-0.7337331771850586, 0.23736953735351562, -1.9417577362060552]","[669.857421875, 654.0628051757812, 664.454833984375, 652.1381225585938]"
9.2373607158661,"[-31.807668685913086, -37.14292907714844, -4.621227741241455]","[-31.807668685913086, -37.14292907714844, -4.621227741241455]","[-4.412924766540527, -5.875350475311279, -3.2886736392974854]","[-4.412924766540527, -5.875350475311279, -3.2886736392974854]","[-0.1985836625099182, -0.024178005754947662, -0.9778558611869812, -0.06146449223160744]","[[-0.9135733224400377, -0.11060411409711124, 0.3913445743364033], [0.1298095418371248, -0.9912751125471715, 0.022873521315246226], [0.38540021894880033, 0.07169689724190631, 0.9199599060437212]]","[0.1388583928346634, -0.4809877276420593, 0.12265559285879135]",[0.0],"[-0.1985836625099182, -0.024178005754947662, -0.9778558611869812, -0.06146449223160744]",[0.44],"[-0.5706071853637695, 0.2405405044555664, -1.0527902221679692]","[669.857421875, 641.9595336914062, 665.3081665039062, 640.0054931640625]"
9.268002986908,"[-31.940210342407227, -37.319122314453125, -4.717148780822754]","[-31.940210342407227, -37.319122314453125, -4.717148780822754]","[-4.4239325523376465, -5.870749473571777, -3.107288122177124]","[-4.4239325523376465, -5.870749473571777, -3.107288122177124]","[-0.20333057641983032, -0.025409359484910965, -0.9769777655601501, -0.059376589953899384]","[[-0.9102623798966742, -0.1056862169384325, 0.40031634667965993], [0.12635221578053502, -0.9916577554122483, 0.02550260598542531], [0.3942814622031528, 0.07379491103010638, 0.9160220822866922]]","[0.1197545975446701, -0.17333516478538513, 0.1248352974653244]",[0.0],"[-0.20333057641983032, -0.025409359484910965, -0.9769777655601501, -0.059376589953899384]",[0.44],"[-0.550389289855957, 0.23005008697509766, -0.7407241439819341]","[669.857421875, 656.59228515625, 666.0519409179688, 654.6521606445312]"
9.2992441654205,"[-32.086524963378906, -37.512794494628906, -4.816641330718994]","[-32.086524963378906, -37.512794494628906, -4.816641330718994]","[-4.44403600692749, -5.866674900054932, -2.9243104457855225]","[-4.44403600692749, -5.866674900054932, -2.9243104457855225]","[-0.20594923198223114, -0.026647619903087616, -0.9765357375144958, -0.05703384056687355]","[[-0.9086642845789594, -0.10041505341612145, 0.40527320249870286], [0.12236728082890269, -0.9920742655941024, 0.028552554986645995], [0.3991939380785455, 0.0755368576336245, 0.9137496363988594]]","[0.10595645010471344, -0.16928251087665558, 0.12693235278129578]",[0.0],"[-0.20594923198223114, -0.026647619903087616, -0.9765357375144958, -0.05703384056687355]",[0.44],"[-1.0051727294921875, 0.20372867584228516, -0.6611161804199224]","[668.7817993164062, 669.53759765625, 665.6126708984375, 667.6244506835938]"
9.3302495479584,"[-32.220157623291016, -37.688751220703125, -4.901944160461426]","[-32.220157623291016, -37.688751220703125, -4.901944160461426]","[-4.464784145355225, -5.8635945320129395, -2.762613534927368]","[-4.464784145355225, -5.8635945320129395, -2.762613534927368]","[-0.20833903551101685, -0.02759563736617565, -0.9761239886283875, -0.054911963641643524]","[[-0.9071591207548755, -0.09570327300023451, 0.40976012193144884], [0.11870026689295776, -0.992446389786906, 0.03099291614299582], [0.40369879938857123, 0.07675413831545996, 0.9116666541613876]]","[0.09549033641815186, -0.12462150305509567, 0.12861110270023346]",[0.0],"[-0.20833903551101685, -0.02759563736617565, -0.9761239886283875, -0.054911963641643524]",[0.44],"[-1.0374069213867188, 0.15401840209960938, -1.7251544570922857]","[669.8526000976562, 664.9413452148438, 666.994384765625, 663.2692260742188]"
9.3612537384033,"[-32.35445022583008, -37.8646240234375, -4.9824676513671875]","[-32.35445022583008, -37.8646240234375, -4.9824676513671875]","[-4.488445281982422, -5.861147403717041, -2.6068148612976074]","[-4.488445281982422, -5.861147403717041, -2.6068148612976074]","[-0.210055410861969, -0.02843831107020378, -0.9758496284484863, -0.052777182310819626]","[[-0.906182469759149, -0.09105794526499844, 0.412966777142421], [0.11495242972928699, -0.9928115459508788, 0.03333076515424915], [0.4069632014305653, 0.07767529601199419, 0.9101359736621675]]","[0.08768877387046814, -0.10141677409410477, 0.1300886869430542]",[0.0],"[-0.210055410861969, -0.02843831107020378, -0.9758496284484863, -0.052777182310819626]",[0.44],"[-1.1830568313598633, 0.12235641479492188, -2.0200663185119634]","[669.857421875, 668.9612426757812, 667.4926147460938, 667.353759765625]"
9.3924264907837,"[-32.50302505493164, -38.058006286621094, -5.065713405609131]","[-32.50302505493164, -38.058006286621094, -5.065713405609131]","[-4.513768672943115, -5.858865737915039, -2.433743953704834]","[-4.513768672943115, -5.858865737915039, -2.433743953704834]","[-0.21133555471897125, -0.029176518321037292, -0.9756754040718079, -0.05043395608663559]","[[-0.9055875266640467, -0.0860822695992467, 0.4153327799778721], [0.11074641233582527, -0.9932104215981217, 0.03561664643209039], [0.40944683100281565, 0.07825059877705587, 0.9089720281805738]]","[0.033491216599941254, 0.05327044054865837, 0.13149060308933258]",[0.0],"[-0.21133555471897125, -0.029176518321037292, -0.9756754040718079, -0.05043395608663559]",[0.44],"[-1.266169548034668, 0.11408329010009766, -1.1564546203613286]","[669.857421875, 626.625244140625, 658.0252075195312, 635.6201171875]"
9.4234185218811,"[-32.63849639892578, -38.233726501464844, -5.135750770568848]","[-32.63849639892578, -38.233726501464844, -5.135750770568848]","[-4.511434078216553, -5.854942321777344, -2.222663402557373]","[-4.511434078216553, -5.854942321777344, -2.222663402557373]","[-0.20249402523040771, -0.028056591749191284, -0.9776800274848938, -0.0484856516122818]","[[-0.913290816966887, -0.08344432200675733, 0.3986694125715422], [0.10616949079691729, -0.9937241327937514, 0.03522462926318326], [0.39322804403962497, 0.07449684830674386, 0.9164179948108124]]","[-0.20572178065776825, 1.5162893533706665, 0.13260136544704437]",[0.0],"[-0.20249402523040771, -0.028056591749191284, -0.9776800274848938, -0.0484856516122818]",[0.44],"[0.116729736328125, 0.19617080688476562, 0.7440275573730464]","[669.857421875, 427.2410583496094, 637.6170043945312, 470.9577941894531]"
9.4536032676697,"[-32.77381896972656, -38.40932846069336, -5.199483394622803]","[-32.77381896972656, -38.40932846069336, -5.199483394622803]","[-4.521193027496338, -5.852518558502197, -2.0597221851348877]","[-4.521193027496338, -5.852518558502197, -2.0597221851348877]","[-0.1670483648777008, -0.023203138262033463, -0.9845664501190186, -0.04674839228391647]","[[-0.9398189606503458, -0.08430170466608611, 0.3311098500310318], [0.09980588989290173, -0.9945525018165586, 0.030071577957162976], [0.32677101239226586, 0.061308547923921264, 0.943112916332959]]","[-0.4832490086555481, 2.6095352172851562, 0.13613346219062805]",[0.0],"[-0.1670483648777008, -0.023203138262033463, -0.9845664501190186, -0.04674839228391647]",[0.44],"[-0.4879474639892578, 0.12118816375732422, -1.662939128875733]","[607.0728149414062, 658.7816162109375, 616.4364013671875, 647.7108764648438]"
9.4851684570312,"[-32.92348861694336, -38.60245132446289, -5.2660017013549805]","[-32.92348861694336, -38.60245132446289, -5.2660017013549805]","[-4.55302095413208, -5.852375507354736, -1.9940961599349976]","[-4.55302095413208, -5.852375507354736, -1.9940961599349976]","[-0.13408420979976654, -0.01929302327334881, -0.989778459072113, -0.04458567127585411]","[[-0.9600672375803851, -0.08308609446371035, 0.26714770991019554], [0.09343365358473227, -0.9952799467215887, 0.0262351686898451], [0.26370694033586384, 0.05014810669550529, 0.9632984078706924]]","[-0.20929832756519318, 1.5530576705932617, 0.13881884515285492]",[0.0],"[-0.13408420979976654, -0.01929302327334881, -0.989778459072113, -0.04458567127585411]",[0.44],"[-1.5913963317871094, 0.007152557373046875, -6.528698740005494]","[632.0924682617188, 669.4126586914062, 634.4275512695312, 666.1177368164062]"
9.5161929130554,"[-33.06067657470703, -38.778053283691406, -5.326281547546387]","[-33.06067657470703, -38.778053283691406, -5.326281547546387]","[-4.59172248840332, -5.8540940284729, -2.031202793121338]","[-4.59172248840332, -5.8540940284729, -2.031202793121338]","[-0.11181516200304031, -0.016536667943000793, -0.9926803708076477, -0.04253983497619629]","[[-0.971375559946932, -0.08075881790645911, 0.22340036720889334], [0.08815501872660758, -0.9958338980811501, 0.02331805425226996], [0.2205864987074877, 0.042344448410053914, 0.9744478163191536]]","[-0.2328416109085083, 1.4403178691864014, 0.14006130397319794]",[0.0],"[-0.11181516200304031, -0.016536667943000793, -0.9926803708076477, -0.04253983497619629]",[0.44],"[-1.9350767135620117, -0.08592605590820312, -11.665331659317017]","[649.401123046875, 669.6854858398438, 654.7377319335938, 663.868408203125]"
9.5471675395966,"[-33.198856353759766, -38.953697204589844, -5.388011932373047]","[-33.198856353759766, -38.953697204589844, -5.388011932373047]","[-4.618359088897705, -5.855290412902832, -2.088834285736084]","[-4.618359088897705, -5.855290412902832, -2.088834285736084]","[-0.09259562194347382, -0.0144409304484725, -0.9947780966758728, -0.04042476788163185]","[[-0.9795840041965795, -0.07775301343106986, 0.18539173563764372], [0.0831016811763449, -0.9963148216583417, 0.021244729563679732], [0.18305665059214654, 0.036217355659360795, 0.9824350206493673]]","[-0.14284422993659973, 1.1175379753112793, 0.14087314903736115]",[0.0],"[-0.09259562194347382, -0.0144409304484725, -0.9947780966758728, -0.04042476788163185]",[0.44],"[-1.3318300247192383, -0.05981922149658203, -12.691574630737305]","[646.0763549804688, 669.856689453125, 648.353271484375, 667.3783569335938]"
9.5781948566437,"[-33.351619720458984, -39.146949768066406, -5.458510875701904]","[-33.351619720458984, -39.146949768066406, -5.458510875701904]","[-4.638072967529297, -5.8566155433654785, -2.1881940364837646]","[-4.638072967529297, -5.8566155433654785, -2.1881940364837646]","[-0.07606662809848785, -0.012608537450432777, -0.9962957501411438, -0.03807542100548744]","[[-0.9855283939318868, -0.0739505824069881, 0.15252986734755808], [0.0777869381234198, -0.9967827073191562, 0.019331126776087726], [0.15060956586080337, 0.03091620233335879, 0.9881097857461747]]","[-0.12753826379776, 0.9121551513671875, 0.141360804438591]",[0.0],"[-0.07606662809848785, -0.012608537450432777, -0.9962957501411438, -0.03807542100548744]",[0.44],"[-0.9856939315795898, -0.06625652313232422, -14.777987537384034]","[657.078369140625, 669.8548583984375, 659.6011352539062, 667.2977905273438]"
9.6091735363007,"[-33.49090576171875, -39.32265853881836, -5.5257134437561035]","[-33.49090576171875, -39.32265853881836, -5.5257134437561035]","[-4.6457929611206055, -5.85744047164917, -2.2940547466278076]","[-4.6457929611206055, -5.85744047164917, -2.2940547466278076]","[-0.0636301189661026, -0.01134689524769783, -0.9972623586654663, -0.03592143952846527]","[[-0.9893219280855428, -0.07020219043261855, 0.12772703866755142], [0.07309020761064622, -0.9971620081012991, 0.018060292095238406], [0.1260966514216474, 0.02720303397775803, 0.9916449118571948]]","[-0.08987782895565033, 0.744051992893219, 0.14161109924316406]",[0.0],"[-0.0636301189661026, -0.01134689524769783, -0.9972623586654663, -0.03592143952846527]",[0.44],"[-0.3859996795654297, -0.04124641418457031, -15.103035507202149]","[657.5927734375, 669.857421875, 658.612060546875, 668.9058837890625]"
9.6406953334808,"[-33.63029098510742, -39.4984016418457, -5.596285343170166]","[-33.63029098510742, -39.4984016418457, -5.596285343170166]","[-4.645069122314453, -5.8580217361450195, -2.4124135971069336]","[-4.645069122314453, -5.8580217361450195, -2.4124135971069336]","[-0.05357210710644722, -0.010321331210434437, -0.9979395866394043, -0.03376566246151924]","[[-0.9919798969199611, -0.06628631155673531, 0.1076204660140298], [0.06849805340108134, -0.9975067784836995, 0.016982334631601342], [0.10622643967080952, 0.024217925375235955, 0.9940469989244397]]","[-0.07521168887615204, 0.6064109802246094, 0.1417420357465744]",[0.0],"[-0.05357210710644722, -0.010321331210434437, -0.9979395866394043, -0.03376566246151924]",[0.44],"[0.03619194030761719, -0.02906322479248047, -15.7279425239563]","[660.6249389648438, 669.857421875, 662.208740234375, 668.4029541015625]"
9.6721897125244,"[-33.783451080322266, -39.69171905517578, -5.6781697273254395]","[-33.783451080322266, -39.69171905517578, -5.6781697273254395]","[-4.635700225830078, -5.858327388763428, -2.5515286922454834]","[-4.635700225830078, -5.858327388763428, -2.5515286922454834]","[-0.04457657411694527, -0.009457954205572605, -0.9984678030014038, -0.03139283135533333]","[[-0.9940548130564097, -0.06184625631342774, 0.08961037197043517], [0.06353266909998526, -0.9978500491809073, 0.016088155765748374], [0.08842272412506716, 0.021685695260355492, 0.9958469522844835]]","[-0.05439925193786621, 0.48692047595977783, 0.14180347323417664]",[0.0],"[-0.04457657411694527, -0.009457954205572605, -0.9984678030014038, -0.03139283135533333]",[0.44],"[0.46844482421875, -0.015282630920410156, -16.765754756927493]","[661.8964233398438, 669.857421875, 662.8221435546875, 669.0758666992188]"
9.7021546363831,"[-33.92231369018555, -39.867462158203125, -5.756687164306641]","[-33.92231369018555, -39.867462158203125, -5.756687164306641]","[-4.620575428009033, -5.858357906341553, -2.6835148334503174]","[-4.620575428009033, -5.858357906341553, -2.6835148334503174]","[-0.03797914460301399, -0.008834120817482471, -0.9988116025924683, -0.029238535091280937]","[[-0.9954053183279052, -0.05773655148002154, 0.07638461407510015], [0.05907860088789219, -0.9981340657962228, 0.015426335637986191], [0.07535142706900984, 0.01986815384683442, 0.996959085769211]]","[-0.043272461742162704, 0.3974026143550873, 0.1418156921863556]",[0.0],"[-0.03797914460301399, -0.008834120817482471, -0.9988116025924683, -0.029238535091280937]",[0.44],"[0.7562398910522461, -0.00152587890625, -16.4093070602417]","[663.6802368164062, 669.857421875, 664.5918579101562, 669.0999145507812]"
9.7341623306274,"[-34.07443618774414, -40.0607795715332, -5.847691059112549]","[-34.07443618774414, -40.0607795715332, -5.847691059112549]","[-4.597894668579102, -5.858137130737305, -2.8322126865386963]","[-4.597894668579102, -5.858137130737305, -2.8322126865386963]","[-0.032100480049848557, -0.008308539167046547, -0.9990888237953186, -0.026871992275118828]","[[-0.9964950193116071, -0.05316159811882039, 0.06458899571316537], [0.05422843050192104, -0.9984178373042878, 0.014876729543869469], [0.06369592771190777, 0.018327144951578014, 0.9978010547149578]]","[-0.03193173557519913, 0.3188183307647705, 0.14180150628089905]",[0.0],"[-0.032100480049848557, -0.008308539167046547, -0.9990888237953186, -0.026871992275118828]",[0.44],"[1.134037971496582, 0.011038780212402344, -17.244892654418948]","[664.9990234375, 669.857421875, 665.5565185546875, 669.4491577148438]"
9.7645511627197,"[-34.211997985839844, -40.23652267456055, -5.934709548950195]","[-34.211997985839844, -40.23652267456055, -5.934709548950195]","[-4.572729110717773, -5.85774040222168, -2.969015121459961]","[-4.572729110717773, -5.85774040222168, -2.969015121459961]","[-0.027780722826719284, -0.007932367734611034, -0.9992768168449402, -0.02472439967095852]","[[-0.9972341582832664, -0.04897230498440535, 0.055913510612286305], [0.04985377262198471, -0.9986518504890622, 0.014479538971139391], [0.055129018491456155, 0.017226985748403104, 0.9983306179626958]]","[-0.024618782103061676, 0.26058900356292725, 0.14177578687667847]",[0.0],"[-0.027780722826719284, -0.007932367734611034, -0.9992768168449402, -0.02472439967095852]",[0.44],"[1.2582778930664062, 0.01983642578125, -16.650121746063235]","[665.6854248046875, 669.857421875, 666.2466430664062, 669.4395751953125]"
9.7956349849701,"[-34.34876251220703, -40.412254333496094, -6.025839805603027]","[-34.34876251220703, -40.412254333496094, -6.025839805603027]","[-4.544010162353516, -5.857177734375, -3.1061806678771973]","[-4.544010162353516, -5.857177734375, -3.1061806678771973]","[-0.024249574169516563, -0.007640971802175045, -0.9994216561317444, -0.022580081596970558]","[[-0.9978040623904008, -0.044763464465580424, 0.04881616668752216], [0.04550462571535653, -0.9988633771850433, 0.014177990659092539], [0.0481260316204291, 0.016368220112850433, 0.998707147405031]]","[-0.01856117695569992, 0.21329134702682495, 0.14174409210681915]",[0.0],"[-0.024249574169516563, -0.007640971802175045, -0.9994216561317444, -0.022580081596970558]",[0.44],"[1.4359474182128906, 0.028133392333984375, -16.66827732086182]","[666.5712890625, 669.857421875, 666.96875, 669.591552734375]"
9.8262033462524,"[-34.484619140625, -40.58795928955078, -6.1210784912109375]","[-34.484619140625, -40.58795928955078, -6.1210784912109375]","[-4.512372970581055, -5.856470584869385, -3.2428219318389893]","[-4.512372970581055, -5.856470584869385, -3.2428219318389893]","[-0.021363331004977226, -0.007411615457385778, -0.999535322189331, -0.02043898031115532]","[[-0.9982515846956359, -0.04054229195246858, 0.043009779603009196], [0.041175639129659526, -0.9990545044315162, 0.013943053484700194], [0.042403836153379754, 0.015689632291865888, 0.9989773520893672]]","[-0.013972556218504906, 0.17451871931552887, 0.1417105495929718]",[0.0],"[-0.021363331004977226, -0.007411615457385778, -0.999535322189331, -0.02043898031115532]",[0.44],"[1.5818595886230469, 0.03535747528076172, -16.642063198089602]","[667.2117919921875, 669.857421875, 667.5568237304688, 669.6314697265625]"
9.8582053184509,"[-34.63291931152344, -40.781211853027344, -6.230554580688477]","[-34.63291931152344, -40.781211853027344, -6.230554580688477]","[-4.4748311042785645, -5.855543613433838, -3.3916852474212646]","[-4.4748311042785645, -5.855543613433838, -3.3916852474212646]","[-0.01879275217652321, -0.007219336461275816, -0.9996337294578552, -0.018087001517415047]","[[-0.9986394237775231, -0.03588941116113559, 0.037832890189049895], [0.03643209596511837, -0.9992415212083774, 0.013753575387726077], [0.03731058559093059, 0.015113193536258798, 0.9991894272933813]]","[-0.009978067129850388, 0.14009331166744232, 0.14167408645153046]",[0.0],"[-0.01879275217652321, -0.007219336461275816, -0.9996337294578552, -0.018087001517415047]",[0.44],"[1.8770933151245117, 0.04634857177734375, -17.253165779113772]","[667.7640380859375, 669.857421875, 668.0199584960938, 669.7078857421875]"
9.8882069587708,"[-34.76662826538086, -40.956871032714844, -6.334312915802002]","[-34.76662826538086, -40.956871032714844, -6.334312915802002]","[-4.438687324523926, -5.854580402374268, -3.525096893310547]","[-4.438687324523926, -5.854580402374268, -3.525096893310547]","[-0.016901446506381035, -0.007085865363478661, -0.9997048377990723, -0.015951452776789665]","[[-0.9989199444136374, -0.03165396627297564, 0.03401897536991914], [0.03213301177054465, -0.999390843225755, 0.01362834251611305], [0.03356685598300626, 0.014706753019336945, 0.9993282632360851]]","[-0.007185220252722502, 0.11476729810237885, 0.14164267480373383]",[0.0],"[-0.016901446506381035, -0.007085865363478661, -0.9997048377990723, -0.015951452776789665]",[0.44],"[1.8071889877319336, 0.048160552978515625, -16.480582294464114]","[668.1087646484375, 669.857421875, 668.33056640625, 669.732177734375]"
9.9191958904266,"[-34.899234771728516, -41.13249969482422, -6.442041873931885]","[-34.899234771728516, -41.13249969482422, -6.442041873931885]","[-4.400998592376709, -5.853512763977051, -3.656221866607666]","[-4.400998592376709, -5.853512763977051, -3.656221866607666]","[-0.015354280360043049, -0.0069844042882323265, -0.999762237071991, -0.013818030245602131]","[[-0.9991466251569068, -0.027415008657364424, 0.030894280782178964], [0.027843970663722052, -0.9995205692011333, 0.013541155490807656], [0.03050823794336973, 0.014389819132465774, 0.9994309283427274]]","[-0.0050032781437039375, 0.09409337490797043, 0.14161352813243866]",[0.0],"[-0.015354280360043049, -0.0069844042882323265, -0.999762237071991, -0.013818030245602131]",[0.44],"[1.8844366073608398, 0.053381919860839844, -16.36624866485596]","[668.4686279296875, 669.857421875, 668.6390380859375, 669.772216796875]"
9.9502036571503,"[-35.043766021728516, -41.32564926147461, -6.565038204193115]","[-35.043766021728516, -41.32564926147461, -6.565038204193115]","[-4.358107089996338, -5.852227687835693, -3.797391414642334]","[-4.358107089996338, -5.852227687835693, -3.797391414642334]","[-0.013974922709167004, -0.006901269778609276, -0.999812662601471, -0.01147338654845953]","[[-0.9993459756455998, -0.022749584884640097, 0.02810297123869442], [0.023135363731644796, -0.99964131752594, 0.013479274444910571], [0.027786247495313676, 0.014120633205819045, 0.9995141480214313]]","[-0.0031472963746637106, 0.0756908431649208, 0.1415843814611435]",[0.0],"[-0.013974922709167004, -0.006901269778609276, -0.999812662601471, -0.01147338654845953]",[0.44],"[2.1445751190185547, 0.0642538070678711, -16.8684774017334]","[668.7473754882812, 669.857421875, 668.8857421875, 669.7940673828125]"
9.9811944961548,"[-35.17391586303711, -41.50120162963867, -6.680849075317383]","[-35.17391586303711, -41.50120162963867, -6.680849075317383]","[-4.318074703216553, -5.850965976715088, -3.9226341247558594]","[-4.318074703216553, -5.850965976715088, -3.9226341247558594]","[-0.012958797626197338, -0.006846403703093529, -0.9998489618301392, -0.009343533776700497]","[[-0.9994896394329456, -0.018506802772806388, 0.026041619914738124], [0.018861687413028936, -0.9997317538174477, 0.013448577342964568], [0.025785741497742997, 0.013932901196267772, 0.999570392640835]]","[-0.0018562136683613062, 0.062170542776584625, 0.14156056940555573]",[0.0],"[-0.012958797626197338, -0.006846403703093529, -0.9998489618301392, -0.009343533776700497]",[0.44],"[2.001619338989258, 0.06308555603027344, -16.072135505676272]","[668.917236328125, 669.857421875, 669.0328979492188, 669.81005859375]"
10.012203454971,"[-35.30284881591797, -41.67671203613281, -6.800371170043945]","[-35.30284881591797, -41.67671203613281, -6.800371170043945]","[-4.277254581451416, -5.849618911743164, -4.044699668884277]","[-4.277254581451416, -5.849618911743164, -4.044699668884277]","[-0.012126357294619083, -0.0068068671971559525, -0.9998772740364075, -0.007215005345642567]","[[-0.9996017931510337, -0.014263154746938924, 0.024347961317899586], [0.014593324761697866, -0.9998032233514278, 0.013437080170232573], [0.02415151498504135, 0.013787047101047967, 0.999613236035447]]","[-0.0008474990027025342, 0.05112501606345177, 0.14153920114040375]",[0.0],"[-0.012126357294619083, -0.0068068671971559525, -0.9998772740364075, -0.007215005345642567]",[0.44],"[2.041006088256836, 0.0673532485961914, -15.913277206420899]","[669.106689453125, 669.857421875, 669.2000122070312, 669.8239135742188]"
10.043203830719,"[-35.4432487487793, -41.86972427368164, -6.936011791229248]","[-35.4432487487793, -41.86972427368164, -6.936011791229248]","[-4.231634616851807, -5.848043441772461, -4.175101280212402]","[-4.231634616851807, -5.848043441772461, -4.175101280212402]","[-0.011382806114852428, -0.0067774155177176, -0.9999004006385803, -0.004874913953244686]","[[-0.9996934891165865, -0.00959456481625999, 0.02282942342421297], [0.009903148843451878, -0.9998607589444835, 0.013442500582207173], [0.022697266154315932, 0.013664461383632665, 0.9996489967277038]]","[-1.4151737559586763e-06, 0.04129740223288536, 0.14151832461357117]",[0.0],"[-0.011382806114852428, -0.0067774155177176, -0.9999004006385803, -0.004874913953244686]",[0.44],"[2.2809982299804688, 0.07877349853515625, -16.330080566406252]","[669.2589721679688, 669.857421875, 669.3331909179688, 669.8356323242188]"
10.075286626816,"[-35.56957244873047, -42.04514694213867, -7.062999725341797]","[-35.56957244873047, -42.04514694213867, -7.062999725341797]","[-4.18964958190918, -5.846529006958008, -4.28999137878418]","[-4.18964958190918, -5.846529006958008, -4.28999137878418]","[-0.010833792388439178, -0.006760605610907078, -0.9999147057533264, -0.0027485524769872427]","[[-0.9997502491399752, -0.005350150087331182, 0.021702900415153163], [0.005643122077765919, -0.9998935796785542, 0.013460503446480056], [0.02162857289796199, 0.013579612434097697, 0.999673846308516]]","[0.0005876701907254755, 0.034075215458869934, 0.1415015310049057]",[0.0],"[-0.010833792388439178, -0.006760605610907078, -0.9999147057533264, -0.0027485524769872427]",[0.44],"[2.0992517471313477, 0.07572174072265625, -15.554504928588868]","[669.3897094726562, 669.857421875, 669.4483032226562, 669.8441772460938]"
10.106315374374,"[-35.70706558227539, -42.238059997558594, -7.206602096557617]","[-35.70706558227539, -42.238059997558594, -7.206602096557617]","[-4.143031120300293, -5.844773769378662, -4.4122395515441895]","[-4.143031120300293, -5.844773769378662, -4.4122395515441895]","[-0.01034238189458847, -0.006750674918293953, -0.9999236464500427, -0.0004104780382476747]","[[-0.999785740683605, -0.0006812572774821182, 0.020688726441626226], [0.0009605295096869818, -0.999908527186407, 0.01349182831933687], [0.020677642426436993, 0.013508809601860464, 0.999694927049788]]","[0.0010785291669890285, 0.02764899469912052, 0.14148521423339844]",[0.0],"[-0.01034238189458847, -0.006750674918293953, -0.9999236464500427, -0.0004104780382476747]",[0.44],"[2.330923080444336, 0.08776187896728516, -15.922408638000489]","[669.4605712890625, 669.857421875, 669.5104370117188, 669.8486938476562]"
10.137300252914,"[-35.830718994140625, -42.41337966918945, -7.340567111968994]","[-35.830718994140625, -42.41337966918945, -7.340567111968994]","[-4.100232124328613, -5.843024730682373, -4.514073371887207]","[-4.100232124328613, -5.843024730682373, -4.514073371887207]","[-0.00974260363727808, -0.006731076166033745, -0.9999284148216248, 0.0017157586989924312]","[[-0.9998042843080805, 0.003562428166475822, 0.019460714617546827], [-0.0033001153379238375, -0.9999035061866408, 0.013494620555374474], [0.019506910227488638, 0.013427756727608493, 0.9997195485760278]]","[-0.005974688567221165, 0.12946340441703796, 0.14147242903709412]",[0.0],"[-0.00974260363727808, -0.006731076166033745, -0.9999284148216248, 0.0017157586989924312]",[0.44],"[2.1399497985839844, 0.08745193481445312, -14.90169101715088]","[669.8018188476562, 643.409912109375, 668.411376953125, 644.89013671875]"
10.168293714523,"[-35.95307159423828, -42.588645935058594, -7.477301120758057]","[-35.95307159423828, -42.588645935058594, -7.477301120758057]","[-4.0557684898376465, -5.84097146987915, -4.601291179656982]","[-4.0557684898376465, -5.84097146987915, -4.601291179656982]","[-0.005652900319546461, -0.006516885012388229, -0.9999552965164185, 0.0038870368152856827]","[[-0.9999061296430061, 0.007847404705136413, 0.011254632486491403], [-0.0077000474996605055, -0.9998851006265221, 0.013077133433162585], [0.01135595797434795, 0.012989241306541716, 0.9998511498554251]]","[-0.009754383005201817, 0.3216078281402588, 0.14805839955806732]",[0.0],"[-0.005652900319546461, -0.006516885012388229, -0.9999552965164185, 0.0038870368152856827]",[0.44],"[2.22318172454834, 0.10266304016113281, -14.17089038848877]","[660.5201416015625, 668.94873046875, 639.7576904296875, 646.2737426757812]"
10.20029592514,"[-36.08605194091797, -42.78135681152344, -7.630333423614502]","[-36.08605194091797, -42.78135681152344, -7.630333423614502]","[-4.002742767333984, -5.838043689727783, -4.66220235824585]","[-4.002742767333984, -5.838043689727783, -4.66220235824585]","[-0.0016900630434975028, -0.006410049274563789, -0.9999560117721558, 0.006647165399044752]","[[-0.9999062284219562, 0.013315412778809198, 0.003294760085750444], [-0.013272079229265444, -0.9998297635847335, 0.012842002872881496], [0.0034651947167266533, 0.012797066358541732, 0.9999121099104133]]","[-0.004899798892438412, 0.18605917692184448, 0.19560417532920837]",[0.0],"[-0.0016900630434975028, -0.006410049274563789, -0.9999560117721558, 0.006647165399044752]",[0.44],"[2.6512861251831055, 0.14638900756835938, -12.85555892944336]","[668.2561645507812, 669.8562622070312, 553.2114868164062, 555.7907104492188]"
10.232286930084,"[-36.21722412109375, -42.97395706176758, -7.784701824188232]","[-36.21722412109375, -42.97395706176758, -7.784701824188232]","[-3.9469921588897705, -5.834561824798584, -4.693843364715576]","[-3.9469921588897705, -5.834561824798584, -4.693843364715576]","[0.0012834630906581879, -0.0062850285321474075, -0.9999234676361084, 0.010581628419458866]","[[-0.999772885426139, 0.021145503960554715, -0.002699741401453546], [-0.021177770369133694, -0.9996971768138492, 0.012541932789082562], [-0.0024337180553220226, 0.012596257307144303, 0.9999177022776901]]","[-0.005013898480683565, 0.17416492104530334, 0.27869778871536255]",[0.0],"[0.0012834630906581879, -0.0062850285321474075, -0.9999234676361084, 0.010581628419458866]",[0.44],"[2.7875304222106934, 0.17409324645996094, -11.392050323486329]","[667.357177734375, 669.8526611328125, 550.7501220703125, 553.068603515625]"
10.262286424637,"[-36.33485412597656, -43.14894485473633, -7.926008224487305]","[-36.33485412597656, -43.14894485473633, -7.926008224487305]","[-3.8944690227508545, -5.831262111663818, -4.7265472412109375]","[-3.8944690227508545, -5.831262111663818, -4.7265472412109375]","[0.003569126594811678, -0.006331234239041805, -0.9998563528060913, 0.015313798561692238]","[[-0.9995056215473772, 0.030578003602000442, -0.007331138291150407], [-0.03066839150800263, -0.9994509298226975, 0.012551335778590527], [-0.006943317308016107, 0.012769963321447026, 0.9998943536167212]]","[0.011211458593606949, 0.13500818610191345, 0.35053718090057373]",[0.0],"[0.003569126594811678, -0.006331234239041805, -0.9998563528060913, 0.015313798561692238]",[0.44],"[2.626156806945801, 0.16498565673828125, -11.445193824768067]","[667.1949462890625, 669.857421875, 549.8673706054688, 552.3261108398438]"
10.294327497482,"[-36.450889587402344, -43.32383728027344, -8.068231582641602]","[-36.450889587402344, -43.32383728027344, -8.068231582641602]","[-3.8405675888061523, -5.827759265899658, -4.752278804779053]","[-3.8405675888061523, -5.827759265899658, -4.752278804779053]","[0.005372676067054272, -0.006424909457564354, -0.9997408390045166, 0.02117087133228779]","[[-0.9990460492699853, 0.042261731421844834, -0.011014609220848036], [-0.04239980725094741, -0.9990212216431527, 0.012619000275815546], [-0.01047052549505726, 0.013073977210718218, 0.9998597097806812]]","[0.0020854314789175987, 0.1123814731836319, 0.4316536784172058]",[0.0],"[0.005372676067054272, -0.006424909457564354, -0.9997408390045166, 0.02117087133228779]",[0.44],"[2.6950716972351074, 0.1751422882080078, -11.096578178405762]","[668.7098388671875, 669.857421875, 525.2013549804688, 527.025390625]"
10.325915813446,"[-36.57663345336914, -43.51608657836914, -8.225154876708984]","[-36.57663345336914, -43.51608657836914, -8.225154876708984]","[-3.7802369594573975, -5.8233208656311035, -4.754157066345215]","[-3.7802369594573975, -5.8233208656311035, -4.754157066345215]","[0.0070002260617911816, -0.006473051384091377, -0.999527633190155, 0.029217207804322243]","[[-0.9981947798098685, 0.05831618748416181, -0.014372087749510466], [-0.058497438776154737, -0.9982089853512586, 0.012530933339869052], [-0.013615589799842252, 0.013349041577967393, 0.9998181928817255]]","[0.0031564629171043634, 0.09117020666599274, 0.5465954542160034]",[0.0],"[0.0070002260617911816, -0.006473051384091377, -0.999527633190155, 0.029217207804322243]",[0.44],"[3.016531467437744, 0.22192001342773438, -9.903913078308106]","[668.565185546875, 669.857421875, 476.6391906738281, 478.33526611328125]"
10.356915712357,"[-36.689208984375, -43.69072723388672, -8.367716789245605]","[-36.689208984375, -43.69072723388672, -8.367716789245605]","[-3.7244484424591064, -5.818891525268555, -4.75110387802124]","[-3.7244484424591064, -5.818891525268555, -4.75110387802124]","[0.008181893266737461, -0.0065289149060845375, -0.9992131590843201, 0.03825670853257179]","[[-0.9969391280342352, 0.07634637540817986, -0.01685046042588701], [-0.07656005094781664, -0.99698776132939, 0.012421530765502502], [-0.015851361247502853, 0.013673579989303249, 0.9997808597854416]]","[0.0002927901514340192, 0.07496200501918793, 0.6573609113693237]",[0.0],"[0.008181893266737461, -0.0065289149060845375, -0.9992131590843201, 0.03825670853257179]",[0.44],"[2.789425849914551, 0.2214670181274414, -9.65734058380127]","[668.9965209960938, 669.857421875, 488.6550598144531, 490.0054016113281]"
10.388951063156,"[-36.811092376708984, -43.882667541503906, -8.524555206298828]","[-36.811092376708984, -43.882667541503906, -8.524555206298828]","[-3.6620142459869385, -5.813576698303223, -4.754573822021484]","[-3.6620142459869385, -5.813576698303223, -4.754573822021484]","[0.009223535656929016, -0.006570175290107727, -0.9986817836761475, 0.05006466433405876]","[[-0.9948169444998283, 0.09987613606044965, -0.019080621324355174], [-0.10011853704469198, -0.9949007573131721, 0.012199482322304722], [-0.01776488684229449, 0.014046575188854216, 0.9997435183732852]]","[-0.0016654564533382654, 0.061504852026700974, 0.7742716073989868]",[0.0],"[0.009223535656929016, -0.006570175290107727, -0.9986817836761475, 0.05006466433405876]",[0.44],"[3.1217098236083984, 0.26574134826660156, -9.983497200012208]","[669.1141357421875, 669.857421875, 490.31182861328125, 491.3570861816406]"
10.419976949692,"[-36.92009735107422, -44.0569953918457, -8.667292594909668]","[-36.92009735107422, -44.0569953918457, -8.667292594909668]","[-3.6044106483459473, -5.808151721954346, -4.76217794418335]","[-3.6044106483459473, -5.808151721954346, -4.76217794418335]","[0.00998612493276596, -0.006600342690944672, -0.9979766011238098, 0.06244535744190216]","[[-0.9920017218285393, 0.12450618745824016, -0.020756159554749187], [-0.12476983484508353, -0.9921140381636091, 0.011926800848150565], [-0.019107516520448842, 0.014421149411694811, 0.9997134255703786]]","[-0.0040284376591444016, 0.051939237862825394, 0.8773530721664429]",[0.0],"[0.00998612493276596, -0.006600342690944672, -0.9979766011238098, 0.06244535744190216]",[0.44],"[2.8801798820495605, 0.27124881744384766, -10.190206108093262]","[669.34912109375, 669.857421875, 502.3159484863281, 503.1862487792969]"
10.450950860977,"[-37.02735900878906, -44.23115539550781, -8.81037712097168]","[-37.02735900878906, -44.23115539550781, -8.81037712097168]","[-3.546022653579712, -5.8020219802856445, -4.777952194213867]","[-3.546022653579712, -5.8020219802856445, -4.777952194213867]","[0.010607902891933918, -0.0066154999658465385, -0.9970060586929321, 0.0763062983751297]","[[-0.988129691820425, 0.15201533043043133, -0.022161895535157877], [-0.15229603675530848, -0.9882672173483582, 0.011572487488051147], [-0.020142678277979692, 0.01481028670087639, 0.9996874151128744]]","[-0.0063994769006967545, 0.04450923949480057, 0.9733186960220337]",[0.0],"[0.010607902891933918, -0.0066154999658465385, -0.9970060586929321, 0.0763062983751297]",[0.44],"[2.9193997383117676, 0.3064870834350586, -10.59871250152588]","[669.4955444335938, 669.857421875, 518.368896484375, 519.0012817382812]"
10.481919765472,"[-37.143310546875, -44.42250061035156, -8.968466758728027]","[-37.143310546875, -44.42250061035156, -8.968466758728027]","[-3.4810237884521484, -5.794220924377441, -4.804737091064453]","[-3.4810237884521484, -5.794220924377441, -4.804737091064453]","[0.011164008639752865, -0.0066146645694971085, -0.9955701231956482, 0.09312234818935394]","[[-0.9824072479743302, 0.18527196297348045, -0.023461053108065066], [-0.18556734766309216, -0.9825690105774132, 0.011091487441224207], [-0.020997160719279095, 0.015249962240184295, 0.9996632222474491]]","[-0.009125132113695145, 0.03836391866207123, 1.0701931715011597]",[0.0],"[0.011164008639752865, -0.0066146645694971085, -0.9955701231956482, 0.09312234818935394]",[0.44],"[3.249943256378174, 0.39005279541015625, -11.149244842529297]","[669.6420288085938, 669.857421875, 535.7308959960938, 536.1956176757812]"
10.513915300369,"[-37.246849060058594, -44.59621047973633, -9.113163948059082]","[-37.246849060058594, -44.59621047973633, -9.113163948059082]","[-3.421215057373047, -5.786005973815918, -4.844834804534912]","[-3.421215057373047, -5.786005973815918, -4.844834804534912]","[0.011578237637877464, -0.006594056263566017, -0.9938793182373047, 0.10966535657644272]","[[-0.9756791615957132, 0.2178355645560574, -0.024461020922704496], [-0.21814095475772582, -0.9758603096132974, 0.0105679291691336], [-0.021568462796988125, 0.015646855405472088, 0.9996449256703875]]","[-0.011623942293226719, 0.034197647124528885, 1.1432006359100342]",[0.0],"[0.011578237637877464, -0.006594056263566017, -0.9938793182373047, 0.10966535657644272]",[0.44],"[2.990436553955078, 0.4107475280761719, -11.81488567352295]","[669.7097778320312, 669.857421875, 564.802001953125, 565.1605224609375]"
10.544917106628,"[-37.35866165161133, -44.78697967529297, -9.273945808410645]","[-37.35866165161133, -44.78697967529297, -9.273945808410645]","[-3.3549933433532715, -5.775390148162842, -4.900350570678711]","[-3.3549933433532715, -5.775390148162842, -4.900350570678711]","[0.011956392787396908, -0.006546862423419952, -0.9915549159049988, 0.1289692372083664]","[[-0.9664480253259207, 0.25560360859162823, -0.025399527795382126], [-0.2559167160262661, -0.9666482131677114, 0.009899133524283149], [-0.022022152383955773, 0.01606716095449992, 0.9996283665278446]]","[-0.01428779773414135, 0.030886957421898842, 1.2117446660995483]",[0.0],"[0.011956392787396908, -0.006546862423419952, -0.9915549159049988, 0.1289692372083664]",[0.44],"[3.3110857009887695, 0.5307912826538086, -12.585788307189942]","[669.7891845703125, 669.857421875, 576.53173828125, 576.7864990234375]"
10.575932979584,"[-37.45840835571289, -44.960079193115234, -9.42178726196289]","[-37.45840835571289, -44.960079193115234, -9.42178726196289]","[-3.2947351932525635, -5.764028072357178, -4.9573283195495605]","[-3.2947351932525635, -5.764028072357178, -4.9573283195495605]","[0.012245062738656998, -0.006480913609266281, -0.9889803528785706, 0.14739713072776794]","[[-0.9562482812420654, 0.2913870143333749, -0.02613078907759525], [-0.29170445110837206, -0.9564641598825911, 0.009209218230016303], [-0.02230971679559368, 0.016428766683054485, 0.9996161123946312]]","[-0.016600461676716805, 0.02873278222978115, 1.2666453123092651]",[0.0],"[0.012245062738656998, -0.006480913609266281, -0.9889803528785706, 0.14739713072776794]",[0.44],"[3.0129075050354004, 0.5681037902832031, -12.658887443542481]","[669.8448486328125, 669.857421875, 598.422119140625, 598.593994140625]"
10.606915712357,"[-37.55634689331055, -45.13282012939453, -9.571626663208008]","[-37.55634689331055, -45.13282012939453, -9.571626663208008]","[-3.2342917919158936, -5.750964641571045, -5.035761833190918]","[-3.2342917919158936, -5.750964641571045, -5.035761833190918]","[0.012492923066020012, -0.006391435395926237, -0.9859515428543091, 0.16644145548343658]","[[-0.9442825906064256, 0.3280467242362567, -0.026762433163257868], [-0.3283661150789877, -0.9445130359670519, 0.008444610582632295], [-0.022507233923552597, 0.016761971776036166, 0.9996061528536924]]","[-0.018784137442708015, 0.027228929102420807, 1.2997690439224243]",[0.0],"[0.012492923066020012, -0.006391435395926237, -0.9859515428543091, 0.16644145548343658]",[0.44],"[3.022170066833496, 0.6531715393066406, -13.731675682067872]","[669.857421875, 669.8300170898438, 632.6834716796875, 632.7779541015625]"
10.638141870499,"[-37.6619873046875, -45.32233810424805, -9.739367485046387]","[-37.6619873046875, -45.32233810424805, -9.739367485046387]","[-3.1684038639068604, -5.734267234802246, -5.128835678100586]","[-3.1684038639068604, -5.734267234802246, -5.128835678100586]","[0.012716283090412617, -0.006189245730638504, -0.9821118116378784, 0.18776673078536987]","[[-0.9291638346426996, 0.36865843987222896, -0.02730189252018911], [-0.36897325667553665, -0.9294106288285422, 0.007381672867122657], [-0.02265335477271191, 0.016932452481634885, 0.9995999787633005]]","[-0.07086163759231567, 0.026024598628282547, 1.3250291347503662]",[0.0],"[0.012716283090412617, -0.006189245730638504, -0.9821118116378784, 0.18776673078536987]",[0.44],"[3.29439640045166, 0.8348703384399414, -14.463692245483399]","[669.857421875, 657.0986938476562, 625.2898559570312, 638.6947021484375]"
10.668629646301,"[-37.756160736083984, -45.49410629272461, -9.89429759979248]","[-37.756160736083984, -45.49410629272461, -9.89429759979248]","[-3.110142469406128, -5.716115474700928, -5.201303482055664]","[-3.110142469406128, -5.716115474700928, -5.201303482055664]","[0.012137348763644695, -0.0023512481711804867, -0.9781684279441833, 0.20744581520557404]","[[-0.9136380035895151, 0.40577681804830484, -0.02472025590633152], [-0.40589096972463884, -0.9139215773236107, -0.0004358509627967744], [-0.022769229531846916, 0.009635517872037785, 0.9996943127940543]]","[-0.43280625343322754, 0.018418142572045326, 1.3443151712417603]",[0.0],"[0.012137348763644695, -0.0023512481711804867, -0.9781684279441833, 0.20744581520557404]",[0.44],"[2.913069725036621, 0.907588005065918, -13.433390197753907]","[669.4373779296875, 665.4628295898438, 640.1912231445312, 643.2127685546875]"
10.699628591537,"[-37.84861755371094, -45.665260314941406, -10.051642417907715]","[-37.84861755371094, -45.665260314941406, -10.051642417907715]","[-3.054326057434082, -5.692707538604736, -5.2850446701049805]","[-3.054326057434082, -5.692707538604736, -5.2850446701049805]","[0.011052433401346207, 0.003615942783653736, -0.9737626314163208, 0.22726891934871674]","[[-0.8964534747701043, 0.44269189182189883, -0.019881310447161488], [-0.44253203195470114, -0.8966716372538572, -0.012065889110718264], [-0.02316847608263259, -0.002018390729527808, 0.9997295373473883]]","[-0.5476351380348206, 0.02812337875366211, 1.3480509519577026]",[0.0],"[0.011052433401346207, 0.003615942783653736, -0.9737626314163208, 0.22726891934871674]",[0.44],"[2.790820598602295, 1.1703968048095703, -13.99705940246582]","[657.5093994140625, 596.2616577148438, 619.7704467773438, 669.4091186523438]"
10.730635643005,"[-37.94846725463867, -45.852603912353516, -10.22706127166748]","[-37.94846725463867, -45.852603912353516, -10.22706127166748]","[-2.998234510421753, -5.658573627471924, -5.351975917816162]","[-2.998234510421753, -5.658573627471924, -5.351975917816162]","[0.008067211136221886, 0.020398441702127457, -0.9682754874229431, 0.24892060458660126]","[[-0.8759470319360263, 0.482376556543532, -0.00546738070790187], [-0.4817183223992881, -0.875244998879309, -0.043518812310304134], [-0.025777750472374295, -0.035486432016879677, 0.999037647361217]]","[-1.3810911178588867, 0.0977858304977417, 1.335203766822815]",[0.0],"[0.008067211136221886, 0.020398441702127457, -0.9682754874229431, 0.24892060458660126]",[0.44],"[2.804577350616455, 1.706695556640625, -13.156562385559083]","[653.220458984375, 634.0394897460938, 660.3756713867188, 663.2361450195312]"
10.761317491531,"[-38.03773880004883, -46.02171325683594, -10.388786315917969]","[-38.03773880004883, -46.02171325683594, -10.388786315917969]","[-2.9548239707946777, -5.612320423126221, -5.429600238800049]","[-2.9548239707946777, -5.612320423126221, -5.429600238800049]","[0.0047089955769479275, 0.04300438240170479, -0.9623754024505615, 0.2682575583457947]","[[-0.8560315842952646, 0.5167339662399163, 0.014008858215494024], [-0.5159239364538403, -0.852377179762448, -0.08529916695342338], [-0.03213614426950673, -0.08024627233049059, 0.9962568969098085]]","[-1.6171858310699463, 0.13512900471687317, 1.324366569519043]",[0.0],"[0.0047089955769479275, 0.04300438240170479, -0.9623754024505615, 0.2682575583457947]",[0.44],"[2.1705269813537598, 2.3126602172851562, -13.691216049194336]","[653.2208862304688, 649.1435546875, 665.3676147460938, 669.421875]"
10.79231095314,"[-38.12584686279297, -46.189186096191406, -10.552799224853516]","[-38.12584686279297, -46.189186096191406, -10.552799224853516]","[-2.920741081237793, -5.549509525299072, -5.50320291519165]","[-2.920741081237793, -5.549509525299072, -5.50320291519165]","[0.00037975350278429687, 0.06674408912658691, -0.9555344581604004, 0.28722643852233887]","[[-0.8350017483304555, 0.5489602112088412, 0.03761559890945923], [-0.5488588260022973, -0.8260924898892257, -0.12777070457020762], [-0.03906706913952926, -0.12733440358572318, 0.9910901647078787]]","[-1.6451243162155151, 0.06756726652383804, 1.314524531364441]",[0.0],"[0.00037975350278429687, 0.06674408912658691, -0.9555344581604004, 0.28722643852233887]",[0.44],"[1.7041444778442383, 3.140544891357422, -13.490133819580079]","[652.7107543945312, 652.0228271484375, 668.9733276367188, 664.4761352539062]"
10.823391914368,"[-38.22178649902344, -46.370948791503906, -10.735554695129395]","[-38.22178649902344, -46.370948791503906, -10.735554695129395]","[-2.895141839981079, -5.463352203369141, -5.571325302124023]","[-2.895141839981079, -5.463352203369141, -5.571325302124023]","[-0.004759122151881456, 0.09181946516036987, -0.9470454454421997, 0.3076547384262085]","[[-0.8106517798303017, 0.5818520774892668, 0.06551159698918074], [-0.5835999976917414, -0.7938354499529421, -0.17098607960458312], [-0.04748317715621109, -0.17684274552768497, 0.9830930731480142]]","[-1.5145330429077148, 0.038074616342782974, 1.3047689199447632]",[0.0],"[-0.004759122151881456, 0.09181946516036987, -0.9470454454421997, 0.3076547384262085]",[0.44],"[1.2799620628356934, 4.307866096496582, -13.216119346618653]","[651.0362548828125, 656.9291381835938, 669.8562622070312, 663.4993286132812]"
10.854392766953,"[-38.30842590332031, -46.533504486083984, -10.903465270996094]","[-38.30842590332031, -46.533504486083984, -10.903465270996094]","[-2.8822925090789795, -5.372613906860352, -5.618885040283203]","[-2.8822925090789795, -5.372613906860352, -5.618885040283203]","[-0.00933848973363638, 0.11200983822345734, -0.9387027621269226, 0.3258890211582184]","[[-0.7874181589671179, 0.6097338431674854, 0.09053768529158257], [-0.6139178540647495, -0.7625001660304382, -0.20420126649471665], [-0.055473420863349054, -0.21637451160827997, 0.9747331775012994]]","[-1.2699449062347412, -0.016383932903409004, 1.2967640161514282]",[0.0],"[-0.00933848973363638, 0.11200983822345734, -0.9387027621269226, 0.3258890211582184]",[0.44],"[0.6424665451049805, 4.536914825439453, -12.187986907958985]","[639.2789306640625, 658.5996704101562, 669.857421875, 650.7265014648438]"
10.886368513107,"[-38.403438568115234, -46.709041595458984, -11.089455604553223]","[-38.403438568115234, -46.709041595458984, -11.089455604553223]","[-2.877678871154785, -5.2649641036987305, -5.6485595703125]","[-2.877678871154785, -5.2649641036987305, -5.6485595703125]","[-0.013947692699730396, 0.12946847081184387, -0.9292862415313721, 0.34564507007598877]","[[-0.7606700072677217, 0.6387948432591515, 0.1154230751867158], [-0.6460179890399018, -0.7275349136622995, -0.23098463483391174], [-0.06357747947884773, -0.2502684397162984, 0.9660867538679933]]","[-1.069443702697754, -0.12151838839054108, 1.2762418985366821]",[0.0],"[-0.013947692699730396, 0.12946847081184387, -0.9292862415313721, 0.34564507007598877]",[0.44],"[0.2306818962097168, 5.382490158081055, -11.293726501464844]","[622.4467163085938, 630.1288452148438, 660.7470092773438, 668.9925537109375]"
10.917369604111,"[-38.48978042602539, -46.86552429199219, -11.258903503417969]","[-38.48978042602539, -46.86552429199219, -11.258903503417969]","[-2.8799498081207275, -5.16612434387207, -5.645817756652832]","[-2.8799498081207275, -5.16612434387207, -5.645817756652832]","[-0.020331094041466713, 0.14469453692436218, -0.9201505780220032, 0.36328110098838806]","[[-0.7352271904999643, 0.6626630336428786, 0.14254491722992513], [-0.6744302265928613, -0.6941808792382991, -0.2515097191197909], [-0.06771424549362393, -0.28105332803052085, 0.9573002751986428]]","[-1.209733486175537, -0.281880646944046, 1.2472100257873535]",[0.0],"[-0.020331094041466713, 0.14469453692436218, -0.9201505780220032, 0.36328110098838806]",[0.44],"[-0.11354684829711914, 4.941987991333008, -9.672909317016602]","[615.5673828125, 627.5703735351562, 666.1904296875, 662.8388671875]"
10.948360204697,"[-38.576316833496094, -47.019004821777344, -11.428041458129883]","[-38.576316833496094, -47.019004821777344, -11.428041458129883]","[-2.89041805267334, -5.0655059814453125, -5.627164363861084]","[-2.89041805267334, -5.0655059814453125, -5.627164363861084]","[-0.027702847495675087, 0.15774935483932495, -0.9107832312583923, 0.3805543780326843]","[[-0.7088219065874029, 0.6844648795489621, 0.1705269931462119], [-0.7019453048275819, -0.6605870842016937, -0.2662660544620723], [-0.06960183731753422, -0.30843581405587606, 0.9486953865768162]]","[-0.8733139038085938, -0.3467029929161072, 1.2184133529663086]",[0.0],"[-0.027702847495675087, 0.15774935483932495, -0.9107832312583923, 0.3805543780326843]",[0.44],"[-0.5234122276306152, 5.030918121337891, -8.877330360412598]","[618.0093383789062, 632.3734130859375, 669.8524780273438, 665.0322875976562]"
10.978523015976,"[-38.66328430175781, -47.16946792602539, -11.596443176269531]","[-38.66328430175781, -47.16946792602539, -11.596443176269531]","[-2.9068191051483154, -4.967113018035889, -5.589596271514893]","[-2.9068191051483154, -4.967113018035889, -5.589596271514893]","[-0.035062525421381, 0.16628412902355194, -0.9016851186752319, 0.3975979685783386]","[[-0.6813729296109767, 0.7053556599630598, 0.19545917860442774], [-0.7286770259673018, -0.6285308678585841, -0.27199027146328314], [-0.0689977490219027, -0.3277534269863529, 0.9422404154919075]]","[-0.44158443808555603, -0.5973080396652222, 1.186143398284912]",[0.0],"[-0.035062525421381, 0.16628412902355194, -0.9016851186752319, 0.3975979685783386]",[0.44],"[-0.8200526237487793, 4.919648170471191, -7.93159538269043]","[526.5087280273438, 646.529541015625, 668.5648803710938, 630.62353515625]"
11.009532928467,"[-38.759334564208984, -47.332008361816406, -11.778849601745605]","[-38.759334564208984, -47.332008361816406, -11.778849601745605]","[-2.909393787384033, -4.892065048217773, -5.439146995544434]","[-2.909393787384033, -4.892065048217773, -5.439146995544434]","[-0.038553524762392044, 0.15226413309574127, -0.895101010799408, 0.41728100180625916]","[[-0.6487803715230389, 0.7352766549568827, 0.19609245796409924], [-0.7587579310598059, -0.6053843876114524, -0.24040825201296045], [-0.05805526202531075, -0.30475886575701394, 0.950658519001996]]","[2.0157604217529297, -0.5901030898094177, 1.1420115232467651]",[0.0],"[-0.038553524762392044, 0.15226413309574127, -0.895101010799408, 0.41728100180625916]",[0.44],"[-0.12873411178588867, 3.7523984909057617, -2.2875362014770513]","[438.9683532714844, 549.6270751953125, 669.8565063476562, 478.35601806640625]"
11.04051399231,"[-38.846656799316406, -47.47783660888672, -11.940192222595215]","[-38.846656799316406, -47.47783660888672, -11.940192222595215]","[-2.9120728969573975, -4.829276084899902, -5.3253583908081055]","[-2.9120728969573975, -4.829276084899902, -5.3253583908081055]","[-0.026088319718837738, 0.11954537779092789, -0.8925250172615051, 0.4340822398662567]","[[-0.6217840075776513, 0.7686210411856492, 0.1503540067290463], [-0.7810959933325251, -0.5945630137268045, -0.1907455282369619], [-0.05721609469952904, -0.23604343326856236, 0.970056604446144]]","[1.949228286743164, -0.24650494754314423, 1.0853493213653564]",[0.0],"[-0.026088319718837738, 0.11954537779092789, -0.8925250172615051, 0.4340822398662567]",[0.44],"[-0.1339554786682129, 3.1394481658935547, -4.120569763183594]","[555.560302734375, 476.61102294921875, 575.1748657226562, 669.2653198242188]"
11.072512626648,"[-38.94272994995117, -47.63616180419922, -12.114289283752441]","[-38.94272994995117, -47.63616180419922, -12.114289283752441]","[-2.9105899333953857, -4.765936374664307, -5.236658096313477]","[-2.9105899333953857, -4.765936374664307, -5.236658096313477]","[-0.018389709293842316, 0.09603505581617355, -0.88736891746521, 0.4505723714828491]","[[-0.5932926552579882, 0.7961157215279818, 0.11917839854631573], [-0.8031799485618912, -0.5755235541825812, -0.15386525718180444], [-0.05390457283200867, -0.18700883689143133, 0.9808781732929448]]","[1.2836155891418457, -0.3836401402950287, 1.0036615133285522]",[0.0],"[-0.018389709293842316, 0.09603505581617355, -0.88736891746521, 0.4505723714828491]",[0.44],"[0.07414817810058594, 3.166985511779785, -5.374985275268555]","[519.9459228515625, 523.912353515625, 659.326171875, 669.8526000976562]"
11.103524923325,"[-39.03000259399414, -47.778343200683594, -12.270608901977539]","[-39.03000259399414, -47.778343200683594, -12.270608901977539]","[-2.9063665866851807, -4.713554859161377, -5.1858344078063965]","[-2.9063665866851807, -4.713554859161377, -5.1858344078063965]","[-0.013218199834227562, 0.07708036154508591, -0.8823345303535461, 0.46407943964004517]","[[-0.5689112111802679, 0.8169089015986774, 0.0948685702718961], [-0.8209843560874671, -0.5573778885221408, -0.1237527396624929], [-0.04821707370048611, -0.14828991875096675, 0.9877677941144425]]","[1.1544524431228638, -0.32079508900642395, 0.9174978733062744]",[0.0],"[-0.013218199834227562, 0.07708036154508591, -0.8823345303535461, 0.46407943964004517]",[0.44],"[0.2111673355102539, 2.6190757751464844, -7.268815574645997]","[536.20751953125, 508.75225830078125, 652.6502685546875, 669.804443359375]"
11.133513450623,"[-39.117069244384766, -47.91905975341797, -12.42556381225586]","[-39.117069244384766, -47.91905975341797, -12.42556381225586]","[-2.897171974182129, -4.668494701385498, -5.14837121963501]","[-2.897171974182129, -4.668494701385498, -5.14837121963501]","[-0.00933381263166666, 0.06198878213763237, -0.87713223695755, 0.4761400520801544]","[[-0.5464071404421251, 0.8341183946168247, 0.07540465981670808], [-0.8364327613277762, -0.5388961623367976, -0.09985631422021507], [-0.042656708004882415, -0.11763312235040774, 0.9921405416617002]]","[0.8675951957702637, -0.294685035943985, 0.8377804160118103]",[0.0],"[-0.00933381263166666, 0.06198878213763237, -0.87713223695755, 0.4761400520801544]",[0.44],"[0.4597306251525879, 2.2530078887939453, -7.936840591430665]","[544.132080078125, 532.373291015625, 660.0755615234375, 669.857421875]"
11.164520025253,"[-39.20379638671875, -48.05851364135742, -12.579641342163086]","[-39.20379638671875, -48.05851364135742, -12.579641342163086]","[-2.8839550018310547, -4.629528522491455, -5.124519348144531]","[-2.8839550018310547, -4.629528522491455, -5.124519348144531]","[-0.006572225596755743, 0.04956289380788803, -0.8720116019248962, 0.4869252145290375]","[[-0.5257214286684713, 0.8485573956395125, 0.05972895934184913], [-0.8498603497168464, -0.5208948560818367, -0.08003847213363288], [-0.036804731458494, -0.09283920156816697, 0.9950006508161867]]","[0.7304975986480713, -0.2627894878387451, 0.7560142278671265]",[0.0],"[-0.006572225596755743, 0.04956289380788803, -0.8720116019248962, 0.4869252145290375]",[0.44],"[0.6608486175537109, 1.9483089447021484, -8.617406425476075]","[540.3601684570312, 527.2846069335938, 662.495849609375, 669.857421875]"
11.195513725281,"[-39.29866409301758, -48.210670471191406, -12.748492240905762]","[-39.29866409301758, -48.210670471191406, -12.748492240905762]","[-2.865079402923584, -4.593133449554443, -5.11115026473999]","[-2.865079402923584, -4.593133449554443, -5.11115026473999]","[-0.0043120309710502625, 0.03842693194746971, -0.8666677474975586, 0.4973849654197693]","[[-0.5051792273027749, 0.8618036189976452, 0.04570015277339978], [-0.8624664114803648, -0.5022631563271744, -0.06231728635746148], [-0.030751760098120418, -0.07089624385916071, 0.9970095545800185]]","[0.5643970966339111, -0.2240278571844101, 0.6707524061203003]",[0.0],"[-0.0043120309710502625, 0.03842693194746971, -0.8666677474975586, 0.4973849654197693]",[0.44],"[0.9437799453735352, 1.819753646850586, -9.14154582977295]","[550.2300415039062, 539.3890380859375, 663.7796020507812, 669.857421875]"
11.22651553154,"[-39.384315490722656, -48.34803009033203, -12.901813507080078]","[-39.384315490722656, -48.34803009033203, -12.901813507080078]","[-2.8446245193481445, -4.564961910247803, -5.111911773681641]","[-2.8446245193481445, -4.564961910247803, -5.111911773681641]","[-0.002845314797013998, 0.030266299843788147, -0.8621488213539124, 0.5057423710823059]","[[-0.48843327813634874, 0.8718781439730933, 0.035520070091023814], [-0.8722226125762788, -0.4866173719564688, -0.049310116970297246], [-0.025707730896517955, -0.055066101977966964, 0.9981517105549436]]","[0.4612869918346405, -0.19298426806926727, 0.5984950065612793]",[0.0],"[-0.002845314797013998, 0.030266299843788147, -0.8621488213539124, 0.5057423710823059]",[0.44],"[1.0227441787719727, 1.4085769653320312, -9.84807544708252]","[561.1618041992188, 552.5061645507812, 665.7520751953125, 669.857421875]"
11.258514642715,"[-39.477779388427734, -48.498226165771484, -13.070676803588867]","[-39.477779388427734, -48.498226165771484, -13.070676803588867]","[-2.8188931941986084, -4.5387468338012695, -5.123325824737549]","[-2.8188931941986084, -4.5387468338012695, -5.123325824737549]","[-0.001654061023145914, 0.022978661581873894, -0.8576018214225769, 0.5137979388237]","[[-0.47201780599083154, 0.8811920801397684, 0.02644982940777635], [-0.8813441125737149, -0.4709672400503795, -0.037713377764174105], [-0.02077572642300024, -0.04111279034169807, 0.9989384903880748]]","[0.3633238673210144, -0.1610492765903473, 0.5244662165641785]",[0.0],"[-0.001654061023145914, 0.022978661581873894, -0.8576018214225769, 0.5137979388237]",[0.44],"[1.2865662574768066, 1.3107538223266602, -10.38070255279541]","[564.4029541015625, 557.3562622070312, 666.8292236328125, 669.857421875]"
11.289533853531,"[-39.56196212768555, -48.634090423583984, -13.224434852600098]","[-39.56196212768555, -48.634090423583984, -13.224434852600098]","[-2.792529821395874, -4.5192742347717285, -5.122184753417969]","[-2.792529821395874, -4.5192742347717285, -5.122184753417969]","[-0.0008605688926763833, 0.017613094300031662, -0.8539290428161621, 0.5200906991958618]","[[-0.45901006251149723, 0.8882107913217048, 0.019790542600613248], [-0.8882714204459383, -0.45839110148749174, -0.02918551775911714], [-0.016851083517411214, -0.030975813267510213, 0.9993780766607183]]","[0.29767686128616333, -0.13655266165733337, 0.4430844485759735]",[0.0],"[-0.0008605688926763833, 0.017613094300031662, -0.8539290428161621, 0.5200906991958618]",[0.44],"[1.3181686401367188, 0.9736299514770508, -9.752946434020997]","[524.1509399414062, 517.953369140625, 667.6243286132812, 669.857421875]"
11.320402860641,"[-39.64531326293945, -48.76942443847656, -13.3778076171875]","[-39.64531326293945, -48.76942443847656, -13.3778076171875]","[-2.7637624740600586, -4.503390312194824, -5.098493576049805]","[-2.7637624740600586, -4.503390312194824, -5.098493576049805]","[-0.0006260256632231176, 0.013838140293955803, -0.8508888483047485, 0.5251631736755371]","[[-0.4484066525923531, 0.8936936499797782, 0.015599919860260589], [-0.8937283021035994, -0.44802444815502485, -0.022891907266606004], [-0.01346920683790405, -0.024206969763008346, 0.9996162279301476]]","[0.043685540556907654, -0.10599183291196823, 0.345039427280426]",[0.0],"[-0.0006260256632231176, 0.013838140293955803, -0.8508888483047485, 0.5251631736755371]",[0.44],"[1.4383673667907715, 0.7941961288452148, -8.625441131591797]","[511.67266845703125, 469.436767578125, 644.0343627929688, 669.857421875]"
11.352067232132,"[-39.73598861694336, -48.91777801513672, -13.545572280883789]","[-39.73598861694336, -48.91777801513672, -13.545572280883789]","[-2.7319447994232178, -4.487724781036377, -5.071310520172119]","[-2.7319447994232178, -4.487724781036377, -5.071310520172119]","[-0.0033179521560668945, 0.015145971439778805, -0.8483123183250427, 0.5292692184448242]","[[-0.4397263797457265, 0.8978706882168359, 0.021661912304248077], [-0.8980717026512133, -0.43928959645703713, -0.022184848401769597], [-0.010403273561829351, -0.029209208179684976, 0.9995191814852709]]","[-0.2938399612903595, -0.09908989816904068, 0.23862186074256897]",[0.0],"[-0.0033179521560668945, 0.015145971439778805, -0.8483123183250427, 0.5292692184448242]",[0.44],"[1.590883731842041, 0.7832765579223633, -8.450847206115723]","[511.0326232910156, 504.3918762207031, 664.6434936523438, 669.857421875]"
11.383061885834,"[-39.81754684448242, -49.05220413208008, -13.697300910949707]","[-39.81754684448242, -49.05220413208008, -13.697300910949707]","[-2.705803394317627, -4.473198413848877, -5.041686534881592]","[-2.705803394317627, -4.473198413848877, -5.041686534881592]","[-0.008184444159269333, 0.024198276922106743, -0.8465802073478699, 0.5316479206085205]","[[-0.4345672081583227, 0.8997691148372112, 0.03958750408265699], [-0.9005613126220894, -0.43353006519871706, -0.03226907915113242], [-0.01187235034913181, -0.049674050025580785, 0.9986949165356097]]","[-1.148698091506958, 0.19653940200805664, 0.14927537739276886]",[0.0],"[-0.008184444159269333, 0.024198276922106743, -0.8465802073478699, 0.5316479206085205]",[0.44],"[1.307070255279541, 0.726318359375, -8.328800735473633]","[545.825927734375, 466.1960144042969, 630.934814453125, 669.857421875]"
11.414090633392,"[-39.906471252441406, -49.199493408203125, -13.862960815429688]","[-39.906471252441406, -49.199493408203125, -13.862960815429688]","[-2.6855380535125732, -4.451930046081543, -4.998536109924316]","[-2.6855380535125732, -4.451930046081543, -4.998536109924316]","[-0.018551483750343323, 0.04788147658109665, -0.844795286655426, 0.5326201319694519]","[[-0.43194342430961896, 0.8981334092616946, 0.08234968881654137], [-0.9016864990006412, -0.42804646780912536, -0.06113830402095122], [-0.019660864685522306, -0.10066187891429923, 0.9947264133021493]]","[-1.8133118152618408, 0.21261970698833466, 0.058355193585157394]",[0.0],"[-0.018551483750343323, 0.04788147658109665, -0.844795286655426, 0.5326201319694519]",[0.44],"[1.0132670402526855, 1.0634183883666992, -7.652478752136231]","[531.1141967773438, 511.6289367675781, 646.83544921875, 669.857421875]"
11.445069551468,"[-39.98691940307617, -49.33265686035156, -14.012321472167969]","[-39.98691940307617, -49.33265686035156, -14.012321472167969]","[-2.679373264312744, -4.424922466278076, -4.954563140869141]","[-2.679373264312744, -4.424922466278076, -4.954563140869141]","[-0.030150625854730606, 0.07153408974409103, -0.8431488275527954, 0.5320469737052917]","[[-0.4320341427983383, 0.8928759690137937, 0.12696192160901099], [-0.9015031593167251, -0.42361801128617094, -0.08854466931291372], [-0.025276062251414544, -0.1527108662782335, 0.9879476275301048]]","[-1.596037745475769, 0.16936272382736206, -0.020446324720978737]",[0.0],"[-0.030150625854730606, 0.07153408974409103, -0.8431488275527954, 0.5320469737052917]",[0.44],"[0.3082394599914551, 1.3503789901733398, -7.611351547241211]","[521.425048828125, 548.734375, 669.7881469726562, 650.5008544921875]"
11.477104663849,"[-40.075382232666016, -49.47809982299805, -14.174769401550293]","[-40.075382232666016, -49.47809982299805, -14.174769401550293]","[-2.683628797531128, -4.388742446899414, -4.888850212097168]","[-2.683628797531128, -4.388742446899414, -4.888850212097168]","[-0.04052024334669113, 0.09270427376031876, -0.8418442010879517, 0.5301532745361328]","[[-0.4345914825576793, 0.8851001202479717, 0.16651841237122333], [-0.9001257191761572, -0.4206870980525732, -0.1131212311718901], [-0.030071484818884997, -0.1990489899528871, 0.9795280550113936]]","[-1.2750672101974487, 0.14519307017326355, -0.10040882229804993]",[0.0],"[-0.04052024334669113, 0.09270427376031876, -0.8418442010879517, 0.5301532745361328]",[0.44],"[-0.21277666091918945, 1.8090009689331055, -6.524353561401368]","[539.7088012695312, 559.8843994140625, 669.8573608398438, 657.6506958007812]"
11.508072137833,"[-40.15605163574219, -49.60921859741211, -14.32042407989502]","[-40.15605163574219, -49.60921859741211, -14.32042407989502]","[-2.6952810287475586, -4.3511433601379395, -4.81981897354126]","[-2.6952810287475586, -4.3511433601379395, -4.81981897354126]","[-0.04822437837719917, 0.1082252711057663, -0.8412585854530334, 0.5274900794029236]","[[-0.4388574338087108, 0.8770729232304647, 0.19531385837387605], [-0.8979493089255824, -0.4200831965366121, -0.13121511460272517], [-0.03303716902205833, -0.23296663932010686, 0.9719234000484323]]","[-1.0385208129882812, 0.11983905732631683, -0.16759656369686127]",[0.0],"[-0.04822437837719917, 0.1082252711057663, -0.8412585854530334, 0.5274900794029236]",[0.44],"[-0.5826115608215332, 1.8799543380737305, -6.35843807220459]","[553.12451171875, 569.632080078125, 669.857421875, 658.9909057617188]"
11.540068626404,"[-40.24530029296875, -49.75206756591797, -14.478126525878906]","[-40.24530029296875, -49.75206756591797, -14.478126525878906]","[-2.714738130569458, -4.305649757385254, -4.736738204956055]","[-2.714738130569458, -4.305649757385254, -4.736738204956055]","[-0.05511010065674782, 0.12191448360681534, -0.8413429856300354, 0.5236809849739075]","[[-0.4454423215639567, 0.867753207905076, 0.22042158696544467], [-0.894628085757424, -0.42179028532651763, -0.14742356767073028], [-0.034955600465764736, -0.2628640148464778, 0.9641994709849734]]","[-0.828315258026123, 0.10565312951803207, -0.23543526232242584]",[0.0],"[-0.05511010065674782, 0.12191448360681534, -0.8413429856300354, 0.5236809849739075]",[0.44],"[-0.9728550910949707, 2.2746801376342773, -5.655961570739747]","[566.48193359375, 578.7864990234375, 669.857421875, 661.3931884765625]"
11.570068597794,"[-40.31886291503906, -49.8677864074707, -14.605067253112793]","[-40.31886291503906, -49.8677864074707, -14.605067253112793]","[-2.7350194454193115, -4.265557765960693, -4.665902614593506]","[-2.7350194454193115, -4.265557765960693, -4.665902614593506]","[-0.059731625020504, 0.1310233771800995, -0.841970682144165, 0.5199523568153381]","[[-0.4521635099159784, 0.8599168026312696, 0.2368363816535819], [-0.8912217595698366, -0.4249649932358013, -0.15852048611067904], [-0.03566727339720899, -0.28275088293396333, 0.9585300152094626]]","[-0.6884440779685974, 0.09714216738939285, -0.2863800525665283]",[0.0],"[-0.059731625020504, 0.1310233771800995, -0.841970682144165, 0.5199523568153381]",[0.44],"[-1.0140657424926758, 2.0045995712280273, -6.268220481872559]","[576.6220703125, 588.934326171875, 669.857421875, 664.39697265625]"
11.602080583572,"[-40.409610748291016, -50.0076904296875, -14.757669448852539]","[-40.409610748291016, -50.0076904296875, -14.757669448852539]","[-2.7658307552337646, -4.212442398071289, -4.583688735961914]","[-2.7658307552337646, -4.212442398071289, -4.583688735961914]","[-0.0648486465215683, 0.1395997554063797, -0.8433569073677063, 0.5148355960845947]","[[-0.46147792982868596, 0.8502746018477354, 0.25312295453063705], [-0.8864860226191182, -0.4309124403210025, -0.16869205280320365], [-0.03436073862099143, -0.30223761915204683, 0.9526131226695993]]","[-0.48260146379470825, -0.024140723049640656, -0.34038981795310974]",[0.0],"[-0.0648486465215683, 0.1395997554063797, -0.8433569073677063, 0.5148355960845947]",[0.44],"[-1.5405654907226562, 2.655768394470215, -5.699306068420411]","[583.6600341796875, 621.770751953125, 669.854248046875, 664.7489013671875]"
11.634092330933,"[-40.50118637084961, -50.145965576171875, -14.906627655029297]","[-40.50118637084961, -50.145965576171875, -14.906627655029297]","[-2.779129981994629, -4.171599388122559, -4.424828052520752]","[-2.779129981994629, -4.171599388122559, -4.424828052520752]","[-0.06401295959949493, 0.1280190646648407, -0.847446620464325, 0.5112219452857971]","[[-0.46910931090813257, 0.8500768612505825, 0.23938744310027893], [-0.8828563781080048, -0.4445268670661844, -0.15152898795053638], [-0.02239717798623353, -0.28242830687035614, 0.9590269201713055]]","[2.33215594291687, -0.3546445965766907, -0.35965725779533386]",[0.0],"[-0.06401295959949493, 0.1280190646648407, -0.847446620464325, 0.5112219452857971]",[0.44],"[-0.6649613380432129, 2.0421504974365234, -1.866965827941895]","[503.7203063964844, 633.3990478515625, 669.5350952148438, 503.05975341796875]"
11.665505170822,"[-40.58488845825195, -50.270484924316406, -15.038193702697754]","[-40.58488845825195, -50.270484924316406, -15.038193702697754]","[-2.7993667125701904, -4.130511283874512, -4.352014541625977]","[-2.7993667125701904, -4.130511283874512, -4.352014541625977]","[-0.04970874637365341, 0.09700711071491241, -0.853917121887207, 0.5088657736778259]","[[-0.47716966116277293, 0.859414190045815, 0.18362149616441137], [-0.878702597497689, -0.46329082103634267, -0.11508190620457537], [-0.013832897620366325, -0.21626222493251124, 0.976237322009409]]","[1.5308113098144531, -0.09709823876619339, -0.37071454524993896]",[0.0],"[-0.04970874637365341, 0.09700711071491241, -0.853917121887207, 0.5088657736778259]",[0.44],"[-1.0118365287780762, 2.0544052124023438, -6.169324455261231]","[659.4884033203125, 529.2197875976562, 560.4842529296875, 668.6355590820312]"
11.696506261826,"[-40.677635192871094, -50.40605545043945, -15.18154239654541]","[-40.677635192871094, -50.40605545043945, -15.18154239654541]","[-2.8210723400115967, -4.0857462882995605, -4.344150066375732]","[-2.8210723400115967, -4.0857462882995605, -4.344150066375732]","[-0.04168354347348213, 0.0789031833410263, -0.8587400913238525, 0.5045812129974365]","[[-0.4873205135764924, 0.8600303053134543, 0.151216787777388], [-0.8731861624054215, -0.4783441244868085, -0.09344918788026924], [-0.008035468060908713, -0.1775801195917932, 0.9840735397242935]]","[1.3070423603057861, -0.11251617223024368, -0.38676536083221436]",[0.0],"[-0.04168354347348213, 0.0789031833410263, -0.8587400913238525, 0.5045812129974365]",[0.44],"[-1.0852813720703125, 2.2382497787475586, -9.416776237487793]","[608.8159790039062, 635.523681640625, 669.2223510742188, 641.0499877929688]"
11.727499246597,"[-40.762454986572266, -50.52809524536133, -15.311871528625488]","[-40.762454986572266, -50.52809524536133, -15.311871528625488]","[-2.8312079906463623, -4.05136251449585, -4.340824604034424]","[-2.8312079906463623, -4.05136251449585, -4.340824604034424]","[-0.03387247025966644, 0.06189314275979996, -0.8630592226982117, 0.5001506805419922]","[[-0.4974039660102525, 0.8591263678862895, 0.12037969065074527], [-0.8675122624359239, -0.4920371322518666, -0.07295221725722367], [-0.003443899238041226, -0.14071757346526592, 0.9900437892756461]]","[1.0265761613845825, -0.06558116525411606, -0.4278978705406189]",[0.0],"[-0.03387247025966644, 0.06189314275979996, -0.8630592226982117, 0.5001506805419922]",[0.44],"[-0.5067825317382812, 1.7191886901855469, -9.64372688293457]","[589.2271728515625, 551.6572265625, 644.3782958984375, 669.7890014648438]"
11.758190393448,"[-40.84742736816406, -50.649200439453125, -15.441970825195312]","[-40.84742736816406, -50.649200439453125, -15.441970825195312]","[-2.8322367668151855, -4.0227952003479, -4.3339080810546875]","[-2.8322367668151855, -4.0227952003479, -4.3339080810546875]","[-0.02833586186170578, 0.049820296466350555, -0.8672045469284058, 0.49464261531829834]","[[-0.509051576306593, 0.8550892481400137, 0.09843245997531014], [-0.8607360522943327, -0.5056932945614943, -0.05837652561273643], [-0.00014050698488432545, -0.11444102488702512, 0.9934300339851185]]","[0.8308614492416382, -0.04329986125230789, -0.4948023855686188]",[0.0],"[-0.02833586186170578, 0.049820296466350555, -0.8672045469284058, 0.49464261531829834]",[0.44],"[-0.05143880844116211, 1.428365707397461, -9.464173851013184]","[555.0460205078125, 550.6851196289062, 668.787353515625, 668.866455078125]"
11.788568496704,"[-40.93233871459961, -50.769508361816406, -15.571989059448242]","[-40.93233871459961, -50.769508361816406, -15.571989059448242]","[-2.8273470401763916, -3.997946262359619, -4.331941604614258]","[-2.8273470401763916, -3.997946262359619, -4.331941604614258]","[-0.023703793063759804, 0.03980046138167381, -0.8715884685516357, 0.4880446195602417]","[[-0.5225010704767596, 0.8488612812938868, 0.08016870745729676], [-0.8526349688956202, -0.5204566566355906, -0.0462422290307285], [0.002471103323932411, -0.0925162637024779, 0.9957081069363927]]","[0.4993314743041992, -0.017016826197504997, -0.5626838207244873]",[0.0],"[-0.023703793063759804, 0.03980046138167381, -0.8715884685516357, 0.4880446195602417]",[0.44],"[0.24448633193969727, 1.2424468994140625, -9.711676177978516]","[573.8732299804688, 526.0401000976562, 636.0025634765625, 669.8560791015625]"
11.818932294846,"[-41.01703643798828, -50.88910675048828, -15.702025413513184]","[-41.01703643798828, -50.88910675048828, -15.702025413513184]","[-2.8191325664520264, -3.9750993251800537, -4.341932773590088]","[-2.8191325664520264, -3.9750993251800537, -4.341932773590088]","[-0.022190634161233902, 0.035492368042469025, -0.8760637640953064, 0.4803750216960907]","[[-0.5374948539001974, 0.8401031030593908, 0.07298011511879832], [-0.8432534956783759, -0.5359602860106287, -0.040867502354577256], [0.004781526845011541, -0.08350680782118824, 0.9964957351325204]]","[0.22397011518478394, -0.0557846836745739, -0.6249246597290039]",[0.0],"[-0.022190634161233902, 0.035492368042469025, -0.8760637640953064, 0.4803750216960907]",[0.44],"[0.4107236862182617, 1.1423468589782715, -10.309558448791504]","[573.326904296875, 567.8324584960938, 660.7328491210938, 669.1736450195312]"
11.849928379059,"[-41.109901428222656, -51.0198860168457, -15.845612525939941]","[-41.109901428222656, -51.0198860168457, -15.845612525939941]","[-2.8086280822753906, -3.951017141342163, -4.354445457458496]","[-2.8086280822753906, -3.951017141342163, -4.354445457458496]","[-0.0228536706417799, 0.03431079536676407, -0.8812265992164612, 0.47089290618896484]","[[-0.5554750996906188, 0.8283584533985761, 0.07259194520635837], [-0.8314949638656542, -0.5541652188568249, -0.0389479082637445], [0.007965104630716757, -0.08199443380611715, 0.9966009581189942]]","[-0.37528693675994873, 0.006938420236110687, -0.6865767240524292]",[0.0],"[-0.0228536706417799, 0.03431079536676407, -0.8812265992164612, 0.47089290618896484]",[0.44],"[0.5252242088317871, 1.2041091918945312, -10.43563419342041]","[601.146240234375, 507.6458435058594, 604.0455322265625, 669.8565673828125]"
11.880939006805,"[-41.194034576416016, -51.13807678222656, -15.97629451751709]","[-41.194034576416016, -51.13807678222656, -15.97629451751709]","[-2.8024747371673584, -3.926447868347168, -4.36988639831543]","[-2.8024747371673584, -3.926447868347168, -4.36988639831543]","[-0.02957763522863388, 0.04777378588914871, -0.8855493068695068, 0.46113482117652893]","[[-0.5729598190304923, 0.8138891713074982, 0.09644522117694843], [-0.8195413137575785, -0.5701448228055641, -0.05733353089737436], [0.008324596325274936, -0.11189064102529711, 0.9936856577521993]]","[-1.3928782939910889, 0.07744833827018738, -0.71358722448349]",[0.0],"[-0.02957763522863388, 0.04777378588914871, -0.8855493068695068, 0.46113482117652893]",[0.44],"[0.30766725540161133, 1.2284636497497559, -10.58204704284668]","[640.5285034179688, 632.3728637695312, 653.5097045898438, 664.5369873046875]"
11.911950111389,"[-41.27814865112305, -51.25539016723633, -16.10781478881836]","[-41.27814865112305, -51.25539016723633, -16.10781478881836]","[-2.8066437244415283, -3.893460512161255, -4.393944263458252]","[-2.8066437244415283, -3.893460512161255, -4.393944263458252]","[-0.037313368171453476, 0.06362585723400116, -0.889424204826355, 0.4510921239852905]","[[-0.5902473316795107, 0.7976763172857039, 0.12377707179071695], [-0.8071726974304904, -0.5849354071505846, -0.07951722195048117], [0.008972579470435171, -0.1468442879565055, 0.9891189256938802]]","[-0.9648154973983765, 0.09738007187843323, -0.6931701302528381]",[0.0],"[-0.037313368171453476, 0.06362585723400116, -0.889424204826355, 0.4510921239852905]",[0.44],"[-0.2084493637084961, 1.6493678092956543, -11.012893257141114]","[664.0845336914062, 657.9149169921875, 622.7937622070312, 605.0411987304688]"
11.942941427231,"[-41.37089538574219, -51.38321304321289, -16.252613067626953]","[-41.37089538574219, -51.38321304321289, -16.252613067626953]","[-2.8137645721435547, -3.8525867462158203, -4.36948299407959]","[-2.8137645721435547, -3.8525867462158203, -4.36948299407959]","[-0.04214980825781822, 0.08123759925365448, -0.8932328224182129, 0.4401806890964508]","[[-0.608928845155408, 0.7795193801274992, 0.14681762922906483], [-0.7932159770549673, -0.599282962762755, -0.1080211168472236], [0.003780739549005041, -0.1822352434240624, 0.9832476922626636]]","[-1.2387019395828247, 0.43989381194114685, -0.6372389793395996]",[0.0],"[-0.04214980825781822, 0.08123759925365448, -0.8932328224182129, 0.4401806890964508]",[0.44],"[-0.35604238510131836, 2.0436882972717285, -8.586936531066895]","[669.8496704101562, 656.22021484375, 540.5089111328125, 531.7412719726562]"
11.973936319351,"[-41.455421447753906, -51.498165130615234, -16.382919311523438]","[-41.455421447753906, -51.498165130615234, -16.382919311523438]","[-2.8209264278411865, -3.8100430965423584, -4.310275554656982]","[-2.8209264278411865, -3.8100430965423584, -4.310275554656982]","[-0.04396411404013634, 0.0993700623512268, -0.8958698511123657, 0.4308246970176697]","[[-0.6249143988475581, 0.76318828083873, 0.16439440260903648], [-0.7806631478522692, -0.6090312669108529, -0.14016363370525609], [-0.006849905411340451, -0.21592693814922415, 0.9763854947699584]]","[-0.9964842200279236, 0.5010225772857666, -0.5438454151153564]",[0.0],"[-0.04396411404013634, 0.0993700623512268, -0.8958698511123657, 0.4308246970176697]",[0.44],"[-0.3580927848815918, 2.1271824836730957, -6.849628028869629]","[650.3897094726562, 669.7965087890625, 497.2601623535156, 474.7535095214844]"
12.004940032959,"[-41.540130615234375, -51.611793518066406, -16.510875701904297]","[-41.540130615234375, -51.611793518066406, -16.510875701904297]","[-2.8256683349609375, -3.764719247817993, -4.21459436416626]","[-2.8256683349609375, -3.764719247817993, -4.21459436416626]","[-0.04416344687342644, 0.1139531061053276, -0.8978608250617981, 0.4229779839515686]","[[-0.6382787431434096, 0.7494855994123737, 0.1757045678655964], [-0.7696158472025518, -0.6162089424407895, -0.1672677282864199], [-0.017094052476206212, -0.24198839117791637, 0.970128559138412]]","[-0.8127577304840088, 0.41921961307525635, -0.41884657740592957]",[0.0],"[-0.04416344687342644, 0.1139531061053276, -0.8978608250617981, 0.4229779839515686]",[0.44],"[-0.23709535598754883, 2.2661924362182617, -5.025940475463868]","[658.5188598632812, 669.8573608398438, 410.9315490722656, 414.0631103515625]"
12.036399364471,"[-41.63344192504883, -51.73516845703125, -16.647899627685547]","[-41.63344192504883, -51.73516845703125, -16.647899627685547]","[-2.8292360305786133, -3.7122368812561035, -4.085634708404541]","[-2.8292360305786133, -3.7122368812561035, -4.085634708404541]","[-0.04455063119530678, 0.12791262567043304, -0.8989210724830627, 0.41664671897888184]","[[-0.6488414687200081, 0.7376678545191578, 0.18668375395088477], [-0.760462207365025, -0.6200877065879999, -0.19284296067165485], [-0.026493749255354526, -0.267090457935506, 0.9633072029083909]]","[-0.7398778200149536, 0.35959750413894653, -0.25085222721099854]",[0.0],"[-0.04455063119530678, 0.12791262567043304, -0.8989210724830627, 0.41664671897888184]",[0.44],"[-0.17838478088378906, 2.6241183280944824, -3.362017211914063]","[661.193603515625, 669.857421875, 369.4020690917969, 359.4132385253906]"
12.067895412445,"[-41.71837615966797, -51.84578323364258, -16.768632888793945]","[-41.71837615966797, -51.84578323364258, -16.768632888793945]","[-2.8337249755859375, -3.660372018814087, -3.9643609523773193]","[-2.8337249755859375, -3.660372018814087, -3.9643609523773193]","[-0.044278353452682495, 0.1388872265815735, -0.898903489112854, 0.4131855368614197]","[[-0.6546342888935683, 0.7305284460541124, 0.19437631937817912], [-0.7551272368886792, -0.619976110647487, -0.21310207464939523], [-0.035168453735025196, -0.2862827756201405, 0.957499531415996]]","[-0.5791209936141968, 0.33601224422454834, -0.09429406374692917]",[0.0],"[-0.044278353452682495, 0.1388872265815735, -0.898903489112854, 0.4131855368614197]",[0.44],"[-0.22444725036621094, 2.59324312210083, -3.7463121986389165]","[659.196044921875, 669.857421875, 387.2579040527344, 378.8292541503906]"
12.097899913788,"[-41.803504943847656, -51.95473861694336, -16.885887145996094]","[-41.803504943847656, -51.95473861694336, -16.885887145996094]","[-2.841963768005371, -3.602037191390991, -3.854703903198242]","[-2.841963768005371, -3.602037191390991, -3.854703903198242]","[-0.04332902282476425, 0.14780299365520477, -0.8981111645698547, 0.41191402077674866]","[[-0.6568987777169224, 0.7270808432336044, 0.19959280909635702], [-0.7526974803762239, -0.6169621362879392, -0.2297913735010213], [-0.04393569250106566, -0.30118270153332594, 0.9525537416952211]]","[-0.46957096457481384, 0.2831555902957916, 0.05440141260623932]",[0.0],"[-0.04332902282476425, 0.14780299365520477, -0.8981111645698547, 0.41191402077674866]",[0.44],"[-0.4119396209716797, 2.916741371154785, -4.327147541046143]","[660.57861328125, 669.857421875, 401.0330810546875, 399.39447021484375]"
12.129920959473,"[-41.897499084472656, -52.072452545166016, -17.011293411254883]","[-41.897499084472656, -52.072452545166016, -17.011293411254883]","[-2.855224609375, -3.530817985534668, -3.7478344440460205]","[-2.855224609375, -3.530817985534668, -3.7478344440460205]","[-0.04215618222951889, 0.155845046043396, -0.8963322043418884, 0.4129452705383301]","[[-0.6553981978333141, 0.7271326249072114, 0.20428283688974336], [-0.7534119535495041, -0.6103771284811144, -0.24456147516041682], [-0.05313906191205131, -0.3141942594629441, 0.9478703558471268]]","[-0.37515729665756226, 0.21958841383457184, 0.20825229585170746]",[0.0],"[-0.04215618222951889, 0.155845046043396, -0.8963322043418884, 0.4129452705383301]",[0.44],"[-0.6630420684814453, 3.560960292816162, -4.4665270423889165]","[661.572265625, 669.857421875, 423.2984619140625, 421.34271240234375]"
12.160862445831,"[-41.98337936401367, -52.17733383178711, -17.122419357299805]","[-41.98337936401367, -52.17733383178711, -17.122419357299805]","[-2.8708808422088623, -3.460386037826538, -3.662257432937622]","[-2.8708808422088623, -3.460386037826538, -3.662257432937622]","[-0.04100344330072403, 0.1617620885372162, -0.8939397931098938, 0.4159608483314514]","[[-0.6505906539865638, 0.7304223041473823, 0.2078826103937006], [-0.7569535146495521, -0.6016192721357507, -0.25509948180020725], [-0.061264171909530596, -0.3233227900397262, 0.9443034886991243]]","[-0.3051397502422333, 0.16823206841945648, 0.33967962861061096]",[0.0],"[-0.04100344330072403, 0.1617620885372162, -0.8939397931098938, 0.4159608483314514]",[0.44],"[-0.7828116416931152, 3.521597385406494, -5.531149444580079]","[663.3770751953125, 669.857421875, 444.0964050292969, 443.3536682128906]"
12.191873073578,"[-42.07845687866211, -52.29016876220703, -17.241897583007812]","[-42.07845687866211, -52.29016876220703, -17.241897583007812]","[-2.8918447494506836, -3.3774285316467285, -3.5800557136535645]","[-2.8918447494506836, -3.3774285316467285, -3.5800557136535645]","[-0.039128754287958145, 0.16736561059951782, -0.8904901146888733, 0.4212896525859833]","[[-0.6419677839399043, 0.7372109263902504, 0.21070633767565683], [-0.7634061578038609, -0.5890074075414602, -0.2651057649552835], [-0.07133126210159046, -0.33104392215566825, 0.9409153859530464]]","[-0.26250895857810974, 0.2410399615764618, 0.4746018350124359]",[0.0],"[-0.039128754287958145, 0.16736561059951782, -0.8904901146888733, 0.4212896525859833]",[0.44],"[-1.0481953620910645, 4.1478753089904785, -5.69991403579712]","[669.8421630859375, 648.169921875, 465.37896728515625, 453.1351318359375]"
12.223450660706,"[-42.16550827026367, -52.39033889770508, -17.34816551208496]","[-42.16550827026367, -52.39033889770508, -17.34816551208496]","[-2.911691427230835, -3.2995553016662598, -3.5060763359069824]","[-2.911691427230835, -3.2995553016662598, -3.5060763359069824]","[-0.03510518744587898, 0.17448054254055023, -0.886444091796875, 0.42724835872650146]","[[-0.6324531752136626, 0.7452132223429487, 0.21133062286596171], [-0.7697139109491274, -0.5740310041343937, -0.27933722469909217], [-0.0868554788546767, -0.3393317595752441, 0.9366483321782899]]","[-0.4119138717651367, 0.49174895882606506, 0.5859166383743286]",[0.0],"[-0.03510518744587898, 0.17448054254055023, -0.886444091796875, 0.42724835872650146]",[0.44],"[-0.9923338890075684, 3.8936614990234375, -6.111031112670899]","[669.8573608398438, 648.2888793945312, 480.4306335449219, 463.3388366699219]"
12.254542827606,"[-42.262046813964844, -52.49763488769531, -17.462923049926758]","[-42.262046813964844, -52.49763488769531, -17.462923049926758]","[-2.94071102142334, -3.199713945388794, -3.4559850692749023]","[-2.94071102142334, -3.199713945388794, -3.4559850692749023]","[-0.02733631245791912, 0.18418529629707336, -0.8811015486717224, 0.43472820520401]","[[-0.6205283248874967, 0.7560094960936007, 0.20831322105168426], [-0.7761492833325255, -0.5541744261010093, -0.3008041675163684], [-0.11196895208509772, -0.3483396317232772, 0.9306570052983246]]","[-0.31042158603668213, 0.6489244699478149, 0.6933743357658386]",[0.0],"[-0.02733631245791912, 0.18418529629707336, -0.8811015486717224, 0.43472820520401]",[0.44],"[-1.4509797096252441, 4.992067813873291, -7.305436668395997]","[665.1823120117188, 651.924560546875, 546.16357421875, 532.6495361328125]"
12.285543203354,"[-42.35075759887695, -52.592044830322266, -17.56637191772461]","[-42.35075759887695, -52.592044830322266, -17.56637191772461]","[-2.9741528034210205, -3.091130018234253, -3.4462385177612305]","[-2.9741528034210205, -3.091130018234253, -3.4462385177612305]","[-0.017943402752280235, 0.19522733986377716, -0.8753879070281982, 0.4418826997280121]","[[-0.6088354040029924, 0.7666314577588844, 0.20395004356001323], [-0.7806436289086127, -0.53325190694708, -0.3259415463751], [-0.1411202924388828, -0.3576570633770385, 0.9231286401347654]]","[-0.5239195227622986, 0.8451898097991943, 0.7469829320907593]",[0.0],"[-0.017943402752280235, 0.19522733986377716, -0.8753879070281982, 0.4418826997280121]",[0.44],"[-1.6720890998840332, 5.429196357727051, -9.322672424316407]","[659.9041137695312, 665.631103515625, 584.843505859375, 586.9783325195312]"
12.317557811737,"[-42.449546813964844, -52.691871643066406, -17.680145263671875]","[-42.449546813964844, -52.691871643066406, -17.680145263671875]","[-3.0130162239074707, -2.9572389125823975, -3.4484431743621826]","[-3.0130162239074707, -2.9572389125823975, -3.4484431743621826]","[-0.008236934430897236, 0.20764777064323425, -0.8682771921157837, 0.45045456290245056]","[[-0.5940457580031495, 0.7788180839623442, 0.20137565612413533], [-0.7856596082483855, -0.5079462588745769, -0.3531709170889675], [-0.17276788692693024, -0.3680123758838713, 0.9136291125161518]]","[-0.4058045446872711, 0.5992652773857117, 0.7988602519035339]",[0.0],"[-0.008236934430897236, 0.20764777064323425, -0.8682771921157837, 0.45045456290245056]",[0.44],"[-1.9431710243225098, 6.694555282592773, -9.920232830047608]","[647.5994873046875, 669.8517456054688, 585.493896484375, 595.4998168945312]"
12.348614692688,"[-42.54051971435547, -52.77857971191406, -17.78385353088379]","[-42.54051971435547, -52.77857971191406, -17.78385353088379]","[-3.0530993938446045, -2.8192238807678223, -3.4722750186920166]","[-3.0530993938446045, -2.8192238807678223, -3.4722750186920166]","[-0.0016482735518366098, 0.21613048017024994, -0.8615245223045349, 0.4594130516052246]","[[-0.5778737739813598, 0.7908787353408988, 0.2014263830485805], [-0.7923037039577403, -0.4844544386755174, -0.3708889406035898], [-0.19574627071108755, -0.37391789413290755, 0.906569797471351]]","[-0.3867328464984894, 0.43702778220176697, 0.8293546438217163]",[0.0],"[-0.0016482735518366098, 0.21613048017024994, -0.8615245223045349, 0.4594130516052246]",[0.44],"[-2.0041584968566895, 6.90075159072876, -11.0015922164917]","[663.7300415039062, 669.857421875, 634.9088745117188, 645.013671875]"
12.37864613533,"[-42.63276672363281, -52.860931396484375, -17.888587951660156]","[-42.63276672363281, -52.860931396484375, -17.888587951660156]","[-3.0963351726531982, -2.6711840629577637, -3.5066847801208496]","[-3.0963351726531982, -2.6711840629577637, -3.5066847801208496]","[0.00314139062538743, 0.2237391471862793, -0.8544934988021851, 0.46879813075065613]","[[-0.5604366909576868, 0.8025756140731111, 0.20440839222016394], [-0.7997642058350984, -0.4603380156605221, -0.38531264950272026], [-0.2151455836865307, -0.37942193729016316, 0.8998618513625903]]","[-0.3869418501853943, 0.2991241216659546, 0.8143835663795471]",[0.0],"[0.00314139062538743, 0.2237391471862793, -0.8544934988021851, 0.46879813075065613]",[0.44],"[-2.1617889404296875, 7.40199089050293, -11.53048807144165]","[623.7714233398438, 636.760986328125, 659.3491821289062, 669.8242797851562]"
12.410608768463,"[-42.7357063293457, -52.9464225769043, -18.00470542907715]","[-42.7357063293457, -52.9464225769043, -18.00470542907715]","[-3.142011880874634, -2.510765314102173, -3.5267419815063477]","[-3.142011880874634, -2.510765314102173, -3.5267419815063477]","[0.005688876379281282, 0.23165372014045715, -0.8465169072151184, 0.4792843163013458]","[[-0.5405086405119253, 0.814080252977615, 0.21242452967612796], [-0.8088088554708963, -0.4332464750310163, -0.39765075988828613], [-0.2316874498286013, -0.38674440298441937, 0.892608381261256]]","[-0.612419068813324, 0.1565125584602356, 0.7910422682762146]",[0.0],"[0.005688876379281282, 0.23165372014045715, -0.8465169072151184, 0.4792843163013458]",[0.44],"[-2.2838354110717773, 8.020937442779541, -10.812860069274903]","[635.6688842773438, 612.9120483398438, 639.4266357421875, 669.857421875]"
12.440609931946,"[-42.83060836791992, -53.01957321166992, -18.110637664794922]","[-42.83060836791992, -53.01957321166992, -18.110637664794922]","[-3.1854684352874756, -2.365542411804199, -3.5338547229766846]","[-3.1854684352874756, -2.365542411804199, -3.5338547229766846]","[0.004184949677437544, 0.24248407781124115, -0.8380100131034851, 0.48879772424697876]","[[-0.5221186201073427, 0.8212643419287685, 0.23003727133247026], [-0.817205207275889, -0.4045565917310119, -0.4104993582048086], [-0.2440653902685777, -0.4023169826911302, 0.8823679164084586]]","[-0.9188393354415894, 0.07709114253520966, 0.7699045538902283]",[0.0],"[0.004184949677437544, 0.24248407781124115, -0.8380100131034851, 0.48879772424697876]",[0.44],"[-2.17282772064209, 7.261145114898682, -10.165637073516846]","[627.7673950195312, 619.4224853515625, 652.9685668945312, 669.857421875]"
12.471667051315,"[-42.926822662353516, -53.08847427368164, -18.21639633178711]","[-42.926822662353516, -53.08847427368164, -18.21639633178711]","[-3.2274837493896484, -2.231058120727539, -3.507870674133301]","[-3.2274837493896484, -2.231058120727539, -3.507870674133301]","[0.0014151482610031962, 0.2532150447368622, -0.8293686509132385, 0.4980238080024719]","[[-0.5039404359974728, 0.8268073411918062, 0.2498668824385959], [-0.8253739938709292, -0.3757087235244918, -0.42142679514035924], [-0.25456160085487767, -0.41860768503702767, 0.8717602769486166]]","[-0.7062238454818726, 0.01926502026617527, 0.7222182154655457]",[0.0],"[0.0014151482610031962, 0.2532150447368622, -0.8293686509132385, 0.4980238080024719]",[0.44],"[-2.1007657051086426, 6.724214553833008, -8.510797557830811]","[556.397705078125, 576.791259765625, 669.8280029296875, 660.5154418945312]"
12.502612113953,"[-43.024253845214844, -53.153526306152344, -18.320878982543945]","[-43.024253845214844, -53.153526306152344, -18.320878982543945]","[-3.2680366039276123, -2.1064178943634033, -3.455213785171509]","[-3.2680366039276123, -2.1064178943634033, -3.455213785171509]","[-0.0014118354301899672, 0.2612055540084839, -0.821600079536438, 0.5066981315612793]","[[-0.48651006427832044, 0.8318688918720001, 0.2670246605425281], [-0.8333440088948463, -0.3500573679471264, -0.4277822591483609], [-0.26238480413558235, -0.43064375664655796, 0.8635393305516781]]","[-0.6537498235702515, -0.09089567512273788, 0.655007541179657]",[0.0],"[-0.0014118354301899672, 0.2612055540084839, -0.821600079536438, 0.5066981315612793]",[0.44],"[-2.0276427268981934, 6.232011318206787, -7.177155551910401]","[556.6094360351562, 565.1659545898438, 667.6301879882812, 669.8153686523438]"
12.532642364502,"[-43.122928619384766, -53.21489715576172, -18.423614501953125]","[-43.122928619384766, -53.21489715576172, -18.423614501953125]","[-3.3104779720306396, -1.9857193231582642, -3.391801595687866]","[-3.3104779720306396, -1.9857193231582642, -3.391801595687866]","[-0.004986956715583801, 0.2678163945674896, -0.8144266605377197, 0.5147414803504944]","[[-0.4700328131875029, 0.8357671922293273, 0.28383543581184156], [-0.8411095472990544, -0.32663131026381054, -0.43109963676525886], [-0.2675893937953653, -0.44136761069415265, 0.8564990181271752]]","[-0.5495201349258423, -0.12434933334589005, 0.5881306529045105]",[0.0],"[-0.004986956715583801, 0.2678163945674896, -0.8144266605377197, 0.5147414803504944]",[0.44],"[-2.122068405151367, 6.034928560256958, -6.639390525817872]","[560.4725952148438, 568.4743041992188, 669.847412109375, 663.6824340820312]"
12.563617229462,"[-43.232994079589844, -53.278263092041016, -18.53432273864746]","[-43.232994079589844, -53.278263092041016, -18.53432273864746]","[-3.360732078552246, -1.8549319505691528, -3.3169844150543213]","[-3.360732078552246, -1.8549319505691528, -3.3169844150543213]","[-0.008703220635652542, 0.27348989248275757, -0.8074042201042175, 0.5227101445198059]","[[-0.4533965918646601, 0.8393162674013568, 0.2999659165881847], [-0.8488372389049501, -0.30395464138306516, -0.43253526326035496], [-0.27185784830928883, -0.45073231012535375, 0.8502550653206737]]","[-0.47628945112228394, -0.15628282725811005, 0.5203507542610168]",[0.0],"[-0.008703220635652542, 0.27348989248275757, -0.8074042201042175, 0.5227101445198059]",[0.44],"[-2.5127053260803223, 6.539368629455566, -6.069140968322754]","[574.313720703125, 579.9570922851562, 669.857421875, 669.1517944335938]"
12.594616889954,"[-43.33453369140625, -53.33216094970703, -18.632753372192383]","[-43.33453369140625, -53.33216094970703, -18.632753372192383]","[-3.4088549613952637, -1.7385554313659668, -3.2442467212677]","[-3.4088549613952637, -1.7385554313659668, -3.2442467212677]","[-0.01223367266356945, 0.2776082456111908, -0.8016533255577087, 0.5292788147926331]","[[-0.439428784818114, 0.8418039072404836, 0.31347865517657625], [-0.855388580862544, -0.28559543424914624, -0.43214109905703446], [-0.2742499976784367, -0.45804119412877475, 0.8455679984436748]]","[-0.4137975573539734, -0.17811065912246704, 0.4649442136287689]",[0.0],"[-0.01223367266356945, 0.2776082456111908, -0.8016533255577087, 0.5292788147926331]",[0.44],"[-2.406144142150879, 5.818825960159302, -6.173115310668946]","[589.1177368164062, 593.2437133789062, 669.857421875, 666.8162231445312]"
12.624610185623,"[-43.43756866455078, -53.3825798034668, -18.728992462158203]","[-43.43756866455078, -53.3825798034668, -18.728992462158203]","[-3.4603898525238037, -1.622807264328003, -3.1714236736297607]","[-3.4603898525238037, -1.622807264328003, -3.1714236736297607]","[-0.015753114596009254, 0.28090688586235046, -0.7964496612548828, 0.5352673530578613]","[[-0.42648148287580234, 0.8437766873198674, 0.32581369606993604], [-0.8614773207750582, -0.2691604470649851, -0.43059213227402005], [-0.27562744493513236, -0.4643206440829122, 0.8416863217112829]]","[-0.37413203716278076, -0.19664166867733002, 0.41880300641059875]",[0.0],"[-0.015753114596009254, 0.28090688586235046, -0.7964496612548828, 0.5352673530578613]",[0.44],"[-2.576744556427002, 5.787408351898193, -6.168847618103028]","[601.6008911132812, 604.7206420898438, 669.857421875, 669.12353515625]"
12.655977010727,"[-43.542179107666016, -53.42955780029297, -18.823017120361328]","[-43.542179107666016, -53.42955780029297, -18.823017120361328]","[-3.51397705078125, -1.5093427896499634, -3.0959291458129883]","[-3.51397705078125, -1.5093427896499634, -3.0959291458129883]","[-0.01944851316511631, 0.2834409475326538, -0.7916892170906067, 0.5408430099487305]","[[-0.41422117439149275, 0.8453341482312315, 0.3373884667350959], [-0.867384168229719, -0.2543001222437429, -0.4277570988885948], [-0.27579975409002677, -0.4698314684855909, 0.8385659691949154]]","[-0.3247281312942505, -0.25933128595352173, 0.3810111880302429]",[0.0],"[-0.01944851316511631, 0.2834409475326538, -0.7916892170906067, 0.5408430099487305]",[0.44],"[-2.6793599128723145, 5.6732237339019775, -6.0352736091613775]","[607.6260986328125, 619.674072265625, 663.8146362304688, 669.7855834960938]"
12.686812162399,"[-43.65910720825195, -53.47739791870117, -18.92368507385254]","[-43.65910720825195, -53.47739791870117, -18.92368507385254]","[-3.5727553367614746, -1.3907153606414795, -3.0044331550598145]","[-3.5727553367614746, -1.3907153606414795, -3.0044331550598145]","[-0.025083137676119804, 0.28452685475349426, -0.7868390679359436, 0.547082781791687]","[[-0.400142499812441, 0.846658559676878, 0.35079227172593597], [-0.8752058647582189, -0.2394897652519674, -0.4203085849221391], [-0.27184670104598774, -0.47519879586580105, 0.8368306102568096]]","[-0.30376744270324707, -0.4191947281360626, 0.34496164321899414]",[0.0],"[-0.025083137676119804, 0.28452685475349426, -0.7868390679359436, 0.547082781791687]",[0.44],"[-2.9389142990112305, 5.931371450424194, -5.235200462341309]","[617.6814575195312, 624.0985107421875, 666.3198852539062, 669.8573608398438]"
12.718323945999,"[-43.76710891723633, -53.5175666809082, -19.012527465820312]","[-43.76710891723633, -53.5175666809082, -19.012527465820312]","[-3.6270751953125, -1.2881367206573486, -2.916473627090454]","[-3.6270751953125, -1.2881367206573486, -2.916473627090454]","[-0.03126299008727074, 0.2843690514564514, -0.7827085852622986, 0.5527424812316895]","[[-0.3869969737391017, 0.8474921173248373, 0.36330533165963574], [-0.8830530246720758, -0.2272202079850114, -0.4105954304926023], [-0.265426088690528, -0.47971696133884123, 0.8363137360491226]]","[-0.27087703347206116, -0.5008929967880249, 0.31558072566986084]",[0.0],"[-0.03126299008727074, 0.2843690514564514, -0.7827085852622986, 0.5527424812316895]",[0.44],"[-2.7159929275512695, 5.128931999206543, -5.412023601531983]","[597.0821533203125, 631.744384765625, 639.3471069335938, 669.8394775390625]"
12.749304056168,"[-43.876609802246094, -53.55489730834961, -19.09833335876465]","[-43.876609802246094, -53.55489730834961, -19.09833335876465]","[-3.671452283859253, -1.203310489654541, -2.79980731010437]","[-3.671452283859253, -1.203310489654541, -2.79980731010437]","[-0.04151687026023865, 0.2808926999568939, -0.778641939163208, 0.5595465898513794]","[[-0.3703679566258291, 0.8480493119857595, 0.3789986574848925], [-0.8946964551103935, -0.21601383988009282, -0.3909684268316127], [-0.2496915520152143, -0.48389091953328744, 0.8387512811894418]]","[-0.24913300573825836, -1.1643083095550537, 0.29036304354667664]",[0.0],"[-0.04151687026023865, 0.2808926999568939, -0.778641939163208, 0.5595465898513794]",[0.44],"[-2.2188544273376465, 4.241311550140381, -3.9766841506958013]","[575.3854370117188, 634.7903442382812, 615.4243774414062, 669.8572998046875]"
12.780712842941,"[-43.99851989746094, -53.5932731628418, -19.188396453857422]","[-43.99851989746094, -53.5932731628418, -19.188396453857422]","[-3.7163989543914795, -1.1255030632019043, -2.6555471420288086]","[-3.7163989543914795, -1.1255030632019043, -2.6555471420288086]","[-0.061948101967573166, 0.2697334289550781, -0.7737484574317932, 0.5698418021202087]","[[-0.3428855961478874, 0.8484094828193847, 0.40327526317212437], [-0.915247378663274, -0.20504848543092868, -0.3468104130173031], [-0.21154626981917568, -0.48801288526981645, 0.846812619933502]]","[-0.15808036923408508, -1.8553674221038818, 0.2570221424102783]",[0.0],"[-0.061948101967573166, 0.2697334289550781, -0.7737484574317932, 0.5698418021202087]",[0.44],"[-2.247333526611328, 3.890371322631836, -2.5969915962219243]","[577.50390625, 623.8477172851562, 645.1962280273438, 669.857421875]"
12.811361551285,"[-44.11062240600586, -53.626155853271484, -19.266002655029297]","[-44.11062240600586, -53.626155853271484, -19.266002655029297]","[-3.7552378177642822, -1.069916844367981, -2.513925552368164]","[-3.7552378177642822, -1.069916844367981, -2.513925552368164]","[-0.08445819467306137, 0.25245657563209534, -0.7694738507270813, 0.5805536508560181]","[[-0.31164865906529293, 0.8507976533332315, 0.4231059178927188], [-0.9360857597781513, -0.19844638720039054, -0.2904524402616939], [-0.1631524287705668, -0.4865824933103102, 0.8582649815453668]]","[0.259257972240448, -2.23858642578125, 0.21410194039344788]",[0.0],"[-0.08445819467306137, 0.25245657563209534, -0.7694738507270813, 0.5805536508560181]",[0.44],"[-1.9419431686401367, 2.779310941696167, -2.728920516967774]","[508.5994873046875, 634.0780639648438, 667.6849975585938, 669.1890869140625]"
12.842876195908,"[-44.234981536865234, -53.66083526611328, -19.3458194732666]","[-44.234981536865234, -53.66083526611328, -19.3458194732666]","[-3.7785189151763916, -1.0358235836029053, -2.3177151679992676]","[-3.7785189151763916, -1.0358235836029053, -2.3177151679992676]","[-0.10993307083845139, 0.22057801485061646, -0.7660276293754578, 0.59368497133255]","[[-0.2709059792040449, 0.8610605453074642, 0.4303312441350444], [-0.9580558194353754, -0.1977672180611112, -0.20740648359827407], [-0.0934841655576717, -0.4684689316351749, 0.8785201186011785]]","[0.6110538840293884, -2.589223861694336, 0.14008747041225433]",[0.0],"[-0.10993307083845139, 0.22057801485061646, -0.7660276293754578, 0.59368497133255]",[0.44],"[-1.1640548706054688, 1.7046630382537842, 0.0005192184448237214]","[561.87744140625, 503.5157470703125, 651.3247680664062, 669.80810546875]"
12.873876810074,"[-44.3485221862793, -53.691654205322266, -19.412439346313477]","[-44.3485221862793, -53.691654205322266, -19.412439346313477]","[-3.7908284664154053, -1.0200064182281494, -2.1242177486419678]","[-3.7908284664154053, -1.0200064182281494, -2.1242177486419678]","[-0.13554076850414276, 0.19475983083248138, -0.7614790201187134, 0.6031973958015442]","[[-0.23556337957370532, 0.8658485294966964, 0.4413801487031481], [-0.9714401180757819, -0.19644319601529903, -0.13309537310833086], [-0.02853434235646013, -0.46012672745488636, 0.8873946167348192]]","[0.08419341593980789, -2.4678549766540527, 0.06691092997789383]",[0.0],"[-0.13554076850414276, 0.19475983083248138, -0.7614790201187134, 0.6031973958015442]",[0.44],"[-0.6154775619506836, 0.790858268737793, -0.13512903213501026]","[550.2349243164062, 535.1671142578125, 656.2882690429688, 669.8572387695312]"
12.904874801636,"[-44.46247482299805, -53.72211456298828, -19.473331451416016]","[-44.46247482299805, -53.72211456298828, -19.473331451416016]","[-3.804457664489746, -1.012447714805603, -1.9326587915420532]","[-3.804457664489746, -1.012447714805603, -1.9326587915420532]","[-0.16253259778022766, 0.17050768435001373, -0.7560144066810608, 0.610698401927948]","[[-0.2012613070634406, 0.8679674662314616, 0.4540115116522774], [-0.9788196937470568, -0.19594925690101128, -0.05929573618570849], [0.037496430256323876, -0.4563293270880404, 0.8890205684728136]]","[0.21258318424224854, -2.5096657276153564, -0.008529357612133026]",[0.0],"[-0.16253259778022766, 0.17050768435001373, -0.7560144066810608, 0.610698401927948]",[0.44],"[-0.681459903717041, 0.37793517112731934, -0.23205214500427296]","[533.5966796875, 535.8805541992188, 669.2462158203125, 667.791015625]"
12.9368724823,"[-44.588165283203125, -53.755531311035156, -19.533416748046875]","[-44.588165283203125, -53.755531311035156, -19.533416748046875]","[-3.810798406600952, -1.0143554210662842, -1.7042847871780396]","[-3.810798406600952, -1.0143554210662842, -1.7042847871780396]","[-0.19095858931541443, 0.14336484670639038, -0.7499651312828064, 0.6168741583824158]","[[-0.1660023548223677, 0.8705147205835324, 0.4633007053182858], [-0.9800217161214242, -0.1978257619467403, 0.020557565976684344], [0.10954842870377135, -0.45063211030267425, 0.8859626757910402]]","[0.21097873151302338, -2.289799928665161, -0.09950364381074905]",[0.0],"[-0.19095858931541443, 0.14336484670639038, -0.7499651312828064, 0.6168741583824158]",[0.44],"[-0.31703710556030273, -0.09538531303405762, 1.608700218200683]","[521.2952880859375, 517.9024658203125, 669.8566284179688, 637.2842407226562]"
12.967875003815,"[-44.70254135131836, -53.786075592041016, -19.581356048583984]","[-44.70254135131836, -53.786075592041016, -19.581356048583984]","[-3.815384864807129, -1.0231812000274658, -1.494508147239685]","[-3.815384864807129, -1.0231812000274658, -1.494508147239685]","[-0.21250465512275696, 0.118923619389534, -0.7453101277351379, 0.620654284954071]","[[-0.13926002750654876, 0.8746162033483129, 0.4643846512204295], [-0.9757034942456047, -0.201290829906819, 0.08651389363337536], [0.1691428353949842, -0.4410538054651294, 0.8813978886049028]]","[0.40216919779777527, -2.038059711456299, -0.17545297741889954]",[0.0],"[-0.21250465512275696, 0.118923619389534, -0.7453101277351379, 0.620654284954071]",[0.44],"[-0.2293229103088379, -0.44128894805908203, 0.6788319969177241]","[556.9669189453125, 516.0642700195312, 669.857421875, 648.435791015625]"
12.997880220413,"[-44.81719207763672, -53.81699752807617, -19.623275756835938]","[-44.81719207763672, -53.81699752807617, -19.623275756835938]","[-3.828557014465332, -1.039900302886963, -1.3024871349334717]","[-3.828557014465332, -1.039900302886963, -1.3024871349334717]","[-0.230211079120636, 0.0973939299583435, -0.7417309880256653, 0.622376561164856]","[[-0.11930087238052067, 0.8784296398426292, 0.4627407807528172], [-0.9681142867046688, -0.20632399909483468, 0.14207576773889485], [0.22027798392959852, -0.43103615132171313, 0.8750345629147631]]","[0.2707037031650543, -1.6387808322906494, -0.24642230570316315]",[0.0],"[-0.230211079120636, 0.0973939299583435, -0.7417309880256653, 0.622376561164856]",[0.44],"[-0.6586074829101562, -0.8359551429748535, -0.20894938468933155]","[562.5276489257812, 527.1226806640625, 669.857421875, 648.4349975585938]"
13.029901266098,"[-44.943939208984375, -53.85176467895508, -19.663095474243164]","[-44.943939208984375, -53.85176467895508, -19.663095474243164]","[-3.8557634353637695, -1.0697213411331177, -1.1165398359298706]","[-3.8557634353637695, -1.0697213411331177, -1.1165398359298706]","[-0.24579082429409027, 0.07790893316268921, -0.7392095327377319, 0.6221626996994019]","[[-0.10500107031376871, 0.8815185952594202, 0.46032590512971083], [-0.9581157988671425, -0.21368772519500867, 0.1906617134497317], [0.2664377763809149, -0.4210258177668784, 0.8670341376525665]]","[0.27100419998168945, -1.3159966468811035, -0.30684834718704224]",[0.0],"[-0.24579082429409027, 0.07790893316268921, -0.7392095327377319, 0.6221626996994019]",[0.44],"[-1.360321044921875, -1.4910519123077393, -0.5126350498199468]","[599.9319458007812, 578.8477783203125, 669.857421875, 651.6530151367188]"
13.060873508453,"[-45.06023025512695, -53.88444519042969, -19.694515228271484]","[-45.06023025512695, -53.88444519042969, -19.694515228271484]","[-3.8993899822235107, -1.1117191314697266, -0.9842154383659363]","[-3.8993899822235107, -1.1117191314697266, -0.9842154383659363]","[-0.25696757435798645, 0.06291386485099792, -0.7380082607269287, 0.6207683086395264]","[[-0.09722869458335204, 0.883930633058414, 0.45739825217737007], [-0.9485979260354025, -0.22137705434522736, 0.22617274907022988], [0.30117851828325115, -0.411896556967406, 0.8600190226761661]]","[0.22017334401607513, -1.0597492456436157, -0.3321320712566376]",[0.0],"[-0.25696757435798645, 0.06291386485099792, -0.7380082607269287, 0.6207683086395264]",[0.44],"[-2.1813273429870605, -2.0998895168304443, -3.193780121803284]","[662.2012939453125, 644.0755004882812, 663.510986328125, 648.66943359375]"
13.092873096466,"[-45.18983840942383, -53.92205810546875, -19.72486114501953]","[-45.18983840942383, -53.92205810546875, -19.72486114501953]","[-3.954333782196045, -1.1689398288726807, -0.8528328537940979]","[-3.954333782196045, -1.1689398288726807, -0.8528328537940979]","[-0.2666543424129486, 0.0493263341486454, -0.7374426126480103, 0.6185796856880188]","[[-0.0925093883793342, 0.8860278766974183, 0.4543090864335064], [-0.938640201481612, -0.22985229055361067, 0.2571432371804425], [0.3322600133382614, -0.40264460008814584, 0.8529247488635483]]","[0.1943674385547638, -0.8423784375190735, -0.31329309940338135]",[0.0],"[-0.2666543424129486, 0.0493263341486454, -0.7374426126480103, 0.6185796856880188]",[0.44],"[-2.747189998626709, -2.861034870147705, -3.2408707714080816]","[669.851806640625, 656.3519287109375, 633.181640625, 622.112060546875]"
13.123872756958,"[-45.309207916259766, -53.95798110961914, -19.74864959716797]","[-45.309207916259766, -53.95798110961914, -19.74864959716797]","[-4.004116535186768, -1.2270854711532593, -0.7340646982192993]","[-4.004116535186768, -1.2270854711532593, -0.7340646982192993]","[-0.2735905647277832, 0.0391366071999073, -0.7372859120368958, 0.6164625883102417]","[[-0.090244380222394, 0.8876035503871798, 0.4516814464242982], [-0.930433176248588, -0.23688462639228902, 0.2796069570718731], [0.3551764297357538, -0.3950264336055267, 0.8472330577376257]]","[0.15950384736061096, -0.6749557256698608, -0.29027703404426575]",[0.0],"[-0.2735905647277832, 0.0391366071999073, -0.7372859120368958, 0.6164625883102417]",[0.44],"[-2.489137649536133, -2.9072821140289307, -3.8715922212600713]","[669.857421875, 657.4688110351562, 635.86328125, 625.912353515625]"
13.154907464981,"[-45.442291259765625, -53.999629974365234, -19.770816802978516]","[-45.442291259765625, -53.999629974365234, -19.770816802978516]","[-4.06117582321167, -1.2980717420578003, -0.6087476015090942]","[-4.06117582321167, -1.2980717420578003, -0.6087476015090942]","[-0.279468297958374, 0.030110878869891167, -0.7375026345252991, 0.6140689849853516]","[[-0.08963360191614833, 0.8889249162783477, 0.4491975256705061], [-0.9225850605495447, -0.24402533099101475, 0.2988119231369313], [0.3752368983719023, -0.38763933311459886, 0.8419816108198644]]","[0.11342544853687286, -0.4837811291217804, -0.2675466239452362]",[0.0],"[-0.279468297958374, 0.030110878869891167, -0.7375026345252991, 0.6140689849853516]",[0.44],"[-2.852964401245117, -3.549313545227051, -3.5441451644897466]","[669.857421875, 643.8302612304688, 633.869873046875, 621.5926513671875]"
13.185873508453,"[-45.56482696533203, -54.039527893066406, -19.7872257232666]","[-45.56482696533203, -54.039527893066406, -19.7872257232666]","[-4.108225345611572, -1.363135814666748, -0.4863277077674866]","[-4.108225345611572, -1.363135814666748, -0.4863277077674866]","[-0.2832260727882385, 0.026268072426319122, -0.7385346293449402, 0.6112769842147827]","[[-0.09224682074132495, 0.888018835942268, 0.45045866156276126], [-0.9177780479143616, -0.25130081409743354, 0.3074593969840267], [0.3862303891871779, -0.38505892151593724, 0.8381859601279141]]","[-0.15725986659526825, -0.17778447270393372, -0.24963396787643433]",[0.0],"[-0.2832260727882385, 0.026268072426319122, -0.7385346293449402, 0.6112769842147827]",[0.44],"[-2.352476119995117, -3.2532036304473877, -3.689005312919617]","[669.857421875, 644.65966796875, 630.3502807617188, 632.1962280273438]"
13.216871976852,"[-45.68882751464844, -54.081443786621094, -19.800046920776367]","[-45.68882751464844, -54.081443786621094, -19.800046920776367]","[-4.159691333770752, -1.4318138360977173, -0.3702072501182556]","[-4.159691333770752, -1.4318138360977173, -0.3702072501182556]","[-0.2863876521587372, 0.027781488373875618, -0.7404109239578247, 0.6074552536010742]","[[-0.09796029482469493, 0.8836204607058732, 0.45784111442106123], [-0.9154455616213512, -0.26045244725014705, 0.30679593278895423], [0.3903370701587896, -0.3890748026922535, 0.8344206031894768]]","[-0.32753515243530273, 0.06867139041423798, -0.23333792388439178]",[0.0],"[-0.2863876521587372, 0.027781488373875618, -0.7404109239578247, 0.6074552536010742]",[0.44],"[-2.5732994079589844, -3.433901071548462, -4.003977117538453]","[669.857421875, 659.600830078125, 647.6204833984375, 635.0623168945312]"
13.247871398926,"[-45.8271598815918, -54.12999725341797, -19.810319900512695]","[-45.8271598815918, -54.12999725341797, -19.810319900512695]","[-4.224056243896484, -1.5105020999908447, -0.2523065507411957]","[-4.224056243896484, -1.5105020999908447, -0.2523065507411957]","[-0.2881273329257965, 0.031645767390728, -0.743063747882843, 0.6031894087791443]","[[-0.1062903760228906, 0.8781803444279732, 0.46637073518821115], [-0.9146523866546956, -0.27032218679326014, 0.30056106615727973], [0.390017168297109, -0.39462035624521175, 0.8319623708546383]]","[-0.2929764688014984, 0.14046525955200195, -0.2168060541152954]",[0.0],"[-0.2881273329257965, 0.031645767390728, -0.743063747882843, 0.6031894087791443]",[0.44],"[-3.218245506286621, -3.934413194656372, -3.9149650311470037]","[669.3349609375, 666.3080444335938, 648.0603637695312, 645.32763671875]"
13.278874397278,"[-45.954769134521484, -54.176361083984375, -19.81624984741211]","[-45.954769134521484, -54.176361083984375, -19.81624984741211]","[-4.283076286315918, -1.5798885822296143, -0.14255021512508392]","[-4.283076286315918, -1.5798885822296143, -0.14255021512508392]","[-0.2889905869960785, 0.035803936421871185, -0.7455971837043762, 0.5994058847427368]","[[-0.11439416442239736, 0.8731366779133753, 0.4738633159391501], [-0.9145246803266827, -0.2788614394404707, 0.29305468863805917], [0.3880189551862525, -0.39983594528476996, 0.8304050375287212]]","[-0.30316758155822754, 0.20870721340179443, -0.2063068449497223]",[0.0],"[-0.2889905869960785, 0.035803936421871185, -0.7455971837043762, 0.5994058847427368]",[0.44],"[-2.9510021209716797, -3.4693241119384766, -4.322183219194413]","[661.3245239257812, 665.40625, 653.26318359375, 649.9469604492188]"
13.309873580933,"[-46.08414840698242, -54.22476577758789, -19.818836212158203]","[-46.08414840698242, -54.22476577758789, -19.818836212158203]","[-4.34173583984375, -1.6464768648147583, -0.029233817011117935]","[-4.34173583984375, -1.6464768648147583, -0.029233817011117935]","[-0.2894660234451294, 0.039652809500694275, -0.7481096982955933, 0.595792829990387]","[[-0.12248093197044385, 0.8684805064123857, 0.48035439811169844], [-0.9143930707507586, -0.28691739882611955, 0.28559425988460063], [0.38585495975374506, -0.40425286529314874, 0.8292741519391309]]","[-0.257434219121933, 0.16333717107772827, -0.212382510304451]",[0.0],"[-0.2894660234451294, 0.039652809500694275, -0.7481096982955933, 0.595792829990387]",[0.44],"[-2.9329776763916016, -3.329414129257202, -4.144180094301701]","[636.5557861328125, 638.2033081054688, 668.8104858398438, 669.6535034179688]"
13.341525554657,"[-46.22840118408203, -54.280216217041016, -19.81754493713379]","[-46.22840118408203, -54.280216217041016, -19.81754493713379]","[-4.3982086181640625, -1.712514042854309, 0.11193247139453888]","[-4.3982086181640625, -1.712514042854309, 0.11193247139453888]","[-0.2900645136833191, 0.04323146492242813, -0.750934898853302, 0.5916844010353088]","[[-0.13154436375031597, 0.8635531039919693, 0.4867978993444426], [-0.9137127593861356, -0.29608128882831863, 0.2783252646030183], [0.3844803656304192, -0.4081813275582329, 0.8279872366846409]]","[-0.23425403237342834, 0.16341249644756317, -0.24604487419128418]",[0.0],"[-0.2900645136833191, 0.04323146492242813, -0.750934898853302, 0.5916844010353088]",[0.44],"[-2.823638916015625, -3.301858901977539, -2.7516855797171598]","[586.19482421875, 588.8534545898438, 669.8560180664062, 668.5549926757812]"
13.372513771057,"[-46.36088180541992, -54.332332611083984, -19.811824798583984]","[-46.36088180541992, -54.332332611083984, -19.811824798583984]","[-4.428247928619385, -1.758652687072754, 0.27826613187789917]","[-4.428247928619385, -1.758652687072754, 0.27826613187789917]","[-0.2904125154018402, 0.04592142254114151, -0.7539363503456116, 0.587479293346405]","[[-0.14105759484132552, 0.8591716769964077, 0.4918608736413672], [-0.9125163003204224, -0.30551889894896966, 0.27197901922775625], [0.38394933418564126, -0.41046633808114397, 0.8271035876995477]]","[-0.21251492202281952, 0.15394283831119537, -0.3203127086162567]",[0.0],"[-0.2904125154018402, 0.04592142254114151, -0.7539363503456116, 0.587479293346405]",[0.44],"[-1.5019655227661133, -2.306932210922241, -1.493316975831986]","[494.590576171875, 496.25286865234375, 669.7203979492188, 669.8369140625]"
13.403514385223,"[-46.49379348754883, -54.385555267333984, -19.800308227539062]","[-46.49379348754883, -54.385555267333984, -19.800308227539062]","[-4.430171012878418, -1.7881495952606201, 0.4929485619068146]","[-4.430171012878418, -1.7881495952606201, 0.4929485619068146]","[-0.2907674014568329, 0.04794636741280556, -0.7578302621841431, 0.5821071863174438]","[[-0.1532111208603415, 0.8543944019286125, 0.49652452221888854], [-0.9101593645762767, -0.3177047760640921, 0.26584517149529585], [0.38488482210364605, -0.4111860042441906, 0.8263109282039145]]","[-0.20286889374256134, 0.1550547182559967, -0.45354312658309937]",[0.0],"[-0.2907674014568329, 0.04794636741280556, -0.7578302621841431, 0.5821071863174438]",[0.44],"[-0.09615421295166016, -1.4748454093933105, 0.9241215014457698]","[409.4488220214844, 409.6058654785156, 669.8572387695312, 669.1718139648438]"
13.43451499939,"[-46.639923095703125, -54.445030212402344, -19.77996063232422]","[-46.639923095703125, -54.445030212402344, -19.77996063232422]","[-4.426549434661865, -1.8166797161102295, 0.7395540475845337]","[-4.426549434661865, -1.8166797161102295, 0.7395540475845337]","[-0.2910956144332886, 0.049423929303884506, -0.7635560631752014, 0.5742846131324768]","[[-0.17092117279889507, 0.8482228185542118, 0.5013024469680327], [-0.9057711748278985, -0.33550903670781196, 0.25886758286691647], [0.38776883848895993, -0.4098193464106106, 0.8256412369397417]]","[-0.20145197212696075, 0.16864420473575592, -0.619843065738678]",[0.0],"[-0.2910956144332886, 0.049423929303884506, -0.7635560631752014, 0.5742846131324768]",[0.44],"[0.18107891082763672, -1.4265060424804688, 2.5202742838859553]","[390.4438781738281, 387.72821044921875, 669.857421875, 669.4130859375]"
13.464522123337,"[-46.77273941040039, -54.49994659423828, -19.75450897216797]","[-46.77273941040039, -54.49994659423828, -19.75450897216797]","[-4.4291558265686035, -1.8448288440704346, 0.9550015330314636]","[-4.4291558265686035, -1.8448288440704346, 0.9550015330314636]","[-0.2913179099559784, 0.05030480772256851, -0.770125687122345, 0.5652520060539246]","[[-0.19124829529133702, 0.8413207962261731, 0.5055725981104642], [-0.8999395620120771, -0.355919397253567, 0.25185401677830566], [0.39183302419310895, -0.40681811522990774, 0.8252066033177518]]","[-0.21420437097549438, 0.1925840973854065, -0.7687484622001648]",[0.0],"[-0.2913179099559784, 0.05030480772256851, -0.770125687122345, 0.5652520060539246]",[0.44],"[-0.13031959533691406, -1.407456398010254, 0.9623742723464961]","[407.6934814453125, 403.14404296875, 669.857421875, 669.4237060546875]"
13.496062278748,"[-46.90576171875, -54.555755615234375, -19.722787857055664]","[-46.90576171875, -54.555755615234375, -19.722787857055664]","[-4.44049072265625, -1.876220703125, 1.1574509143829346]","[-4.44049072265625, -1.876220703125, 1.1574509143829346]","[-0.29142242670059204, 0.05098830163478851, -0.7779168486595154, 0.5543633103370667]","[[-0.21550886066390307, 0.832778849588232, 0.5099369189807188], [-0.8922153879712393, -0.3801633084248266, 0.24377848449193174], [0.3968727442498139, -0.4024371201968737, 0.8249463246246758]]","[-0.23605547845363617, 0.22508135437965393, -0.9092773199081421]",[0.0],"[-0.29142242670059204, 0.05098830163478851, -0.7779168486595154, 0.5543633103370667]",[0.44],"[-0.5667448043823242, -1.5695929527282715, 0.31246906757354687]","[430.6222229003906, 424.6429443359375, 669.857421875, 669.65380859375]"
13.527056217194,"[-47.052642822265625, -54.618282318115234, -19.681114196777344]","[-47.052642822265625, -54.618282318115234, -19.681114196777344]","[-4.4630351066589355, -1.9137324094772339, 1.3657126426696777]","[-4.4630351066589355, -1.9137324094772339, 1.3657126426696777]","[-0.2913581430912018, 0.05174088478088379, -0.7877568602561951, 0.5402522683143616]","[[-0.24647598007721427, 0.8210246050439096, 0.5149450127581296], [-0.8813251174905261, -0.4109008768525033, 0.23329532151003107], [0.40313249128827167, -0.3963322692774973, 0.8248666265930762]]","[-0.26980650424957275, 0.2673110067844391, -1.0537309646606445]",[0.0],"[-0.2913581430912018, 0.05174088478088379, -0.7877568602561951, 0.5402522683143616]",[0.44],"[-1.1272192001342773, -1.8755853176116943, 0.6030864143371577]","[452.83416748046875, 445.9654846191406, 669.6798706054688, 669.8563842773438]"
13.558088541031,"[-47.18695831298828, -54.67622756958008, -19.637454986572266]","[-47.18695831298828, -54.67622756958008, -19.637454986572266]","[-4.492343902587891, -1.949552059173584, 1.5429531335830688]","[-4.492343902587891, -1.949552059173584, 1.5429531335830688]","[-0.29110750555992126, 0.052596315741539, -0.7977064847946167, 0.5255039930343628]","[[-0.2782040166259354, 0.8077735215036297, 0.519715837797218], [-0.8690182506122754, -0.44215843135340727, 0.2220434688613615], [0.40915754203291854, -0.38986915743468487, 0.8249800955541935]]","[-0.3073606789112091, 0.3092809021472931, -1.1756542921066284]",[0.0],"[-0.29110750555992126, 0.052596315741539, -0.7977064847946167, 0.5255039930343628]",[0.44],"[-1.465439796447754, -1.7909824848175049, -0.9479754543304448]","[473.1125183105469, 465.8083801269531, 669.1796875, 669.857421875]"
13.589055776596,"[-47.322269439697266, -54.73526382446289, -19.588638305664062]","[-47.322269439697266, -54.73526382446289, -19.588638305664062]","[-4.529623508453369, -1.9859164953231812, 1.7097307443618774]","[-4.529623508453369, -1.9859164953231812, 1.7097307443618774]","[-0.29065147042274475, 0.05374037101864815, -0.8084555864334106, 0.5089531540870667]","[[-0.3129769254252237, 0.7916926055939191, 0.5246602726002068], [-0.8541714770244548, -0.47615742498858715, 0.2089625588893389], [0.4152549472732061, -0.3827493715574599, 0.8252673905277488]]","[-0.3502999544143677, 0.3527200520038605, -1.2888792753219604]",[0.0],"[-0.29065147042274475, 0.05374037101864815, -0.8084555864334106, 0.5089531540870667]",[0.44],"[-1.8639802932739258, -1.8182218074798584, -1.4711194610595708]","[487.15972900390625, 479.76507568359375, 668.7504272460938, 669.857421875]"
13.621060609818,"[-47.47256851196289, -54.80146026611328, -19.529369354248047]","[-47.47256851196289, -54.80146026611328, -19.529369354248047]","[-4.581552028656006, -2.0260322093963623, 1.8787143230438232]","[-4.581552028656006, -2.0260322093963623, 1.8787143230438232]","[-0.2898932993412018, 0.05544184148311615, -0.8210021257400513, 0.48871633410453796]","[[-0.35423657651344387, 0.7703298616692367, 0.5301966970451142], [-0.8346187350656065, -0.5161652309452212, 0.19231544164584058], [0.4218153629425805, -0.37438692049616584, 0.8257761544200668]]","[-0.39933308959007263, 0.40017199516296387, -1.3998889923095703]",[0.0],"[-0.2898932993412018, 0.05544184148311615, -0.8210021257400513, 0.48871633410453796]",[0.44],"[-2.596426010131836, -2.0057857036590576, -1.3608210659027105]","[518.402587890625, 511.27117919921875, 668.0925903320312, 669.857421875]"
13.651706218719,"[-47.61091995239258, -54.86280822753906, -19.47096061706543]","[-47.61091995239258, -54.86280822753906, -19.47096061706543]","[-4.635557174682617, -2.0605051517486572, 2.0239672660827637]","[-4.635557174682617, -2.0605051517486572, 2.0239672660827637]","[-0.2876776456832886, 0.055793944746255875, -0.8329830765724182, 0.46932709217071533]","[[-0.39394754025279877, 0.7497817089743259, 0.5316324404217392], [-0.8139843916462715, -0.5532384673638617, 0.17707900236441487], [0.42689000102776387, -0.3629806493598058, 0.8282572158075441]]","[0.21265800297260284, 0.6071730256080627, -1.4626384973526]",[0.0],"[-0.2876776456832886, 0.055793944746255875, -0.8329830765724182, 0.46932709217071533]",[0.44],"[-2.7002573013305664, -1.723647117614746, -2.547352848052979]","[471.90887451171875, 551.79296875, 669.8561401367188, 428.5119934082031]"
13.68270111084,"[-47.7640380859375, -54.93110275268555, -19.4002628326416]","[-47.7640380859375, -54.93110275268555, -19.4002628326416]","[-4.655537128448486, -2.0824053287506104, 2.2380826473236084]","[-4.655537128448486, -2.0824053287506104, 2.2380826473236084]","[-0.25504350662231445, 0.03713289275765419, -0.8522336483001709, 0.4552711546421051]","[[-0.45536208603914163, 0.7570537878130601, 0.46852438616996506], [-0.79493580053283, -0.5826987631304519, 0.1689361021542357], [0.4009022463260503, -0.2955197048214142, 0.867147916010484]]","[2.8919923305511475, 2.5032098293304443, -1.4730440378189087]",[0.0],"[-0.25504350662231445, 0.03713289275765419, -0.8522336483001709, 0.4552711546421051]",[0.44],"[-0.998997688293457, -1.0950088500976562, 0.8957690620422358]","[575.5253295898438, 544.5840454101562, 669.857421875, 375.9468078613281]"
13.713701486588,"[-47.9049186706543, -54.99424362182617, -19.33237648010254]","[-47.9049186706543, -54.99424362182617, -19.33237648010254]","[-4.738809585571289, -2.128458023071289, 2.2692513465881348]","[-4.738809585571289, -2.128458023071289, 2.2692513465881348]","[-0.20480428636074066, 0.018487360328435898, -0.872288167476654, 0.44365155696868896]","[[-0.5224568592233854, 0.7664114259752458, 0.37370060366985225], [-0.7815565885302825, -0.6056628856630231, 0.14947086971086376], [0.3408928188940452, -0.21397609236035153, 0.9154268435927087]]","[1.6222857236862183, 2.482466459274292, -1.4677658081054688]",[0.0],"[-0.20480428636074066, 0.018487360328435898, -0.872288167476654, 0.44365155696868896]",[0.44],"[-4.163622856140137, -2.3026347160339355, -8.251565036773682]","[666.2645874023438, 597.2959594726562, 508.4710693359375, 666.83447265625]"
13.744693756104,"[-48.04851150512695, -55.05887222290039, -19.265226364135742]","[-48.04851150512695, -55.05887222290039, -19.265226364135742]","[-4.8320770263671875, -2.1790242195129395, 2.198235273361206]","[-4.8320770263671875, -2.1790242195129395, 2.198235273361206]","[-0.1676926612854004, 0.011374427005648613, -0.8882279992103577, 0.42755210399627686]","[[-0.578156712341884, 0.755712683911236, 0.30762495442761706], [-0.763342315651931, -0.6341396144604303, 0.12318853123183282], [0.2881723136355485, -0.16360086939739893, 0.9434995875226263]]","[1.306191086769104, 1.9673815965652466, -1.449802041053772]",[0.0],"[-0.1676926612854004, 0.011374427005648613, -0.8882279992103577, 0.42755210399627686]",[0.44],"[-4.663372039794922, -2.5283098220825195, -13.360803661346436]","[650.6737670898438, 669.6909790039062, 614.472412109375, 627.4276123046875]"
13.775179624557,"[-48.19472122192383, -55.12493133544922, -19.20096778869629]","[-48.19472122192383, -55.12493133544922, -19.20096778869629]","[-4.911013603210449, -2.2233164310455322, 2.0817341804504395]","[-4.911013603210449, -2.2233164310455322, 2.0817341804504395]","[-0.13561001420021057, 0.003694278886541724, -0.9016082286834717, 0.41072988510131836]","[[-0.6258220914524779, 0.7396329259226041, 0.2475689108747876], [-0.7416368507716579, -0.6625749479622574, 0.10473658661576601], [0.24149950790438157, -0.11805975558839654, 0.9631925527042543]]","[0.9446913599967957, 1.7115566730499268, -1.4310791492462158]",[0.0],"[-0.13561001420021057, 0.003694278886541724, -0.9016082286834717, 0.41072988510131836]",[0.44],"[-3.946828842163086, -2.2146105766296387, -15.63505464553833]","[669.8292846679688, 655.3138427734375, 598.8489379882812, 652.8146362304688]"
13.806649208069,"[-48.357933044433594, -55.198978424072266, -19.134859085083008]","[-48.357933044433594, -55.198978424072266, -19.134859085083008]","[-4.9761881828308105, -2.2628138065338135, 1.9217146635055542]","[-4.9761881828308105, -2.2628138065338135, 1.9217146635055542]","[-0.10743735730648041, -0.0003740766260307282, -0.9141179323196411, 0.39095455408096313]","[[-0.6712234682433162, 0.7148375168231363, 0.1961283359087288], [-0.714676757606613, -0.6943087598666726, 0.08469014853861695], [0.19671332375081663, -0.08332234793095167, 0.976914148643355]]","[0.6881510615348816, 1.3879454135894775, -1.4074105024337769]",[0.0],"[-0.10743735730648041, -0.0003740766260307282, -0.9141179323196411, 0.39095455408096313]",[0.44],"[-3.2587289810180664, -1.9748687744140625, -17.810975847244265]","[660.5932006835938, 669.7766723632812, 612.98486328125, 637.3264770507812]"
13.838117837906,"[-48.507843017578125, -55.26728057861328, -19.07944107055664]","[-48.507843017578125, -55.26728057861328, -19.07944107055664]","[-5.0137939453125, -2.2886805534362793, 1.7754766941070557]","[-5.0137939453125, -2.2886805534362793, 1.7754766941070557]","[-0.08635930716991425, -0.0034702906850725412, -0.9239161014556885, 0.3727051317691803]","[[-0.707266010893034, 0.6892959284719016, 0.15699071851556828], [-0.6880971608749373, -0.7221577849278913, 0.07078562879785644], [0.16216429910379754, -0.057960599035175586, 0.985060054295387]]","[0.5006457567214966, 1.1668914556503296, -1.3695770502090454]",[0.0],"[-0.08635930716991425, -0.0034702906850725412, -0.9239161014556885, 0.3727051317691803]",[0.44],"[-1.8802881240844727, -1.293337345123291, -17.12189846992493]","[669.82666015625, 667.4339599609375, 555.4995727539062, 586.6563720703125]"
13.869113922119,"[-48.6735954284668, -55.343101501464844, -19.022741317749023]","[-48.6735954284668, -55.343101501464844, -19.022741317749023]","[-5.026549339294434, -2.3038904666900635, 1.6799718141555786]","[-5.026549339294434, -2.3038904666900635, 1.6799718141555786]","[-0.0674358606338501, -0.00522288354113698, -0.9331580996513367, 0.3530454933643341]","[[-0.7416226349147566, 0.6595989426498351, 0.12216880812174155], [-0.6581901040634873, -0.7506632684886441, 0.057363405535747425], [0.1295444701080022, -0.03786830121595691, 0.9908502523761753]]","[0.3691965341567993, 0.9696424007415771, -1.2577472925186157]",[0.0],"[-0.0674358606338501, -0.00522288354113698, -0.9331580996513367, 0.3530454933643341]",[0.44],"[-0.6377696990966797, -0.760495662689209, -14.585243997573853]","[666.3168334960938, 669.8539428710938, 351.684326171875, 380.0263671875]"
13.900117397308,"[-48.824275970458984, -55.412288665771484, -18.97258186340332]","[-48.824275970458984, -55.412288665771484, -18.97258186340332]","[-5.01688814163208, -2.3074653148651123, 1.6680108308792114]","[-5.01688814163208, -2.3074653148651123, 1.6680108308792114]","[-0.05309780687093735, -0.006253518164157867, -0.9400030374526978, 0.3369508683681488]","[[-0.7672896338194546, 0.6341337756762567, 0.09560994272997769], [-0.6328055832772793, -0.7728501750296024, 0.04753935640536122], [0.10403845623305363, -0.024026052129065167, 0.9942830328321344]]","[0.27860450744628906, 0.8147517442703247, -1.0825645923614502]",[0.0],"[-0.05309780687093735, -0.006253518164157867, -0.9400030374526978, 0.3369508683681488]",[0.44],"[0.4830598831176758, -0.1787424087524414, -10.40804916381836]","[666.8389892578125, 669.857421875, 243.5792694091797, 286.24810791015625]"
13.931111097336,"[-48.97451400756836, -55.481510162353516, -18.92243766784668]","[-48.97451400756836, -55.481510162353516, -18.92243766784668]","[-4.997416973114014, -2.306208848953247, 1.6756818294525146]","[-4.997416973114014, -2.306208848953247, 1.6756818294525146]","[-0.04140712693333626, -0.006587180308997631, -0.9453858733177185, 0.32324549555778503]","[[-0.7875956808262572, 0.6117289626502055, 0.0740328729882786], [-0.6106379378054557, -0.7909379992591574, 0.03922418894862678], [0.08254997844152029, -0.014314480112134764, 0.9964841177894067]]","[0.19260087609291077, 0.6645686030387878, -0.8887471556663513]",[0.0],"[-0.04140712693333626, -0.006587180308997631, -0.9453858733177185, 0.32324549555778503]",[0.44],"[0.9735584259033203, 0.06282329559326172, -9.42645007133484]","[665.5671997070312, 669.857421875, 234.72352600097656, 272.7343444824219]"
13.963115692139,"[-49.13898468017578, -55.55754470825195, -18.867021560668945]","[-49.13898468017578, -55.55754470825195, -18.867021560668945]","[-4.969211101531982, -2.3014793395996094, 1.6811944246292114]","[-4.969211101531982, -2.3014793395996094, 1.6811944246292114]","[-0.031220529228448868, -0.006468990817666054, -0.9498203992843628, 0.3111667037010193]","[[-0.8044012774778109, 0.5915088961404054, 0.05528192197725823], [-0.5907010348727992, -0.8062670246840216, 0.03171833721844042], [0.06333366017327946, -0.007140819452830627, 0.997966861424993]]","[0.13338324427604675, 0.5252220630645752, -0.6782631874084473]",[0.0],"[-0.031220529228448868, -0.006468990817666054, -0.9498203992843628, 0.3111667037010193]",[0.44],"[1.4102935791015625, 0.23647546768188477, -9.534370241165162]","[665.3631591796875, 669.857421875, 268.0672607421875, 293.65582275390625]"
13.994109869003,"[-49.28762435913086, -55.626495361328125, -18.816633224487305]","[-49.28762435913086, -55.626495361328125, -18.816633224487305]","[-4.939055919647217, -2.2950446605682373, 1.6764990091323853]","[-4.939055919647217, -2.2950446605682373, 1.6764990091323853]","[-0.02389517053961754, -0.006163669750094414, -0.9527034163475037, 0.30289819836616516]","[[-0.8153635806899864, 0.5774388606575556, 0.041796092289344444], [-0.576849732898242, -0.8164295573906446, 0.026219906668510262], [0.04926395013985496, -0.0027313097558994137, 0.9987820600001888]]","[0.09704601764678955, 0.4237217903137207, -0.4947323799133301]",[0.0],"[-0.02389517053961754, -0.006163669750094414, -0.9527034163475037, 0.30289819836616516]",[0.44],"[1.5077590942382812, 0.3217339515686035, -10.044770774841309]","[665.8385009765625, 669.857421875, 293.79937744140625, 311.6441650390625]"
14.025110960007,"[-49.450008392333984, -55.702091217041016, -18.76140785217285]","[-49.450008392333984, -55.702091217041016, -18.76140785217285]","[-4.901516437530518, -2.2858760356903076, 1.6720671653747559]","[-4.901516437530518, -2.2858760356903076, 1.6720671653747559]","[-0.017624301835894585, -0.005330349784344435, -0.9547739624977112, 0.29676195979118347]","[[-0.8232434641848085, 0.5668690719238098, 0.030490758903476384], [-0.566493297149849, -0.8238078709575671, 0.020639003075737572], [0.03681813909697465, -0.0002818863353481471, 0.9993219427119476]]","[-0.024249877780675888, 0.3361276686191559, -0.29109063744544983]",[0.0],"[-0.017624301835894585, -0.005330349784344435, -0.9547739624977112, 0.29676195979118347]",[0.44],"[1.876974105834961, 0.4584312438964844, -10.03159218788147]","[669.8399658203125, 662.330322265625, 251.67276000976562, 293.1089782714844]"
14.056264877319,"[-49.59650802612305, -55.7705192565918, -18.711212158203125]","[-49.59650802612305, -55.7705192565918, -18.711212158203125]","[-4.864569187164307, -2.27543044090271, 1.6745625734329224]","[-4.864569187164307, -2.27543044090271, 1.6745625734329224]","[-0.013753535225987434, -0.002480776747688651, -0.9557170867919922, 0.2939549684524536]","[[-0.8268026084788884, 0.5619438110955962, 0.024830503937334714], [-0.5618073332940475, -0.8271686194347696, 0.012827681479494313], [0.027747450539752305, -0.00334399857436507, 0.9996093720310313]]","[-0.16248036921024323, 0.27118733525276184, -0.09863940626382828]",[0.0],"[-0.013753535225987434, -0.002480776747688651, -0.9557170867919922, 0.2939549684524536]",[0.44],"[1.8473625183105469, 0.5222797393798828, -9.685229597091675]","[668.7691040039062, 668.25927734375, 245.3230743408203, 268.124267578125]"
14.087225198746,"[-49.74186706542969, -55.838592529296875, -18.660913467407227]","[-49.74186706542969, -55.838592529296875, -18.660913467407227]","[-4.826507091522217, -2.262599229812622, 1.6773549318313599]","[-4.826507091522217, -2.262599229812622, 1.6773549318313599]","[-0.011280925013124943, 0.0014353322330862284, -0.9557645320892334, 0.2939131259918213]","[[-0.8269758019567413, 0.5617910989263332, 0.02240754200033257], [-0.5618558664274947, -0.8272262001378061, 0.003887544589077252], [0.02072009006647979, -0.009374903149670266, 0.9997413611044579]]","[-0.25322145223617554, 0.18146443367004395, 0.09649042040109634]",[0.0],"[-0.011280925013124943, 0.0014353322330862284, -0.9557645320892334, 0.2939131259918213]",[0.44],"[1.9031047821044922, 0.6415605545043945, -9.670382080078125]","[669.1194458007812, 669.7356567382812, 252.33326721191406, 294.4610290527344]"
14.119255781174,"[-49.90045166015625, -55.91299057006836, -18.60564613342285]","[-49.90045166015625, -55.91299057006836, -18.60564613342285]","[-4.785073757171631, -2.245551347732544, 1.6703624725341797]","[-4.785073757171631, -2.245551347732544, 1.6703624725341797]","[-0.01090196706354618, 0.007347041741013527, -0.954788088798523, 0.2969963848590851]","[[-0.8233485470677606, 0.5669770269452028, 0.02518222626647504], [-0.5672974157735029, -0.8234782947947816, -0.007554046272998494], [0.016454046920515775, -0.02050542549590262, 0.9996543361836023]]","[-0.3929290175437927, 0.09557484090328217, 0.30145710706710815]",[0.0],"[-0.01090196706354618, 0.007347041741013527, -0.954788088798523, 0.2969963848590851]",[0.44],"[2.071666717529297, 0.8523941040039062, -10.15962296485901]","[669.7843627929688, 665.6573486328125, 299.17999267578125, 312.34014892578125]"
14.151227235794,"[-50.05770492553711, -55.98676681518555, -18.55071449279785]","[-50.05770492553711, -55.98676681518555, -18.55071449279785]","[-4.745518207550049, -2.224885940551758, 1.6621849536895752]","[-4.745518207550049, -2.224885940551758, 1.6621849536895752]","[-0.011051430366933346, 0.015250795520842075, -0.9527549743652344, 0.3031556308269501]","[[-0.8159492558834338, 0.5773289843449367, 0.030305339585360913], [-0.5780031567638924, -0.8157283505817072, -0.022359935902163064], [0.011811881438426097, -0.03576114927987423, 0.9992905582456526]]","[-0.6297658681869507, 0.24236786365509033, 0.4903121292591095]",[0.0],"[-0.011051430366933346, 0.015250795520842075, -0.9527549743652344, 0.3031556308269501]",[0.44],"[1.9777774810791016, 1.0332703590393066, -10.218875942230225]","[669.8573608398438, 611.5792846679688, 310.0990905761719, 333.6152038574219]"
14.182224273682,"[-50.19955825805664, -56.05317306518555, -18.500812530517578]","[-50.19955825805664, -56.05317306518555, -18.500812530517578]","[-4.711549758911133, -2.200930118560791, 1.6620383262634277]","[-4.711549758911133, -2.200930118560791, 1.6620383262634277]","[-0.009659401141107082, 0.030647819861769676, -0.9498701095581055, 0.3109890818595886]","[[-0.8063850277884135, 0.5902063873423937, 0.03741262755995778], [-0.5913905456869746, -0.8046930581246643, -0.05221495943525978], [-0.0007119218792814852, -0.0642308326040052, 0.9979348142146314]]","[-1.2327150106430054, 0.5134480595588684, 0.6472048163414001]",[0.0],"[-0.009659401141107082, 0.030647819861769676, -0.9498701095581055, 0.3109890818595886]",[0.44],"[1.6984224319458008, 1.1977910995483398, -9.817331371307374]","[669.857421875, 630.548583984375, 331.40142822265625, 351.68017578125]"
14.213227272034,"[-50.34044647216797, -56.11870574951172, -18.451276779174805]","[-50.34044647216797, -56.11870574951172, -18.451276779174805]","[-4.681575298309326, -2.165923833847046, 1.6398026943206787]","[-4.681575298309326, -2.165923833847046, 1.6398026943206787]","[-0.007321678102016449, 0.050304509699344635, -0.9457640051841736, 0.3208526372909546]","[[-0.7940001943962018, 0.6061651237821996, 0.04612982842219093], [-0.607638377490593, -0.789046320944478, -0.09045402968730176], [-0.018431509996461592, -0.0998507486010114, 0.994831698667358]]","[-1.0515754222869873, 0.515804648399353, 0.8059069514274597]",[0.0],"[-0.007321678102016449, 0.050304509699344635, -0.9457640051841736, 0.3208526372909546]",[0.44],"[1.498723030090332, 1.7503142356872559, -10.921781597137452]","[644.3564453125, 669.7760009765625, 385.1979675292969, 354.68682861328125]"
14.245261192322,"[-50.49445343017578, -56.18937683105469, -18.397659301757812]","[-50.49445343017578, -56.18937683105469, -18.397659301757812]","[-4.6525044441223145, -2.1149375438690186, 1.6075043678283691]","[-4.6525044441223145, -2.1149375438690186, 1.6075043678283691]","[-0.00437804264947772, 0.06695670634508133, -0.9401258826255798, 0.3341571092605591]","[[-0.7766397514142138, 0.6277132159262963, 0.05297994129578637], [-0.6288857731904854, -0.7677116848799324, -0.12296955714880486], [-0.036516296455735675, -0.12882137345268052, 0.9909952644359558]]","[-0.8219844698905945, 0.3586290180683136, 0.9698073863983154]",[0.0],"[-0.00437804264947772, 0.06695670634508133, -0.9401258826255798, 0.3341571092605591]",[0.44],"[1.453542709350586, 2.549314498901367, -11.424916324615479]","[650.6619262695312, 669.8573608398438, 381.7363586425781, 407.8709716796875]"
14.276233673096,"[-50.633689880371094, -56.251991271972656, -18.35014533996582]","[-50.633689880371094, -56.251991271972656, -18.35014533996582]","[-4.631388187408447, -2.0562171936035156, 1.546339750289917]","[-4.631388187408447, -2.0562171936035156, 1.546339750289917]","[-0.005481037776917219, 0.08062060922384262, -0.9338253140449524, 0.34848326444625854]","[[-0.7570587995655549, 0.6499612185123672, 0.06642652981458558], [-0.6517287569313831, -0.7441195178525319, -0.1467510315797937], [-0.0459532025212977, -0.1543912313280072, 0.9869405511865289]]","[-1.1070390939712524, -0.03237578645348549, 1.0905681848526]",[0.0],"[-0.005481037776917219, 0.08062060922384262, -0.9338253140449524, 0.34848326444625854]",[0.44],"[1.0558128356933594, 2.9360175132751465, -12.868230876922608]","[669.1923828125, 657.2050170898438, 522.4447631835938, 573.4344482421875]"
14.307225942612,"[-50.78636932373047, -56.31843566894531, -18.301685333251953]","[-50.78636932373047, -56.31843566894531, -18.301685333251953]","[-4.625130653381348, -1.967056155204773, 1.3792085647583008]","[-4.625130653381348, -1.967056155204773, 1.3792085647583008]","[-0.012282726354897022, 0.09845829010009766, -0.9254893064498901, 0.3655470013618469]","[[-0.7324489824850673, 0.6742010090610844, 0.0947173292016259], [-0.6790383539997666, -0.7133626434396159, -0.17326436166280146], [-0.04924720161959617, -0.1912240168131244, 0.9803101994877115]]","[-1.0354055166244507, -0.07337082922458649, 1.1249186992645264]",[0.0],"[-0.012282726354897022, 0.09845829010009766, -0.9254893064498901, 0.3655470013618469]",[0.44],"[0.31287670135498047, 4.458051919937134, -18.166559276580813]","[651.603515625, 669.613037109375, 662.0418701171875, 624.0176391601562]"
14.338224887848,"[-50.92523193359375, -56.37604904174805, -18.2629337310791]","[-50.92523193359375, -56.37604904174805, -18.2629337310791]","[-4.633678913116455, -1.8725751638412476, 1.2026396989822388]","[-4.633678913116455, -1.8725751638412476, 1.2026396989822388]","[-0.01650599204003811, 0.11033862084150314, -0.9178017973899841, 0.38104185461997986]","[[-0.7090695010829808, 0.6957993013074238, 0.11438572376741774], [-0.7030842948966983, -0.6852651741310225, -0.1899590214211696], [-0.053788807119210746, -0.2151169166982846, 0.9751058819551384]]","[-0.8170607089996338, -0.16302940249443054, 1.1250159740447998]",[0.0],"[-0.01650599204003811, 0.11033862084150314, -0.9178017973899841, 0.38104185461997986]",[0.44],"[-0.4274129867553711, 4.7240495681762695, -18.638443288803103]","[649.9048461914062, 667.4673461914062, 649.820068359375, 668.7052612304688]"
14.36973118782,"[-51.06449890136719, -56.43074035644531, -18.229480743408203]","[-51.06449890136719, -56.43074035644531, -18.229480743408203]","[-4.652509689331055, -1.772796392440796, 1.0268418788909912]","[-4.652509689331055, -1.772796392440796, 1.0268418788909912]","[-0.023523656651377678, 0.11984378844499588, -0.9097598791122437, 0.39676329493522644]","[[-0.6840511425423461, 0.7162803262105333, 0.13790099082478413], [-0.727556982735255, -0.6564328001291522, -0.19939149393229438], [-0.052297474699043, -0.23672478801999663, 0.9701682078977983]]","[-0.7913347482681274, -0.4280759394168854, 1.123977780342102]",[0.0],"[-0.023523656651377678, 0.11984378844499588, -0.9097598791122437, 0.39676329493522644]",[0.44],"[-0.9415388107299805, 4.988938570022583, -18.59989100456238]","[663.9992065429688, 664.78515625, 660.4246215820312, 669.30126953125]"
14.4017329216,"[-51.21856689453125, -56.48740005493164, -18.19873809814453]","[-51.21856689453125, -56.48740005493164, -18.19873809814453]","[-4.686981201171875, -1.661130666732788, 0.8384266495704651]","[-4.686981201171875, -1.661130666732788, 0.8384266495704651]","[-0.03355025500059128, 0.13090722262859344, -0.9001943469047546, 0.41399019956588745]","[[-0.6549731262712197, 0.7365593332451492, 0.1687921142187454], [-0.7541272160475831, -0.6229509636197648, -0.2079049300321616], [-0.04798511466376443, -0.2634628370848864, 0.9634753589061263]]","[-1.0212697982788086, -0.4277477562427521, 1.1225531101226807]",[0.0],"[-0.03355025500059128, 0.13090722262859344, -0.9001943469047546, 0.41399019956588745]",[0.44],"[-1.7235755920410156, 5.583286285400391, -19.23076146602631]","[655.43310546875, 667.2386474609375, 658.4415893554688, 664.7426147460938]"
14.432729244232,"[-51.359798431396484, -56.53572463989258, -18.175912857055664]","[-51.359798431396484, -56.53572463989258, -18.175912857055664]","[-4.729701042175293, -1.5614306926727295, 0.6885156035423279]","[-4.729701042175293, -1.5614306926727295, 0.6885156035423279]","[-0.044532302767038345, 0.14045554399490356, -0.8908873200416565, 0.42966148257255554]","[[-0.6268159536998184, 0.7530503158473976, 0.200043202271591], [-0.778069551089358, -0.5913266860014801, -0.211992495890714], [-0.04135014680194926, -0.28852775680773646, 0.9565782283427211]]","[-0.7828661203384399, -0.7270200252532959, 1.1210767030715942]",[0.0],"[-0.044532302767038345, 0.14045554399490356, -0.8908873200416565, 0.42966148257255554]",[0.44],"[-2.1359920501708984, 4.98499870300293, -17.305552301406863]","[631.827880859375, 669.8359375, 646.7723999023438, 655.5224609375]"
14.463732719421,"[-51.51685333251953, -56.58550262451172, -18.15572738647461]","[-51.51685333251953, -56.58550262451172, -18.15572738647461]","[-4.789617538452148, -1.4575186967849731, 0.5430703163146973]","[-4.789617538452148, -1.4575186967849731, 0.5430703163146973]","[-0.059743210673332214, 0.148603156208992, -0.8800108432769775, 0.4471340477466583]","[[-0.5930039646406624, 0.7692095614945385, 0.23804040789673753], [-0.8047216801670021, -0.5559766710132306, -0.20811833039069416], [-0.0277417150778847, -0.31497122484568774, 0.9486957014863355]]","[-1.1671396493911743, -0.7505213022232056, 1.1190874576568604]",[0.0],"[-0.059743210673332214, 0.148603156208992, -0.8800108432769775, 0.4471340477466583]",[0.44],"[-2.9958248138427734, 5.195599794387817, -17.082264361381533]","[669.6790161132812, 615.5663452148438, 629.875, 655.7911987304688]"
14.494377613068,"[-51.66152572631836, -56.62788009643555, -18.14118194580078]","[-51.66152572631836, -56.62788009643555, -18.14118194580078]","[-4.856965065002441, -1.3686140775680542, 0.4315040707588196]","[-4.856965065002441, -1.3686140775680542, 0.4315040707588196]","[-0.07424548268318176, 0.1605367660522461, -0.868951141834259, 0.4622114300727844]","[[-0.5616962802991523, 0.7794400404932915, 0.2774352503397104], [-0.8271165592290757, -0.5211769571878424, -0.21036299088008192], [-0.019372462525364398, -0.3476314337898323, 0.9374311100932555]]","[-0.9738999605178833, -0.6839976906776428, 1.1170908212661743]",[0.0],"[-0.07424548268318176, 0.1605367660522461, -0.868951141834259, 0.4622114300727844]",[0.44],"[-3.3673763275146484, 4.445230960845947, -15.388312277793885]","[631.27197265625, 669.0929565429688, 663.6707763671875, 635.73583984375]"
14.525829792023,"[-51.82313537597656, -56.67155838012695, -18.12845802307129]","[-51.82313537597656, -56.67155838012695, -18.12845802307129]","[-4.939311504364014, -1.2799904346466064, 0.3426264226436615]","[-4.939311504364014, -1.2799904346466064, 0.3426264226436615]","[-0.0905219167470932, 0.16629889607429504, -0.856860339641571, 0.4795214533805847]","[[-0.5237299289723953, 0.7916584411670735, 0.31461705734010614], [-0.8518732204693569, -0.4848077181244723, -0.1981754549817527], [-0.0043584960244249515, -0.3718042593072024, 0.9283009195058063]]","[-0.7139072418212891, -1.1869853734970093, 1.1154439449310303]",[0.0],"[-0.0905219167470932, 0.16629889607429504, -0.856860339641571, 0.4795214533805847]",[0.44],"[-4.117321968078613, 4.431182146072388, -14.253882405757905]","[627.0507202148438, 669.748779296875, 636.2828369140625, 659.2595825195312]"
14.555836439133,"[-51.972530364990234, -56.70890426635742, -18.119112014770508]","[-51.972530364990234, -56.70890426635742, -18.119112014770508]","[-5.021477699279785, -1.2119858264923096, 0.2830458879470825]","[-5.021477699279785, -1.2119858264923096, 0.2830458879470825]","[-0.10904569178819656, 0.16534262895584106, -0.8452739119529724, 0.49626901745796204]","[[-0.4836523423566206, 0.8029067048223615, 0.3484558049905173], [-0.8750263102486366, -0.4527578982516953, -0.17128762493668104], [0.0202381089271908, -0.3877516182236893, 0.9215417043048094]]","[-0.4076807200908661, -1.4506961107254028, 1.1140035390853882]",[0.0],"[-0.10904569178819656, 0.16534262895584106, -0.8452739119529724, 0.49626901745796204]",[0.44],"[-4.108309745788574, 3.4002304077148438, -12.78902673482895]","[646.9993896484375, 669.7884521484375, 659.5789794921875, 655.1268310546875]"
14.587837219238,"[-52.12446212768555, -56.74444580078125, -18.111268997192383]","[-52.12446212768555, -56.74444580078125, -18.111268997192383]","[-5.105981826782227, -1.1608351469039917, 0.2478364109992981]","[-5.105981826782227, -1.1608351469039917, 0.2478364109992981]","[-0.1281408965587616, 0.1593412458896637, -0.8333397507667542, 0.5135515332221985]","[[-0.4396895456993324, 0.8150895531883595, 0.3772296878669579], [-0.8967620736167259, -0.42175045915775833, -0.13395688048067456], [0.04990992333826938, -0.3971846960655512, 0.916380555974893]]","[-0.16115409135818481, -1.7027606964111328, 1.11351478099823]",[0.0],"[-0.1281408965587616, 0.1593412458896637, -0.8333397507667542, 0.5135515332221985]",[0.44],"[-4.22520637512207, 2.5575339794158936, -11.570473847389222]","[624.3491821289062, 669.8573608398438, 641.9287719726562, 650.4889526367188]"
14.618833303452,"[-52.294342041015625, -56.782161712646484, -18.1030216217041]","[-52.294342041015625, -56.782161712646484, -18.1030216217041]","[-5.1861419677734375, -1.1299047470092773, 0.26293662190437317]","[-5.1861419677734375, -1.1299047470092773, 0.26293662190437317]","[-0.15026037395000458, 0.1435289978981018, -0.81962651014328, 0.5338855385780334]","[[-0.38477637873457127, 0.8320400398076817, 0.39957088451572], [-0.9183069233950345, -0.38873159221849507, -0.07483666195669691], [0.09305865913814593, -0.3957240246496365, 0.913642493565543]]","[0.5554076433181763, -2.1680498123168945, 1.1150962114334106]",[0.0],"[-0.15026037395000458, 0.1435289978981018, -0.81962651014328, 0.5338855385780334]",[0.44],"[-4.008007049560547, 1.5465199947357178, -9.054989454746247]","[597.8961791992188, 669.857421875, 638.1651000976562, 629.2107543945312]"
14.649924278259,"[-52.451072692871094, -56.81590270996094, -18.094947814941406]","[-52.451072692871094, -56.81590270996094, -18.094947814941406]","[-5.261147499084473, -1.122655987739563, 0.27859529852867126]","[-5.261147499084473, -1.122655987739563, 0.27859529852867126]","[-0.16979940235614777, 0.12080249190330505, -0.8064707517623901, 0.5533352494239807]","[[-0.32997663099648555, 0.8514730073025456, 0.4075650573106415], [-0.9335217710158039, -0.3584538209773993, -0.006935363610493184], [0.14018794935722667, -0.3827593422296207, 0.9131498418188939]]","[0.44731605052948, -2.096590518951416, 1.1195048093795776]",[0.0],"[-0.16979940235614777, 0.12080249190330505, -0.8064707517623901, 0.5533352494239807]",[0.44],"[-3.750276565551758, 0.3624379634857178, -9.027066168785096]","[658.121826171875, 626.719970703125, 637.03955078125, 658.8803100585938]"
14.680915355682,"[-52.61000442504883, -56.8497314453125, -18.08626365661621]","[-52.61000442504883, -56.8497314453125, -18.08626365661621]","[-5.334622383117676, -1.1357557773590088, 0.3000217378139496]","[-5.334622383117676, -1.1357557773590088, 0.3000217378139496]","[-0.19017131626605988, 0.10155575722455978, -0.7919526696205139, 0.571255087852478]","[[-0.2750052054890251, 0.8661879996665605, 0.417241849234788], [-0.9434399677697243, -0.32670832089884927, 0.05641795786253301], [0.1851848771738247, -0.37812737005982466, 0.907042597288361]]","[0.42195212841033936, -2.1479880809783936, 1.1135624647140503]",[0.0],"[-0.19017131626605988, 0.10155575722455978, -0.7919526696205139, 0.571255087852478]",[0.44],"[-3.6737442016601562, -0.65498948097229, -8.738678035736084]","[641.8828125, 650.056396484375, 668.194091796875, 658.1200561523438]"
14.710916519165,"[-52.77106857299805, -56.884220123291016, -18.07672882080078]","[-52.77106857299805, -56.884220123291016, -18.07672882080078]","[-5.402354717254639, -1.166471004486084, 0.3361068367958069]","[-5.402354717254639, -1.166471004486084, 0.3361068367958069]","[-0.20809075236320496, 0.08234191685914993, -0.7769989371299744, 0.5883797407150269]","[[-0.22101507914629792, 0.8800716834682736, 0.4202692182087038], [-0.9486100491892695, -0.2940582190403891, 0.11691360207970636], [0.22647595544244403, -0.3728319296029232, 0.8998360950177523]]","[0.4086402654647827, -1.7808685302734375, 1.1035467386245728]",[0.0],"[-0.20809075236320496, 0.08234191685914993, -0.7769989371299744, 0.5883797407150269]",[0.44],"[-3.3866167068481445, -1.5357613563537598, -8.005745050907136]","[662.7181396484375, 627.5823364257812, 669.855224609375, 657.49072265625]"
14.742916345596,"[-52.95053482055664, -56.92350769042969, -18.06491470336914]","[-52.95053482055664, -56.92350769042969, -18.06491470336914]","[-5.4728803634643555, -1.217108964920044, 0.38261377811431885]","[-5.4728803634643555, -1.217108964920044, 0.38261377811431885]","[-0.22393465042114258, 0.06506086140871048, -0.7607854008674622, 0.6056615710258484]","[[-0.16605468372061694, 0.892418199694518, 0.4195421526437171], [-0.9506957247171499, -0.25788230766460885, 0.17226251730717035], [0.26192269851133876, -0.37025193141760315, 0.8912407133070345]]","[0.40728381276130676, -1.5617952346801758, 1.0843408107757568]",[0.0],"[-0.22393465042114258, 0.06506086140871048, -0.7607854008674622, 0.6056615710258484]",[0.44],"[-3.52628231048584, -2.531898021697998, -7.484652934074402]","[636.3547973632812, 626.3872680664062, 669.857421875, 658.7822875976562]"
14.773916721344,"[-53.11563491821289, -56.96086883544922, -18.052730560302734]","[-53.11563491821289, -56.96086883544922, -18.052730560302734]","[-5.533280372619629, -1.2758756875991821, 0.4291243255138397]","[-5.533280372619629, -1.2758756875991821, 0.4291243255138397]","[-0.23575614392757416, 0.050592582672834396, -0.7462060451507568, 0.6205126643180847]","[[-0.11876614248208184, 0.9022055780089454, 0.41463199609848234], [-0.9499156268180832, -0.22480884243826482, 0.21707436393519686], [0.2890586430222686, -0.3680843280562307, 0.8837188623577867]]","[0.4066329300403595, -1.3643105030059814, 1.0650802850723267]",[0.0],"[-0.23575614392757416, 0.050592582672834396, -0.7462060451507568, 0.6205126643180847]",[0.44],"[-3.020000457763672, -2.938336133956909, -7.484472630023957]","[644.0965576171875, 626.2615966796875, 669.857421875, 661.0674438476562]"
14.80491566658,"[-53.29932403564453, -57.00422668457031, -18.03778839111328]","[-53.29932403564453, -57.00422668457031, -18.03778839111328]","[-5.5988287925720215, -1.3542275428771973, 0.4758002758026123]","[-5.5988287925720215, -1.3542275428771973, 0.4758002758026123]","[-0.24628986418247223, 0.036644283682107925, -0.7304946780204773, 0.6359057426452637]","[[-0.06993055628563116, 0.9110012901477881, 0.4064314909285134], [-0.9471017527523095, -0.18856234363052282, 0.25969736955860734], [0.31322224921421515, -0.3667711863972172, 0.8759969985488092]]","[0.4178139865398407, -1.1935088634490967, 1.04582679271698]",[0.0],"[-0.24628986418247223, 0.036644283682107925, -0.7304946780204773, 0.6359057426452637]",[0.44],"[-3.277420997619629, -3.917592763900757, -7.476202485561371]","[643.5391235351562, 634.3865356445312, 669.857421875, 662.142578125]"
14.83592414856,"[-53.468177795410156, -57.04607009887695, -18.02294921875]","[-53.468177795410156, -57.04607009887695, -18.02294921875]","[-5.657834529876709, -1.4372270107269287, 0.5120606422424316]","[-5.657834529876709, -1.4372270107269287, 0.5120606422424316]","[-0.253982275724411, 0.02508017234504223, -0.7164513468742371, 0.6492776870727539]","[[-0.027863094965530744, 0.9176119083018194, 0.39649987963302635], [-0.9430915852928364, -0.15561905764011819, 0.29387260256675307], [0.3313638944667261, -0.36574749559252706, 0.8697279771459845]]","[0.4188876152038574, -1.0645365715026855, 1.0300679206848145]",[0.0],"[-0.253982275724411, 0.02508017234504223, -0.7164513468742371, 0.6492776870727539]",[0.44],"[-2.950286865234375, -4.149973392486572, -7.996981678009034]","[649.9700927734375, 637.9857788085938, 669.857421875, 666.5445556640625]"
14.867918968201,"[-53.65578842163086, -57.09503936767578, -18.005117416381836]","[-53.65578842163086, -57.09503936767578, -18.005117416381836]","[-5.707023620605469, -1.5284723043441772, 0.5777589082717896]","[-5.707023620605469, -1.5284723043441772, 0.5777589082717896]","[-0.2620077431201935, 0.01634199544787407, -0.7016007304191589, 0.6624509692192078]","[[0.014978708520168693, 0.920988709051396, 0.38930118934404634], [-0.9381156264329078, -0.12178328475926925, 0.32420345486034874], [0.3459981064503661, -0.3700656786312888, 0.8621697634596888]]","[-0.013260241597890854, -0.7634851932525635, 0.9809513092041016]",[0.0],"[-0.2620077431201935, 0.01634199544787407, -0.7016007304191589, 0.6624509692192078]",[0.44],"[-2.4594545364379883, -4.562264680862427, -6.525086698532105]","[590.760498046875, 546.5299072265625, 668.2271118164062, 665.112548828125]"
14.898950576782,"[-53.82754898071289, -57.14211654663086, -17.986644744873047]","[-53.82754898071289, -57.14211654663086, -17.986644744873047]","[-5.743175983428955, -1.610470175743103, 0.6540840864181519]","[-5.743175983428955, -1.610470175743103, 0.6540840864181519]","[-0.2688388526439667, 0.013095092959702015, -0.689342200756073, 0.6725782752037048]","[[0.04927169759430139, 0.9202322372861864, 0.3882588827335963], [-0.934314116352396, -0.09493399686830095, 0.34357634323815145], [0.3530289825877221, -0.3796843440379368, 0.8551083796989046]]","[0.13711132109165192, -0.6743142008781433, 0.9210593700408936]",[0.0],"[-0.2688388526439667, 0.013095092959702015, -0.689342200756073, 0.6725782752037048]",[0.44],"[-1.8076181411743164, -4.099893569946289, -5.993741092681885]","[558.4964599609375, 579.9916381835938, 669.8440551757812, 654.2770385742188]"
14.92992401123,"[-54.00043869018555, -57.191768646240234, -17.96601676940918]","[-54.00043869018555, -57.191768646240234, -17.96601676940918]","[-5.783371448516846, -1.7005798816680908, 0.7190262079238892]","[-5.783371448516846, -1.7005798816680908, 0.7190262079238892]","[-0.2737371027469635, 0.007997162640094757, -0.6775548458099365, 0.6825859546661377]","[[0.08171095261836203, 0.9206006022690949, 0.3818613026789741], [-0.9293570827942781, -0.06802514100165702, 0.36286117061310463], [0.3600262990977363, -0.3845352358112102, 0.8500080879388124]]","[0.1689271181821823, -0.6534433364868164, 0.8652762770652771]",[0.0],"[-0.2737371027469635, 0.007997162640094757, -0.6775548458099365, 0.6825859546661377]",[0.44],"[-2.0097732543945312, -4.50548529624939, -6.562893924713135]","[590.2090454101562, 579.2235107421875, 668.4056396484375, 669.7557373046875]"
14.960917234421,"[-54.19204330444336, -57.249629974365234, -17.941225051879883]","[-54.19204330444336, -57.249629974365234, -17.941225051879883]","[-5.828853607177734, -1.8070250749588013, 0.7826786637306213]","[-5.828853607177734, -1.8070250749588013, 0.7826786637306213]","[-0.27851828932762146, 0.0028346972540020943, -0.6652524471282959, 0.6927183866500854]","[[0.11486229216258403, 0.920086173719576, 0.37449724090724135], [-0.9232442338393616, -0.040266511800341576, 0.3820979015009578], [0.3666426532735063, -0.3896410586413288, 0.844839054002987]]","[0.2175169438123703, -0.5928193926811218, 0.8096864819526672]",[0.0],"[-0.27851828932762146, 0.0028346972540020943, -0.6652524471282959, 0.6927183866500854]",[0.44],"[-2.2741079330444336, -5.3222596645355225, -6.627377209663392]","[590.972900390625, 593.4473266601562, 669.8563842773438, 663.6838989257812]"
14.992917537689,"[-54.36756134033203, -57.30539321899414, -17.917001724243164]","[-54.36756134033203, -57.30539321899414, -17.917001724243164]","[-5.872729301452637, -1.9122155904769897, 0.8293734788894653]","[-5.872729301452637, -1.9122155904769897, 0.8293734788894653]","[-0.2817114591598511, -0.0022617734503000975, -0.6546034812927246, 0.701518177986145]","[[0.14297833332061016, 0.9197068179976655, 0.36564525339243953], [-0.9171581480017734, -0.015734127885053795, 0.39821254864419786], [0.3719919541519274, -0.39229028954635026, 0.8412670763177741]]","[0.24581189453601837, -0.5592445731163025, 0.7654904723167419]",[0.0],"[-0.2817114591598511, -0.0022617734503000975, -0.6546034812927246, 0.701518177986145]",[0.44],"[-2.193784713745117, -5.259525775909424, -7.475259242057801]","[612.3167114257812, 609.3773193359375, 669.857421875, 668.1871948242188]"
15.023954153061,"[-54.56220245361328, -57.37055206298828, -17.888980865478516]","[-54.56220245361328, -57.37055206298828, -17.888980865478516]","[-5.923492908477783, -2.0378284454345703, 0.867414116859436]","[-5.923492908477783, -2.0378284454345703, 0.867414116859436]","[-0.2845771312713623, -0.00778807420283556, -0.6433786153793335, 0.7106469869613647]","[[0.17200660634556553, 0.9188627646189391, 0.35511253843903057], [-0.9099975333598533, 0.010159627259866966, 0.4144891225863885], [0.37725082430493706, -0.3944464009980211, 0.8379104045151459]]","[0.2708512544631958, -0.5201736688613892, 0.7262007594108582]",[0.0],"[-0.2845771312713623, -0.00778807420283556, -0.6433786153793335, 0.7106469869613647]",[0.44],"[-2.538180351257324, -6.280642747879028, -7.907968101501465]","[615.99658203125, 615.3963623046875, 669.857421875, 666.632080078125]"
15.054949522018,"[-54.74060821533203, -57.433494567871094, -17.8625431060791]","[-54.74060821533203, -57.433494567871094, -17.8625431060791]","[-5.969851016998291, -2.1593401432037354, 0.8935922980308533]","[-5.969851016998291, -2.1593401432037354, 0.8935922980308533]","[-0.2865203022956848, -0.012843773700296879, -0.6335613131523132, 0.7185689210891724]","[[0.19687019990770405, 0.9178749423178468, 0.344598084713432], [-0.9031549346249411, 0.03301235769821176, 0.42804380524429], [0.38151463115557527, -0.39549453271872503, 0.8354823076990499]]","[0.2850196957588196, -0.49049103260040283, 0.6942651271820068]",[0.0],"[-0.2865203022956848, -0.012843773700296879, -0.6335613131523132, 0.7185689210891724]",[0.44],"[-2.3179054260253906, -6.075584888458252, -8.501090941429139]","[623.3311767578125, 621.4186401367188, 669.857421875, 668.520263671875]"
15.085944414139,"[-54.92038345336914, -57.500160217285156, -17.835390090942383]","[-54.92038345336914, -57.500160217285156, -17.835390090942383]","[-6.013609886169434, -2.2847094535827637, 0.9176656603813171]","[-6.013609886169434, -2.2847094535827637, 0.9176656603813171]","[-0.2879945635795593, -0.017773814499378204, -0.6241102814674377, 0.7261057496070862]","[[0.22034089616955466, 0.9165776514245918, 0.3336693984725647], [-0.8961026036250219, 0.05509097583050959, 0.44041465768131705], [0.38529207407435795, -0.3960433762014892, 0.8334864457335217]]","[0.2954900860786438, -0.4541859030723572, 0.6599013805389404]",[0.0],"[-0.2879945635795593, -0.017773814499378204, -0.6241102814674377, 0.7261057496070862]",[0.44],"[-2.187943458557129, -6.268465518951416, -8.606331882476807]","[597.7099609375, 596.0802001953125, 669.857421875, 668.0755004882812]"
15.117916822433,"[-55.11943817138672, -57.57769012451172, -17.804319381713867]","[-55.11943817138672, -57.57769012451172, -17.804319381713867]","[-6.046629428863525, -2.4105708599090576, 0.971946656703949]","[-6.046629428863525, -2.4105708599090576, 0.971946656703949]","[-0.28912368416786194, -0.02317366935312748, -0.6143633723258972, 0.7337766289710999]","[[0.24404125558612577, 0.9150110819353553, 0.321245409291653], [-0.8882108552990989, 0.07793028399510682, 0.45277851195470276], [0.3892625972069681, -0.395830297342892, 0.8317409526038286]]","[0.29731258749961853, -0.4318854808807373, 0.5832130908966064]",[0.0],"[-0.28912368416786194, -0.02317366935312748, -0.6143633723258972, 0.7337766289710999]",[0.44],"[-1.6509771347045898, -6.293070316314697, -7.095950183868409]","[524.4344482421875, 521.5704956054688, 669.6735229492188, 669.8042602539062]"
15.148949384689,"[-55.301143646240234, -57.65160369873047, -17.774150848388672]","[-55.301143646240234, -57.65160369873047, -17.774150848388672]","[-6.066254138946533, -2.5171942710876465, 1.0392160415649414]","[-6.066254138946533, -2.5171942710876465, 1.0392160415649414]","[-0.28981536626815796, -0.02795747108757496, -0.6065817475318909, 0.7397865056991577]","[[0.26255392674308964, 0.9136869923013664, 0.3102283029769439], [-0.8812769734086585, 0.09613127407202171, 0.4627199775566313], [0.39295854235319316, -0.3948860108811372, 0.8304508665704817]]","[0.27211207151412964, -0.368874192237854, 0.48698925971984863]",[0.0],"[-0.28981536626815796, -0.02795747108757496, -0.6065817475318909, 0.7397865056991577]",[0.44],"[-0.9812355041503906, -5.331170558929443, -6.446530756950379]","[508.13433837890625, 496.2267761230469, 668.3466796875, 668.400634765625]"
15.17991566658,"[-55.48337173461914, -57.72871017456055, -17.741912841796875]","[-55.48337173461914, -57.72871017456055, -17.741912841796875]","[-6.0811896324157715, -2.6224257946014404, 1.1114680767059326]","[-6.0811896324157715, -2.6224257946014404, 1.1114680767059326]","[-0.29067447781562805, -0.03186521306633949, -0.6001585125923157, 0.744515061378479]","[[0.27758873591843214, 0.9121789120160531, 0.30145326238490266], [-0.8751292953418852, 0.11063621541918245, 0.47107141113878237], [0.3963497866325989, -0.39457469562945624, 0.8289859122856975]]","[0.1870487779378891, -0.3229217827320099, 0.37822309136390686]",[0.0],"[-0.29067447781562805, -0.03186521306633949, -0.6001585125923157, 0.744515061378479]",[0.44],"[-0.7467746734619141, -5.261576175689697, -6.19739824295044]","[469.5836181640625, 467.020263671875, 669.5953369140625, 667.56640625]"
15.211951971054,"[-55.68418884277344, -57.817020416259766, -17.70363998413086]","[-55.68418884277344, -57.817020416259766, -17.70363998413086]","[-6.086676597595215, -2.726284980773926, 1.2142250537872314]","[-6.086676597595215, -2.726284980773926, 1.2142250537872314]","[-0.291386216878891, -0.03622741624712944, -0.594784140586853, 0.7483404874801636]","[[0.2898388008368318, 0.9113144469595673, 0.2924029165012838], [-0.8690897678893756, 0.12265179743873311, 0.47920719244476206], [0.4008446858393784, -0.39301722189183774, 0.8275632938501303]]","[0.21751369535923004, -0.29863977432250977, 0.22542467713356018]",[0.0],"[-0.291386216878891, -0.03622741624712944, -0.594784140586853, 0.7483404874801636]",[0.44],"[-0.27434825897216797, -5.192959308624268, -4.672151145935059]","[351.4588317871094, 348.4273376464844, 669.8571166992188, 668.59912109375]"
15.242917776108,"[-55.88493728637695, -57.90843963623047, -17.661394119262695]","[-55.88493728637695, -57.90843963623047, -17.661394119262695]","[-6.078866004943848, -2.8136391639709473, 1.3474375009536743]","[-6.078866004943848, -2.8136391639709473, 1.3474375009536743]","[-0.2916596829891205, -0.04113943129777908, -0.5917046070098877, 0.750418484210968]","[[0.29638641047153935, 0.9120495755673388, 0.28340917685585065], [-0.864054721604687, 0.1296405747239202, 0.4864184164856198], [0.4068963355589732, -0.3890488523709692, 0.8264843530223621]]","[0.19456970691680908, -0.2610158324241638, 0.028142103925347328]",[0.0],"[-0.2916596829891205, -0.04113943129777908, -0.5917046070098877, 0.750418484210968]",[0.44],"[0.3905296325683594, -4.367709159851074, -3.149377641677857]","[302.4986572265625, 292.212890625, 669.857421875, 668.123046875]"
15.272916555405,"[-56.06718826293945, -57.994075775146484, -17.619192123413086]","[-56.06718826293945, -57.994075775146484, -17.619192123413086]","[-6.071299076080322, -2.8966732025146484, 1.4639112949371338]","[-6.071299076080322, -2.8966732025146484, 1.4639112949371338]","[-0.29167577624320984, -0.045713867992162704, -0.591254711151123, 0.7505021691322327]","[[0.2966562176295944, 0.9141431423205264, 0.27629263948983196], [-0.8608086305937517, 0.13068621618904608, 0.4918636851383269], [0.41352606784000256, -0.3837495258771, 0.8256709676522322]]","[0.16937647759914398, -0.21572570502758026, -0.15321964025497437]",[0.0],"[-0.29167577624320984, -0.045713867992162704, -0.591254711151123, 0.7505021691322327]",[0.44],"[0.37834644317626953, -4.151701927185059, -3.986310300827027]","[317.95184326171875, 308.3273010253906, 669.857421875, 668.31298828125]"
15.304916620255,"[-56.24925231933594, -58.08232879638672, -17.573684692382812]","[-56.24925231933594, -58.08232879638672, -17.573684692382812]","[-6.066075801849365, -2.98819899559021, 1.5677357912063599]","[-6.066075801849365, -2.98819899559021, 1.5677357912063599]","[-0.2914999723434448, -0.05028363689780235, -0.5930085778236389, 0.7488926649093628]","[[0.29162476497583034, 0.9175149058509868, 0.27040987439457265], [-0.858884190790838, 0.12673718550271218, 0.49624163822770795], [0.4210380617454925, -0.37696712620944384, 0.8249986439682018]]","[0.13274100422859192, -0.16811460256576538, -0.32644644379615784]",[0.0],"[-0.2914999723434448, -0.05028363689780235, -0.5930085778236389, 0.7488926649093628]",[0.44],"[0.26116371154785156, -4.576289653778076, -4.618775186538697]","[350.5093078613281, 339.0428161621094, 669.857421875, 668.5805053710938]"
15.334921836853,"[-56.43117141723633, -58.173423767089844, -17.525196075439453]","[-56.43117141723633, -58.173423767089844, -17.525196075439453]","[-6.061246395111084, -3.084728479385376, 1.665057897567749]","[-6.061246395111084, -3.084728479385376, 1.665057897567749]","[-0.2911965548992157, -0.05464852601289749, -0.5969119668006897, 0.7455965280532837]","[[0.2814192849895, 0.9219379050106542, 0.26614591410405986], [-0.8582840549895505, 0.11780134060992076, 0.4994709989180999], [0.42912891913784357, -0.3689895623376307, 0.8244362100388914]]","[0.08724000304937363, -0.11363635212182999, -0.4965972900390625]",[0.0],"[-0.2911965548992157, -0.05464852601289749, -0.5969119668006897, 0.7455965280532837]",[0.44],"[0.2414703369140625, -4.826474189758301, -4.9438946819305425]","[330.43463134765625, 316.4156799316406, 669.857421875, 668.4579467773438]"
15.365626811981,"[-56.6129035949707, -58.267398834228516, -17.473718643188477]","[-56.6129035949707, -58.267398834228516, -17.473718643188477]","[-6.053735256195068, -3.180126190185547, 1.7662558555603027]","[-6.053735256195068, -3.180126190185547, 1.7662558555603027]","[-0.2907562851905823, -0.05868197977542877, -0.6030203700065613, 0.7405293583869934]","[[0.2658457172135722, 0.9272328842847575, 0.26375246769076277], [-0.8589842664962273, 0.10365443195864543, 0.5013999889521283], [0.43757538301866994, -0.3598542723245419, 0.8240344157436179]]","[0.03432944789528847, -0.05142533779144287, -0.6740989685058594]",[0.0],"[-0.2907562851905823, -0.05868197977542877, -0.6030203700065613, 0.7405293583869934]",[0.44],"[0.37555694580078125, -4.769885540008545, -4.750102100372315]","[327.2829284667969, 311.6017150878906, 669.857421875, 668.7100219726562]"
15.39666390419,"[-56.81254959106445, -58.37413787841797, -17.41366195678711]","[-56.81254959106445, -58.37413787841797, -17.41366195678711]","[-6.045870304107666, -3.289520502090454, 1.8728382587432861]","[-6.045870304107666, -3.289520502090454, 1.8728382587432861]","[-0.29009947180747986, -0.06253360211849213, -0.6123219132423401, 0.7327986359596252]","[[0.2423028463386525, 0.933699255473937, 0.2636194505473508], [-0.8611353956947623, 0.08180834204052267, 0.5017503842485187], [0.44691760388364266, -0.3485876046839973, 0.8238636901262146]]","[-0.0341746062040329, 0.04824624955654144, -0.8649485111236572]",[0.0],"[-0.29009947180747986, -0.06253360211849213, -0.6123219132423401, 0.7327986359596252]",[0.44],"[0.3932476043701172, -5.469715595245361, -4.480879840850831]","[347.7324523925781, 321.64776611328125, 669.857421875, 664.2078247070312]"
15.427638292313,"[-56.993797302246094, -58.474300384521484, -17.355966567993164]","[-56.993797302246094, -58.474300384521484, -17.355966567993164]","[-6.033504962921143, -3.3812639713287354, 1.9847501516342163]","[-6.033504962921143, -3.3812639713287354, 1.9847501516342163]","[-0.287484347820282, -0.06392974406480789, -0.623656690120697, 0.7240981459617615]","[[0.2139306413830101, 0.9399349076236687, 0.2660002553479339], [-0.8664197045085134, 0.05681016525208804, 0.4960741916668274], [0.4511658919444832, -0.33659334133194196, 0.8265314751643106]]","[0.2456206977367401, 0.6423782110214233, -1.0191314220428467]",[0.0],"[-0.287484347820282, -0.06392974406480789, -0.623656690120697, 0.7240981459617615]",[0.44],"[0.6182670593261719, -4.5871734619140625, -4.214405355453492]","[319.9414978027344, 265.8701171875, 669.857421875, 385.63226318359375]"
15.459635019302,"[-57.1922721862793, -58.5868034362793, -17.2872314453125]","[-57.1922721862793, -58.5868034362793, -17.2872314453125]","[-5.998946666717529, -3.446265697479248, 2.162731409072876]","[-5.998946666717529, -3.446265697479248, 2.162731409072876]","[-0.25114327669143677, -0.06491237878799438, -0.6422324776649475, 0.7212842106819153]","[[0.16664765542485327, 0.9590689064670102, 0.22894418988170173], [-0.8938596764403997, 0.04892899841006226, 0.4456690359131841], [0.41622528547203785, -0.2789136844726272, 0.8654268753055447]]","[2.490159511566162, 2.464719533920288, -1.1425960063934326]",[0.0],"[-0.25114327669143677, -0.06491237878799438, -0.6422324776649475, 0.7212842106819153]",[0.44],"[1.727914810180664, -3.2500863075256348, -0.9109371280670171]","[398.2226867675781, 309.6871337890625, 669.857421875, 577.2291870117188]"
15.489968299866,"[-57.37202835083008, -58.69172286987305, -17.221450805664062]","[-57.37202835083008, -58.69172286987305, -17.221450805664062]","[-5.982468128204346, -3.5461103916168213, 2.2187552452087402]","[-5.982468128204346, -3.5461103916168213, 2.2187552452087402]","[-0.2014865130186081, -0.06178862228989601, -0.6621381044387817, 0.7191373705863953]","[[0.1155105936114671, 0.9772356588811609, 0.17795478086881866], [-0.927437362683501, 0.04195263144363848, 0.37161816483947785], [0.35569281033166567, -0.20796775988381544, 0.9111707024542377]]","[1.540022611618042, 2.495330810546875, -1.29143488407135]",[0.0],"[-0.2014865130186081, -0.06178862228989601, -0.6621381044387817, 0.7191373705863953]",[0.44],"[0.8239269256591797, -4.992234706878662, -7.008808193206788]","[411.3655090332031, 322.7349548339844, 561.27197265625, 669.4679565429688]"
15.520963907242,"[-57.551185607910156, -58.799560546875, -17.154571533203125]","[-57.551185607910156, -58.799560546875, -17.154571533203125]","[-5.961270809173584, -3.6429922580718994, 2.2298085689544678]","[-5.961270809173584, -3.6429922580718994, 2.2298085689544678]","[-0.16472060978412628, -0.05391763150691986, -0.6817811131477356, 0.7107282280921936]","[[0.06453480553543711, 0.9868848552682983, 0.14796523598630884], [-0.9513594747085556, 0.01608326893476031, 0.30766321989842993], [0.3012483668016728, -0.16062312859012096, 0.9399200194500592]]","[1.0866042375564575, 1.980620265007019, -1.4281747341156006]",[0.0],"[-0.16472060978412628, -0.05391763150691986, -0.6817811131477356, 0.7107282280921936]",[0.44],"[1.059865951538086, -4.844093322753906, -9.257333812713624]","[403.14471435546875, 426.0003356933594, 633.8475952148438, 669.85693359375]"
15.551962137222,"[-57.729671478271484, -58.910240173339844, -17.088008880615234]","[-57.729671478271484, -58.910240173339844, -17.088008880615234]","[-5.936551094055176, -3.733726978302002, 2.2045836448669434]","[-5.936551094055176, -3.733726978302002, 2.2045836448669434]","[-0.1343393474817276, -0.048223827034235, -0.7009022831916809, 0.6988300085067749]","[[0.012820903845721876, 0.9925798119642223, 0.12091699583171955], [-0.966666382136819, -0.018622141730255226, 0.2553611156319726], [0.2557180256579743, -0.12016035374182854, 0.9592548044487117]]","[0.8264690041542053, 1.6782658100128174, -1.558076024055481]",[0.0],"[-0.1343393474817276, -0.048223827034235, -0.7009022831916809, 0.6988300085067749]",[0.44],"[1.2359857559204102, -4.536736011505127, -11.071246204376221]","[446.4289245605469, 432.3267822265625, 628.951904296875, 669.857421875]"
15.582968473434,"[-57.925052642822266, -59.03492736816406, -17.01602554321289]","[-57.925052642822266, -59.03492736816406, -17.01602554321289]","[-5.903654098510742, -3.8213818073272705, 2.1534128189086914]","[-5.903654098510742, -3.8213818073272705, 2.1534128189086914]","[-0.10761898010969162, -0.04173438623547554, -0.7219641208648682, 0.6822347044944763]","[[-0.045947901621267606, 0.9940807814720471, 0.0984487914052985], [-0.9761151331433837, -0.06562807339206422, 0.20710426512292468], [0.21233937804777048, -0.08658134724960487, 0.9733527922513959]]","[0.540581464767456, 1.3834953308105469, -1.686498761177063]",[0.0],"[-0.10761898010969162, -0.04173438623547554, -0.7219641208648682, 0.6822347044944763]",[0.44],"[1.6448497772216797, -4.382741451263428, -12.368541297912598]","[464.13629150390625, 468.76885986328125, 641.0165405273438, 669.857421875]"
15.613997220993,"[-58.10167694091797, -59.150634765625, -16.952356338500977]","[-58.10167694091797, -59.150634765625, -16.952356338500977]","[-5.870402812957764, -3.890796661376953, 2.088439464569092]","[-5.870402812957764, -3.890796661376953, 2.088439464569092]","[-0.08810070157051086, -0.03656991198658943, -0.7411326766014099, 0.6645475029945374]","[[-0.10123000557815387, 0.9914794090510306, 0.0819837301399935], [-0.9785920694414691, -0.11407875588717253, 0.17130051598889784], [0.17919350492166553, -0.0628878889741018, 0.9818018158401538]]","[0.3767243027687073, 1.1510908603668213, -1.793649673461914]",[0.0],"[-0.08810070157051086, -0.03656991198658943, -0.7411326766014099, 0.6645475029945374]",[0.44],"[1.6625642776489258, -3.470742702484131, -13.058667716979981]","[482.2192687988281, 481.7943115234375, 643.6093139648438, 669.857421875]"
15.645048141479,"[-58.27726745605469, -59.26829528808594, -16.890914916992188]","[-58.27726745605469, -59.26829528808594, -16.890914916992188]","[-5.835413932800293, -3.9518325328826904, 2.0042238235473633]","[-5.835413932800293, -3.9518325328826904, 2.0042238235473633]","[-0.07233567535877228, -0.03179805353283882, -0.7603282928466797, 0.644714891910553]","[[-0.15822045822324715, 0.9849902136331493, 0.0689963638221136], [-0.9757896789235802, -0.166663125665512, 0.14162569375735679], [0.15099907840767424, -0.04491785472347409, 0.9875128677238261]]","[0.23628395795822144, 0.9618194699287415, -1.886340618133545]",[0.0],"[-0.07233567535877228, -0.03179805353283882, -0.7603282928466797, 0.644714891910553]",[0.44],"[1.7494440078735352, -3.0517935752868652, -14.020782051086426]","[518.173583984375, 520.986328125, 649.60986328125, 669.857421875]"
15.675935506821,"[-58.46919250488281, -59.399696350097656, -16.82657814025879]","[-58.46919250488281, -59.399696350097656, -16.82657814025879]","[-5.796048164367676, -4.009665012359619, 1.8922910690307617]","[-5.796048164367676, -4.009665012359619, 1.8922910690307617]","[-0.058421049267053604, -0.027099953964352608, -0.7813436388969421, 0.6207693815231323]","[[-0.2224645790991704, 0.9732348304415495, 0.05764818712148134], [-0.9669019994588042, -0.2278218020843572, 0.11488075053177638], [0.12493947376850745, -0.03018324395398886, 0.991705146995333]]","[0.1321278214454651, 0.784611701965332, -1.974300503730774]",[0.0],"[-0.058421049267053604, -0.027099953964352608, -0.7813436388969421, 0.6207693815231323]",[0.44],"[1.9682884216308594, -2.8916239738464355, -15.406637725830079]","[538.8436889648438, 541.1951904296875, 652.8781127929688, 669.857421875]"
15.707931041718,"[-58.64253616333008, -59.520668029785156, -16.7714900970459]","[-58.64253616333008, -59.520668029785156, -16.7714900970459]","[-5.760024070739746, -4.053753852844238, 1.7781145572662354]","[-5.760024070739746, -4.053753852844238, 1.7781145572662354]","[-0.048281896859407425, -0.02322702668607235, -0.8002543449401855, 0.5972625017166138]","[[-0.28189302272864203, 0.9581667139507457, 0.04953033135546514], [-0.9536809343235151, -0.28547631631997583, 0.09484899106288847], [0.10502085961931362, -0.02049887496060432, 0.994258727333964]]","[0.05911204218864441, 0.6602530479431152, -2.0459468364715576]",[0.0],"[-0.048281896859407425, -0.02322702668607235, -0.8002543449401855, 0.5972625017166138]",[0.44],"[1.8012046813964844, -2.204442024230957, -15.518825588226319]","[552.09130859375, 554.369140625, 656.699462890625, 669.857421875]"
15.73792719841,"[-58.81480407714844, -59.64284896850586, -16.7199764251709]","[-58.81480407714844, -59.64284896850586, -16.7199764251709]","[-5.724278450012207, -4.0899529457092285, 1.6547328233718872]","[-5.724278450012207, -4.0899529457092285, 1.6547328233718872]","[-0.04001784697175026, -0.019713101908564568, -0.8188791275024414, 0.5722298622131348]","[[-0.3419032636920343, 0.938751932390899, 0.042978708047643366], [-0.9355964288088372, -0.3443289070708282, 0.07808410949992606], [0.08810041040336891, -0.013513518734917795, 0.9960199310737763]]","[0.008545948192477226, 0.5444386005401611, -2.110893964767456]",[0.0],"[-0.04001784697175026, -0.019713101908564568, -0.8188791275024414, 0.5722298622131348]",[0.44],"[1.7872810363769531, -1.8099546432495117, -15.979086694717408]","[564.4484252929688, 567.8882446289062, 658.0760498046875, 669.857421875]"
15.769621133804,"[-59.00307083129883, -59.778358459472656, -16.667816162109375]","[-59.00307083129883, -59.778358459472656, -16.667816162109375]","[-5.685903072357178, -4.121470928192139, 1.5032775402069092]","[-5.685903072357178, -4.121470928192139, 1.5032775402069092]","[-0.03279567509889603, -0.016288362443447113, -0.838880181312561, 0.5430830717086792]","[[-0.40797053870016864, 0.9122316270106955, 0.03733141592867639], [-0.9100948756403421, -0.40959102980837514, 0.06294952082262384], [0.07271515156424257, -0.008293583063249343, 0.9973182658874371]]","[-0.03309158235788345, 0.44381266832351685, -2.16636323928833]",[0.0],"[-0.03279567509889603, -0.016288362443447113, -0.838880181312561, 0.5430830717086792]",[0.44],"[1.9187688827514648, -1.5758991241455078, -17.382764158248904]","[600.4320068359375, 601.3187255859375, 652.4745483398438, 662.2631225585938]"
15.801226615906,"[-59.190093994140625, -59.914772033691406, -16.62095832824707]","[-59.190093994140625, -59.914772033691406, -16.62095832824707]","[-5.648804187774658, -4.144553184509277, 1.3333100080490112]","[-5.648804187774658, -4.144553184509277, 1.3333100080490112]","[-0.027495523914694786, -0.0124518983066082, -0.8581092357635498, 0.5125793218612671]","[[-0.4730130205482832, 0.8803828432364864, 0.03442315484694092], [-0.8790133573657957, -0.47421492867609416, 0.049557451884207016], [0.05995349720648768, -0.006817096125451005, 0.9981778927864366]]","[-0.1929292231798172, 0.36302927136421204, -2.19408917427063]",[0.0],"[-0.027495523914694786, -0.0124518983066082, -0.8581092357635498, 0.5125793218612671]",[0.44],"[1.8549442291259766, -1.1541128158569336, -18.3083766078949]","[627.7100219726562, 625.528564453125, 646.6853637695312, 659.8237915039062]"
15.831288576126,"[-59.35907745361328, -60.03932571411133, -16.583383560180664]","[-59.35907745361328, -60.03932571411133, -16.583383560180664]","[-5.616801738739014, -4.157357692718506, 1.170785665512085]","[-5.616801738739014, -4.157357692718506, 1.170785665512085]","[-0.024207111448049545, -0.008316737599670887, -0.8747038245201111, 0.48398149013519287]","[[-0.5303518975088222, 0.84708356922431, 0.0342978118152828], [-0.8462782724484724, -0.5313855297495351, 0.03798095211291608], [0.05039840004149121, -0.008882223369066744, 0.9986896952620798]]","[-0.15568451583385468, 0.34174013137817383, -2.1990809440612793]",[0.0],"[-0.024207111448049545, -0.008316737599670887, -0.8747038245201111, 0.48398149013519287]",[0.44],"[1.6001224517822266, -0.6402254104614258, -17.936217126846316]","[636.671875, 644.0952758789062, 645.3677368164062, 642.8467407226562]"
15.863293647766,"[-59.52711486816406, -60.16414260864258, -16.55061912536621]","[-59.52711486816406, -60.16414260864258, -16.55061912536621]","[-5.58485746383667, -4.1611552238464355, 1.0291998386383057]","[-5.58485746383667, -4.1611552238464355, 1.0291998386383057]","[-0.01953507587313652, -0.0031024995259940624, -0.8902721405029297, 0.4549992084503174]","[[-0.5851882193179538, 0.8102674535956789, 0.03195979796783921], [-0.8100250233411321, -0.5859322066900747, 0.023301025906420136], [0.03760633728201834, -0.012252750330755902, 0.999217510614644]]","[-0.41322702169418335, 0.5477545857429504, -2.164334774017334]",[0.0],"[-0.01953507587313652, -0.0031024995259940624, -0.8902721405029297, 0.4549992084503174]",[0.44],"[1.5972137451171875, -0.18987655639648438, -16.889291343688967]","[669.8333129882812, 614.466552734375, 503.8124694824219, 545.8916625976562]"
15.893287420273,"[-59.69415283203125, -60.288875579833984, -16.520801544189453]","[-59.69415283203125, -60.288875579833984, -16.520801544189453]","[-5.5512237548828125, -4.152248859405518, 0.9619025588035583]","[-5.5512237548828125, -4.152248859405518, 0.9619025588035583]","[-0.015736088156700134, 0.011217593215405941, -0.904424250125885, 0.42619645595550537]","[[-0.6362181172266315, 0.7705717780962482, 0.038025996407589746], [-0.7712778622392227, -0.6364616973724897, -0.00687759665814347], [0.01890240251656361, -0.033704256670099464, 0.9992530822639565]]","[-1.0297056436538696, 0.7859320640563965, -2.071434259414673]",[0.0],"[-0.015736088156700134, 0.011217593215405941, -0.904424250125885, 0.42619645595550537]",[0.44],"[1.681685447692871, 0.44531822204589844, -13.174863991737366]","[669.0130615234375, 658.3031616210938, 458.4305725097656, 461.3323974609375]"
15.92528796196,"[-59.876773834228516, -60.42551040649414, -16.490156173706055]","[-59.876773834228516, -60.42551040649414, -16.490156173706055]","[-5.516876220703125, -4.125102996826172, 0.8981852531433105]","[-5.516876220703125, -4.125102996826172, 0.8981852531433105]","[-0.011019378900527954, 0.030983829870820045, -0.9178457856178284, 0.3955727517604828]","[[-0.6868017677797449, 0.7254667210949409, 0.04474089865210906], [-0.7268324113394852, -0.6851246257755239, -0.04815882326971743], [-0.004284536716206655, -0.06559468740721042, 0.9978371511503653]]","[-0.9038412570953369, 0.7846652269363403, -1.9322620630264282]",[0.0],"[-0.011019378900527954, 0.030983829870820045, -0.9178457856178284, 0.3955727517604828]",[0.44],"[1.717376708984375, 1.3572931289672852, -12.99586528301239]","[666.8546752929688, 667.9873046875, 422.8079833984375, 435.4166259765625]"
15.956336736679,"[-60.04182815551758, -60.54869842529297, -16.463926315307617]","[-60.04182815551758, -60.54869842529297, -16.463926315307617]","[-5.486196041107178, -4.085609436035156, 0.8558847904205322]","[-5.486196041107178, -4.085609436035156, 0.8558847904205322]","[-0.006877504289150238, 0.0482279509305954, -0.9280648827552795, 0.36921846866607666]","[[-0.7272607237090694, 0.6846540137885684, 0.048378840802512535], [-0.6859807655460968, -0.722703453337636, -0.08443873204809194], [-0.022847759955475944, -0.09459593845562964, 0.9952535293675776]]","[-1.0161751508712769, 0.7424879670143127, -1.785893440246582]",[0.0],"[-0.006877504289150238, 0.0482279509305954, -0.9280648827552795, 0.36921846866607666]",[0.44],"[1.5340089797973633, 1.9746780395507812, -11.925023136138917]","[669.4451293945312, 667.4465942382812, 359.31866455078125, 393.5624694824219]"
15.987288236618,"[-60.22230911254883, -60.6826286315918, -16.43596649169922]","[-60.22230911254883, -60.6826286315918, -16.43596649169922]","[-5.451820373535156, -4.029266834259033, 0.8440243005752563]","[-5.451820373535156, -4.029266834259033, 0.8440243005752563]","[-0.0056146904826164246, 0.0695175901055336, -0.9369374513626099, 0.3424674868583679]","[[-0.7653689661998877, 0.6409605891201947, 0.05813625633372954], [-0.6425218681263546, -0.7557666250301569, -0.12642156951855998], [-0.0370938011698394, -0.13411296527483696, 0.9902715598334069]]","[-1.3260776996612549, 0.456877738237381, -1.594912052154541]",[0.0],"[-0.0056146904826164246, 0.0695175901055336, -0.9369374513626099, 0.3424674868583679]",[0.44],"[1.7187833786010742, 2.8171300888061523, -10.403024492263794]","[659.6504516601562, 669.7981567382812, 250.70936584472656, 360.0506591796875]"
16.018315792084,"[-60.38542175292969, -60.80259704589844, -16.410606384277344]","[-60.38542175292969, -60.80259704589844, -16.410606384277344]","[-5.423165321350098, -3.966160535812378, 0.8471367359161377]","[-5.423165321350098, -3.966160535812378, 0.8471367359161377]","[-0.010642495937645435, 0.09058956056833267, -0.9427672624588013, 0.32073378562927246]","[[-0.7940331592960517, 0.6028264280508313, 0.07817705892087301], [-0.6066828241721975, -0.7778467477676902, -0.16398292802745518], [-0.03804347187742141, -0.17763656006995587, 0.9833605375925072]]","[-1.4016971588134766, 0.1214580163359642, -1.4220646619796753]",[0.0],"[-0.010642495937645435, 0.09058956056833267, -0.9427672624588013, 0.32073378562927246]",[0.44],"[1.4327526092529297, 3.1553149223327637, -9.654378232955933]","[642.5119018554688, 669.857421875, 319.0604248046875, 329.52423095703125]"
16.04931306839,"[-60.547760009765625, -60.920494079589844, -16.38515281677246]","[-60.547760009765625, -60.920494079589844, -16.38515281677246]","[-5.400201797485352, -3.8914806842803955, 0.8495954871177673]","[-5.400201797485352, -3.8914806842803955, 0.8495954871177673]","[-0.018902571871876717, 0.10902317613363266, -0.9470337629318237, 0.30146926641464233]","[[-0.8175180021341495, 0.5668815107167778, 0.10153702140022647], [-0.575124784407043, -0.7944605107123623, -0.19510016853009682], [-0.029931526324575852, -0.21789434643235572, 0.9755132796847269]]","[-1.2619062662124634, -0.17896296083927155, -1.259743332862854]",[0.0],"[-0.018902571871876717, 0.10902317613363266, -0.9470337629318237, 0.30146926641464233]",[0.44],"[1.1481761932373047, 3.733992576599121, -9.687062439918519]","[631.3081665039062, 669.857421875, 311.9499816894531, 367.2200927734375]"
16.080293893814,"[-60.72566223144531, -61.04741287231445, -16.357097625732422]","[-60.72566223144531, -61.04741287231445, -16.357097625732422]","[-5.383579730987549, -3.7981555461883545, 0.8485842347145081]","[-5.383579730987549, -3.7981555461883545, 0.8485842347145081]","[-0.033532921224832535, 0.12544457614421844, -0.9501768946647644, 0.28337791562080383]","[[-0.8371449456775548, 0.5301052495824449, 0.13482085894426676], [-0.5469313419421512, -0.8079211759212912, -0.21938409698376282], [-0.00737203111046858, -0.25739405426924145, 0.9662784030202531]]","[-1.1247228384017944, -0.595794677734375, -1.0922682285308838]",[0.0],"[-0.033532921224832535, 0.12544457614421844, -0.9501768946647644, 0.28337791562080383]",[0.44],"[0.8311033248901367, 4.666256904602051, -9.860562620162964]","[641.9968872070312, 669.857421875, 362.3074951171875, 368.25225830078125]"
16.111290454865,"[-60.88709259033203, -61.15995407104492, -16.331857681274414]","[-60.88709259033203, -61.15995407104492, -16.331857681274414]","[-5.380438804626465, -3.7029552459716797, 0.8318511843681335]","[-5.380438804626465, -3.7029552459716797, 0.8318511843681335]","[-0.04798911139369011, 0.13679534196853638, -0.9520559310913086, 0.2693949341773987]","[[-0.8502469230208547, 0.49982871597135814, 0.16508058055110553], [-0.5260874635868222, -0.817426901476989, -0.23461758632334773], [0.017672691969551124, -0.2863296803438877, 0.9579681592067104]]","[-0.8896539211273193, -0.5110408067703247, -0.9419479370117188]",[0.0],"[-0.04798911139369011, 0.13679534196853638, -0.9520559310913086, 0.2693949341773987]",[0.44],"[0.15704631805419922, 4.76001501083374, -10.646652517318726]","[666.9027709960938, 669.857421875, 412.7226257324219, 373.2116394042969]"
16.142289161682,"[-61.048583984375, -61.2695426940918, -16.307220458984375]","[-61.048583984375, -61.2695426940918, -16.307220458984375]","[-5.386378765106201, -3.6020002365112305, 0.8119311928749084]","[-5.386378765106201, -3.6020002365112305, 0.8119311928749084]","[-0.05943617597222328, 0.14571166038513184, -0.9534336924552917, 0.2572931945323944]","[[-0.8605353877622477, 0.4733029132375659, 0.1883181426074585], [-0.507945088788988, -0.8251369298462659, -0.24726776561620967], [0.03835566828301884, -0.30843785996294115, 0.9504709060272138]]","[-0.719519853591919, -0.42960456013679504, -0.7964405417442322]",[0.0],"[-0.05943617597222328, 0.14571166038513184, -0.9534336924552917, 0.2572931945323944]",[0.44],"[-0.2969980239868164, 5.047750473022461, -10.805999574661255]","[655.9384765625, 669.857421875, 405.3749694824219, 397.0862121582031]"
16.174293041229,"[-61.22654342651367, -61.38654327392578, -16.280685424804688]","[-61.22654342651367, -61.38654327392578, -16.280685424804688]","[-5.39987850189209, -3.487886905670166, 0.7958208918571472]","[-5.39987850189209, -3.487886905670166, 0.7958208918571472]","[-0.07102262228727341, 0.15302978456020355, -0.9543653726577759, 0.24642330408096313]","[[-0.8684627589815155, 0.4486185836865333, 0.21098327304089892], [-0.49209289003662193, -0.8317149548095522, -0.2570893962420273], [0.06014285250440565, -0.32709591323612397, 0.943075344321794]]","[-0.5552610158920288, -0.4692767262458801, -0.6419891119003296]",[0.0],"[-0.07102262228727341, 0.15302978456020355, -0.9543653726577759, 0.24642330408096313]",[0.44],"[-0.6749868392944336, 5.705666542053223, -10.615515050888062]","[660.3193359375, 669.857421875, 416.534912109375, 405.34014892578125]"
16.205287694931,"[-61.38882827758789, -61.48957824707031, -16.257091522216797]","[-61.38882827758789, -61.48957824707031, -16.257091522216797]","[-5.419939041137695, -3.3801677227020264, 0.7767444252967834]","[-5.419939041137695, -3.3801677227020264, 0.7767444252967834]","[-0.08036229759454727, 0.15802042186260223, -0.9547871351242065, 0.23864823579788208]","[[-0.8731778542486492, 0.4303187623843352, 0.2288803655796876], [-0.4811142990552886, -0.8361531445467287, -0.26339509067141886], [0.07803518598949921, -0.3401083728538312, 0.9371428947993813]]","[-0.4575142562389374, -0.3795911967754364, -0.505715548992157]",[0.0],"[-0.08036229759454727, 0.15802042186260223, -0.9547871351242065, 0.23864823579788208]",[0.44],"[-1.0030269622802734, 5.385959148406982, -10.763823328018189]","[669.8118896484375, 667.9661254882812, 441.59637451171875, 422.51007080078125]"
16.236287593842,"[-61.568138122558594, -61.5991325378418, -16.23181915283203]","[-61.568138122558594, -61.5991325378418, -16.23181915283203]","[-5.4485602378845215, -3.2590267658233643, 0.7549177408218384]","[-5.4485602378845215, -3.2590267658233643, 0.7549177408218384]","[-0.08830041438341141, 0.16262318193912506, -0.9549243450164795, 0.23211273550987244]","[[-0.8766536080183163, 0.41458081514634926, 0.24413425397394573], [-0.47201959256064385, -0.839354935770869, -0.26959436953705174], [0.09314660750510573, -0.35157697245380737, 0.9315134750314241]]","[-0.3679875433444977, -0.2874622344970703, -0.36285528540611267]",[0.0],"[-0.08830041438341141, 0.16262318193912506, -0.9549243450164795, 0.23211273550987244]",[0.44],"[-1.4310598373413086, 6.0570478439331055, -10.901334223747254]","[669.7769165039062, 669.6895141601562, 455.5233459472656, 442.39727783203125]"
16.26629447937,"[-61.73204803466797, -61.69522476196289, -16.2094783782959]","[-61.73204803466797, -61.69522476196289, -16.2094783782959]","[-5.479377746582031, -3.1467976570129395, 0.7344324588775635]","[-5.479377746582031, -3.1467976570129395, 0.7344324588775635]","[-0.09390279650688171, 0.16610084474086761, -0.9547857046127319, 0.22798484563827515]","[[-0.8784104647129216, 0.40415867532088523, 0.2550510463531257], [-0.4665480106141766, -0.8408669538492877, -0.27436459503211097], [0.10357714455859046, -0.35999825329860613, 0.9271855483691147]]","[-0.302414208650589, -0.24679052829742432, -0.240417018532753]",[0.0],"[-0.09390279650688171, 0.16610084474086761, -0.9547857046127319, 0.22798484563827515]",[0.44],"[-1.5408754348754883, 5.61145544052124, -10.834264097213746]","[664.3702392578125, 669.8551635742188, 466.1799621582031, 464.4851379394531]"
16.297293424606,"[-61.89693832397461, -61.787933349609375, -16.187728881835938]","[-61.89693832397461, -61.787933349609375, -16.187728881835938]","[-5.513319492340088, -3.033822774887085, 0.7163084745407104]","[-5.513319492340088, -3.033822774887085, 0.7163084745407104]","[-0.09916462749242783, 0.16885508596897125, -0.9543245434761047, 0.22565235197544098]","[[-0.8784947486769288, 0.3972022521659142, 0.26547557030520563], [-0.46418005896717385, -0.8411379152531753, -0.2775316428090442], [0.11306538113755105, -0.36703856851478345, 0.9233086731933987]]","[-0.24880897998809814, -0.3215864300727844, -0.126061350107193]",[0.0],"[-0.09916462749242783, 0.16885508596897125, -0.9543245434761047, 0.22565235197544098]",[0.44],"[-1.697087287902832, 5.648744106292725, -10.716199216842652]","[657.5094604492188, 669.857421875, 468.416748046875, 477.48712158203125]"
16.328389644623,"[-62.0628776550293, -61.87726593017578, -16.166446685791016]","[-62.0628776550293, -61.87726593017578, -16.166446685791016]","[-5.5499467849731445, -2.9217748641967773, 0.7035237550735474]","[-5.5499467849731445, -2.9217748641967773, 0.7035237550735474]","[-0.10621325671672821, 0.17051875591278076, -0.9533392190933228, 0.22535866498947144]","[[-0.8758646255590179, 0.39346380260039027, 0.2793702848077082], [-0.46590921218751546, -0.8402738451276801, -0.2772522797295789], [0.12565876805502896, -0.3729965906810424, 0.9192841959591678]]","[-0.1996264010667801, -0.5547986030578613, -0.020167939364910126]",[0.0],"[-0.10621325671672821, 0.17051875591278076, -0.9533392190933228, 0.22535866498947144]",[0.44],"[-1.831364631652832, 5.602395534515381, -10.449235973358155]","[641.202392578125, 669.857421875, 467.4613952636719, 497.3758239746094]"
16.35938167572,"[-62.24676513671875, -61.971675872802734, -16.14340591430664]","[-62.24676513671875, -61.971675872802734, -16.14340591430664]","[-5.596722602844238, -2.800023078918457, 0.6915176510810852]","[-5.596722602844238, -2.800023078918457, 0.6915176510810852]","[-0.11773248016834259, 0.17065489292144775, -0.9514379501342773, 0.2275562882423401]","[[-0.8687145308674928, 0.39282812925790367, 0.30169748719838196], [-0.4731946244439236, -0.8381902196846096, -0.2711535506177878], [0.14636311118398737, -0.3783166153884796, 0.91403194127076]]","[-0.14589530229568481, -0.7781949639320374, 0.08868324011564255]",[0.0],"[-0.11773248016834259, 0.17065489292144775, -0.9514379501342773, 0.2275562882423401]",[0.44],"[-2.3387908935546875, 6.087589263916016, -10.410305199623108]","[666.5899047851562, 669.0614624023438, 506.8744201660156, 504.85565185546875]"
16.390361070633,"[-62.41541290283203, -62.05405044555664, -16.122804641723633]","[-62.41541290283203, -62.05405044555664, -16.122804641723633]","[-5.646590232849121, -2.6923270225524902, 0.6832826733589172]","[-5.646590232849121, -2.6923270225524902, 0.6832826733589172]","[-0.12815237045288086, 0.17024138569831848, -0.9493064880371094, 0.23111054301261902]","[[-0.8603298752676682, 0.39515580161847197, 0.3220009116404281], [-0.4824231501241627, -0.8352116765640858, -0.2639877761042442], [0.1646225952725917, -0.3824572317991226, 0.9091896810856479]]","[-0.10981475561857224, -0.6443469524383545, 0.1819579303264618]",[0.0],"[-0.12815237045288086, 0.17024138569831848, -0.9493064880371094, 0.23111054301261902]",[0.44],"[-2.4933815002441406, 5.38480281829834, -10.221748886108399]","[669.8427734375, 660.4384155273438, 524.1690063476562, 507.0362854003906]"
16.421552181244,"[-62.58564376831055, -62.133243560791016, -16.10239601135254]","[-62.58564376831055, -62.133243560791016, -16.10239601135254]","[-5.703015327453613, -2.587263822555542, 0.6766261458396912]","[-5.703015327453613, -2.587263822555542, 0.6766261458396912]","[-0.1364634931087494, 0.16988477110862732, -0.9470898509025574, 0.2356644868850708]","[[-0.8516800422745181, 0.4000247489110915, 0.33855799350981997], [-0.49275702607694605, -0.8312029412681401, -0.25747308691573423], [0.17841476385821053, -0.3861114832438055, 0.9050337591878552]]","[-0.07438359409570694, -0.6050347089767456, 0.2654169201850891]",[0.0],"[-0.1364634931087494, 0.16988477110862732, -0.9470898509025574, 0.2356644868850708]",[0.44],"[-2.8212547302246094, 5.253159999847412, -10.142826375961304]","[661.1780395507812, 669.7396850585938, 538.470703125, 545.1607666015625]"
16.452547311783,"[-62.77494812011719, -62.216773986816406, -16.08011817932129]","[-62.77494812011719, -62.216773986816406, -16.08011817932129]","[-5.770719528198242, -2.4757680892944336, 0.6741788983345032]","[-5.770719528198242, -2.4757680892944336, 0.6741788983345032]","[-0.1461954116821289, 0.16888026893138885, -0.9441741108894348, 0.24216033518314362]","[[-0.839970593816386, 0.4079039974456382, 0.357860050742667], [-0.5066620792112904, -0.8256757001415238, -0.24809929573976142], [0.19427564062168878, -0.38971021532048944, 0.9002127127375092]]","[-0.04075329378247261, -0.706426739692688, 0.3450453579425812]",[0.0],"[-0.1461954116821289, 0.16888026893138885, -0.9441741108894348, 0.24216033518314362]",[0.44],"[-3.3852100372314453, 5.57478666305542, -9.9323623752594]","[664.8966674804688, 669.8012084960938, 556.1989135742188, 558.7352905273438]"
16.483546733856,"[-62.94905471801758, -62.28958511352539, -16.059843063354492]","[-62.94905471801758, -62.28958511352539, -16.059843063354492]","[-5.836897850036621, -2.379502534866333, 0.6788122057914734]","[-5.836897850036621, -2.379502534866333, 0.6788122057914734]","[-0.15547043085098267, 0.1674518585205078, -0.9410923719406128, 0.2492668628692627]","[[-0.8273899548935617, 0.4170986612656975, 0.3761044719824298], [-0.5212339116296221, -0.8196518147875977, -0.23766808030754305], [0.2091436741622914, -0.3926825865761714, 0.8955776404180753]]","[-0.009825200773775578, -0.7055051922798157, 0.4114032983779907]",[0.0],"[-0.15547043085098267, 0.1674518585205078, -0.9410923719406128, 0.2492668628692627]",[0.44],"[-3.3089160919189453, 4.813277721405029, -9.57833462715149]","[669.8193969726562, 667.18212890625, 572.2973022460938, 566.3904418945312]"
16.514539241791,"[-63.12519073486328, -62.3596076965332, -16.039281845092773]","[-63.12519073486328, -62.3596076965332, -16.039281845092773]","[-5.905466079711914, -2.289533853530884, 0.6940811276435852]","[-5.905466079711914, -2.289533853530884, 0.6940811276435852]","[-0.1641954928636551, 0.16579516232013702, -0.9377475380897522, 0.257257342338562]","[[-0.8137169620843037, 0.428039242083869, 0.39325188405878997], [-0.5369305156501274, -0.8126612101402597, -0.22646701834965022], [0.22264379273451418, -0.39542900282194715, 0.8911036085490016]]","[0.018585922196507454, -0.7163676023483276, 0.4721889793872833]",[0.0],"[-0.1641954928636551, 0.16579516232013702, -0.9377475380897522, 0.257257342338562]",[0.44],"[-3.4284114837646484, 4.498434066772461, -9.04655390739441]","[665.4036865234375, 669.8355102539062, 574.6774291992188, 577.3381958007812]"
16.544570446014,"[-63.30339431762695, -62.42703628540039, -16.018064498901367]","[-63.30339431762695, -62.42703628540039, -16.018064498901367]","[-5.975322723388672, -2.2064502239227295, 0.7213910222053528]","[-5.975322723388672, -2.2064502239227295, 0.7213910222053528]","[-0.17365480959415436, 0.16376569867134094, -0.9338886141777039, 0.26622703671455383]","[[-0.7979342955041293, 0.440375394306332, 0.411546212299875], [-0.5541301991896335, -0.8046078731718684, -0.2134146320250805], [0.2371507856088364, -0.39834105350300764, 0.8860496060870111]]","[-0.02306888811290264, -0.8275012373924255, 0.5272453427314758]",[0.0],"[-0.17365480959415436, 0.16376569867134094, -0.9338886141777039, 0.26622703671455383]",[0.44],"[-3.4928321838378906, 4.154181480407715, -8.444505271911622]","[669.4609985351562, 666.7442626953125, 573.985107421875, 602.8267822265625]"
16.575540065765,"[-63.501888275146484, -62.498451232910156, -15.993590354919434]","[-63.501888275146484, -62.498451232910156, -15.993590354919434]","[-6.057460784912109, -2.121399164199829, 0.7589154839515686]","[-6.057460784912109, -2.121399164199829, 0.7589154839515686]","[-0.18612903356552124, 0.1644483357667923, -0.9283875823020935, 0.2764221727848053]","[[-0.7778935162183882, 0.4520366057572911, 0.4365140995032428], [-0.5744710449882167, -0.7930950402175228, -0.2024432019592357], [0.2546854343692351, -0.40824396946530506, 0.8766254554549948]]","[-0.3378007411956787, -0.8019281029701233, 0.5602980256080627]",[0.0],"[-0.18612903356552124, 0.1644483357667923, -0.9283875823020935, 0.2764221727848053]",[0.44],"[-4.106903076171875, 4.2525529861450195, -7.9337769126892095]","[660.4969482421875, 636.5316772460938, 661.57177734375, 657.9539794921875]"
16.606540679932,"[-63.68468475341797, -62.561038970947266, -15.969985008239746]","[-63.68468475341797, -62.561038970947266, -15.969985008239746]","[-6.121280193328857, -2.0552937984466553, 0.8317726850509644]","[-6.121280193328857, -2.0552937984466553, 0.8317726850509644]","[-0.19622576236724854, 0.16738899052143097, -0.9232202768325806, 0.28485220670700073]","[[-0.7607095074052208, 0.4602706017109135, 0.4576814519657244], [-0.5916547308187212, -0.7816804587428692, -0.19728313748969484], [0.26695695865177704, -0.420864503181992, 0.8669527520712168]]","[-0.24269232153892517, -0.682288646697998, 0.5103206038475037]",[0.0],"[-0.19622576236724854, 0.16738899052143097, -0.9232202768325806, 0.28485220670700073]",[0.44],"[-3.1909704208374023, 3.3052682876586914, -6.167139945030213]","[526.980224609375, 535.4298706054688, 669.8203125, 655.185302734375]"
16.637547016144,"[-63.86893844604492, -62.62190628051758, -15.94312858581543]","[-63.86893844604492, -62.62190628051758, -15.94312858581543]","[-6.158950328826904, -2.0047218799591064, 0.965878963470459]","[-6.158950328826904, -2.0047218799591064, 0.965878963470459]","[-0.20493265986442566, 0.16843242943286896, -0.9187832474708557, 0.29235345125198364]","[[-0.7450642782355001, 0.46818429515901006, 0.47506099358106546], [-0.6062535182434301, -0.7723201018244001, -0.18968024821624674], [0.27809378539124374, -0.4293313297587016, 0.8592662432724665]]","[-0.14998647570610046, -0.6281877160072327, 0.4080120325088501]",[0.0],"[-0.20493265986442566, 0.16843242943286896, -0.9187832474708557, 0.29235345125198364]",[0.44],"[-1.8835067749023438, 2.5285959243774414, -3.104686079025269]","[470.5052185058594, 464.40020751953125, 669.857421875, 664.1358642578125]"
16.668962478638,"[-64.07270050048828, -62.68726348876953, -15.908398628234863]","[-64.07270050048828, -62.68726348876953, -15.908398628234863]","[-6.18879508972168, -1.9575281143188477, 1.1424673795700073]","[-6.18879508972168, -1.9575281143188477, 1.1424673795700073]","[-0.21349260210990906, 0.16875307261943817, -0.9147166013717651, 0.29872557520866394]","[[-0.7303681206872281, 0.4744434206202568, 0.4913921722129233], [-0.618553550970522, -0.7645711039615453, -0.1811710733788363], [0.2897487374670389, -0.4362738748511443, 0.8518866186516774]]","[-0.102493517100811, -0.5456587672233582, 0.2775741219520569]",[0.0],"[-0.21349260210990906, 0.16875307261943817, -0.9147166013717651, 0.29872557520866394]",[0.44],"[-1.4922380447387695, 2.3596882820129395, -0.9805791950225835]","[451.7210998535156, 449.9902648925781, 669.857421875, 661.409423828125]"
16.699940443039,"[-64.25870513916016, -62.745418548583984, -15.87153434753418]","[-64.25870513916016, -62.745418548583984, -15.87153434753418]","[-6.211776256561279, -1.9188767671585083, 1.315228819847107]","[-6.211776256561279, -1.9188767671585083, 1.315228819847107]","[-0.22028623521327972, 0.16813777387142181, -0.9118941426277161, 0.3027420938014984]","[[-0.7196424767223495, 0.47806060972231945, 0.5035602186029164], [-0.6262143585354285, -0.7601539055663555, -0.17326787012739064], [0.299950691767088, -0.44002753446386134, 0.8464073271462444]]","[-0.048860691487789154, -0.4785138666629791, 0.15508730709552765]",[0.0],"[-0.22028623521327972, 0.16813777387142181, -0.9118941426277161, 0.3027420938014984]",[0.44],"[-1.1490583419799805, 1.9325673580169678, -1.17192798614502]","[458.92669677734375, 455.5201110839844, 669.857421875, 663.085693359375]"
16.730982303619,"[-64.4454345703125, -62.80242919921875, -15.829503059387207]","[-64.4454345703125, -62.80242919921875, -15.829503059387207]","[-6.237754821777344, -1.8813375234603882, 1.48626708984375]","[-6.237754821777344, -1.8813375234603882, 1.48626708984375]","[-0.2262800931930542, 0.16690976917743683, -0.9098761081695557, 0.30506399273872375]","[[-0.7114668065292844, 0.479604160662948, 0.5136100223262163], [-0.6306775931601543, -0.7581544255864685, -0.16567460497576292], [0.30993737987674574, -0.4417942398028174, 0.8418768967553549]]","[-0.022827666252851486, -0.4111645817756653, 0.03945703059434891]",[0.0],"[-0.2262800931930542, 0.16690976917743683, -0.9098761081695557, 0.30506399273872375]",[0.44],"[-1.2989282608032227, 1.8769621849060059, -1.2580865001678472]","[477.2314453125, 472.5992736816406, 669.857421875, 664.0367431640625]"
16.762733697891,"[-64.65180969238281, -62.86384201049805, -15.7774019241333]","[-64.65180969238281, -62.86384201049805, -15.7774019241333]","[-6.27049446105957, -1.8407856225967407, 1.6703979969024658]","[-6.27049446105957, -1.8407856225967407, 1.6703979969024658]","[-0.23202021420001984, 0.16512256860733032, -0.9085296988487244, 0.30573680996894836]","[[-0.7053833527072726, 0.47891839630105615, 0.5225626054276891], [-0.6321654912511772, -0.7585191869751537, -0.15816327478423897], [0.3206264159081531, -0.4419117553355436, 0.8378023150781888]]","[-0.0036690235137939453, -0.33892399072647095, -0.07915713638067245]",[0.0],"[-0.23202021420001984, 0.16512256860733032, -0.9085296988487244, 0.30573680996894836]",[0.44],"[-1.6369819641113281, 2.027595043182373, -0.6034546470642095]","[494.1160583496094, 489.1067199707031, 669.857421875, 664.749755859375]"
16.794198989868,"[-64.84046173095703, -62.918514251708984, -15.724885940551758]","[-64.84046173095703, -62.918514251708984, -15.724885940551758]","[-6.308558940887451, -1.802977442741394, 1.8263362646102905]","[-6.308558940887451, -1.802977442741394, 1.8263362646102905]","[-0.23651424050331116, 0.16327126324176788, -0.9080390334129333, 0.30474376678466797]","[[-0.7023847832041139, 0.47620651321624674, 0.5290401242060163], [-0.6306704285028184, -0.7609477443247048, -0.15236087901793915], [0.33001652513406654, -0.44066584121471486, 0.8348070172771584]]","[0.0014024816919118166, -0.2738993763923645, -0.17232736945152283]",[0.0],"[-0.23651424050331116, 0.16327126324176788, -0.9080390334129333, 0.30474376678466797]",[0.44],"[-1.903223991394043, 1.890408992767334, -2.013086614608765]","[545.4125366210938, 540.0787353515625, 669.857421875, 665.3673706054688]"
16.82465672493,"[-65.04952239990234, -62.977291107177734, -15.662050247192383]","[-65.04952239990234, -62.977291107177734, -15.662050247192383]","[-6.3624372482299805, -1.7592779397964478, 1.9803037643432617]","[-6.3624372482299805, -1.7592779397964478, 1.9803037643432617]","[-0.24066990613937378, 0.16122274100780487, -0.9081698656082153, 0.3021799623966217]","[[-0.7015305540338272, 0.47125854778670906, 0.5345748762595113], [-0.6264643955702329, -0.7653890170399578, -0.14738402369370363], [0.33970174899863625, -0.4382865164424814, 0.8321704481215906]]","[-0.0018604114884510636, -0.20614276826381683, -0.25386515259742737]",[0.0],"[-0.24066990613937378, 0.16122274100780487, -0.9081698656082153, 0.3021799623966217]",[0.44],"[-2.693915367126465, 2.1849751472473145, -2.111625013351441]","[557.2947998046875, 552.2136840820312, 669.857421875, 666.0654296875]"
16.856659650803,"[-65.24127197265625, -63.029449462890625, -15.600735664367676]","[-65.24127197265625, -63.029449462890625, -15.600735664367676]","[-6.423714637756348, -1.7170774936676025, 2.1019535064697266]","[-6.423714637756348, -1.7170774936676025, 2.1019535064697266]","[-0.2437915802001953, 0.15947583317756653, -0.9087892770767212, 0.2987227439880371]","[[-0.7026609829946171, 0.46519432236232205, 0.5383884648282162], [-0.6207097838587288, -0.7706645694122756, -0.14420767469213303], [0.34783223088189175, -0.43551203388646087, 0.8302662481116254]]","[-0.011028792709112167, -0.14810344576835632, -0.30690303444862366]",[0.0],"[-0.2437915802001953, 0.15947583317756653, -0.9087892770767212, 0.2987227439880371]",[0.44],"[-3.0638694763183594, 2.1100223064422607, -3.7275128936767583]","[613.3119506835938, 608.4103393554688, 669.857421875, 666.4990234375]"
16.88765835762,"[-65.45464324951172, -63.08528518676758, -15.529590606689453]","[-65.45464324951172, -63.08528518676758, -15.529590606689453]","[-6.510001182556152, -1.6661956310272217, 2.207054376602173]","[-6.510001182556152, -1.6661956310272217, 2.207054376602173]","[-0.2464946061372757, 0.1578654795885086, -0.909834623336792, 0.2941426634788513]","[[-0.705441102936224, 0.4574163804394398, 0.5414085995339786], [-0.613068337294806, -0.7771172653543457, -0.14225379835380814], [0.35566870898385794, -0.43227211828336287, 0.828637798999039]]","[-0.02494451031088829, -0.09075497090816498, -0.3319856822490692]",[0.0],"[-0.2464946061372757, 0.1578654795885086, -0.909834623336792, 0.2941426634788513]",[0.44],"[-4.314327239990234, 2.544093132019043, -4.554956493377686]","[646.1890869140625, 642.1734619140625, 669.857421875, 667.3599243164062]"
16.918649673462,"[-65.65119934082031, -63.13456726074219, -15.46204662322998]","[-65.65119934082031, -63.13456726074219, -15.46204662322998]","[-6.5923871994018555, -1.6190530061721802, 2.2964894771575928]","[-6.5923871994018555, -1.6190530061721802, 2.2964894771575928]","[-0.24812833964824677, 0.1568155288696289, -0.9110522866249084, 0.28952547907829285]","[[-0.7092147581182715, 0.4497249458819361, 0.5429199646717446], [-0.605366453119867, -0.7831678838021401, -0.1420553394908195], [0.36131160018016395, -0.42941324512905954, 0.8276824339374858]]","[-0.03803803399205208, 0.016752326861023903, -0.3441040813922882]",[0.0],"[-0.24812833964824677, 0.1568155288696289, -0.9110522866249084, 0.28952547907829285]",[0.44],"[-4.119300842285156, 2.357131242752075, -5.338244972229004]","[654.7681274414062, 641.9376220703125, 669.857421875, 658.837646484375]"
16.949648141861,"[-65.84923553466797, -63.18267822265625, -15.390342712402344]","[-65.84923553466797, -63.18267822265625, -15.390342712402344]","[-6.594083309173584, -1.5926753282546997, 2.507286787033081]","[-6.594083309173584, -1.5926753282546997, 2.507286787033081]","[-0.23695659637451172, 0.14672918617725372, -0.9166753888130188, 0.2864060699939728]","[[-0.7236464450634768, 0.45554589404953916, 0.5184728193597126], [-0.5946196882309955, -0.7928843940417849, -0.13327445252495984], [0.3503763010939478, -0.4047376826320477, 0.8446442347167351]]","[2.060849666595459, 1.6086549758911133, -0.3524704873561859]",[0.0],"[-0.23695659637451172, 0.14672918617725372, -0.9166753888130188, 0.2864060699939728]",[0.44],"[-0.08480548858642578, 1.3188838958740234, 0.7298654937744136]","[494.63323974609375, 469.5432434082031, 669.857421875, 189.15945434570312]"
16.980650901794,"[-66.06758880615234, -63.23457336425781, -15.305281639099121]","[-66.06758880615234, -63.23457336425781, -15.305281639099121]","[-6.654849052429199, -1.5480021238327026, 2.6086795330047607]","[-6.654849052429199, -1.5480021238327026, 2.6086795330047607]","[-0.19048161804676056, 0.1151629090309143, -0.9321905374526978, 0.28543826937675476]","[[-0.7644833874656243, 0.488292872977409, 0.4208741267040921], [-0.5760385419821308, -0.8105248898601229, -0.10596606132158559], [0.2893865209033848, -0.323449034934991, 0.9009085151396508]]","[2.5669820308685303, 2.1959917545318604, -0.3779711425304413]",[0.0],"[-0.19048161804676056, 0.1151629090309143, -0.9321905374526978, 0.28543826937675476]",[0.44],"[-3.0382871627807617, 2.2336602210998535, -4.740362701416016]","[593.8306274414062, 589.9039916992188, 529.6676025390625, 665.9495849609375]"
17.012649774551,"[-66.268310546875, -63.28033447265625, -15.226961135864258]","[-66.268310546875, -63.28033447265625, -15.226961135864258]","[-6.732083320617676, -1.5012151002883911, 2.588574171066284]","[-6.732083320617676, -1.5012151002883911, 2.588574171066284]","[-0.15768951177597046, 0.09349014610052109, -0.9415920972824097, 0.28248533606529236]","[[-0.7906721701651671, 0.5024870890855793, 0.3497775869051485], [-0.5614567510634005, -0.8229233195776615, -0.0869692160280433], [0.24413920554515256, -0.2651491149400709, 0.9327872209159186]]","[1.63446843624115, 1.480985164642334, -0.39338403940200806]",[0.0],"[-0.15768951177597046, 0.09349014610052109, -0.9415920972824097, 0.28248533606529236]",[0.44],"[-3.861713409423828, 2.339351177215576, -10.815268096923829]","[647.5260620117188, 646.8590087890625, 637.9096069335938, 669.8521728515625]"
17.043650627136,"[-66.49211120605469, -63.32897186279297, -15.143689155578613]","[-66.49211120605469, -63.32897186279297, -15.143689155578613]","[-6.827068328857422, -1.446795105934143, 2.453664779663086]","[-6.827068328857422, -1.446795105934143, 2.453664779663086]","[-0.12893611192703247, 0.0746399462223053, -0.9489565491676331, 0.27800342440605164]","[[-0.812179307560422, 0.5083787716416097, 0.2862098569693057], [-0.5468739094829971, -0.8342861063340052, -0.06997077030371912], [0.20320921438016804, -0.21334949288498706, 0.9556087149381423]]","[1.4463646411895752, 1.3354191780090332, -0.4045857787132263]",[0.0],"[-0.12893611192703247, 0.0746399462223053, -0.9489565491676331, 0.27800342440605164]",[0.44],"[-4.749250411987305, 2.7209997177124023, -16.555469570159914]","[649.8739013671875, 640.1466064453125, 629.2188110351562, 669.857421875]"
17.074680805206,"[-66.6978988647461, -63.371707916259766, -15.072062492370605]","[-66.6978988647461, -63.371707916259766, -15.072062492370605]","[-6.889221668243408, -1.4030150175094604, 2.315730094909668]","[-6.889221668243408, -1.4030150175094604, 2.315730094909668]","[-0.10711882263422012, 0.061219435185194016, -0.9540274143218994, 0.27314743399620056]","[[-0.8278322530442466, 0.5080647727293739, 0.23783245002892728], [-0.5342957880068537, -0.8432854988805412, -0.058291575841492804], [0.17094472350279744, -0.17532850198241823, 0.9695554771861287]]","[1.072109341621399, 1.0679337978363037, -0.41156506538391113]",[0.0],"[-0.10711882263422012, 0.061219435185194016, -0.9540274143218994, 0.27314743399620056]",[0.44],"[-3.1076669692993164, 2.189004421234131, -16.7067342376709]","[649.6904296875, 649.1608276367188, 635.98876953125, 669.857421875]"
17.105659484863,"[-66.90532684326172, -63.413177490234375, -15.005060195922852]","[-66.90532684326172, -63.413177490234375, -15.005060195922852]","[-6.936553478240967, -1.3622455596923828, 2.1484880447387695]","[-6.936553478240967, -1.3622455596923828, 2.1484880447387695]","[-0.08941974490880966, 0.0503891259431839, -0.9579781889915466, 0.2678484618663788]","[[-0.840522549193683, 0.504174403269815, 0.1983176303330012], [-0.5221975344218845, -0.8514362027261599, -0.048641484963219295], [0.144331030818309, -0.1444452495004538, 0.9789300904142507]]","[0.9017704129219055, 0.9000299572944641, -0.41635799407958984]",[0.0],"[-0.08941974490880966, 0.0503891259431839, -0.9579781889915466, 0.2678484618663788]",[0.44],"[-2.3665904998779297, 2.038472890853882, -18.172102508544924]","[657.74560546875, 655.0526123046875, 648.1502685546875, 669.857421875]"
17.136680841446,"[-67.13482666015625, -63.457454681396484, -14.937333106994629]","[-67.13482666015625, -63.457454681396484, -14.937333106994629]","[-6.969365119934082, -1.3215969800949097, 1.9537158012390137]","[-6.969365119934082, -1.3215969800949097, 1.9537158012390137]","[-0.07337487488985062, 0.040961772203445435, -0.9614934325218201, 0.26166510581970215]","[[-0.8522949751292774, 0.49716743171015265, 0.16253545355375731], [-0.5091896913529301, -0.8597069860953859, -0.04036966111101492], [0.11966238772104898, -0.11716823872125559, 0.9858765219057036]]","[0.6859210729598999, 0.7390516400337219, -0.42003121972084045]",[0.0],"[-0.07337487488985062, 0.040961772203445435, -0.9614934325218201, 0.26166510581970215]",[0.44],"[-1.6405820846557617, 2.0324289798736572, -19.548612174987795]","[659.9662475585938, 658.9105834960938, 652.8536376953125, 669.857421875]"
17.167871952057,"[-67.34418487548828, -63.49658203125, -14.881509780883789]","[-67.34418487548828, -63.49658203125, -14.881509780883789]","[-6.984836578369141, -1.287505030632019, 1.7671219110488892]","[-6.984836578369141, -1.287505030632019, 1.7671219110488892]","[-0.06138739734888077, 0.03416753187775612, -0.964165985584259, 0.2558284103870392]","[[-0.8615669359845661, 0.4891271911709271, 0.13585733166894198], [-0.4975170145941686, -0.8667689206218698, -0.03447706353267321], [0.10089323020040264, -0.09729562465892005, 0.9901283344242263]]","[0.5612006783485413, 0.6179101467132568, -0.4223763644695282]",[0.0],"[-0.06138739734888077, 0.03416753187775612, -0.964165985584259, 0.2558284103870392]",[0.44],"[-0.7735729217529297, 1.7045974731445312, -19.139694509506228]","[660.7516479492188, 660.5902709960938, 654.271728515625, 669.857421875]"
17.198878288269,"[-67.55381774902344, -63.53472900390625, -14.83133602142334]","[-67.55381774902344, -63.53472900390625, -14.83133602142334]","[-6.988271236419678, -1.2557953596115112, 1.576898217201233]","[-6.988271236419678, -1.2557953596115112, 1.576898217201233]","[-0.05156099796295166, 0.028710057958960533, -0.966482400894165, 0.2498578280210495]","[[-0.8698249973323129, 0.48000574853609423, 0.114012459655434], [-0.485927025495847, -0.8734935354981701, -0.029729693568731896], [0.0853187287594967, -0.08126136941521533, 0.9930343921221152]]","[0.44420820474624634, 0.5100454688072205, -0.42406368255615234]",[0.0],"[-0.05156099796295166, 0.028710057958960533, -0.966482400894165, 0.2498578280210495]",[0.44],"[-0.17173290252685547, 1.5854835510253906, -19.321184692382815]","[662.5179443359375, 662.6953735351562, 657.6718139648438, 669.857421875]"
17.229869842529,"[-67.78433990478516, -63.575626373291016, -14.782814025878906]","[-67.78433990478516, -63.575626373291016, -14.782814025878906]","[-6.980839252471924, -1.2230616807937622, 1.362795114517212]","[-6.980839252471924, -1.2230616807937622, 1.362795114517212]","[-0.0427548810839653, 0.02392503432929516, -0.9687413573265076, 0.24318701028823853]","[[-0.8780644493249243, 0.4691248048662495, 0.09447335820639746], [-0.4732164528569647, -0.8805755945026164, -0.025559477048411994], [0.07120032792805842, -0.06714920387256673, 0.9951992257516761]]","[0.35143908858299255, 0.41637250781059265, -0.4240969121456146]",[0.0],"[-0.0427548810839653, 0.02392503432929516, -0.9687413573265076, 0.24318701028823853]",[0.44],"[0.3715991973876953, 1.6366839408874512, -20.515155134201052]","[668.6608276367188, 668.8782348632812, 658.0653686523438, 668.181640625]"
17.261674880981,"[-67.9935531616211, -63.61189270019531, -14.744882583618164]","[-67.9935531616211, -63.61189270019531, -14.744882583618164]","[-6.96550178527832, -1.1949427127838135, 1.1663551330566406]","[-6.96550178527832, -1.1949427127838135, 1.1663551330566406]","[-0.03624550253152847, 0.020480051636695862, -0.9705897569656372, 0.23711268603801727]","[[-0.8849278176833129, 0.45879366910332986, 0.08007118709389571], [-0.46176290815710463, -0.8867164255607554, -0.022566919757311732], [0.06064686687879872, -0.056943993605505616, 0.9965336620623905]]","[0.27541613578796387, 0.3451255261898041, -0.4188726544380188]",[0.0],"[-0.03624550253152847, 0.020480051636695862, -0.9705897569656372, 0.23711268603801727]",[0.44],"[0.7668733596801758, 1.4059484004974365, -19.631999073028567]","[669.7333984375, 667.7362060546875, 654.1806030273438, 664.4920043945312]"
17.292683362961,"[-68.22303771972656, -63.650840759277344, -14.709891319274902]","[-68.22303771972656, -63.650840759277344, -14.709891319274902]","[-6.940704822540283, -1.1653316020965576, 0.954069972038269]","[-6.940704822540283, -1.1653316020965576, 0.954069972038269]","[-0.030897820368409157, 0.018545642495155334, -0.9724154472351074, 0.2304552048444748]","[[-0.8918714857540242, 0.4470503623121324, 0.06863891530466004], [-0.4493424420338606, -0.8930929546499449, -0.02182701143787874], [0.051543155943886365, -0.05030926552687681, 0.9974027676818468]]","[0.08273445069789886, 0.24859052896499634, -0.4123949408531189]",[0.0],"[-0.030897820368409157, 0.018545642495155334, -0.9724154472351074, 0.2304552048444748]",[0.44],"[1.2398481369018555, 1.480555534362793, -20.42425805091858]","[669.1560668945312, 669.1023559570312, 656.3309936523438, 665.1414794921875]"
17.323680639267,"[-68.43087005615234, -63.68539047241211, -14.684185981750488]","[-68.43087005615234, -63.68539047241211, -14.684185981750488]","[-6.913450717926025, -1.1382027864456177, 0.7614287734031677]","[-6.913450717926025, -1.1382027864456177, 0.7614287734031677]","[-0.027400579303503036, 0.01807485893368721, -0.97393399477005, 0.22444409132003784]","[[-0.8977482533884411, 0.43619693771249246, 0.061486301898367124], [-0.438177984134941, -0.8985964358298308, -0.022907642885547475], [0.04525912074192995, -0.04750723537921697, 0.9978450154567196]]","[0.02466447651386261, 0.2144118994474411, -0.40696483850479126]",[0.0],"[-0.027400579303503036, 0.01807485893368721, -0.97393399477005, 0.22444409132003784]",[0.44],"[1.3627052307128906, 1.356440782546997, -19.442059931755068]","[668.8496704101562, 655.2667236328125, 644.1644287109375, 663.5242309570312]"
17.35467505455,"[-68.63780975341797, -63.7191276550293, -14.66373348236084]","[-68.63780975341797, -63.7191276550293, -14.66373348236084]","[-6.881343841552734, -1.110003113746643, 0.60403972864151]","[-6.881343841552734, -1.110003113746643, 0.60403972864151]","[-0.026243802160024643, 0.025128591805696487, -0.9752053022384644, 0.21829912066459656]","[[-0.9033136552803038, 0.4244539803084003, 0.06215728902415285], [-0.42709185947603523, -0.9034282373316582, -0.037553074064544445], [0.04021509104526033, -0.06046906980226052, 0.9973596334440964]]","[-0.9793881177902222, 0.1627272516489029, -0.4017098546028137]",[0.0],"[-0.026243802160024643, 0.025128591805696487, -0.9752053022384644, 0.21829912066459656]",[0.44],"[1.6053438186645508, 1.4099836349487305, -17.679452238082888]","[669.3841552734375, 636.2572021484375, 622.2547607421875, 668.1322021484375]"
17.386298656464,"[-68.86436462402344, -63.75507354736328, -14.647046089172363]","[-68.86436462402344, -63.75507354736328, -14.647046089172363]","[-6.85042142868042, -1.0655090808868408, 0.40677309036254883]","[-6.85042142868042, -1.0655090808868408, 0.40677309036254883]","[-0.028062686324119568, 0.041494015604257584, -0.9761227369308472, 0.2113649994134903]","[[-0.9090747017686684, 0.4103074963493053, 0.07232601752837742], [-0.4149652305262269, -0.9072062238341876, -0.0691435647988814], [0.03724448719294837, -0.09286944351263537, 0.9949814646106154]]","[-0.8668476939201355, 0.10118712484836578, -0.39612361788749695]",[0.0],"[-0.028062686324119568, 0.041494015604257584, -0.9761227369308472, 0.2113649994134903]",[0.44],"[1.5461206436157227, 2.2247016429901123, -19.67333191394806]","[660.574462890625, 669.806640625, 663.2445068359375, 653.8912963867188]"
17.418289899826,"[-69.06951904296875, -63.7862548828125, -14.637673377990723]","[-69.06951904296875, -63.7862548828125, -14.637673377990723]","[-6.827062129974365, -1.0112111568450928, 0.21923945844173431]","[-6.827062129974365, -1.0112111568450928, 0.21923945844173431]","[-0.029548177495598793, 0.05409237742424011, -0.9767860174179077, 0.20515862107276917]","[[-0.9140738182370871, 0.3975954824946589, 0.07991952836157656], [-0.4039888071718204, -0.9099680372328971, -0.09354922913335872], [0.035529458109957, -0.11779748253420064, 0.9924018398225642]]","[-0.8437007665634155, 0.06691108644008636, -0.39163199067115784]",[0.0],"[-0.029548177495598793, 0.05409237742424011, -0.9767860174179077, 0.20515862107276917]",[0.44],"[1.1679649353027344, 2.7148962020874023, -19.186681596040728]","[657.1329956054688, 669.8173217773438, 651.2916870117188, 664.1364135742188]"
17.449295043945,"[-69.29443359375, -63.818477630615234, -14.633611679077148]","[-69.29443359375, -63.818477630615234, -14.633611679077148]","[-6.8042311668396, -0.9403520822525024, 0.03476013243198395]","[-6.8042311668396, -0.9403520822525024, 0.03476013243198395]","[-0.033129386603832245, 0.06854065507650375, -0.9771445393562317, 0.19847731292247772]","[[-0.9190185443840369, 0.38334062529637547, 0.09195192851537404], [-0.3924234647368131, -0.9118180141008967, -0.12079739040001214], [0.03753686833325065, -0.14709911692760635, 0.9884092446898751]]","[-1.0394140481948853, -0.047470081597566605, -0.3746027946472168]",[0.0],"[-0.033129386603832245, 0.06854065507650375, -0.9771445393562317, 0.19847731292247772]",[0.44],"[1.1415481567382812, 3.5429537296295166, -19.03396630048752]","[669.65771484375, 655.204345703125, 610.4869995117188, 631.8905029296875]"
17.479684352875,"[-69.49827575683594, -63.84562683105469, -14.63456916809082]","[-69.49827575683594, -63.84562683105469, -14.63456916809082]","[-6.785624980926514, -0.8681531548500061, -0.09354531019926071]","[-6.785624980926514, -0.8681531548500061, -0.09354531019926071]","[-0.036953750997781754, 0.08308608829975128, -0.9770134091377258, 0.19281059503555298]","[[-0.9229169994077506, 0.37061638831030075, 0.10424837673404186], [-0.3828977587839356, -0.9118415626954546, -0.1481022953259603], [0.040168864237035695, -0.17660259420067215, 0.9834622444364798]]","[-0.8870304822921753, -0.018105220049619675, -0.32874566316604614]",[0.0],"[-0.036953750997781754, 0.08308608829975128, -0.9770134091377258, 0.19281059503555298]",[0.44],"[0.9303092956542969, 3.609946370124817, -16.225272131562235]","[651.0236206054688, 669.7892456054688, 594.962890625, 572.9168701171875]"
17.510723114014,"[-69.70159912109375, -63.8704948425293, -14.639047622680664]","[-69.70159912109375, -63.8704948425293, -14.639047622680664]","[-6.769734859466553, -0.7882787585258484, -0.20256663858890533]","[-6.769734859466553, -0.7882787585258484, -0.20256663858890533]","[-0.04003133624792099, 0.09414586424827576, -0.9768280386924744, 0.18799228966236115]","[[-0.9261129218616819, 0.3597347097042358, 0.1136048565111416], [-0.3748098486965312, -0.9115910501151605, -0.16887747473032122], [0.04281007018204086, -0.19897980496828338, 0.9790680967263022]]","[-0.7085856199264526, -0.059454526752233505, -0.2713988125324249]",[0.0],"[-0.04003133624792099, 0.09414586424827576, -0.9768280386924744, 0.18799228966236115]",[0.44],"[0.7945060729980469, 3.9937198162078857, -15.261066419482232]","[662.0697631835938, 669.8573608398438, 568.372314453125, 568.0852661132812]"
17.542686700821,"[-69.92477416992188, -63.89494705200195, -14.647598266601562]","[-69.92477416992188, -63.89494705200195, -14.647598266601562]","[-6.755748748779297, -0.6928871870040894, -0.31345152854919434]","[-6.755748748779297, -0.6928871870040894, -0.31345152854919434]","[-0.043463680893182755, 0.1043214425444603, -0.9764394760131836, 0.183831125497818]","[[-0.9286340273829152, 0.34993154793386855, 0.12323436398689536], [-0.36806832349014423, -0.9106462837473699, -0.18774719463636091], [0.046524251200879, -0.2197071041438481, 0.9744558901373169]]","[-0.5812329053878784, -0.05629683658480644, -0.20145586133003235]",[0.0],"[-0.043463680893182755, 0.1043214425444603, -0.9764394760131836, 0.183831125497818]",[0.44],"[0.699305534362793, 4.769578576087952, -15.35424449801445]","[663.5501098632812, 669.857421875, 572.2860107421875, 560.631103515625]"
17.57369351387,"[-70.1272964477539, -63.91435623168945, -14.658461570739746]","[-70.1272964477539, -63.91435623168945, -14.658461570739746]","[-6.746192455291748, -0.6001470685005188, -0.4104933738708496]","[-6.746192455291748, -0.6001470685005188, -0.4104933738708496]","[-0.04579273611307144, 0.11169105023145676, -0.9760352373123169, 0.18106183409690857]","[[-0.930239350354233, 0.3432161828430772, 0.129836620932839], [-0.3636747380008408, -0.9094835183120642, -0.2014461678587467], [0.04894467530436897, -0.23461143501454051, 0.9708562692349456]]","[-0.46957090497016907, -0.03706340864300728, -0.13930729031562805]",[0.0],"[-0.04579273611307144, 0.11169105023145676, -0.9760352373123169, 0.18106183409690857]",[0.44],"[0.4778146743774414, 4.637005925178528, -14.662092266082764]","[664.3761596679688, 669.857421875, 573.6747436523438, 568.9946899414062]"
17.604686260223,"[-70.34979248046875, -63.932411193847656, -14.673711776733398]","[-70.34979248046875, -63.932411193847656, -14.673711776733398]","[-6.7383198738098145, -0.493198424577713, -0.5129024982452393]","[-6.7383198738098145, -0.493198424577713, -0.5129024982452393]","[-0.04838035628199577, 0.1182556003332138, -0.9754922986030579, 0.17913615703582764]","[[-0.9311392232880924, 0.3380493870266713, 0.1367570374968312], [-0.36093437933252004, -0.9078517670157005, -0.21338151258270077], [0.052021622330204575, -0.2480481969842243, 0.9673499082317167]]","[-0.3805446922779083, -0.11963007599115372, -0.07660649716854095]",[0.0],"[-0.04838035628199577, 0.1182556003332138, -0.9754922986030579, 0.17913615703582764]",[0.44],"[0.3936290740966797, 5.347432196140289, -14.930456218719483]","[658.0393676757812, 669.857421875, 577.0874633789062, 579.6944580078125]"
17.636691808701,"[-70.5518798828125, -63.94568634033203, -14.690496444702148]","[-70.5518798828125, -63.94568634033203, -14.690496444702148]","[-6.734560489654541, -0.3917900025844574, -0.6067346334457397]","[-6.734560489654541, -0.3917900025844574, -0.6067346334457397]","[-0.051609769463539124, 0.12285356968641281, -0.9748902320861816, 0.17841671407222748]","[[-0.9310079284034867, 0.3351925347612783, 0.14446598069143435], [-0.3605543123984327, -0.9061490658422575, -0.22112139916498608], [0.0567894598294616, -0.2579535810918254, 0.9644868642224521]]","[-0.3279525339603424, -0.17577756941318512, -0.024677647277712822]",[0.0],"[-0.051609769463539124, 0.12285356968641281, -0.9748902320861816, 0.17841671407222748]",[0.44],"[0.18796920776367188, 5.070421099662781, -14.501606760025025]","[668.50732421875, 669.6759033203125, 588.40576171875, 595.0272216796875]"
17.667660951614,"[-70.77410888671875, -63.95672607421875, -14.712244987487793]","[-70.77410888671875, -63.95672607421875, -14.712244987487793]","[-6.734777450561523, -0.27677103877067566, -0.7102745771408081]","[-6.734777450561523, -0.27677103877067566, -0.7102745771408081]","[-0.05563336983323097, 0.12775440514087677, -0.9740167856216431, 0.17853598296642303]","[[-0.9300597734112341, 0.3335792723554579, 0.1539931887167616], [-0.3620089046315652, -0.9036075410234377, -0.22900475335082293], [0.06275815551629327, -0.2687349868264647, 0.9611674802561994]]","[-0.3188917934894562, -0.1913764774799347, 0.027384907007217407]",[0.0],"[-0.05563336983323097, 0.12775440514087677, -0.9740167856216431, 0.17853598296642303]",[0.44],"[-0.010848045349121094, 5.750948190689087, -14.986997184753418]","[665.2022705078125, 669.8400268554688, 601.9764404296875, 594.9964599609375]"
17.699198007584,"[-70.97620391845703, -63.963443756103516, -14.73490047454834]","[-70.97620391845703, -63.963443756103516, -14.73490047454834]","[-6.738345623016357, -0.17055900394916534, -0.7996156215667725]","[-6.738345623016357, -0.17055900394916534, -0.7996156215667725]","[-0.05909242108464241, 0.13125008344650269, -0.9731910824775696, 0.17938962578773499]","[[-0.9286549348371551, 0.3336489978143935, 0.16210624119132122], [-0.36467253860805426, -0.9011855944870166, -0.23426168695861604], [0.0679266277750128, -0.2766639561796771, 0.9585630027312828]]","[-0.2375195473432541, -0.20790207386016846, 0.06900704652070999]",[0.0],"[-0.05909242108464241, 0.13125008344650269, -0.9731910824775696, 0.17938962578773499]",[0.44],"[-0.17840862274169922, 5.310601741075516, -14.277052221298218]","[664.7860107421875, 669.857421875, 606.7978515625, 606.7037963867188]"
17.730232477188,"[-71.17845153808594, -63.96695327758789, -14.760201454162598]","[-71.17845153808594, -63.96695327758789, -14.760201454162598]","[-6.745553493499756, -0.0629144236445427, -0.8876986503601074]","[-6.745553493499756, -0.0629144236445427, -0.8876986503601074]","[-0.06301163136959076, 0.13406187295913696, -0.9722757339477539, 0.18093344569206238]","[[-0.9265853772099106, 0.33493948277265595, 0.17104191349508469], [-0.36872931205112813, -0.8985811370230015, -0.23788838868675466], [0.07401680705337199, -0.2834920350162671, 0.956113897061662]]","[-0.24395450949668884, -0.2796321213245392, 0.10480707883834839]",[0.0],"[-0.06301163136959076, 0.13406187295913696, -0.9722757339477539, 0.18093344569206238]",[0.44],"[-0.3603935241699219, 5.3822290152311325, -14.214151439666749]","[666.724365234375, 669.857421875, 628.3505859375, 638.5360717773438]"
17.761112689972,"[-71.40126037597656, -63.96705627441406, -14.7910795211792]","[-71.40126037597656, -63.96705627441406, -14.7910795211792]","[-6.756747722625732, 0.054321058094501495, -0.9737592935562134]","[-6.756747722625732, 0.054321058094501495, -0.9737592935562134]","[-0.06853394955396652, 0.1372082382440567, -0.9710806608200073, 0.1829736828804016]","[[-0.9236475009213199, 0.3365575648119281, 0.18331497938903496], [-0.3741712547247553, -0.8953891041201754, -0.24140071502351734], [0.08289299269684847, -0.291560351632433, 0.9529539942329931]]","[-0.2196532040834427, -0.3239167332649231, 0.07969982177019119]",[0.0],"[-0.06853394955396652, 0.1372082382440567, -0.9710806608200073, 0.1829736828804016]",[0.44],"[-0.5597114562988281, 5.8617740869522095, -14.113032159805298]","[572.5810546875, 578.7518920898438, 669.6488037109375, 664.4400634765625]"
17.791999816895,"[-71.60405731201172, -63.9639778137207, -14.820810317993164]","[-71.60405731201172, -63.9639778137207, -14.820810317993164]","[-6.762311935424805, 0.14909367263317108, -1.00174880027771]","[-6.762311935424805, 0.14909367263317108, -1.00174880027771]","[-0.07383553683757782, 0.1390170305967331, -0.9702173471450806, 0.18412205576896667]","[[-0.9212948709943416, 0.3367480308307793, 0.19446524027191092], [-0.3778056191654824, -0.8935467744026622, -0.24256396760441756], [0.09208083443043957, -0.29694297092977795, 0.9504451574079473]]","[-0.16454648971557617, -0.36634644865989685, 0.004610105417668819]",[0.0],"[-0.07383553683757782, 0.1390170305967331, -0.9702173471450806, 0.18412205576896667]",[0.44],"[-0.2782106399536133, 4.738630726933479, -11.20947533607483]","[519.9297485351562, 529.4462280273438, 664.0203247070312, 669.8244018554688]"
17.82283782959,"[-71.8070068359375, -63.958160400390625, -14.85095500946045]","[-71.8070068359375, -63.958160400390625, -14.85095500946045]","[-6.767405033111572, 0.23778679966926575, -1.0058058500289917]","[-6.767405033111572, 0.23778679966926575, -1.0058058500289917]","[-0.08029726147651672, 0.1400926262140274, -0.969529390335083, 0.18422576785087585]","[[-0.9192263652861219, 0.33472648430086505, 0.2073184531988579], [-0.37972270125302376, -0.8928697778482917, -0.24206218766378562], [0.10408376666075814, -0.301233486271121, 0.9478528117596574]]","[-0.1409372240304947, -0.4224921464920044, -0.08440418541431427]",[0.0],"[-0.08029726147651672, 0.1400926262140274, -0.969529390335083, 0.18422576785087585]",[0.44],"[-0.2546548843383789, 4.434656351804733, -10.012852487564087]","[521.03515625, 520.9447021484375, 669.538818359375, 665.478759765625]"
17.853801012039,"[-72.03042602539062, -63.948795318603516, -14.883880615234375]","[-72.03042602539062, -63.948795318603516, -14.883880615234375]","[-6.77313232421875, 0.3291487991809845, -0.9878710508346558]","[-6.77313232421875, 0.3291487991809845, -0.9878710508346558]","[-0.0871841162443161, 0.14069817960262299, -0.9691278338432312, 0.18274086713790894]","[[-0.918009472146331, 0.3296652285563133, 0.2204077221333982], [-0.3787318143396683, -0.8936196569099519, -0.24084484204167467], [0.1175624927521639, -0.304573246054229, 0.9452059042624112]]","[-0.10880795866250992, -0.3679283857345581, -0.19283927977085114]",[0.0],"[-0.0871841162443161, 0.14069817960262299, -0.9691278338432312, 0.18274086713790894]",[0.44],"[-0.2863645553588867, 4.5680999755859375, -8.913260040283204]","[501.4618225097656, 504.5931396484375, 669.0003051757812, 668.7257080078125]"
17.885812997818,"[-72.2336654663086, -63.93776321411133, -14.912954330444336]","[-72.2336654663086, -63.93776321411133, -14.912954330444336]","[-6.775506973266602, 0.4044930934906006, -0.9435084462165833]","[-6.775506973266602, 0.4044930934906006, -0.9435084462165833]","[-0.0937914103269577, 0.14073364436626434, -0.9690524339675903, 0.1798185259103775]","[[-0.9177371568702424, 0.3221079464407022, 0.2323906218770566], [-0.37490637438295993, -0.8957188968592615, -0.23902569493241765], [0.13116455597330878, -0.3064874275246132, 0.9427944253845402]]","[-0.09308628737926483, -0.45028436183929443, -0.3110983371734619]",[0.0],"[-0.0937914103269577, 0.14073364436626434, -0.9690524339675903, 0.1798185259103775]",[0.44],"[-0.11873245239257812, 3.7672147154808044, -7.591869769096375]","[435.3247375488281, 449.38494873046875, 662.5825805664062, 669.85595703125]"
17.917809724808,"[-72.45728302001953, -63.92313003540039, -14.942978858947754]","[-72.45728302001953, -63.92313003540039, -14.942978858947754]","[-6.777485370635986, 0.4815117120742798, -0.8753315210342407]","[-6.777485370635986, 0.4815117120742798, -0.8753315210342407]","[-0.10303473472595215, 0.14000101387500763, -0.9691449403762817, 0.17476172745227814]","[[-0.9176843986859535, 0.3098889532116367, 0.2486448217450712], [-0.3675888225155397, -0.899716144033988, -0.23534949203243727], [0.15077754562560441, -0.3073756049456158, 0.9395671191078452]]","[-0.07940948009490967, -0.5440210700035095, -0.45036423206329346]",[0.0],"[-0.10303473472595215, 0.14000101387500763, -0.9691449403762817, 0.17476172745227814]",[0.44],"[-0.09891986846923828, 3.85093092918396, -6.401153740882874]","[455.9466552734375, 451.8067321777344, 669.473876953125, 664.8901977539062]"
17.948818922043,"[-72.6606674194336, -63.90766525268555, -14.968241691589355]","[-72.6606674194336, -63.90766525268555, -14.968241691589355]","[-6.781826019287109, 0.5490289330482483, -0.8078612685203552]","[-6.781826019287109, 0.5490289330482483, -0.8078612685203552]","[-0.11143651604652405, 0.13901111483573914, -0.9695112705230713, 0.16824297606945038]","[[-0.91855238743827, 0.29524509431327495, 0.26285320384325406], [-0.3572087516294271, -0.9047404015596943, -0.2320488629174955], [0.16930262917646655, -0.30704250732740856, 0.9365156256870755]]","[-0.07252463698387146, -0.41422951221466064, -0.5693220496177673]",[0.0],"[-0.11143651604652405, 0.13901111483573914, -0.9695112705230713, 0.16824297606945038]",[0.44],"[-0.21703243255615234, 3.3758610486984253, -6.436487374305726]","[472.51116943359375, 457.2860412597656, 669.8543090820312, 657.8243408203125]"
17.980821609497,"[-72.88460540771484, -63.888336181640625, -14.99367618560791]","[-72.88460540771484, -63.888336181640625, -14.99367618560791]","[-6.790135860443115, 0.6224745512008667, -0.7343060970306396]","[-6.790135860443115, 0.6224745512008667, -0.7343060970306396]","[-0.11853959411382675, 0.13802924752235413, -0.9704031944274902, 0.15878920257091522]","[[-0.9214688658533294, 0.2754552368765464, 0.27389750987946737], [-0.3409029607850935, -0.9114679902554963, -0.23024243019540136], [0.18622729329731502, -0.3055336606850594, 0.9337925829114838]]","[-0.07203148305416107, -0.27744558453559875, -0.69126957654953]",[0.0],"[-0.11853959411382675, 0.13802924752235413, -0.9704031944274902, 0.15878920257091522]",[0.44],"[-0.41549205780029297, 3.6722809076309204, -6.132241425514222]","[489.5468444824219, 477.4886779785156, 669.857421875, 660.8555297851562]"
18.011829853058,"[-73.08845520019531, -63.86866760253906, -15.014699935913086]","[-73.08845520019531, -63.86866760253906, -15.014699935913086]","[-6.799497604370117, 0.688754677772522, -0.6676527261734009]","[-6.799497604370117, 0.688754677772522, -0.6676527261734009]","[-0.12288793921470642, 0.13735035061836243, -0.9716317653656006, 0.1482064425945282]","[[-0.9258668125649212, 0.2542467718375381, 0.27951606435116894], [-0.3217615779891698, -0.9183394661438218, -0.23048235867223887], [0.19809123693413433, -0.3033334959073759, 0.9320668711611511]]","[-0.07826587557792664, -0.07014472782611847, -0.7932639122009277]",[0.0],"[-0.12288793921470642, 0.13735035061836243, -0.9716317653656006, 0.1482064425945282]",[0.44],"[-0.46808719635009766, 3.3140063285827637, -6.477331457138062]","[508.09185791015625, 487.3775939941406, 669.857421875, 654.9912719726562]"
18.042820692062,"[-73.31303405761719, -63.8447265625, -15.035567283630371]","[-73.31303405761719, -63.8447265625, -15.035567283630371]","[-6.806610107421875, 0.7590151429176331, -0.5840628147125244]","[-6.806610107421875, 0.7590151429176331, -0.5840628147125244]","[-0.12315946817398071, 0.13649152219295502, -0.9737301468849182, 0.1343555450439453]","[[-0.9335606691661487, 0.22803164265380538, 0.27652495978686176], [-0.2952725357879711, -0.9266373071068443, -0.2327175049593091], [0.20317138835441284, -0.29890613485465956, 0.9324036195371046]]","[0.3968365788459778, 0.42150261998176575, -0.8846630454063416]",[0.0],"[-0.12315946817398071, 0.13649152219295502, -0.9737301468849182, 0.1343555450439453]",[0.44],"[-0.3556251525878906, 3.513023257255554, -5.630504426956177]","[400.9049987792969, 501.3213806152344, 669.857421875, 384.9922180175781]"
18.073075056076,"[-73.51705169677734, -63.82121276855469, -15.051187515258789]","[-73.51705169677734, -63.82121276855469, -15.051187515258789]","[-6.802332878112793, 0.8150913715362549, -0.4910392165184021]","[-6.802332878112793, 0.8150913715362549, -0.4910392165184021]","[-0.1078905388712883, 0.11363113671541214, -0.980082094669342, 0.12201131135225296]","[[-0.9469458950453635, 0.214642754061373, 0.23921173866614176], [-0.2636816523525044, -0.9444025613387641, -0.1964079527230248], [0.18375460266176347, -0.24906341724377323, 0.9508951927816527]]","[2.184271812438965, 1.3217029571533203, -0.9280311465263367]",[0.0],"[-0.1078905388712883, 0.11363113671541214, -0.980082094669342, 0.12201131135225296]",[0.44],"[0.21386146545410156, 2.8038114309310913, -5.158820090293885]","[597.9376831054688, 565.9835205078125, 660.1175537109375, 623.5576782226562]"
18.105079889297,"[-73.72125244140625, -63.79575729370117, -15.065936088562012]","[-73.72125244140625, -63.79575729370117, -15.065936088562012]","[-6.80941104888916, 0.8801669478416443, -0.49883267283439636]","[-6.80941104888916, 0.8801669478416443, -0.49883267283439636]","[-0.08859245479106903, 0.09026669710874557, -0.9860051274299622, 0.10861551761627197]","[[-0.9607083758501958, 0.19819701801071576, 0.19431395741115765], [-0.23018481114169842, -0.960109468728167, -0.15876182170272468], [0.15509650129124708, -0.19725188303883723, 0.9680066006943407]]","[1.0925718545913696, 1.0063670873641968, -0.9656307101249695]",[0.0],"[-0.08859245479106903, 0.09026669710874557, -0.9860051274299622, 0.10861551761627197]",[0.44],"[-0.3539085388183594, 3.25377881526947, -10.199672815799714]","[594.7288818359375, 583.7760620117188, 606.6452026367188, 669.796630859375]"
18.135046005249,"[-73.92565155029297, -63.76834487915039, -15.082058906555176]","[-73.92565155029297, -63.76834487915039, -15.082058906555176]","[-6.816764831542969, 0.9467983841896057, -0.5852313041687012]","[-6.816764831542969, 0.9467983841896057, -0.5852313041687012]","[-0.0750834122300148, 0.07497688382863998, -0.9898805618286133, 0.09421992301940918]","[[-0.9709701195895688, 0.1752739001153475, 0.16277585300965214], [-0.19779198122025832, -0.9710020909564667, -0.1342876131362125], [0.13451858811937356, -0.16258502641759875, 0.9774818961984886]]","[1.080103874206543, 0.8356738686561584, -0.9996086359024048]",[0.0],"[-0.0750834122300148, 0.07497688382863998, -0.9898805618286133, 0.09421992301940918]",[0.44],"[-0.3676891326904297, 3.3315718173980713, -14.129931566715241]","[625.142333984375, 615.3958740234375, 658.48828125, 668.9898071289062]"
18.167057037354,"[-74.15058898925781, -63.73602294921875, -15.10323429107666]","[-74.15058898925781, -63.73602294921875, -15.10323429107666]","[-6.81234073638916, 1.0100282430648804, -0.699478030204773]","[-6.81234073638916, 1.0100282430648804, -0.699478030204773]","[-0.06190577521920204, 0.05987613648176193, -0.9932447671890259, 0.07776476442813873]","[[-0.9802406385367295, 0.14706553338780376, 0.1322876818872476], [-0.16189224797194063, -0.9807349851077451, -0.10931514242668683], [0.1136626672937624, -0.12857149453333705, 0.9851650465490541]]","[0.7303439974784851, 0.7265655994415283, -1.0312018394470215]",[0.0],"[-0.06190577521920204, 0.05987613648176193, -0.9932447671890259, 0.07776476442813873]",[0.44],"[0.2212047576904297, 3.161492943763733, -15.52233630180359]","[623.7969970703125, 619.5415649414062, 648.8272705078125, 669.8563232421875]"
18.199055671692,"[-74.37517547607422, -63.701759338378906, -15.128561973571777]","[-74.37517547607422, -63.701759338378906, -15.128561973571777]","[-6.79701042175293, 1.0647727251052856, -0.8392322659492493]","[-6.79701042175293, 1.0647727251052856, -0.8392322659492493]","[-0.05131939798593521, 0.04879540950059891, -0.9956445693969727, 0.060640670359134674]","[[-0.9873782011160284, 0.11574480617523297, 0.10810973250396627], [-0.12576141033542465, -0.9878835783586437, -0.09094168356895682], [0.09627378713370704, -0.10338985435413417, 0.9899706548040601]]","[0.6135251522064209, 0.5981945395469666, -1.0588291883468628]",[0.0],"[-0.05131939798593521, 0.04879540950059891, -0.9956445693969727, 0.060640670359134674]",[0.44],"[0.7665157318115234, 2.7372241020202637, -16.797711787223818]","[630.1366577148438, 629.2079467773438, 658.8326416015625, 669.857421875]"
18.230052471161,"[-74.5787582397461, -63.66916275024414, -15.155765533447266]","[-74.5787582397461, -63.66916275024414, -15.155765533447266]","[-6.773877143859863, 1.1068546772003174, -0.9757854342460632]","[-6.773877143859863, 1.1068546772003174, -0.9757854342460632]","[-0.04328600689768791, 0.040521107614040375, -0.9972414970397949, 0.04465180262923241]","[[-0.9922651271608798, 0.08554926711163574, 0.0899518856380504], [-0.09256525488636896, -0.992728563622636, -0.0769530635642662], [0.08271452364005033, -0.08468425651067882, 0.9929687228891694]]","[0.45278099179267883, 0.515022337436676, -1.080866813659668]",[0.0],"[-0.04328600689768791, 0.040521107614040375, -0.9972414970397949, 0.04465180262923241]",[0.44],"[1.1566638946533203, 2.104097604751587, -16.6376584148407]","[634.6907958984375, 630.3833618164062, 656.1026000976562, 669.857421875]"
18.261047124863,"[-74.78153991699219, -63.63540267944336, -15.187216758728027]","[-74.78153991699219, -63.63540267944336, -15.187216758728027]","[-6.743519306182861, 1.1426599025726318, -1.1222361326217651]","[-6.743519306182861, 1.1426599025726318, -1.1222361326217651]","[-0.036576949059963226, 0.03404432535171509, -0.998349666595459, 0.02830263413488865]","[[-0.9957221457598351, 0.054021375596337684, 0.07496025796778416], [-0.059002325813019674, -0.9960798599875984, -0.06590583371467498], [0.07110608162858933, -0.07004672974273338, 0.9950062214176228]]","[0.3673131465911865, 0.43536365032196045, -1.1004681587219238]",[0.0],"[-0.036576949059963226, 0.03404432535171509, -0.998349666595459, 0.02830263413488865]",[0.44],"[1.5178918838500977, 1.7902612686157227, -17.132534918785097]","[638.940185546875, 637.4263916015625, 660.3170166015625, 669.857421875]"
18.293048858643,"[-75.0034408569336, -63.59714126586914, -15.226994514465332]","[-75.0034408569336, -63.59714126586914, -15.226994514465332]","[-6.702916622161865, 1.175216555595398, -1.2894631624221802]","[-6.702916622161865, 1.175216555595398, -1.2894631624221802]","[-0.03046286664903164, 0.028324615210294724, -0.9990847110748291, 0.009977561421692371]","[[-0.997945087460572, 0.018211160188373085, 0.06143518982513068], [-0.02166255609251845, -0.9981964922959028, -0.05598948976122295], [0.06030474747310461, -0.057205270253509105, 0.9965394598574241]]","[0.27057304978370667, 0.3652424216270447, -1.119537353515625]",[0.0],"[-0.03046286664903164, 0.028324615210294724, -0.9990847110748291, 0.009977561421692371]",[0.44],"[2.0301342010498047, 1.6278326511383057, -18.171351490020754]","[642.876953125, 641.8118286132812, 661.9953002929688, 669.857421875]"
18.323044538498,"[-75.20391082763672, -63.56151580810547, -15.268025398254395]","[-75.20391082763672, -63.56151580810547, -15.268025398254395]","[-6.660686016082764, 1.1992321014404297, -1.4464120864868164]","[-6.660686016082764, 1.1992321014404297, -1.4464120864868164]","[-0.025850994512438774, 0.024255840107798576, -0.9993473887443542, -0.006952062249183655]","[[-0.9985670983389892, -0.015149125689262362, 0.05133099150422932], [0.012640975331177189, -0.9987269546148834, -0.048839456393165726], [0.05200550394557196, -0.04812058550095061, 0.9974867606067656]]","[0.21286514401435852, 0.3098589777946472, -1.134937047958374]",[0.0],"[-0.025850994512438774, 0.024255840107798576, -0.9993473887443542, -0.006952062249183655]",[0.44],"[2.111530303955078, 1.200777292251587, -17.657446203231814]","[645.308837890625, 644.6905517578125, 663.18212890625, 669.857421875]"
18.354046583176,"[-75.4030532836914, -63.52524185180664, -15.313807487487793]","[-75.4030532836914, -63.52524185180664, -15.313807487487793]","[-6.6143693923950195, 1.2183036804199219, -1.6061066389083862]","[-6.6143693923950195, 1.2183036804199219, -1.6061066389083862]","[-0.021992241963744164, 0.020994720980525017, -0.999247133731842, -0.0240999273955822]","[[-0.9978712251607038, -0.04908700871389202, 0.04293942699057467], [0.047240124778832014, -0.9979569859557873, -0.043017852395763403], [0.044963311995859304, -0.04089780665739416, 0.998151125968716]]","[0.16076162457466125, 0.2635345458984375, -1.1486399173736572]",[0.0],"[-0.021992241963744164, 0.020994720980525017, -0.999247133731842, -0.0240999273955822]",[0.44],"[2.315831184387207, 0.9535789489746094, -17.794727621078493]","[648.3805541992188, 647.8955078125, 664.3162841796875, 669.857421875]"
18.385080337524,"[-75.62041473388672, -63.48476028442383, -15.369749069213867]","[-75.62041473388672, -63.48476028442383, -15.369749069213867]","[-6.5597662925720215, 1.234005331993103, -1.7841427326202393]","[-6.5597662925720215, 1.234005331993103, -1.7841427326202393]","[-0.018364964053034782, 0.018177108839154243, -0.9987330436706543, -0.04318194091320038]","[[-0.9955961996107991, -0.08692210646053228, 0.035113547211448826], [0.08558681865885559, -0.9956099288486366, -0.037894228057344936], [0.03825323857090951, -0.03472208888690015, 0.9986646416191606]]","[0.11989244073629379, 0.23478637635707855, -1.1627061367034912]",[0.0],"[-0.018364964053034782, 0.018177108839154243, -0.9987330436706543, -0.04318194091320038]",[0.44],"[2.7301549911499023, 0.7850825786590576, -18.711804685592654]","[646.0279541015625, 645.4830322265625, 665.7343139648438, 669.857421875]"
18.416219234467,"[-75.81641387939453, -63.44758224487305, -15.425633430480957]","[-75.81641387939453, -63.44758224487305, -15.425633430480957]","[-6.50732946395874, 1.243726372718811, -1.941286325454712]","[-6.50732946395874, 1.243726372718811, -1.941286325454712]","[-0.015525566413998604, 0.016156094148755074, -0.9979019165039062, -0.060742925852537155]","[[-0.9921385086806251, -0.12173262926999762, 0.029023248100786894], [0.12072929921920839, -0.9920985563492892, -0.034130531287528784], [0.03294872181656465, -0.03035825796951215, 0.9989958748187622]]","[0.08921975642442703, 0.1943160891532898, -1.1786562204360962]",[0.0],"[-0.015525566413998604, 0.016156094148755074, -0.9979019165039062, -0.060742925852537155]",[0.44],"[2.6218414306640625, 0.4860520362854004, -17.667179641723635]","[644.0111694335938, 644.6358032226562, 665.2354125976562, 669.857421875]"
18.448192596436,"[-76.03018188476562, -63.40641784667969, -15.49251651763916]","[-76.03018188476562, -63.40641784667969, -15.49251651763916]","[-6.447587013244629, 1.2502710819244385, -2.110889196395874]","[-6.447587013244629, 1.2502710819244385, -2.110889196395874]","[-0.013009350746870041, 0.014747949317097664, -0.9965757727622986, -0.08031239360570908]","[[-0.9867615457316645, -0.1604584939309252, 0.023560721326532003], [0.15969104894907243, -0.9866650281272553, -0.03148452217016634], [0.028298493768259186, -0.027305273779216932, 0.9992265095681705]]","[0.019607093185186386, 0.14757633209228516, -1.1964061260223389]",[0.0],"[-0.013009350746870041, 0.014747949317097664, -0.9965757727622986, -0.08031239360570908]",[0.44],"[2.9871225357055664, 0.32723546028137207, -18.290143547058108]","[639.292724609375, 641.0347290039062, 661.9514770507812, 669.857421875]"
18.479205608368,"[-76.22278594970703, -63.36885452270508, -15.558123588562012]","[-76.22278594970703, -63.36885452270508, -15.558123588562012]","[-6.392277240753174, 1.2534844875335693, -2.263371467590332]","[-6.392277240753174, 1.2534844875335693, -2.263371467590332]","[-0.011596009135246277, 0.014040601439774036, -0.9949859976768494, -0.0983424037694931]","[[-0.9803885481235717, -0.19602425934217724, 0.020314160445092183], [0.19537299957193735, -0.98026320600172, -0.030221162488059394], [0.02583730642891932, -0.025659644838086915, 0.9993367881666894]]","[0.029871869832277298, 0.09501480311155319, -1.2149308919906616]",[0.0],"[-0.011596009135246277, 0.014040601439774036, -0.9949859976768494, -0.0983424037694931]",[0.44],"[2.765488624572754, 0.16067028045654297, -17.434113559722903]","[642.822021484375, 642.6842651367188, 669.4649658203125, 669.857421875]"
18.509561538696,"[-76.41372680664062, -63.33122634887695, -15.62829303741455]","[-76.41372680664062, -63.33122634887695, -15.62829303741455]","[-6.336848735809326, 1.2544844150543213, -2.4113094806671143]","[-6.336848735809326, 1.2544844150543213, -2.4113094806671143]","[-0.010491176508367062, 0.013586406596004963, -0.9930293560028076, -0.11661088466644287]","[[-0.9725837846550855, -0.23188113818589715, 0.017667446718434787], [0.2313109886270446, -0.972434733335761, -0.029430171932511184], [0.02400473828882732, -0.02453663043718124, 0.9994106895425566]]","[-0.046616069972515106, 0.0709662064909935, -1.2336037158966064]",[0.0],"[-0.010491176508367062, 0.013586406596004963, -0.9930293560028076, -0.11661088466644287]",[0.44],"[2.771425247192383, 0.049996376037597656, -17.206900653839114]","[632.5841674804688, 630.8253784179688, 657.2443237304688, 669.857421875]"
18.540567398071,"[-76.6218490600586, -63.28982925415039, -15.710454940795898]","[-76.6218490600586, -63.28982925415039, -15.710454940795898]","[-6.276231288909912, 1.254319429397583, -2.5700628757476807]","[-6.276231288909912, 1.254319429397583, -2.5700628757476807]","[-0.009896178729832172, 0.014698545448482037, -0.9904115796089172, -0.13700740039348602]","[[-0.9622622885234633, -0.27167835054930123, 0.01557496101288644], [0.2710965128179943, -0.9620260627537667, -0.03182691867437634], [0.02363019901873456, -0.026403519787961877, 0.9993720368164922]]","[-0.10121671855449677, 0.037602514028549194, -1.2557412385940552]",[0.0],"[-0.009896178729832172, 0.014698545448482037, -0.9904115796089172, -0.13700740039348602]",[0.44],"[3.030872344970703, -0.008249282836914062, -17.747669754028323]","[641.4533081054688, 639.647216796875, 669.078369140625, 669.4796142578125]"
18.571560144424,"[-76.809326171875, -63.25220489501953, -15.789774894714355]","[-76.809326171875, -63.25220489501953, -15.789774894714355]","[-6.221926689147949, 1.254442811012268, -2.7176854610443115]","[-6.221926689147949, 1.254442811012268, -2.7176854610443115]","[-0.00936297420412302, 0.01591169834136963, -0.9876166582107544, -0.1557963639497757]","[[-0.9512796914389696, -0.3080321302931559, 0.01353608909707682], [0.3074362070086998, -0.9509486577226502, -0.034346751358237976], [0.02345202808048108, -0.02851188201120633, 0.9993183051398924]]","[-0.09016411751508713, 0.03873688355088234, -1.2735854387283325]",[0.0],"[-0.00936297420412302, 0.01591169834136963, -0.9876166582107544, -0.1557963639497757]",[0.44],"[2.7152299880981445, 0.00616908073425293, -17.191129264831545]","[642.9820556640625, 645.5028076171875, 669.8553466796875, 669.1453857421875]"
18.602559804916,"[-76.99518585205078, -63.21455383300781, -15.873512268066406]","[-76.99518585205078, -63.21455383300781, -15.873512268066406]","[-6.168381690979004, 1.2549384832382202, -2.864331007003784]","[-6.168381690979004, 1.2549384832382202, -2.864331007003784]","[-0.008951256982982159, 0.016892272979021072, -0.9844229221343994, -0.1747741997241974]","[[-0.9387476770200551, -0.3444058709653149, 0.011718978129064306], [0.34380104265946726, -0.9383372292504104, -0.03638717900645244], [0.023528312094788673, -0.03012938390354708, 0.9992690522240537]]","[-0.08383045345544815, 0.029518309980630875, -1.2894768714904785]",[0.0],"[-0.008951256982982159, 0.016892272979021072, -0.9844229221343994, -0.1747741997241974]",[0.44],"[2.6772499084472656, 0.024783611297607422, -17.142277297973635]","[645.374267578125, 647.661865234375, 667.4871215820312, 669.854736328125]"
18.634559869766,"[-77.19778442382812, -63.173126220703125, -15.970613479614258]","[-77.19778442382812, -63.173126220703125, -15.970613479614258]","[-6.110561370849609, 1.2559828758239746, -3.018686532974243]","[-6.110561370849609, 1.2559828758239746, -3.018686532974243]","[-0.009081737138330936, 0.01833714358508587, -0.9804266691207886, -0.19581854343414307]","[[-0.9231454087162887, -0.38430451081825784, 0.010626449089580214], [0.38363837834662756, -0.9226378629454679, -0.0395131942891902], [0.024989460079877235, -0.032399704136071295, 0.9991625424313804]]","[-0.14623494446277618, -0.044779252260923386, -1.3047958612442017]",[0.0],"[-0.009081737138330936, 0.01833714358508587, -0.9804266691207886, -0.19581854343414307]",[0.44],"[2.8910160064697266, 0.05221962928771973, -17.52777629852295]","[647.25, 644.7927856445312, 660.8629150390625, 669.857421875]"
18.664569377899,"[-77.38035583496094, -63.135414123535156, -16.0632266998291]","[-77.38035583496094, -63.135414123535156, -16.0632266998291]","[-6.05949068069458, 1.2587999105453491, -3.156357526779175]","[-6.05949068069458, 1.2587999105453491, -3.156357526779175]","[-0.009981328621506691, 0.021329348906874657, -0.9763156771659851, -0.21506580710411072]","[[-0.9072944852097344, -0.42037002867764256, 0.010315427948920708], [0.4195184477147534, -0.9065838568022531, -0.045941640434961184], [0.028664282499569427, -0.037355070451138395, 0.9988908639083166]]","[-0.216740682721138, -0.1005333960056305, -1.3171374797821045]",[0.0],"[-0.009981328621506691, 0.021329348906874657, -0.9763156771659851, -0.21506580710411072]",[0.44],"[2.553534507751465, 0.14085173606872559, -16.693549690246584]","[648.1024169921875, 652.953369140625, 668.0756225585938, 667.9398803710938]"
18.696018695831,"[-77.5614013671875, -63.09756851196289, -16.15997886657715]","[-77.5614013671875, -63.09756851196289, -16.15997886657715]","[-6.010102272033691, 1.2648797035217285, -3.2943005561828613]","[-6.010102272033691, 1.2648797035217285, -3.2943005561828613]","[-0.011155946180224419, 0.023835457861423492, -0.9717881083488464, -0.2343830019235611]","[[-0.8898805131593859, -0.45607304230700907, 0.01050917933907769], [0.4550094139666768, -0.8889931653268108, -0.05155555732360012], [0.03285568400220962, -0.041096500703525385, 0.9986148316267205]]","[-0.09566076844930649, -0.06469361484050751, -1.3253532648086548]",[0.0],"[-0.011155946180224419, 0.023835457861423492, -0.9717881083488464, -0.2343830019235611]",[0.44],"[2.4694204330444336, 0.3039896488189697, -16.70715147018433]","[658.7947998046875, 666.4495239257812, 669.8550415039062, 656.7828979492188]"
18.727019071579,"[-77.75887298583984, -63.0556755065918, -16.27118492126465]","[-77.75887298583984, -63.0556755065918, -16.27118492126465]","[-5.957948684692383, 1.2739654779434204, -3.444509744644165]","[-5.957948684692383, 1.2739654779434204, -3.444509744644165]","[-0.012378589250147343, 0.023275969550013542, -0.9664435386657715, -0.25552284717559814]","[[-0.8691097683746234, -0.4944730566015935, 0.01203133117682098], [0.4933205619357593, -0.8683326858012848, -0.05131584549401347], [0.035821499217588926, -0.03866379601715386, 0.9986099995393659]]","[0.12149593979120255, 0.010464569553732872, -1.319492220878601]",[0.0],"[-0.012378589250147343, 0.023275969550013542, -0.9664435386657715, -0.25552284717559814]",[0.44],"[2.6076793670654297, 0.4542887210845947, -17.320459423065188]","[669.3058471679688, 664.0558471679688, 654.5028686523438, 648.3153076171875]"
18.758101940155,"[-77.93692779541016, -63.017337799072266, -16.376432418823242]","[-77.93692779541016, -63.017337799072266, -16.376432418823242]","[-5.912593364715576, 1.281840443611145, -3.5720417499542236]","[-5.912593364715576, 1.281840443611145, -3.5720417499542236]","[-0.012815588153898716, 0.021979227662086487, -0.9612458944320679, -0.2745160162448883]","[[-0.848953512022256, -0.5283181406018076, 0.012570562959463905], [0.5271914336831753, -0.848315817724473, -0.04929105311762366], [0.036705163031205634, -0.03521871629424983, 0.9987053485032956]]","[0.009118599817156792, 0.0013161306269466877, -1.3084219694137573]",[0.0],"[-0.012815588153898716, 0.021979227662086487, -0.9612458944320679, -0.2745160162448883]",[0.44],"[2.267765998840332, 0.39374828338623047, -16.186600265502932]","[669.6900024414062, 667.3939819335938, 646.2081909179688, 656.551513671875]"
18.789061307907,"[-78.1136474609375, -62.978759765625, -16.485485076904297]","[-78.1136474609375, -62.978759765625, -16.485485076904297]","[-5.868722438812256, 1.2902770042419434, -3.6980419158935547]","[-5.868722438812256, 1.2902770042419434, -3.6980419158935547]","[-0.013485443778336048, 0.021399332210421562, -0.9557041525840759, -0.2932402789592743]","[[-0.8276567173709974, -0.5610790635954177, 0.013225896942937299], [0.5599247456297474, -0.8271045689206906, -0.048811811902949864], [0.03832648153064211, -0.032993910721154374, 0.9987204227740987]]","[0.04745640978217125, -0.002249310724437237, -1.2974642515182495]",[0.0],"[-0.013485443778336048, 0.021399332210421562, -0.9557041525840759, -0.2932402789592743]",[0.44],"[2.1935462951660156, 0.421828031539917, -16.110008296966555]","[669.3250122070312, 668.2760620117188, 655.281494140625, 651.3930053710938]"
18.820067167282,"[-78.30654907226562, -62.93601608276367, -16.609737396240234]","[-78.30654907226562, -62.93601608276367, -16.609737396240234]","[-5.822066307067871, 1.3003895282745361, -3.8320560455322266]","[-5.822066307067871, 1.3003895282745361, -3.8320560455322266]","[-0.013896091841161251, 0.020652636885643005, -0.9492490291595459, -0.3135391175746918]","[[-0.8030005015413413, -0.5958273878004838, 0.013430884289238332], [0.5946794240447837, -0.8025336414575968, -0.047922927773791646], [0.039332522468098485, -0.030495054279333356, 0.9987607344424235]]","[0.0025058682076632977, 0.01419156789779663, -1.285923957824707]",[0.0],"[-0.013896091841161251, 0.020652636885643005, -0.9492490291595459, -0.3135391175746918]",[0.44],"[2.3328065872192383, 0.5056262016296387, -16.510706481933596]","[669.658447265625, 669.2023315429688, 653.9965209960938, 655.0103149414062]"
18.85104393959,"[-78.48059844970703, -62.8968505859375, -16.72651481628418]","[-78.48059844970703, -62.8968505859375, -16.72651481628418]","[-5.780625343322754, 1.310757040977478, -3.9526782035827637]","[-5.780625343322754, 1.310757040977478, -3.9526782035827637]","[-0.014122228138148785, 0.020242825150489807, -0.9430535435676575, -0.33172398805618286]","[[-0.7795195160111779, -0.6262387124354288, 0.013205973200615229], [0.6250952172556853, -0.779098846726203, -0.04754949965643174], [0.040066095954393144, -0.02881077230352791, 0.9987815814046815]]","[0.007452826015651226, 0.015380390919744968, -1.2763373851776123]",[0.0],"[-0.014122228138148785, 0.020242825150489807, -0.9430535435676575, -0.33172398805618286]",[0.44],"[2.0720481872558594, 0.5183756351470947, -15.841107902526856]","[669.8348999023438, 668.3875122070312, 638.4614868164062, 638.8284912109375]"
18.882043600082,"[-78.65340423583984, -62.85736846923828, -16.846553802490234]","[-78.65340423583984, -62.85736846923828, -16.846553802490234]","[-5.7394700050354, 1.321067214012146, -4.043798446655273]","[-5.7394700050354, 1.321067214012146, -4.043798446655273]","[-0.014224938116967678, 0.019902784377336502, -0.9366075992584229, -0.34952497482299805]","[[-0.7552598316291943, -0.6553017268519037, 0.012733329861873255], [0.6541692633474119, -0.754872287706116, -0.04722614046281404], [0.040559410695457654, -0.027338255914046705, 0.9988030606191953]]","[-0.01049417071044445, 0.02431139349937439, -1.2432126998901367]",[0.0],"[-0.014224938116967678, 0.019902784377336502, -0.9366075992584229, -0.34952497482299805]",[0.44],"[2.057766914367676, 0.5155086517333984, -14.366012153625489]","[669.8572998046875, 667.708740234375, 602.6074829101562, 601.8985595703125]"
18.913034439087,"[-78.8420639038086, -62.81357955932617, -16.981304168701172]","[-78.8420639038086, -62.81357955932617, -16.981304168701172]","[-5.694228649139404, 1.3329564332962036, -4.121328830718994]","[-5.694228649139404, 1.3329564332962036, -4.121328830718994]","[-0.013721896335482597, 0.019462546333670616, -0.9294093251228333, -0.3682815432548523]","[[-0.7283609686701413, -0.6851027272298059, 0.011171123626266155], [0.6840344750569453, -0.7279799681286443, -0.04628438642392663], [0.03984191002399928, -0.026070301788668093, 0.998865837702336]]","[-0.004488731734454632, 0.09469330310821533, -1.1899641752243042]",[0.0],"[-0.013721896335482597, 0.019462546333670616, -0.9294093251228333, -0.3682815432548523]",[0.44],"[2.2620677947998047, 0.5944609642028809, -13.686519203186036]","[669.857421875, 665.60498046875, 593.63134765625, 586.5662231445312]"
18.94504404068,"[-79.01227569580078, -62.77341842651367, -17.106006622314453]","[-79.01227569580078, -62.77341842651367, -17.106006622314453]","[-5.652770519256592, 1.3448244333267212, -4.192627906799316]","[-5.652770519256592, 1.3448244333267212, -4.192627906799316]","[-0.012671301141381264, 0.018686506897211075, -0.9228475093841553, -0.3845033049583435]","[[-0.7039934222331161, -0.7101493993739174, 0.009017310077751528], [0.7092022699492171, -0.7036161748983083, -0.04423390703232921], [0.037757404718169685, -0.024745278364395107, 0.9989805051747298]]","[-0.006724808365106583, 0.08422165364027023, -1.141982078552246]",[0.0],"[-0.012671301141381264, 0.018686506897211075, -0.9228475093841553, -0.3845033049583435]",[0.44],"[2.072906494140625, 0.5934000015258789, -13.374953804016114]","[668.3583984375, 669.847900390625, 596.3011474609375, 601.27197265625]"
18.97603392601,"[-79.19805145263672, -62.72881317138672, -17.245655059814453]","[-79.19805145263672, -62.72881317138672, -17.245655059814453]","[-5.606494426727295, 1.3586276769638062, -4.2661542892456055]","[-5.606494426727295, 1.3586276769638062, -4.2661542892456055]","[-0.011801261454820633, 0.018211767077445984, -0.915623128414154, -0.40145158767700195]","[[-0.6773947634940112, -0.7355865608809616, 0.00698873024970359], [0.7347268735816207, -0.6770099661176949, -0.04282550058606027], [0.036233301480281366, -0.023874959995543676, 0.9990581235359837]]","[-0.017147567123174667, 0.07752186059951782, -1.0856369733810425]",[0.0],"[-0.011801261454820633, 0.018211767077445984, -0.915623128414154, -0.40145158767700195]",[0.44],"[2.3138046264648438, 0.690162181854248, -13.486319122314454]","[669.8505249023438, 668.5173950195312, 575.6721801757812, 574.02197265625]"
19.006038665771,"[-79.36560821533203, -62.687862396240234, -17.374488830566406]","[-79.36560821533203, -62.687862396240234, -17.374488830566406]","[-5.563668251037598, 1.3716808557510376, -4.322375774383545]","[-5.563668251037598, 1.3716808557510376, -4.322375774383545]","[-0.010894615203142166, 0.017770953476428986, -0.9091610312461853, -0.41592279076576233]","[[-0.653779175048177, -0.7566688021426209, 0.005027230057268461], [0.7558943713429465, -0.6533849467541033, -0.0413759542969363], [0.03459260831520794, -0.023250679258496332, 0.9991310011442281]]","[-0.015006191097199917, 0.07392319291830063, -1.0254404544830322]",[0.0],"[-0.010894615203142166, 0.017770953476428986, -0.9091610312461853, -0.41592279076576233]",[0.44],"[2.1413087844848633, 0.6526589393615723, -12.621074256896973]","[668.132568359375, 669.8451538085938, 573.7819213867188, 574.9803466796875]"
19.038040161133,"[-79.53187561035156, -62.646507263183594, -17.505016326904297]","[-79.53187561035156, -62.646507263183594, -17.505016326904297]","[-5.520124435424805, 1.3855842351913452, -4.380006790161133]","[-5.520124435424805, 1.3855842351913452, -4.380006790161133]","[-0.010168235749006271, 0.017377832904458046, -0.9028521776199341, -0.4294794201850891]","[[-0.6308880874190246, -0.7758662633176675, 0.003433984377326338], [0.77515945571055, -0.6304908953026087, -0.0401133245477876], [0.033287670776846356, -0.022645132572633564, 0.9991892358105947]]","[-0.01598454639315605, 0.06348169595003128, -0.9674622416496277]",[0.0],"[-0.010168235749006271, 0.017377832904458046, -0.9028521776199341, -0.4294794201850891]",[0.44],"[2.1771907806396484, 0.6951689720153809, -12.691550788879395]","[669.8279418945312, 669.162109375, 582.85595703125, 583.5775146484375]"
19.069580793381,"[-79.71324157714844, -62.60051345825195, -17.65066909790039]","[-79.71324157714844, -62.60051345825195, -17.65066909790039]","[-5.471392631530762, 1.401867151260376, -4.446554660797119]","[-5.471392631530762, 1.401867151260376, -4.446554660797119]","[-0.009376563131809235, 0.017070850357413292, -0.8961041569709778, -0.4434162676334381]","[[-0.606588148145184, -0.795014453201939, 0.001665768899403841], [0.7943741895775791, -0.6061811601536631, -0.03890996119088741], [0.03194373990265642, -0.0222790786823428, 0.99924133226382]]","[-0.0206349678337574, 0.05768072232604027, -0.9075158834457397]",[0.0],"[-0.009376563131809235, 0.017070850357413292, -0.8961041569709778, -0.4434162676334381]",[0.44],"[2.4365901947021484, 0.8141458034515381, -13.137393531799317]","[669.150634765625, 669.8543701171875, 579.7909545898438, 580.681640625]"
19.101578950882,"[-79.89299011230469, -62.55398178100586, -17.798295974731445]","[-79.89299011230469, -62.55398178100586, -17.798295974731445]","[-5.421688079833984, 1.418287992477417, -4.495197772979736]","[-5.421688079833984, 1.418287992477417, -4.495197772979736]","[-0.008687767200171947, 0.01685524359345436, -0.8896327614784241, -0.4562827944755554]","[[-0.5834610990646425, -0.8121411137936454, 7.63293539661758e-05], [0.811555376063877, -0.583043855189302, -0.037918111198567694], [0.03083935994751641, -0.02206179641517758, 0.9992808469289619]]","[-0.02172653190791607, 0.04912267625331879, -0.8320553302764893]",[0.0],"[-0.008687767200171947, 0.01685524359345436, -0.8896327614784241, -0.4562827944755554]",[0.44],"[2.485227584838867, 0.8210420608520508, -12.24215560913086]","[669.6727294921875, 669.857421875, 547.1826782226562, 547.899658203125]"
19.132584095001,"[-80.0549545288086, -62.51120376586914, -17.9337100982666]","[-80.0549545288086, -62.51120376586914, -17.9337100982666]","[-5.375707626342773, 1.4336308240890503, -4.533205032348633]","[-5.375707626342773, 1.4336308240890503, -4.533205032348633]","[-0.008113102987408638, 0.016732290387153625, -0.884131133556366, -0.4668687582015991]","[[-0.5639356617305293, -0.8258179104119179, -0.0012774733880036582], [0.8252749072314132, -0.563507367527498, -0.03716258636776315], [0.02996966115167221, -0.02201156910019053, 0.9993084160366313]]","[-0.022780101746320724, 0.0438045971095562, -0.7581297159194946]",[0.0],"[-0.008113102987408638, 0.016732290387153625, -0.884131133556366, -0.4668687582015991]",[0.44],"[2.299022674560547, 0.767141580581665, -11.710362968444825]","[669.5084228515625, 669.857421875, 554.5609130859375, 555.1338500976562]"
19.162621498108,"[-80.21552276611328, -62.46795654296875, -18.070348739624023]","[-80.21552276611328, -62.46795654296875, -18.070348739624023]","[-5.328993320465088, 1.4497085809707642, -4.576794147491455]","[-5.328993320465088, 1.4497085809707642, -4.576794147491455]","[-0.0075909956358373165, 0.01665632426738739, -0.8790104389190674, -0.47645100951194763]","[[-0.5458735697335837, -0.8378636981587053, -0.002526716212529978], [0.837357945819414, -0.5454339498868697, -0.03651564087789996], [0.029216973835290316, -0.02204869074231805, 0.9993298872943127]]","[-0.022602546960115433, 0.03847924992442131, -0.6901221871376038]",[0.0],"[-0.0075909956358373165, 0.01665632426738739, -0.8790104389190674, -0.47645100951194763]",[0.44],"[2.3357152938842773, 0.8038878440856934, -11.989455757141114]","[669.539794921875, 669.857421875, 565.9714965820312, 566.4456176757812]"
19.194584608078,"[-80.37469482421875, -62.42422103881836, -18.208213806152344]","[-80.37469482421875, -62.42422103881836, -18.208213806152344]","[-5.2816290855407715, 1.4658150672912598, -4.60910701751709]","[-5.2816290855407715, 1.4658150672912598, -4.60910701751709]","[-0.007114273030310869, 0.016618110239505768, -0.874296247959137, -0.485056072473526]","[[-0.529340181566714, -0.8484018599737813, -0.0036814661346981636], [0.8479289568798147, -0.528889084152349, -0.035959945530316256], [0.028561395004128853, -0.022156660191968575, 0.9993464510626356]]","[-0.02225560136139393, 0.03430523723363876, -0.6123243570327759]",[0.0],"[-0.007114273030310869, 0.016618110239505768, -0.874296247959137, -0.485056072473526]",[0.44],"[2.3682117462158203, 0.8053243160247803, -11.425643501281739]","[669.5635986328125, 669.857421875, 521.8563232421875, 522.2152709960938]"
19.225580692291,"[-80.54812622070312, -62.37556838989258, -18.36042022705078]","[-80.54812622070312, -62.37556838989258, -18.36042022705078]","[-5.228987693786621, 1.4825530052185059, -4.606138706207275]","[-5.228987693786621, 1.4825530052185059, -4.606138706207275]","[-0.006626791786402464, 0.016608359292149544, -0.8698082566261292, -0.49306583404541016]","[[-0.5136844817867265, -0.8579655873037787, -0.004849952631508947], [0.8575253467480074, -0.513220635328733, -0.03542706532106554], [0.027906105474529264, -0.022357286844234325, 0.9993604960644851]]","[-0.021277770400047302, 0.03025621920824051, -0.4908709228038788]",[0.0],"[-0.006626791786402464, 0.016608359292149544, -0.8698082566261292, -0.49306583404541016]",[0.44],"[2.6320695877075195, 0.8368968963623047, -9.661584434509278]","[669.5607299804688, 669.857421875, 438.1247253417969, 438.4620361328125]"
19.2575776577,"[-80.71981048583984, -62.326377868652344, -18.51182746887207]","[-80.71981048583984, -62.326377868652344, -18.51182746887207]","[-5.175986289978027, 1.4981929063796997, -4.564016819000244]","[-5.175986289978027, 1.4981929063796997, -4.564016819000244]","[-0.006166033446788788, 0.016627898439764977, -0.866415798664093, -0.4990082383155823]","[[-0.5019056463625227, -0.8649022990361733, -0.005910219027857044], [0.8644921863244558, -0.5014287122864101, -0.03496715078894286], [0.027279614201413116, -0.022659544838234735, 0.9993709860500198]]","[-0.019822608679533005, 0.02638131193816662, -0.33147427439689636]",[0.0],"[-0.006166033446788788, 0.016627898439764977, -0.866415798664093, -0.4990082383155823]",[0.44],"[2.6500701904296875, 0.7819950580596924, -7.703905639648438]","[669.5350341796875, 669.857421875, 381.8854675292969, 382.2045593261719]"
19.289082527161,"[-80.8743667602539, -62.281219482421875, -18.648035049438477]","[-80.8743667602539, -62.281219482421875, -18.648035049438477]","[-5.127554416656494, 1.5122309923171997, -4.517460346221924]","[-5.127554416656494, 1.5122309923171997, -4.517460346221924]","[-0.005768538918346167, 0.016665711998939514, -0.8645078539848328, -0.5023098587989807]","[[-0.49530315111578505, -0.868693909747998, -0.006768808480088706], [0.8683093625149267, -0.4948142112854268, -0.03461046576976673], [0.026716597283798438, -0.023020089891563178, 0.9993779560046319]]","[-0.01784675382077694, 0.022741762921214104, -0.17680631577968597]",[0.0],"[-0.005768538918346167, 0.016665711998939514, -0.8645078539848328, -0.5023098587989807]",[0.44],"[2.42159366607666, 0.701904296875, -7.482176361083985]","[669.4844970703125, 669.857421875, 389.2140808105469, 389.4505615234375]"
19.320085287094,"[-81.02747344970703, -62.23563766479492, -18.78298568725586]","[-81.02747344970703, -62.23563766479492, -18.78298568725586]","[-5.078941822052002, 1.5265955924987793, -4.4812164306640625]","[-5.078941822052002, 1.5265955924987793, -4.4812164306640625]","[-0.005397377070039511, 0.016714924946427345, -0.8637321591377258, -0.5036448836326599]","[[-0.4926252628893648, -0.8702089990626786, -0.007512996558372731], [0.8698481320521455, -0.49212474881590795, -0.03431115912032873], [0.026160549159915447, -0.023437713734882182, 0.9993829592095982]]","[-0.01538153551518917, 0.01911657489836216, -0.029951293021440506]",[0.0],"[-0.005397377070039511, 0.016714924946427345, -0.8637321591377258, -0.5036448836326599]",[0.44],"[2.4306297302246094, 0.7182300090789795, -7.997804222106934]","[669.4654541015625, 669.857421875, 414.6253356933594, 414.7792663574219]"
19.351054430008,"[-81.19419860839844, -62.18499755859375, -18.930383682250977]","[-81.19419860839844, -62.18499755859375, -18.930383682250977]","[-5.025436878204346, 1.5426326990127563, -4.453420639038086]","[-5.025436878204346, 1.5426326990127563, -4.453420639038086]","[-0.005024465266615152, 0.016774123534560204, -0.8641170263290405, -0.5029863119125366]","[[-0.49395921282419275, -0.8694466342702994, -0.008190857094265369], [0.8691095102659901, -0.4934469608859182, -0.034044086003495067], [0.02555776103458951, -0.023935136988345485, 0.9993867670568638]]","[-0.012347182258963585, 0.01523499470204115, 0.1218944862484932]",[0.0],"[-0.005024465266615152, 0.016774123534560204, -0.8641170263290405, -0.5029863119125366]",[0.44],"[2.6752471923828125, 0.8018553256988525, -8.420210418701172]","[669.4600219726562, 669.857421875, 432.0685119628906, 432.1748962402344]"
19.383057832718,"[-81.34423828125, -62.13849639892578, -19.063745498657227]","[-81.34423828125, -62.13849639892578, -19.063745498657227]","[-4.976905822753906, 1.5573723316192627, -4.441091060638428]","[-4.976905822753906, 1.5573723316192627, -4.441091060638428]","[-0.004720243159681559, 0.016827397048473358, -0.8655237555503845, -0.500562846660614]","[[-0.4988290654269374, -0.8666569286729984, -0.008675374363587285], [0.8663392110497452, -0.49830730423505654, -0.03385458048494522], [0.02501730471030167, -0.02440346707318325, 0.999389116026173]]","[-0.00940212607383728, 0.0117479944601655, 0.2488727867603302]",[0.0],"[-0.004720243159681559, 0.016827397048473358, -0.8655237555503845, -0.500562846660614]",[0.44],"[2.4265527725219727, 0.7369816303253174, -9.19352108001709]","[669.4487915039062, 669.857421875, 466.3717956542969, 466.4543151855469]"
19.413794755936,"[-81.50759887695312, -62.086822509765625, -19.210634231567383]","[-81.50759887695312, -62.086822509765625, -19.210634231567383]","[-4.923540115356445, 1.574639916419983, -4.471476078033447]","[-4.923540115356445, 1.574639916419983, -4.471476078033447]","[-0.0044319904409348965, 0.016879815608263016, -0.8680158853530884, -0.49622973799705505]","[[-0.5074730108005496, -0.8616202130949308, -0.009058456740524856], [0.8613209683692485, -0.5069424395291489, -0.033702467090227756], [0.02444660916638297, -0.02490532526898545, 0.999390858571525]]","[-0.006030697375535965, 0.007894420064985752, 0.3477054536342621]",[0.0],"[-0.0044319904409348965, 0.016879815608263016, -0.8680158853530884, -0.49622973799705505]",[0.44],"[2.668285369873047, 0.8633792400360107, -11.329250869750977]","[669.4506225585938, 669.857421875, 558.2891235351562, 558.353759765625]"
19.444796562195,"[-81.65457916259766, -62.039337158203125, -19.345687866210938]","[-81.65457916259766, -62.039337158203125, -19.345687866210938]","[-4.875136375427246, 1.5912196636199951, -4.539270401000977]","[-4.875136375427246, 1.5912196636199951, -4.539270401000977]","[-0.004339604638516903, 0.016999589279294014, -0.8708023428916931, -0.4913201630115509]","[[-0.5171714128426532, -0.8558330411137528, -0.00914660617877594], [0.8555379551277956, -0.5166311051081611, -0.03387083486201509], [0.024262357724552652, -0.025342293828407858, 0.9993843635918334]]","[-0.018159495666623116, -0.040103211998939514, 0.39721280336380005]",[0.0],"[-0.004339604638516903, 0.016999589279294014, -0.8708023428916931, -0.4913201630115509]",[0.44],"[2.420186996459961, 0.8289873600006104, -13.199716148376465]","[667.607421875, 669.857421875, 612.9696655273438, 631.0352783203125]"
19.47541809082,"[-81.80010986328125, -61.9913444519043, -19.483163833618164]","[-81.80010986328125, -61.9913444519043, -19.483163833618164]","[-4.826952934265137, 1.608767032623291, -4.6251959800720215]","[-4.826952934265137, 1.608767032623291, -4.6251959800720215]","[-0.005120788235217333, 0.021417545154690742, -0.8737407922744751, -0.4858931005001068]","[[-0.5277633666497614, -0.8493085946098398, -0.011864791701210242], [0.8488698957568181, -0.5268983891131547, -0.04240307708929611], [0.029761757980044656, -0.03245045439883923, 0.9990301325747937]]","[-0.5254566669464111, -0.4064810872077942, 0.42549705505371094]",[0.0],"[-0.005120788235217333, 0.021417545154690742, -0.8737407922744751, -0.4858931005001068]",[0.44],"[2.4091720581054688, 0.8773684501647949, -14.106278953552247]","[662.968017578125, 665.3328857421875, 597.3695678710938, 659.3609619140625]"
19.507450342178,"[-81.9584732055664, -61.93784713745117, -19.63744354248047]","[-81.9584732055664, -61.93784713745117, -19.63744354248047]","[-4.7717814445495605, 1.6358752250671387, -4.730117321014404]","[-4.7717814445495605, 1.6358752250671387, -4.730117321014404]","[-0.008153337985277176, 0.036381229758262634, -0.8767979145050049, -0.47941160202026367]","[[-0.5401963535180987, -0.8412874426068194, -0.020585507800261027], [0.8401009287566629, -0.537682119601256, -0.071615582409013], [0.04918082676724289, -0.0559803631076754, 0.9972198584019487]]","[-0.7741237878799438, -0.7096376419067383, 0.43503308296203613]",[0.0],"[-0.008153337985277176, 0.036381229758262634, -0.8767979145050049, -0.47941160202026367]",[0.44],"[2.7585744857788086, 1.3554096221923828, -15.056067047119141]","[659.3942260742188, 659.1746215820312, 658.0333251953125, 667.5255737304688]"
19.538741350174,"[-82.10083770751953, -61.88825988769531, -19.780649185180664]","[-82.10083770751953, -61.88825988769531, -19.780649185180664]","[-4.7186408042907715, 1.6716618537902832, -4.81361722946167]","[-4.7186408042907715, 1.6716618537902832, -4.81361722946167]","[-0.010644568130373955, 0.054222047328948975, -0.8791171312332153, -0.47339174151420593]","[[-0.5515739216885223, -0.8334879200528518, -0.03262089443105198], [0.8311792389450063, -0.5459204745168011, -0.10541316268464318], [0.07005218322301543, -0.08525696010502581, 0.9938933255055501]]","[-1.202284574508667, -0.7928372621536255, 0.42501741647720337]",[0.0],"[-0.010644568130373955, 0.054222047328948975, -0.8791171312332153, -0.47339174151420593]",[0.44],"[2.657032012939453, 1.7893314361572266, -13.984995422363282]","[648.147705078125, 637.4558715820312, 642.0927734375, 669.7728881835938]"
19.569734573364,"[-82.2554931640625, -61.83219909667969, -19.941152572631836]","[-82.2554931640625, -61.83219909667969, -19.941152572631836]","[-4.652564525604248, 1.7301689386367798, -4.918343544006348]","[-4.652564525604248, 1.7301689386367798, -4.918343544006348]","[-0.011582517996430397, 0.08041908591985703, -0.8807029128074646, -0.46664872765541077]","[[-0.5642097000154758, -0.8238206984278815, -0.05465341357322262], [0.8200948763881886, -0.5515435507013804, -0.15246058100202398], [0.09545644292162714, -0.1308407118577034, 0.986797231793354]]","[-1.3575721979141235, -0.7682250142097473, 0.41459932923316956]",[0.0],"[-0.011582517996430397, 0.08041908591985703, -0.8807029128074646, -0.46664872765541077]",[0.44],"[3.303813934326172, 2.925354242324829, -15.046315727233887]","[660.280029296875, 653.149658203125, 669.3096313476562, 646.9807739257812]"
19.600735664368,"[-82.39405822753906, -61.77925109863281, -20.09027099609375]","[-82.39405822753906, -61.77925109863281, -20.09027099609375]","[-4.583245754241943, 1.8029757738113403, -5.023902893066406]","[-4.583245754241943, 1.8029757738113403, -5.023902893066406]","[-0.01083635538816452, 0.1023278757929802, -0.8816819787025452, -0.4604873061180115]","[[-0.5756682114662777, -0.8142244409074834, -0.07513293720825409], [0.8097889959946486, -0.5549610763338677, -0.19042129621283266], [0.11334981425049762, -0.17046127980949954, 0.9788231584751956]]","[-1.3189733028411865, -0.5981673002243042, 0.4129994809627533]",[0.0],"[-0.01083635538816452, 0.1023278757929802, -0.8816819787025452, -0.4604873061180115]",[0.44],"[3.4659385681152344, 3.6403417587280273, -15.08796745300293]","[669.7047729492188, 655.1892700195312, 658.9166259765625, 662.4989013671875]"
19.631746768951,"[-82.53041076660156, -61.72385787963867, -20.242660522460938]","[-82.53041076660156, -61.72385787963867, -20.242660522460938]","[-4.504244804382324, 1.8931289911270142, -5.1358442306518555]","[-4.504244804382324, 1.8931289911270142, -5.1358442306518555]","[-0.008084863424301147, 0.12502551078796387, -0.8820199966430664, -0.4542510211467743]","[[-0.5871813056520523, -0.803338596652523, -0.09932390946893577], [0.7992953399354263, -0.556049278989649, -0.2278951161436371], [0.12784795431038276, -0.2132048862783531, 0.9686065132712383]]","[-1.516202688217163, -0.5784024596214294, 0.4120073914527893]",[0.0],"[-0.008084863424301147, 0.12502551078796387, -0.8820199966430664, -0.4542510211467743]",[0.44],"[3.950047492980957, 4.507660865783691, -15.407066879272461]","[668.9945068359375, 658.5447998046875, 654.7559814453125, 668.9109497070312]"
19.662570953369,"[-82.6642074584961, -61.665470123291016, -20.398515701293945]","[-82.6642074584961, -61.665470123291016, -20.398515701293945]","[-4.413436412811279, 2.002026319503784, -5.2533040046691895]","[-4.413436412811279, 2.002026319503784, -5.2533040046691895]","[-0.00467118201777339, 0.14888612926006317, -0.881654679775238, -0.44776782393455505]","[[-0.5989641077112435, -0.7909441432687416, -0.12509609725353105], [0.7881622464299596, -0.5546735886220413, -0.2667155152461126], [0.14156957519773844, -0.2583490952169102, 0.9556222011450252]]","[-1.4283382892608643, -0.5519817471504211, 0.4113374650478363]",[0.0],"[-0.00467118201777339, 0.14888612926006317, -0.881654679775238, -0.44776782393455505]",[0.44],"[4.540419578552246, 5.444866418838501, -15.6829887008667]","[658.3201904296875, 668.5270385742188, 667.2760620117188, 645.8372192382812]"
19.693570613861,"[-82.80805206298828, -61.59718322753906, -20.573877334594727]","[-82.80805206298828, -61.59718322753906, -20.573877334594727]","[-4.302118301391602, 2.1392908096313477, -5.373144626617432]","[-4.302118301391602, 2.1392908096313477, -5.373144626617432]","[-0.0015934084076434374, 0.1719980686903, -0.8811694979667664, -0.4404025673866272]","[[-0.6120860395603924, -0.7766867447521977, -0.14868865630026076], [0.7755904920771994, -0.5529244461947131, -0.30452238598541326], [0.15430490784673753, -0.3017154213709269, 0.9408282508329066]]","[-1.3193156719207764, -0.515099823474884, 0.4193359911441803]",[0.0],"[-0.0015934084076434374, 0.1719980686903, -0.8811694979667664, -0.4404025673866272]",[0.44],"[5.565905570983887, 6.863224506378174, -15.80203109741211]","[669.692626953125, 651.3766479492188, 638.4699096679688, 651.1980590820312]"
19.724603891373,"[-82.93547821044922, -61.53095626831055, -20.73658561706543]","[-82.93547821044922, -61.53095626831055, -20.73658561706543]","[-4.191544055938721, 2.2788007259368896, -5.474088191986084]","[-4.191544055938721, 2.2788007259368896, -5.474088191986084]","[0.0021520894952118397, 0.1939496248960495, -0.8800724744796753, -0.43341827392578125]","[[-0.624288034668194, -0.762044191736466, -0.1719106127567026], [0.7637137795378222, -0.5490643836519482, -0.3395139427846452], [0.1643346338472914, -0.3432449624420393, 0.9247578230269726]]","[-1.3659616708755493, -0.5046292543411255, 0.4277450144290924]",[0.0],"[0.0021520894952118397, 0.1939496248960495, -0.8800724744796753, -0.43341827392578125]",[0.44],"[5.528712272644043, 6.9754958152771, -14.857178268432618]","[647.046875, 669.6380004882812, 653.8692016601562, 629.8218383789062]"
19.755580425262,"[-83.0594711303711, -61.460357666015625, -20.902130126953125]","[-83.0594711303711, -61.460357666015625, -20.902130126953125]","[-4.073422908782959, 2.4298412799835205, -5.561120986938477]","[-4.073422908782959, 2.4298412799835205, -5.561120986938477]","[0.004039723891764879, 0.2131180614233017, -0.8792700171470642, -0.42596787214279175]","[[-0.6370701423172496, -0.7473596802371852, -0.18866691047052425], [0.7508034327351786, -0.5462641648458406, -0.37133505786359217], [0.1744588780881982, -0.3782182282244701, 0.9091287450521042]]","[-1.0538259744644165, -0.5705392360687256, 0.44393545389175415]",[0.0],"[0.004039723891764879, 0.2131180614233017, -0.8792700171470642, -0.42596787214279175]",[0.44],"[5.906057357788086, 7.552027702331543, -14.16163974761963]","[660.6329956054688, 669.8564453125, 636.9618530273438, 624.2099609375]"
19.786853790283,"[-83.1916732788086, -61.37724685668945, -21.087108612060547]","[-83.1916732788086, -61.37724685668945, -21.087108612060547]","[-3.938912868499756, 2.6068015098571777, -5.64226770401001]","[-3.938912868499756, 2.6068015098571777, -5.64226770401001]","[0.004659444093704224, 0.23062793910503387, -0.8790187835693359, -0.4172710180282593]","[[-0.6517265363271005, -0.7314289293944656, -0.20066018763094817], [0.7357273213492901, -0.5453914645739548, -0.4015640790175681], [0.18427723211351932, -0.40934108293927096, 0.8935780865698049]]","[-0.8488048911094666, -0.4809964895248413, 0.48407331109046936]",[0.0],"[0.004659444093704224, 0.23062793910503387, -0.8790187835693359, -0.4172710180282593]",[0.44],"[6.725502014160156, 8.848011493682861, -13.86733585357666]","[664.3909301757812, 669.857421875, 594.7101440429688, 574.89599609375]"
19.818097352982,"[-83.30802917480469, -61.296634674072266, -21.257110595703125]","[-83.30802917480469, -61.296634674072266, -21.257110595703125]","[-3.818344831466675, 2.7672595977783203, -5.6871137619018555]","[-3.818344831466675, 2.7672595977783203, -5.6871137619018555]","[0.005103015340864658, 0.24332810938358307, -0.879557192325592, -0.40883317589759827]","[[-0.665658846775735, -0.7167009064939969, -0.20793799518010758], [0.7216677347941889, -0.5472937906744952, -0.423869413469718], [0.1899844197976862, -0.43221454134355747, 0.8815307808364838]]","[-0.6636016368865967, -0.4445551931858063, 0.5434719920158386]",[0.0],"[0.005103015340864658, 0.24332810938358307, -0.879557192325592, -0.40883317589759827]",[0.44],"[6.028401851654053, 8.022904396057129, -12.052302894592286]","[663.890869140625, 669.857421875, 565.3379516601562, 553.2517700195312]"
19.849042415619,"[-83.43184661865234, -61.20234298706055, -21.44542694091797]","[-83.43184661865234, -61.20234298706055, -21.44542694091797]","[-3.6855475902557373, 2.948591709136963, -5.724462032318115]","[-3.6855475902557373, 2.948591709136963, -5.724462032318115]","[0.0049572959542274475, 0.2547146677970886, -0.8810544610023499, -0.39854609966278076]","[[-0.6822730504862449, -0.6997562460616544, -0.21176637018482314], [0.704807030030266, -0.5525630760706379, -0.44488356675585017], [0.19429577932489916, -0.4527864106255759, 0.870191726451682]]","[-0.5068644285202026, -0.4725756049156189, 0.6145367622375488]",[0.0],"[0.0049572959542274475, 0.2547146677970886, -0.8810544610023499, -0.39854609966278076]",[0.44],"[6.639862060546875, 9.066605567932129, -11.677413520812989]","[657.3932495117188, 669.857421875, 564.7369384765625, 561.8485717773438]"
19.881042003632,"[-83.54064178466797, -61.111412048339844, -21.61748695373535]","[-83.54064178466797, -61.111412048339844, -21.61748695373535]","[-3.5672879219055176, 3.115203857421875, -5.745635032653809]","[-3.5672879219055176, 3.115203857421875, -5.745635032653809]","[0.001992098055779934, 0.2638896107673645, -0.8832329511642456, -0.3876311779022217]","[[-0.6994763453865076, -0.6836858704826035, -0.20810265460545474], [0.6857886464048043, -0.5602088289539331, -0.46460760076756946], [0.20106470802619447, -0.46769639803100427, 0.8607166097487701]]","[-0.3549056649208069, -0.6970434188842773, 0.6771894693374634]",[0.0],"[0.001992098055779934, 0.2638896107673645, -0.8832329511642456, -0.3876311779022217]",[0.44],"[5.912983417510986, 8.330607414245605, -10.868650016784668]","[658.4297485351562, 669.857421875, 559.072509765625, 557.3209838867188]"
19.912053585052,"[-83.65626525878906, -61.0054931640625, -21.807416915893555]","[-83.65626525878906, -61.0054931640625, -21.807416915893555]","[-3.4412448406219482, 3.304105043411255, -5.762734889984131]","[-3.4412448406219482, 3.304105043411255, -5.762734889984131]","[-0.002368977991864085, 0.2723102867603302, -0.8864126205444336, -0.37431833148002625]","[[-0.7197604522718866, -0.6648911804026468, -0.1996616803903879], [0.6623107920974732, -0.5714658918343518, -0.48453205355531587], [0.20806124834950923, -0.480985045998406, 0.8516829913355616]]","[-0.2463255226612091, -0.5787688493728638, 0.7572169899940491]",[0.0],"[-0.002368977991864085, 0.2723102867603302, -0.8864126205444336, -0.37431833148002625]",[0.44],"[6.302154064178467, 9.445059299468994, -10.664992866516114]","[669.8408813476562, 667.288330078125, 556.4692993164062, 542.4373168945312]"
19.943042039871,"[-83.7578353881836, -60.903743743896484, -21.980472564697266]","[-83.7578353881836, -60.903743743896484, -21.980472564697266]","[-3.3309438228607178, 3.4794676303863525, -5.773231029510498]","[-3.3309438228607178, 3.4794676303863525, -5.773231029510498]","[-0.005513065028935671, 0.2781899571418762, -0.8899165391921997, -0.36142563819885254]","[[-0.7386821979648417, -0.6463446648907498, -0.19127763009924414], [0.64020994759427, -0.5839636812276703, -0.4991168138884794], [0.21090230110281205, -0.49114656170242, 0.8451599077187756]]","[-0.16266247630119324, -0.5728131532669067, 0.8279083371162415]",[0.0],"[-0.005513065028935671, 0.2781899571418762, -0.8899165391921997, -0.36142563819885254]",[0.44],"[5.515050888061523, 8.768129348754883, -10.33480697631836]","[664.37939453125, 669.8539428710938, 560.15283203125, 558.134765625]"
19.975042104721,"[-83.86580657958984, -60.7856559753418, -22.171192169189453]","[-83.86580657958984, -60.7856559753418, -22.171192169189453]","[-3.2128868103027344, 3.6809241771698, -5.789406776428223]","[-3.2128868103027344, 3.6809241771698, -5.789406776428223]","[-0.01030993927270174, 0.2836456298828125, -0.8943400382995605, -0.34582480788230896]","[[-0.7605978949145538, -0.6244186822909228, -0.17774220795373186], [0.6127212054146867, -0.5999007979069324, -0.5144821525223158], [0.21462457388978873, -0.5002204214492743, 0.8388777236011515]]","[-0.02507423609495163, -0.7374003529548645, 0.8810256719589233]",[0.0],"[-0.01030993927270174, 0.2836456298828125, -0.8943400382995605, -0.34582480788230896]",[0.44],"[5.90285062789917, 10.072827339172363, -10.618787345886231]","[646.2842407226562, 669.857421875, 626.6364135742188, 629.0408325195312]"
20.005043029785,"[-83.9605941772461, -60.67222213745117, -22.345415115356445]","[-83.9605941772461, -60.67222213745117, -22.345415115356445]","[-3.1069257259368896, 3.8838744163513184, -5.827897548675537]","[-3.1069257259368896, 3.8838744163513184, -5.827897548675537]","[-0.017321638762950897, 0.2872207760810852, -0.898876428604126, -0.33049267530441284]","[[-0.7809492162254585, -0.6040944203718892, -0.15870869980247093], [0.5841938822579253, -0.616557746139085, -0.527801320320191], [0.2209887509577193, -0.504902621378494, 0.8344083732358899]]","[0.06773126125335693, -0.7743608355522156, 0.891197919845581]",[0.0],"[-0.017321638762950897, 0.2872207760810852, -0.898876428604126, -0.33049267530441284]",[0.44],"[5.298054218292236, 10.147511959075928, -11.734538612365723]","[669.3091430664062, 660.2406005859375, 665.53955078125, 660.5034790039062]"
