t,p,p_d,v,v_d,q,R,w,T_sp,q_sp,hover_throttle,fa,pwm
0.34121561050415,"[0.030004184693098068, 0.2209557592868805, -0.4877799451351166]","[0.030004184693098068, 0.2209557592868805, -0.4877799451351166]","[0.07488218694925308, -0.0307509396225214, -1.875502347946167]","[0.07488218694925308, -0.0307509396225214, -1.875502347946167]","[-0.000585875241085887, 0.009474043734371662, -0.2742730975151062, 0.9616050720214844]","[[0.8493690209495766, 0.5274737021638247, 0.01854195664931038], [-0.5274959045944525, 0.8495478494593418, -0.004070189435239402], [-0.017899197380790238, -0.006323711848839397, 0.9998197984910422]]","[0.004172314424067736, 0.01413730252534151, 0.03540588542819023]",[0.0],"[-0.000585875241085887, 0.009474043734371662, -0.2742730975151062, 0.9616050720214844]",[0.44],"[0.17642192542552948, -0.006876327097415924, -14.415156183242798]","[592.5665283203125, 592.7197875976562, 597.2384643554688, 597.5239868164062]"
0.37321519851685,"[0.03254248946905136, 0.21993939578533173, -0.551069974899292]","[0.03254248946905136, 0.21993939578533173, -0.551069974899292]","[0.07896155118942261, -0.030832912772893906, -1.9584022760391235]","[0.07896155118942261, -0.030832912772893906, -1.9584022760391235]","[-0.0004657997633330524, 0.009658893570303917, -0.2737392783164978, 0.9617553949356079]","[[0.849947026563521, 0.526531457232665, 0.018834001382806866], [-0.5265494536740215, 0.8501331810746868, -0.004392066239851125], [-0.018323970618587725, -0.006184007981232295, 0.9998129776111561]]","[0.0031635414343327284, 0.011287331581115723, 0.0319378487765789]",[0.0],"[-0.0004657997633330524, 0.009658893570303917, -0.2737392783164978, 0.9617553949356079]",[0.44],"[0.20396821200847626, -0.004098657518625259, -13.954996404647828]","[585.7437744140625, 585.8824462890625, 590.845947265625, 591.0676879882812]"
0.40421938896179,"[0.03496767580509186, 0.21901409327983856, -0.6108472347259521]","[0.03496767580509186, 0.21901409327983856, -0.6108472347259521]","[0.08272351324558258, -0.03084409050643444, -2.0253796577453613]","[0.08272351324558258, -0.03084409050643444, -2.0253796577453613]","[-0.0003785401349887252, 0.009794451296329498, -0.27330079674720764, 0.9618787169456482]","[[0.8504214864422907, 0.5257570242450232, 0.019049059133186545], [-0.5257718546166866, 0.8506130624094154, -0.00462544328726637], [-0.01863523785121369, -0.00608188208468792, 0.99980785086234]]","[0.002516835927963257, 0.0091714384034276, 0.028776865452528]",[0.0],"[-0.0003785401349887252, 0.009794451296329498, -0.27330079674720764, 0.9618787169456482]",[0.44],"[0.18809810280799866, -0.0005588866770267487, -13.15886908531189]","[579.1597900390625, 579.2625732421875, 585.8662109375, 586.0510864257812]"
0.43524193763733,"[0.03776674345135689, 0.21799665689468384, -0.678789496421814]","[0.03776674345135689, 0.21799665689468384, -0.678789496421814]","[0.08690734952688217, -0.03080483339726925, -2.091765880584717]","[0.08690734952688217, -0.03080483339726925, -2.091765880584717]","[-0.0003025175246875733, 0.009914971888065338, -0.27287930250167847, 0.9619971513748169]","[[0.8508771591973127, 0.5250122244460174, 0.01924145096682305], [-0.5250242222570292, 0.8510735894986894, -0.004829139232297226], [-0.01891124788229793, -0.005993223220258852, 0.9998032036312122]]","[0.0019039519829675555, 0.007308293133974075, 0.024440215900540352]",[0.0],"[-0.0003025175246875733, 0.009914971888065338, -0.27287930250167847, 0.9619971513748169]",[0.44],"[0.20919181406497955, 0.0019628554582595825, -13.129311141967774]","[578.417236328125, 578.5099487304688, 584.7750854492188, 584.927490234375]"
0.46620893478394,"[0.040430519729852676, 0.21707375347614288, -0.742431104183197]","[0.040430519729852676, 0.21707375347614288, -0.742431104183197]","[0.09065409004688263, -0.030711624771356583, -2.151405096054077]","[0.09065409004688263, -0.030711624771356583, -2.151405096054077]","[-0.00024773957557044923, 0.010003384202718735, -0.27255287766456604, 0.9620887637138367]","[[0.8512297223625138, 0.5244351657695885, 0.019383331349562632], [-0.5244450787062152, 0.8514297350037336, -0.004976207377703375], [-0.019113242812630132, -0.005929597225637632, 0.999799741859191]]","[0.0014842773089185357, 0.005938946269452572, 0.02092641592025757]",[0.0],"[-0.00024773957557044923, 0.010003384202718735, -0.27255287766456604, 0.9620887637138367]",[0.44],"[0.1873370260000229, 0.004660431295633316, -12.791960773468018]","[581.2095947265625, 581.2813720703125, 586.7532958984375, 586.8760986328125]"
0.4982168674469,"[0.04348241537809372, 0.216064453125, -0.8148642778396606]","[0.04348241537809372, 0.216064453125, -0.8148642778396606]","[0.09402613341808319, -0.03037833981215954, -2.252167224884033]","[0.09402613341808319, -0.03037833981215954, -2.252167224884033]","[-0.00020008363935630769, 0.010081980377435684, -0.2722327709197998, 0.962178647518158]","[[0.8515753442179936, 0.5238690841888153, 0.01951027113484672], [-0.5238771531461187, 0.8517785568077301, -0.005104258498004005], [-0.019292393840615978, -0.005874323320029457, 0.9997966272764125]]","[0.0011124027660116553, 0.004728612024337053, 0.020038850605487823]",[0.0],"[-0.00020008363935630769, 0.010081980377435684, -0.2722327709197998, 0.962178647518158]",[0.44],"[0.16860216856002808, 0.01666424795985222, -14.848106441497803]","[631.6038208007812, 631.6582641601562, 632.1727905273438, 632.261962890625]"
0.52911019325256,"[0.04633210226893425, 0.2151624858379364, -0.8846477270126343]","[0.04633210226893425, 0.2151624858379364, -0.8846477270126343]","[0.09582484513521194, -0.029714932665228844, -2.405834913253784]","[0.09582484513521194, -0.029714932665228844, -2.405834913253784]","[-0.0001660903071751818, 0.010139701887965202, -0.2719973921775818, 0.9622445702552795]","[[0.8518292101884359, 0.5234526592805454, 0.01960409843223869], [-0.5234593957053503, 0.8520347821252092, -0.005196305949466575], [-0.0194233939105682, -0.005835583934471976, 0.9997943177192661]]","[0.0008460731478407979, 0.003848838619887829, 0.010638649575412273]",[0.0],"[-0.0001660903071751818, 0.010139701887965202, -0.2719973921775818, 0.9622445702552795]",[0.44],"[0.08993558585643768, 0.03317035734653473, -17.49338441848755]","[652.0530395507812, 652.093994140625, 669.643798828125, 669.7105102539062]"
0.55911016464233,"[0.04923089221119881, 0.2142820805311203, -0.9592503905296326]","[0.04923089221119881, 0.2142820805311203, -0.9592503905296326]","[0.09742183238267899, -0.028973404318094254, -2.567241668701172]","[0.09742183238267899, -0.028973404318094254, -2.567241668701172]","[-0.00014043050759937614, 0.010186866857111454, -0.2719273269176483, 0.9622638821601868]","[[0.8519035132381159, 0.5233288294366698, 0.01968128188304439], [-0.5233345516242043, 0.8521110183093898, -0.005269912537408003], [-0.019528534312847644, -0.0058104373590732086, 0.999792416045816]]","[0.0006603508954867721, 0.003128589829429984, -0.0007036102470010519]",[0.0],"[-0.00014043050759937614, 0.010186866857111454, -0.2719273269176483, 0.9622638821601868]",[0.44],"[0.07984936237335205, 0.03707641735672951, -17.880337772369387]","[653.8954467773438, 653.93310546875, 669.8040161132812, 669.8568115234375]"
0.59031701087952,"[0.052177514880895615, 0.21342426538467407, -1.0386641025543213]","[0.052177514880895615, 0.21342426538467407, -1.0386641025543213]","[0.09901585429906845, -0.028209835290908813, -2.7265119552612305]","[0.09901585429906845, -0.028209835290908813, -2.7265119552612305]","[-0.00012108733062632382, 0.010225243866443634, -0.27201196551322937, 0.9622395038604736]","[[0.851809870011003, 0.5234788411841546, 0.019744141575402982], [-0.5234837937740938, 0.8520189519109762, -0.005329747338035526], [-0.019612392764193312, -0.005795807389818178, 0.9997908594514603]]","[0.00055238715140149, 0.0025551430881023407, -0.010816914029419422]",[0.0],"[-0.00012108733062632382, 0.010225243866443634, -0.27201196551322937, 0.9622395038604736]",[0.44],"[0.07970109581947327, 0.038178451359272, -17.773514328002932]","[655.8309936523438, 655.8609619140625, 669.8181762695312, 669.857421875]"
0.62098073959351,"[0.05517204850912094, 0.21258962154388428, -1.1228199005126953]","[0.05517204850912094, 0.21258962154388428, -1.1228199005126953]","[0.10061810910701752, -0.02742966264486313, -2.883326530456543]","[0.10061810910701752, -0.02742966264486313, -2.883326530456543]","[-0.00010650722833815962, 0.010256562381982803, -0.27223438024520874, 0.9621763229370117]","[[0.8515664902812232, 0.5238727651266792, 0.019795232815937133], [-0.5238771347188056, 0.8517768617374348, -0.0053794203403535745], [-0.019679253098744035, -0.005789335273668067, 0.9997895831686296]]","[0.0004947811248712242, 0.0020980106201022863, -0.01982087828218937]",[0.0],"[-0.00010650722833815962, 0.010256562381982803, -0.27223438024520874, 0.9621763229370117]",[0.44],"[0.08011274039745331, 0.03900863230228424, -17.650728759765627]","[657.537353515625, 657.5633544921875, 669.8290405273438, 669.857421875]"
0.65198636054993,"[0.05852186679840088, 0.2116987556219101, -1.2207756042480469]","[0.05852186679840088, 0.2116987556219101, -1.2207756042480469]","[0.1024010181427002, -0.02655685320496559, -3.05267596244812]","[0.1024010181427002, -0.02655685320496559, -3.05267596244812]","[-9.440238500246778e-05, 0.010284366086125374, -0.27262014150619507, 0.9620668292045593]","[[0.8511449805186975, 0.5245556484949532, 0.019839966924830876], [-0.5245595319697003, 0.8513564990666638, -0.0054258078689846815], [-0.019737022958599294, -0.00578909348181937, 0.9997884458047925]]","[0.0004842373600695282, 0.001702472218312323, -0.028583325445652008]",[0.0],"[-9.440238500246778e-05, 0.010284366086125374, -0.27262014150619507, 0.9620668292045593]",[0.44],"[0.08914545178413391, 0.04364047199487686, -18.27747159957886]","[658.650146484375, 658.6727905273438, 669.8351440429688, 669.857421875]"
0.68299102783203,"[0.061618611216545105, 0.21091407537460327, -1.31462824344635]","[0.061618611216545105, 0.21091407537460327, -1.31462824344635]","[0.10404900461435318, -0.02575293742120266, -3.2035164833068848]","[0.10404900461435318, -0.02575293742120266, -3.2035164833068848]","[-8.591260848334059e-05, 0.010304765775799751, -0.273084431886673, 0.9619349241256714]","[[0.850637409726878, 0.5253771339150025, 0.019871950961112647], [-0.5253806751522329, 0.8508497713603136, -0.0054628575381732904], [-0.01977810537759435, -0.005793426892264733, 0.9997876088426593]]","[0.0005032896297052503, 0.0014206848572939634, -0.0356251522898674]",[0.0],"[-8.591260848334059e-05, 0.010304765775799751, -0.273084431886673, 0.9619349241256714]",[0.44],"[0.08239932358264923, 0.04019578918814659, -17.352026042938235]","[660.0213012695312, 660.0405883789062, 669.841796875, 669.857421875]"
0.71383595466614,"[0.06476526707410812, 0.21015363931655884, -1.4129592180252075]","[0.06476526707410812, 0.21015363931655884, -1.4129592180252075]","[0.1057298555970192, -0.024940844625234604, -3.351182222366333]","[0.1057298555970192, -0.024940844625234604, -3.351182222366333]","[-7.903172809164971e-05, 0.01032140851020813, -0.27364450693130493, 0.961775541305542]","[[0.8500243047053768, 0.5263675561207861, 0.019897009710413242], [-0.5263708189957896, 0.8502373551606179, -0.005496771919093639], [-0.019810503317350965, -0.005800815051356274, 0.9997869245607027]]","[0.0005433546612039208, 0.0011983064468950033, -0.04188454896211624]",[0.0],"[-7.903172809164971e-05, 0.01032140851020813, -0.27364450693130493, 0.961775541305542]",[0.44],"[0.08404254913330078, 0.040604639798402786, -17.193286952972414]","[661.3303833007812, 661.34619140625, 669.84716796875, 669.857421875]"
0.74483180046082,"[0.06828657537698746, 0.20934513211250305, -1.5261257886886597]","[0.06828657537698746, 0.20934513211250305, -1.5261257886886597]","[0.10776319354772568, -0.024077996611595154, -3.5027244091033936]","[0.10776319354772568, -0.024077996611595154, -3.5027244091033936]","[-7.289012864930555e-05, 0.01033620722591877, -0.2743820548057556, 0.9615652561187744]","[[0.8492153016415084, 0.5276709947924351, 0.01991787498352232], [-0.5276740084223329, 0.849428965375201, -0.005531962324644982], [-0.019837876010426914, -0.005812316785537782, 0.999786315014424]]","[0.000605075852945447, 0.001010360661894083, -0.0545375719666481]",[0.0],"[-7.289012864930555e-05, 0.01033620722591877, -0.2743820548057556, 0.9615652561187744]",[0.44],"[0.1016668975353241, 0.043142400681972504, -17.38710933685303]","[635.4540405273438, 635.4679565429688, 669.8515625, 669.857421875]"
0.77582454681396,"[0.0715523511171341, 0.2086333930492401, -1.6330024003982544]","[0.0715523511171341, 0.2086333930492401, -1.6330024003982544]","[0.10999530553817749, -0.023379603400826454, -3.619813919067383]","[0.10999530553817749, -0.023379603400826454, -3.619813919067383]","[-7.011823618086055e-05, 0.010347084142267704, -0.27535176277160645, 0.9612878561019897]","[[0.8481486891766437, 0.5293831603786632, 0.019931667023924505], [-0.5293860624558218, 0.8483628036440038, -0.005563368098375191], [-0.01985443830418516, -0.005832983334103, 0.9997858658663715]]","[0.0006989578832872212, 0.0008844574331305921, -0.08164401352405548]",[0.0],"[-7.011823618086055e-05, 0.010347084142267704, -0.27535176277160645, 0.9612878561019897]",[0.44],"[0.11160559952259064, 0.03491966053843498, -15.664475498199463]","[623.8410034179688, 623.856201171875, 669.8568725585938, 669.8571166992188]"
0.80782723426819,"[0.07522477954626083, 0.2078743278980255, -1.754462480545044]","[0.07522477954626083, 0.2078743278980255, -1.754462480545044]","[0.11259695887565613, -0.022623853757977486, -3.739636182785034]","[0.11259695887565613, -0.022623853757977486, -3.739636182785034]","[-7.052823639241979e-05, 0.01035666186362505, -0.27691325545310974, 0.9608390927314758]","[[0.8464235770188067, 0.5321367013955784, 0.01994123158462592], [-0.532139623143963, 0.8466380879602573, -0.0056002613312324786], [-0.019863110770462752, -0.005871326477901453, 0.9997854691616208]]","[0.0009081077296286821, 0.0008054339559748769, -0.11614769697189331]",[0.0],"[-7.052823639241979e-05, 0.01035666186362505, -0.27691325545310974, 0.9608390927314758]",[0.44],"[0.13008266687393188, 0.037787482142448425, -15.801113185882569]","[616.1397705078125, 616.156982421875, 669.857421875, 669.8475341796875]"
0.83882761001587,"[0.07864119857549667, 0.20720548927783966, -1.8681190013885498]","[0.07864119857549667, 0.20720548927783966, -1.8681190013885498]","[0.11516573280096054, -0.021960144862532616, -3.83674955368042]","[0.11516573280096054, -0.021960144862532616, -3.83674955368042]","[-7.338302384596318e-05, 0.010363603942096233, -0.27886930108070374, 0.9602731466293335]","[[0.8442490172561823, 0.5355798814689903, 0.019944709680936056], [-0.5355829235193712, 0.8444638150593833, -0.005639246481583728], [-0.019862852590651604, -0.005921117470454682, 0.9997851806565263]]","[0.0011795181781053543, 0.0007856355514377356, -0.15536601841449738]",[0.0],"[-7.338302384596318e-05, 0.010363603942096233, -0.27886930108070374, 0.9602731466293335]",[0.44],"[0.12843869626522064, 0.0331854447722435, -14.665668544769288]","[610.7125244140625, 610.7314453125, 669.857421875, 669.8391723632812]"
0.86961579322815,"[0.0821351483464241, 0.206557035446167, -1.984641194343567]","[0.0821351483464241, 0.206557035446167, -1.984641194343567]","[0.11775555461645126, -0.02125987969338894, -3.931128978729248]","[0.11775555461645126, -0.02125987969338894, -3.931128978729248]","[-7.770950469421223e-05, 0.010369145311415195, -0.2813895344734192, 0.9595376253128052]","[[0.8414248214286864, 0.5400060798307083, 0.019942903419977617], [-0.5400093029552933, 0.8416398477001306, -0.005686407556935681], [-0.01985543685457736, -0.005984668331329756, 0.9997849495734873]]","[0.0015527034411206841, 0.0008120681741274893, -0.19427773356437683]",[0.0],"[-7.770950469421223e-05, 0.010369145311415195, -0.2813895344734192, 0.9595376253128052]",[0.44],"[0.12949109077453613, 0.03501325845718384, -14.528971252441407]","[613.7496948242188, 613.77099609375, 669.857421875, 669.82958984375]"
0.89978814125061,"[0.0857062116265297, 0.20593053102493286, -2.1039979457855225]","[0.0857062116265297, 0.20593053102493286, -2.1039979457855225]","[0.12030550837516785, -0.020493702962994576, -4.025702953338623]","[0.12030550837516785, -0.020493702962994576, -4.025702953338623]","[-8.17142499727197e-05, 0.010373502038419247, -0.284445583820343, 0.9586361050605774]","[[0.8379662006011263, 0.5453579178245539, 0.019935313694976236], [-0.5453613084763086, 0.8381814063357711, -0.005744725226515773], [-0.01984234066481651, -0.006058062147802951, 0.9997847675564805]]","[0.0019954314921051264, 0.0008790747378952801, -0.2301275134086609]",[0.0],"[-8.17142499727197e-05, 0.010373502038419247, -0.284445583820343, 0.9586361050605774]",[0.44],"[0.12749768793582916, 0.03830883651971817, -14.53869873046875]","[617.1199951171875, 617.14111328125, 669.857421875, 669.8250122070312]"
0.93078923225403,"[0.08972559869289398, 0.20526832342147827, -2.238389492034912]","[0.08972559869289398, 0.20526832342147827, -2.238389492034912]","[0.12339483946561813, -0.019654767587780952, -4.113281726837158]","[0.12339483946561813, -0.019654767587780952, -4.113281726837158]","[-8.50400683702901e-05, 0.010377176105976105, -0.2884525954723358, 0.9574379920959473]","[[0.8333748287626771, 0.5523491826962644, 0.019920065365944716], [-0.5523527125993265, 0.8335901858669195, -0.0058238055782683235], [-0.019821945252182494, -0.006149487947500934, 0.9997846139685047]]","[0.002525213174521923, 0.0009833687217906117, -0.28164124488830566]",[0.0],"[-8.50400683702901e-05, 0.010377176105976105, -0.2884525954723358, 0.9574379920959473]",[0.44],"[0.15446655452251434, 0.04194676876068115, -14.188938674926758]","[581.97900390625, 582.0017700195312, 669.857421875, 669.8203125]"
0.96178078651428,"[0.09347299486398697, 0.20469021797180176, -2.362790584564209]","[0.09347299486398697, 0.20469021797180176, -2.362790584564209]","[0.12642459571361542, -0.01886908896267414, -4.17968225479126]","[0.12642459571361542, -0.01886908896267414, -4.17968225479126]","[-8.851004531607032e-05, 0.010379565879702568, -0.29290327429771423, 0.956085741519928]","[[0.8281998730356538, 0.5600794510093972, 0.01989935964566338], [-0.5600831257927827, 0.8284153281432998, -0.005911171279291479], [-0.019795660117338115, -0.006249664048523389, 0.9997845135562415]]","[0.0031080516055226326, 0.0011191682424396276, -0.338394433259964]",[0.0],"[-8.851004531607032e-05, 0.010379565879702568, -0.29290327429771423, 0.956085741519928]",[0.44],"[0.1514878123998642, 0.039283931255340576, -13.130026397705079]","[583.9340209960938, 583.9611206054688, 669.857421875, 669.806884765625]"
0.99278426170349,"[0.09731049835681915, 0.2041374295949936, -2.4891908168792725]","[0.09731049835681915, 0.2041374295949936, -2.4891908168792725]","[0.12938721477985382, -0.01796017587184906, -4.247323989868164]","[0.12938721477985382, -0.01796017587184906, -4.247323989868164]","[-9.063543257070705e-05, 0.010381100699305534, -0.2981417179107666, 0.9544652104377747]","[[0.8220074975789755, 0.5691299132608542, 0.019870843334217205], [-0.5691336768430638, 0.8222230156528705, -0.006017061658147788], [-0.01976275451993634, -0.006363095127034662, 0.9997844490669785]]","[0.0038014960009604692, 0.0013047476531937718, -0.3918378949165344]",[0.0],"[-9.063543257070705e-05, 0.010381100699305534, -0.2981417179107666, 0.9544652104377747]",[0.44],"[0.14813095331192017, 0.045445654541254044, -13.192086753845215]","[590.33837890625, 590.3648071289062, 669.857421875, 669.8015747070312]"
1.0234689712524,"[0.10163260996341705, 0.2035636156797409, -2.6306262016296387]","[0.10163260996341705, 0.2035636156797409, -2.6306262016296387]","[0.13253463804721832, -0.01678069494664669, -4.324863910675049]","[0.13253463804721832, -0.01678069494664669, -4.324863910675049]","[-8.910068572731689e-05, 0.010381927713751793, -0.3047333061695099, 0.9523811340332031]","[[0.8140596553758923, 0.5804426533410533, 0.019829408072034656], [-0.5804463534885672, 0.8142752083441351, -0.006157722689016654], [-0.019720800285860034, -0.006497153937481126, 0.9997844152760285]]","[0.0046289530582726, 0.0015478255227208138, -0.44509369134902954]",[0.0],"[-8.910068572731689e-05, 0.010381927713751793, -0.3047333061695099, 0.9523811340332031]",[0.44],"[0.1573711633682251, 0.058974046260118484, -13.686996040344239]","[598.7730102539062, 598.7989501953125, 669.857421875, 669.7951049804688]"
1.0550904273987,"[0.10565051436424255, 0.20307856798171997, -2.761462688446045]","[0.10565051436424255, 0.20307856798171997, -2.761462688446045]","[0.1353067010641098, -0.015522606670856476, -4.397724628448486]","[0.1353067010641098, -0.015522606670856476, -4.397724628448486]","[-8.250370592577383e-05, 0.010381948202848434, -0.31140273809432983, 0.9502213597297668]","[[0.8058410997177352, 0.5918013533327302, 0.019781681635765727], [-0.591804779529536, 0.8060566558009854, -0.006309140626985951], [-0.019678914116052867, -0.006622727761496086, 0.9997844166893037]]","[0.005416753236204386, 0.0017957482486963272, -0.48879989981651306]",[0.0],"[-8.250370592577383e-05, 0.010381948202848434, -0.31140273809432983, 0.9502213597297668]",[0.44],"[0.13860315084457397, 0.06290441378951073, -13.453035888671875]","[606.4444580078125, 606.4677124023438, 669.857421875, 669.7916259765625]"
1.0863742828369,"[0.11016492545604706, 0.20259223878383636, -2.9079415798187256]","[0.11016492545604706, 0.20259223878383636, -2.9079415798187256]","[0.13827508687973022, -0.013909095898270607, -4.4799041748046875]","[0.13827508687973022, -0.013909095898270607, -4.4799041748046875]","[-6.826868775533512e-05, 0.010381226427853107, -0.3194023668766022, 0.9475623369216919]","[[0.7957487163429562, 0.6053058889264145, 0.019717328709084665], [-0.6053087237772365, 0.7959642467460214, -0.006502198909660388], [-0.019630107987274208, -0.006760954258892478, 0.9997844509544799]]","[0.0062893289141356945, 0.002088039880618453, -0.5321058630943298]",[0.0],"[-6.826868775533512e-05, 0.010381226427853107, -0.3194023668766022, 0.9475623369216919]",[0.44],"[0.14841929078102112, 0.08067553862929344, -13.918977317810059]","[613.394775390625, 613.4146728515625, 669.857421875, 669.7897338867188]"
1.1183791160583,"[0.11435242742300034, 0.2022000402212143, -3.0435101985931396]","[0.11435242742300034, 0.2022000402212143, -3.0435101985931396]","[0.14086002111434937, -0.012192747555673122, -4.5588860511779785]","[0.14086002111434937, -0.012192747555673122, -4.5588860511779785]","[-4.810922109754756e-05, 0.010379930958151817, -0.32719817757606506, 0.9448987245559692]","[[0.7856672192484115, 0.618337282596536, 0.019647449545608788], [-0.6183392800781097, 0.7858827005528093, -0.006701672302436399], [-0.0195844845477379, -0.006883505669054215, 0.9997845094376137]]","[0.0070762489922344685, 0.0023672152310609818, -0.5647497773170471]",[0.0],"[-4.810922109754756e-05, 0.010379930958151817, -0.32719817757606506, 0.9448987245559692]",[0.44],"[0.12924671173095703, 0.08581741712987423, -13.759093818664551]","[625.1188354492188, 625.1353149414062, 669.857421875, 669.7891235351562]"
1.1494538784027,"[0.11904554069042206, 0.20183314383029938, -3.1954915523529053]","[0.11904554069042206, 0.20183314383029938, -3.1954915523529053]","[0.14350520074367523, -0.009973108768463135, -4.654824733734131]","[0.14350520074367523, -0.009973108768463135, -4.654824733734131]","[-1.676485589996446e-05, 0.01037786714732647, -0.3362039625644684, 0.9417320489883423]","[[0.773718390858844, 0.633227745120779, 0.019557613007531897], [-0.633228441054568, 0.7739337905497783, -0.006946584111602214], [-0.019535067363590338, -0.0070097361199928845, 0.9997845991848241]]","[0.007898841984570026, 0.0026785009540617466, -0.5889158248901367]",[0.0],"[-1.676485589996446e-05, 0.01037786714732647, -0.3362039625644684, 0.9417320489883423]",[0.44],"[0.13225898146629333, 0.11098193936049938, -14.606934127807618]","[652.2103881835938, 652.2216186523438, 669.857421875, 669.7904052734375]"
1.1804540157318,"[0.12338490784168243, 0.20156806707382202, -3.3365578651428223]","[0.12338490784168243, 0.20156806707382202, -3.3365578651428223]","[0.14598871767520905, -0.007755334489047527, -4.741323947906494]","[0.14598871767520905, -0.007755334489047527, -4.741323947906494]","[-0.00033464987063780427, 0.009399947710335255, -0.34451818466186523, 0.9387325644493103]","[[0.7624377228406718, 0.646814586591537, 0.0178786599714838], [-0.6468271693566782, 0.762614216893514, -0.005848612379649405], [-0.017417488107765944, -0.007105199304675229, 0.9998230579850141]]","[0.0076469131745398045, -0.2440723180770874, -0.5852645039558411]",[0.0],"[-0.00033464987063780427, 0.009399947710335255, -0.34451818466186523, 0.9387325644493103]",[0.44],"[0.12417584657669067, 0.11088871397078037, -14.134960708618165]","[639.9415283203125, 669.7999877929688, 611.6697387695312, 642.7457885742188]"
1.2124555110931,"[0.12827901542186737, 0.2013343870639801, -3.494102954864502]","[0.12827901542186737, 0.2013343870639801, -3.494102954864502]","[0.15125490725040436, -0.006861297879368067, -4.801621913909912]","[0.15125490725040436, -0.006861297879368067, -4.801621913909912]","[-0.002171278465539217, 0.004325482994318008, -0.3532813787460327, 0.9355046153068542]","[[0.7503471152563361, 0.6609739369816076, 0.009627163109126147], [-0.6610115042939221, 0.7503751059622545, 0.001006256859306276], [-0.006558874109337087, -0.007118707243207012, 0.9999531514933819]]","[0.007217729929834604, -0.27984440326690674, -0.5427613854408264]",[0.0],"[-0.002171278465539217, 0.004325482994318008, -0.3532813787460327, 0.9355046153068542]",[0.44],"[0.2633094787597656, 0.044701830483973026, -12.824898300170899]","[669.7520141601562, 657.8704833984375, 596.8040161132812, 580.8497924804688]"
1.243008852005,"[0.13292287290096283, 0.20111505687236786, -3.638878107070923]","[0.13292287290096283, 0.20111505687236786, -3.638878107070923]","[0.15863926708698273, -0.00798279419541359, -4.850748538970947]","[0.15863926708698273, -0.00798279419541359, -4.850748538970947]","[-0.003115099621936679, 0.0011400256771594286, -0.36053434014320374, 0.9327400326728821]","[[0.7400273798379202, 0.6725625218226239, 0.004372895948073788], [-0.6725767269968475, 0.7400105714637002, 0.004989119435767034], [0.000119505598627348, -0.006633193056810968, 0.9999779929916016]]","[0.02275383286178112, -0.19788695871829987, -0.4930110573768616]",[0.0],"[-0.003115099621936679, 0.0011400256771594286, -0.36053434014320374, 0.9327400326728821]",[0.44],"[0.36921799182891846, -0.056074815802276134, -12.266331253051758]","[669.3861083984375, 669.2288208007812, 590.787109375, 589.8344116210938]"
1.2740061283112,"[0.13781481981277466, 0.20084457099437714, -3.7850968837738037]","[0.13781481981277466, 0.20084457099437714, -3.7850968837738037]","[0.16776952147483826, -0.010244513861835003, -4.896096229553223]","[0.16776952147483826, -0.010244513861835003, -4.896096229553223]","[-0.003995766397565603, -0.0017923637060448527, -0.3670278489589691, 0.9301996827125549]","[[0.7305746910417947, 0.6828327010299469, -0.00040139720965477743], [-0.6828040535632716, 0.7305491838788964, 0.008749416061581562], [0.006267627393018907, -0.006118026479254489, 0.9999616425664827]]","[0.010535537265241146, -0.19516240060329437, -0.43751633167266846]",[0.0],"[-0.003995766397565603, -0.0017923637060448527, -0.3670278489589691, 0.9301996827125549]",[0.44],"[0.4565127193927765, -0.11308598332107067, -12.07738452911377]","[669.8504638671875, 666.9251708984375, 581.76904296875, 578.3045043945312]"
1.3050155639648,"[0.14300476014614105, 0.2004891186952591, -3.932617664337158]","[0.14300476014614105, 0.2004891186952591, -3.932617664337158]","[0.1784576028585434, -0.013631515204906464, -4.938512325286865]","[0.1784576028585434, -0.013631515204906464, -4.938512325286865]","[-0.0047887833788990974, -0.004328220617026091, -0.37271618843078613, 0.9279229640960693]","[[0.7221278187758342, 0.6917452744924704, -0.004462796432017191], [-0.6916623668486663, 0.7221194208707534, 0.012113639916855101], [0.011602224784833082, -0.005660848352593062, 0.9999166681200806]]","[0.012229099869728088, -0.17616596817970276, -0.38075223565101624]",[0.0],"[-0.0047887833788990974, -0.004328220617026091, -0.37271618843078613, 0.9279229640960693]",[0.44],"[0.534404069185257, -0.16935006715357304, -11.93080478668213]","[664.9826049804688, 669.7467041015625, 577.6719970703125, 583.4194946289062]"
1.3360130786896,"[0.14911030232906342, 0.19996070861816406, -4.096372604370117]","[0.14911030232906342, 0.19996070861816406, -4.096372604370117]","[0.1919124275445938, -0.01868506148457527, -4.987152099609375]","[0.1919124275445938, -0.01868506148457527, -4.987152099609375]","[-0.005903801415115595, -0.007722760550677776, -0.3780607283115387, 0.9257298111915588]","[[0.7140208893560516, 0.7000553605669032, -0.009834388407302525], [-0.6998729859882326, 0.7140704616747996, 0.016769994895384555], [0.018762370258523703, -0.0050913049819251155, 0.9998110081966556]]","[0.018906990066170692, -0.24115104973316193, -0.32175177335739136]",[0.0],"[-0.005903801415115595, -0.007722760550677776, -0.3780607283115387, 0.9257298111915588]",[0.44],"[0.6727412343025208, -0.2526773139834404, -12.241988716125489]","[668.2962036132812, 669.8572998046875, 591.3771362304688, 590.1007080078125]"
1.3680202960968,"[0.1550755798816681, 0.19931140542030334, -4.2466888427734375]","[0.1550755798816681, 0.19931140542030334, -4.2466888427734375]","[0.2060622274875641, -0.02478453330695629, -5.029262065887451]","[0.2060622274875641, -0.02478453330695629, -5.029262065887451]","[-0.007059542927891016, -0.011832859367132187, -0.38214951753616333, 0.9239977598190308]","[[0.7076434593721506, 0.7063776653960006, -0.016471469247128778], [-0.7060435270813528, 0.7078238182010537, 0.022089846697880833], [0.02726267294280632, -0.004002160704989488, 0.9996202925856938]]","[0.04764256998896599, -0.42458805441856384, -0.2730490267276764]",[0.0],"[-0.007059542927891016, -0.011832859367132187, -0.38214951753616333, 0.9239977598190308]",[0.44],"[0.7074899971485138, -0.304973591119051, -11.915498313903809]","[632.0361938476562, 669.849853515625, 559.0790405273438, 593.7952270507812]"
1.399028301239,"[0.16217230260372162, 0.19835709035396576, -4.412868022918701]","[0.16217230260372162, 0.19835709035396576, -4.412868022918701]","[0.225293830037117, -0.034071940928697586, -5.04300594329834]","[0.225293830037117, -0.034071940928697586, -5.04300594329834]","[-0.011254505254328251, -0.02599404565989971, -0.3857613503932953, 0.9221636652946472]","[[0.7010249802659446, 0.7120553018623089, -0.03925842255330286], [-0.7108851013684666, 0.7021230333084432, 0.04081198794471419], [0.056624635132975276, -0.0007019953209226326, 0.9983952914034226]]","[0.12425690144300461, -1.3730969429016113, -0.2228364497423172]",[0.0],"[-0.011254505254328251, -0.02599404565989971, -0.3857613503932953, 0.9221636652946472]",[0.44],"[0.9615801274776459, -0.46437038108706474, -10.497193870544434]","[616.0775146484375, 669.857421875, 543.1525268554688, 598.585693359375]"
1.430025100708,"[0.16933006048202515, 0.19709016382694244, -4.564891815185547]","[0.16933006048202515, 0.19709016382694244, -4.564891815185547]","[0.254212886095047, -0.05244254693388939, -5.096197605133057]","[0.254212886095047, -0.05244254693388939, -5.096197605133057]","[-0.018445346504449844, -0.04793334752321243, -0.3881189227104187, 0.920177161693573]","[[0.694132192058646, 0.7160446318068483, -0.07389636732010763], [-0.7125080429901129, 0.6980469420528697, 0.0711536515910649], [0.10253231937741747, 0.0032617052193884, 0.9947243267750995]]","[0.11164703220129013, -1.6375490427017212, -0.17737963795661926]",[0.0],"[-0.018445346504449844, -0.04793334752321243, -0.3881189227104187, 0.920177161693573]",[0.44],"[1.4459528028964996, -0.9185303002595901, -12.46958309173584]","[657.42431640625, 669.47607421875, 592.8367919921875, 600.6248168945312]"
1.4610223770142,"[0.17756208777427673, 0.1950894445180893, -4.718719482421875]","[0.17756208777427673, 0.1950894445180893, -4.718719482421875]","[0.2970404326915741, -0.08305590599775314, -5.158761024475098]","[0.2970404326915741, -0.08305590599775314, -5.158761024475098]","[-0.026061885058879852, -0.07266103476285934, -0.38954290747642517, 0.9177677035331726]","[[0.6859533945240076, 0.7188071663170456, -0.11306745706100196], [-0.7112324321720499, 0.695154202763982, 0.10444669428400699], [0.1536763469816118, 0.008771668683072331, 0.9880823043487366]]","[0.23452015221118927, -1.8330540657043457, -0.13594339787960052]",[0.0],"[-0.026061885058879852, -0.07266103476285934, -0.38954290747642517, 0.9177677035331726]",[0.44],"[2.141377329826355, -1.5306679531931877, -12.938170967102051]","[666.4349975585938, 657.90966796875, 606.2645874023438, 600.4422607421875]"
1.4920656681061,"[0.18839862942695618, 0.1915796995162964, -4.890229225158691]","[0.18839862942695618, 0.1915796995162964, -4.890229225158691]","[0.36270827054977417, -0.13208447396755219, -5.233715057373047]","[0.36270827054977417, -0.13208447396755219, -5.233715057373047]","[-0.03395167738199234, -0.09994424879550934, -0.39015400409698486, 0.9146793484687805]","[[0.6755820004395825, 0.7205181703224135, -0.15634111499016967], [-0.7069450707572507, 0.6932542733800781, 0.14009709400243242], [0.20932664649574306, 0.01587750141370048, 0.9777168614713009]]","[0.13551384210586548, -1.4981783628463745, -0.0950435996055603]",[0.0],"[-0.03395167738199234, -0.09994424879550934, -0.39015400409698486, 0.9146793484687805]",[0.44],"[3.2833918929100037, -2.451428398489952, -13.557701644897461]","[669.829345703125, 633.4701538085938, 612.2933959960938, 584.7671508789062]"
1.5231072902679,"[0.20039430260658264, 0.186762273311615, -5.0484442710876465]","[0.20039430260658264, 0.186762273311615, -5.0484442710876465]","[0.43971967697143555, -0.19146454334259033, -5.317199230194092]","[0.43971967697143555, -0.19146454334259033, -5.317199230194092]","[-0.03999171406030655, -0.1192115917801857, -0.39026641845703125, 0.9120753407478333]","[[0.6669614380199115, 0.7214397049755609, -0.18624506035946187], [-0.7023698014109722, 0.6921855708624801, 0.1659994743825175], [0.248674752416556, 0.02009764946794146, 0.9683785183835061]]","[0.12943869829177856, -1.24770188331604, -0.061414171010255814]",[0.0],"[-0.03999171406030655, -0.1192115917801857, -0.39026641845703125, 0.9120753407478333]",[0.44],"[3.850570321083069, -2.9690034687519073, -13.984208641052247]","[669.857421875, 659.3742065429688, 621.8050537109375, 610.722412109375]"
1.5550999641418,"[0.21651223301887512, 0.17918537557125092, -5.2255449295043945]","[0.21651223301887512, 0.17918537557125092, -5.2255449295043945]","[0.5393996238708496, -0.2697118818759918, -5.415894031524658]","[0.5393996238708496, -0.2697118818759918, -5.415894031524658]","[-0.04566242918372154, -0.13733553886413574, -0.38988175988197327, 0.9094207882881165]","[[0.6582623261524656, 0.7216753034576282, -0.2141856915263205], [-0.6965910061864609, 0.6918143117447539, 0.19014196786019744], [0.2853974845288618, 0.02403651848655608, 0.9581077846518782]]","[0.088812455534935, -1.0547186136245728, -0.028097622096538544]",[0.0],"[-0.04566242918372154, -0.13733553886413574, -0.38988175988197327, 0.9094207882881165]",[0.44],"[4.983997344970703, -3.9123669266700745, -14.74474006652832]","[669.857421875, 655.7503662109375, 625.712158203125, 614.3190307617188]"
1.5861833095551,"[0.23420001566410065, 0.16989856958389282, -5.389405727386475]","[0.23420001566410065, 0.16989856958389282, -5.389405727386475]","[0.6414291858673096, -0.3508833944797516, -5.508173942565918]","[0.6414291858673096, -0.3508833944797516, -5.508173942565918]","[-0.0501534603536129, -0.15092676877975464, -0.38921111822128296, 0.9073150157928467]","[[0.651471631837282, 0.7214131831799784, -0.23483567842413988], [-0.6911351843228011, 0.6919986717349942, 0.20849472823819504], [0.3129168159717257, 0.026474777546978245, 0.9494114817605221]]","[0.07601944357156754, -0.8684839010238647, -0.0010610122699290514]",[0.0],"[-0.0501534603536129, -0.15092676877975464, -0.38921111822128296, 0.9073150157928467]",[0.44],"[5.101478099822998, -4.058575630187988, -14.423995552062989]","[669.857421875, 656.7586669921875, 631.4169311523438, 619.211181640625]"
1.6171092987061,"[0.2550903856754303, 0.15805058181285858, -5.55606746673584]","[0.2550903856754303, 0.15805058181285858, -5.55606746673584]","[0.7528213262557983, -0.4403750002384186, -5.60336971282959]","[0.7528213262557983, -0.4403750002384186, -5.60336971282959]","[-0.05388135462999344, -0.16207845509052277, -0.3882811665534973, 0.9055745005607605]","[[0.6459366201906493, 0.7207010603908934, -0.25170600157808654], [-0.6857690335244377, 0.6926690706461843, 0.22345118484866067], [0.3353904625029527, 0.028276861614286553, 0.9416547480374126]]","[0.0581638477742672, -0.7370650768280029, 0.02332852967083454]",[0.0],"[-0.05388135462999344, -0.16207845509052277, -0.3882811665534973, 0.9055745005607605]",[0.44],"[5.5696070194244385, -4.47458028793335, -14.569788513183594]","[669.857421875, 663.364013671875, 634.0067749023438, 629.2860107421875]"
1.6481168270111,"[0.28208160400390625, 0.14178115129470825, -5.742745399475098]","[0.28208160400390625, 0.14178115129470825, -5.742745399475098]","[0.8841959238052368, -0.5467135906219482, -5.709501266479492]","[0.8841959238052368, -0.5467135906219482, -5.709501266479492]","[-0.057409025728702545, -0.1725950986146927, -0.38695400953292847, 0.9039810299873352]","[[0.6409550528811496, 0.7194152011046493, -0.2676160846547502], [-0.6797811352765739, 0.693941596542543, 0.23736607128697695], [0.3564746954111522, 0.02977939045176914, 0.9338302713981314]]","[0.06854128837585449, -0.608132541179657, 0.04735739529132843]",[0.0],"[-0.057409025728702545, -0.1725950986146927, -0.38695400953292847, 0.9039810299873352]",[0.44],"[6.568729877471924, -5.316929519176483, -15.116577682495118]","[669.857421875, 659.5287475585938, 639.337890625, 629.052734375]"
1.6791093349457,"[0.3104743957519531, 0.1238647848367691, -5.9154438972473145]","[0.3104743957519531, 0.1238647848367691, -5.9154438972473145]","[1.0096768140792847, -0.6485881805419922, -5.803859233856201]","[1.0096768140792847, -0.6485881805419922, -5.803859233856201]","[-0.0599062480032444, -0.18024036288261414, -0.38554519414901733, 0.9029284119606018]","[[0.6377366297130802, 0.7178344675421096, -0.27929515722330267], [-0.674644372025947, 0.6955322894375406, 0.2471637181543085], [0.37168142129190285, 0.03079950464995873, 0.9278493060762347]]","[0.048315130174160004, -0.4904398024082184, 0.06676404178142548]",[0.0],"[-0.0599062480032444, -0.18024036288261414, -0.38554519414901733, 0.9029284119606018]",[0.44],"[6.274044513702393, -5.093729496002197, -14.52789836883545]","[669.857421875, 664.8246459960938, 642.9738159179688, 637.5888061523438]"
1.7101423740387,"[0.34616202116012573, 0.10053464025259018, -6.108717918395996]","[0.34616202116012573, 0.10053464025259018, -6.108717918395996]","[1.1539428234100342, -0.7659777998924255, -5.908820629119873]","[1.1539428234100342, -0.7659777998924255, -5.908820629119873]","[-0.06216801330447197, -0.1871626079082489, -0.38379085063934326, 0.9021141529083252]","[[0.6353494823330248, 0.7157173712340328, -0.2899650455611633], [-0.669175261239874, 0.6976794421746086, 0.2558278823142839], [0.38540310439588854, 0.031497303673655, 0.9222105926455162]]","[0.058568187057971954, -0.39967164397239685, 0.0858767181634903]",[0.0],"[-0.06216801330447197, -0.1871626079082489, -0.38379085063934326, 0.9021141529083252]",[0.44],"[7.213300466537476, -5.8694809675216675, -15.058069763183594]","[669.857421875, 663.8275146484375, 645.3602905273438, 638.9375]"
1.7412950992584,"[0.38279426097869873, 0.07591769099235535, -6.287378787994385]","[0.38279426097869873, 0.07591769099235535, -6.287378787994385]","[1.2887901067733765, -0.8756213188171387, -6.001612186431885]","[1.2887901067733765, -0.8756213188171387, -6.001612186431885]","[-0.06380508840084076, -0.1922125369310379, -0.38203999400138855, 0.9016810655593872]","[[0.6341995672599068, 0.7134847335762173, -0.2978766190478721], [-0.6644281819336784, 0.6999487073551598, 0.2619294331070128], [0.3953810014075332, 0.031802072717488805, 0.9179665026813906]]","[0.04537781700491905, -0.32170623540878296, 0.10129308700561523]",[0.0],"[-0.06380508840084076, -0.1922125369310379, -0.38203999400138855, 0.9016810655593872]",[0.44],"[6.742364168167114, -5.482175946235657, -14.449577865600586]","[669.857421875, 665.10009765625, 647.853759765625, 643.5115966796875]"
1.7722687721252,"[0.42352354526519775, 0.047970619052648544, -6.468817234039307]","[0.42352354526519775, 0.047970619052648544, -6.468817234039307]","[1.426850438117981, -0.9877814054489136, -6.093656539916992]","[1.426850438117981, -0.9877814054489136, -6.093656539916992]","[-0.0651487335562706, -0.1963271200656891, -0.3801542818546295, 0.9014954566955566]","[[0.6338767678286068, 0.7109956423406802, -0.3044428734930382], [-0.6598337894005621, 0.7024767290072099, 0.2667317652952139], [0.40350915356832884, 0.03180661605342472, 0.9144226088854531]]","[0.04891716316342354, -0.2635553181171417, 0.11510496586561203]",[0.0],"[-0.0651487335562706, -0.1963271200656891, -0.3801542818546295, 0.9014954566955566]",[0.44],"[6.903016567230225, -5.608004331588745, -14.412217674255372]","[669.857421875, 666.0073852539062, 650.5518188476562, 646.8775024414062]"
1.8032729625702,"[0.47314947843551636, 0.013314595445990562, -6.671544551849365]","[0.47314947843551636, 0.013314595445990562, -6.671544551849365]","[1.5811102390289307, -1.1127941608428955, -6.1921844482421875]","[1.5811102390289307, -1.1127941608428955, -6.1921844482421875]","[-0.06631748378276825, -0.199988454580307, -0.377930223941803, 0.9015405774116516]","[[0.6343467277317583, 0.7079643268143565, -0.3104686506414307], [-0.6549134024408749, 0.7055414743520418, 0.2707391680946305], [0.41072217663054467, 0.03158755760661158, 0.9112132187586055]]","[0.04645084962248802, -0.20910029113292694, 0.12858882546424866]",[0.0],"[-0.06631748378276825, -0.199988454580307, -0.377930223941803, 0.9015405774116516]",[0.44],"[7.712990045547485, -6.250637769699097, -14.736395416259766]","[669.857421875, 667.0241088867188, 653.0535278320312, 649.9669189453125]"
1.8342797756195,"[0.5227096676826477, -0.021788237616419792, -6.858631134033203]","[0.5227096676826477, -0.021788237616419792, -6.858631134033203]","[1.723038673400879, -1.2274408340454102, -6.279519557952881]","[1.723038673400879, -1.2274408340454102, -6.279519557952881]","[-0.06714098900556564, -0.20268119871616364, -0.37578171491622925, 0.9017763733863831]","[[0.6354168688431936, 0.7049585763934194, -0.31508552068436746], [-0.6505257118548722, 0.7085603806599446, 0.27342009201170203], [0.41600694464310006, 0.03123546172764602, 0.908824838564667]]","[0.049359530210494995, -0.1700841784477234, 0.13946843147277832]",[0.0],"[-0.06714098900556564, -0.20268119871616364, -0.37578171491622925, 0.9017763733863831]",[0.44],"[7.096421718597412, -5.732333660125732, -14.176755485534668]","[669.857421875, 667.4815063476562, 654.6941528320312, 652.1456909179688]"
1.8642811775208,"[0.5765438675880432, -0.06033651530742645, -7.0482964515686035]","[0.5765438675880432, -0.06033651530742645, -7.0482964515686035]","[1.865968942642212, -1.3424139022827148, -6.364152431488037]","[1.865968942642212, -1.3424139022827148, -6.364152431488037]","[-0.06776843219995499, -0.20489110052585602, -0.3735199272632599, 0.9021696448326111]","[[0.6370050017251052, 0.7017269775427171, -0.319067343049404], [-0.6461863829252745, 0.7117806070688183, 0.27533906274800657], [0.42031878251369337, 0.03078457311322147, 0.9068541530449273]]","[0.050981830805540085, -0.13777801394462585, 0.14916500449180603]",[0.0],"[-0.06776843219995499, -0.20489110052585602, -0.3735199272632599, 0.9021696448326111]",[0.44],"[7.14651346206665, -5.748653411865234, -14.041643676757813]","[669.857421875, 668.0471801757812, 656.611328125, 654.4701538085938]"
1.8952851295471,"[0.6346766948699951, -0.10233423858880997, -7.2404608726501465]","[0.6346766948699951, -0.10233423858880997, -7.2404608726501465]","[2.0095438957214355, -1.4573264122009277, -6.446003437042236]","[2.0095438957214355, -1.4573264122009277, -6.446003437042236]","[-0.06822266429662704, -0.206710085272789, -0.3711516559123993, 0.9026976823806763]","[[0.6390347779200005, 0.6982801047163314, -0.3225515201520195], [-0.6418708536991609, 0.7151842327795074, 0.2766104627783781], [0.4238353394498149, 0.030272698992777514, 0.9052332174455721]]","[0.054403796792030334, -0.1115352213382721, 0.15780331194400787]",[0.0],"[-0.06822266429662704, -0.206710085272789, -0.3711516559123993, 0.9026976823806763]",[0.44],"[7.178747653961182, -5.7456254959106445, -13.902550277709961]","[669.857421875, 668.4403686523438, 658.2244873046875, 656.5010375976562]"
1.9260771274567,"[0.6971218585968018, -0.14777344465255737, -7.435034275054932]","[0.6971218585968018, -0.14777344465255737, -7.435034275054932]","[2.153407335281372, -1.5717873573303223, -6.524799346923828]","[2.153407335281372, -1.5717873573303223, -6.524799346923828]","[-0.06852606683969498, -0.20821459591388702, -0.36868396401405334, 0.9033399224281311]","[[0.6414376334546019, 0.6946301415390919, -0.3256481899210093], [-0.6375576322727114, 0.7187526256847317, 0.27733542898078234], [0.42670603776401217, 0.02972610136768239, 0.9039017204237968]]","[0.05753554403781891, -0.0900367796421051, 0.16549178957939148]",[0.0],"[-0.06852606683969498, -0.20821459591388702, -0.36868396401405334, 0.9033399224281311]",[0.44],"[7.193171977996826, -5.723047256469727, -13.74979549407959]","[669.857421875, 668.709228515625, 659.3187866210938, 657.797119140625]"
1.9566111564636,"[0.7708078026771545, -0.20171816647052765, -7.651764869689941]","[0.7708078026771545, -0.20171816647052765, -7.651764869689941]","[2.3126108646392822, -1.6976063251495361, -6.610342025756836]","[2.3126108646392822, -1.6976063251495361, -6.610342025756836]","[-0.06870357692241669, -0.20957909524440765, -0.3658759891986847, 0.9041522145271301]","[[0.6444227267288389, 0.6904128387354995, -0.32870882783169275], [-0.6328175047696809, 0.7228291580918991, 0.27759690001650217], [0.4292567845036013, 0.029122935135149852, 0.9027128427092022]]","[0.06160251051187515, -0.07083651423454285, 0.17021720111370087]",[0.0],"[-0.06870357692241669, -0.20957909524440765, -0.3658759891986847, 0.9041522145271301]",[0.44],"[7.960176467895508, -6.290948390960693, -14.087133941650391]","[669.857421875, 668.982421875, 666.5657958984375, 665.3236083984375]"
1.9873223304749,"[0.8423625826835632, -0.2543553411960602, -7.851218223571777]","[0.8423625826835632, -0.2543553411960602, -7.851218223571777]","[2.457509994506836, -1.811228632926941, -6.6856207847595215]","[2.457509994506836, -1.811228632926941, -6.6856207847595215]","[-0.06872714310884476, -0.2106132209300995, -0.3633113503456116, 0.9049439430236816]","[[0.6472938677589948, 0.6865025018049873, -0.3312476148662631], [-0.6286031219030765, 0.7265628850202893, 0.2774247711488478], [0.431125019539345, 0.028647923638164485, 0.901837301939091]]","[0.06486938893795013, -0.05685214325785637, 0.1684727519750595]",[0.0],"[-0.06872714310884476, -0.2106132209300995, -0.3633113503456116, 0.9049439430236816]",[0.44],"[7.2449564933776855, -5.681115388870239, -13.573937950134278]","[666.609130859375, 665.9315185546875, 669.8529663085938, 668.8649291992188]"
2.0181038379669,"[0.9182559251785278, -0.31038036942481995, -8.052870750427246]","[0.9182559251785278, -0.31038036942481995, -8.052870750427246]","[2.6018354892730713, -1.9234449863433838, -6.75689172744751]","[2.6018354892730713, -1.9234449863433838, -6.75689172744751]","[-0.06863412261009216, -0.2114924043416977, -0.3607749938964844, 0.9057603478431702]","[[0.650224733369519, 0.6825825591509771, -0.33359991711395587], [-0.624520176708212, 0.730261521985069, 0.2769344753095133], [0.4326458177769421, 0.028270208232601846, 0.9011206402386214]]","[0.06752142310142517, -0.04542721435427666, 0.1664750874042511]",[0.0],"[-0.06863412261009216, -0.2114924043416977, -0.3607749938964844, 0.9057603478431702]",[0.44],"[7.216274738311768, -5.6108176708221436, -13.373547134399415]","[666.9501953125, 666.3779907226562, 669.857421875, 669.047119140625]"
2.0488572120667,"[0.9984694719314575, -0.36974942684173584, -8.25660228729248]","[0.9984694719314575, -0.36974942684173584, -8.25660228729248]","[2.745495319366455, -2.0341362953186035, -6.824218273162842]","[2.745495319366455, -2.0341362953186035, -6.824218273162842]","[-0.0684470385313034, -0.21224409341812134, -0.35826459527015686, 0.9065946936607361]","[[0.653197849170061, 0.6786565212773343, -0.33579443659368824], [-0.6205466027164075, 0.7339229653844099, 0.27618653231239243], [0.4338830388211212, 0.02797164459530599, 0.9005348954508281]]","[0.06959471106529236, -0.03613404184579849, 0.1646997034549713]",[0.0],"[-0.0684470385313034, -0.21224409341812134, -0.35826459527015686, 0.9065946936607361]",[0.44],"[7.1829915046691895, -5.534565448760986, -13.176327285766602]","[667.3177490234375, 666.8688354492188, 669.857421875, 669.2174072265625]"
2.0803258419037,"[1.0916683673858643, -0.4388609528541565, -8.482967376708984]","[1.0916683673858643, -0.4388609528541565, -8.482967376708984]","[2.902635097503662, -2.1540071964263916, -6.893711566925049]","[2.902635097503662, -2.1540071964263916, -6.893711566925049]","[-0.0681537389755249, -0.21295158565044403, -0.35552939772605896, 0.9075272083282471]","[[0.6565009390430148, 0.6743320971595956, -0.33805740052734734], [-0.6162783100282176, 0.7379078304324036, 0.27512384292140357], [0.43498003161033694, 0.02771835304304293, 0.9000133800652352]]","[0.07137075811624527, -0.027890341356396675, 0.16297630965709686]",[0.0],"[-0.0681537389755249, -0.21295158565044403, -0.35552939772605896, 0.9075272083282471]",[0.44],"[7.856988906860352, -5.993545055389404, -13.284664688110352]","[667.6452026367188, 667.2850341796875, 669.857421875, 669.3568725585938]"
2.1113684177399,"[1.1808810234069824, -0.5050946474075317, -8.690679550170898]","[1.1808810234069824, -0.5050946474075317, -8.690679550170898]","[3.04460072517395, -2.2611773014068604, -6.952747821807861]","[3.04460072517395, -2.2611773014068604, -6.952747821807861]","[-0.06782365590333939, -0.21350602805614471, -0.35306376218795776, 0.9083837866783142]","[[0.6595223116267479, 0.6703963132307151, -0.33999867825142527], [-0.6124732757100404, 0.7414918630591812, 0.2739823017823051], [0.43578297872572325, 0.02754266427893537, 0.8996302553671883]]","[0.07259860634803772, -0.02185230515897274, 0.16159437596797943]",[0.0],"[-0.06782365590333939, -0.21350602805614471, -0.35306376218795776, 0.9083837866783142]",[0.44],"[7.098281383514404, -5.3585052490234375, -12.761812744140625]","[667.6982421875, 665.2694702148438, 669.857421875, 667.3284912109375]"
2.1423335075378,"[1.2839024066925049, -0.5816202759742737, -8.921096801757812]","[1.2839024066925049, -0.5816202759742737, -8.921096801757812]","[3.198782444000244, -2.3762638568878174, -7.010887622833252]","[3.198782444000244, -2.3762638568878174, -7.010887622833252]","[-0.06727071851491928, -0.21369032561779022, -0.3503997027873993, 0.9094125628471375]","[[0.6631129860477301, 0.6660659869535197, -0.3415220538035828], [-0.6085655799775365, 0.7453893974339775, 0.2721077262284748], [0.43580861289927286, 0.027400380111590295, 0.8996221903356986]]","[0.07354540377855301, 0.022304203361272812, 0.1597587764263153]",[0.0],"[-0.06727071851491928, -0.21369032561779022, -0.3503997027873993, 0.9094125628471375]",[0.44],"[7.709085941314697, -5.754327774047852, -12.716990051269532]","[666.897705078125, 665.734375, 669.857421875, 668.6047973632812]"
2.1735262870789,"[1.3819491863250732, -0.6544481515884399, -9.132156372070312]","[1.3819491863250732, -0.6544481515884399, -9.132156372070312]","[3.337254762649536, -2.4784176349639893, -7.058679103851318]","[3.337254762649536, -2.4784176349639893, -7.058679103851318]","[-0.06670806556940079, -0.21376273036003113, -0.34801581501960754, 0.9103518724441528]","[[0.6663809752105259, 0.6621530941528575, -0.3427676800690249], [-0.6051143012202531, 0.7488700529684537, 0.27024124645058833], [0.43562952729909066, 0.02732999685766302, 0.8997110581940263]]","[0.07435314357280731, 0.002514789579436183, 0.156178280711174]",[0.0],"[-0.06670806556940079, -0.21376273036003113, -0.34801581501960754, 0.9103518724441528]",[0.44],"[6.9236159324646, -5.107688903808594, -12.19957405090332]","[662.9636840820312, 663.201171875, 669.5567626953125, 669.727783203125]"
2.2042801380157,"[1.484127163887024, -0.7303065061569214, -9.34457778930664]","[1.484127163887024, -0.7303065061569214, -9.34457778930664]","[3.4741055965423584, -2.5782392024993896, -7.1014838218688965]","[3.4741055965423584, -2.5782392024993896, -7.1014838218688965]","[-0.0661521628499031, -0.21391339600086212, -0.3456825017929077, 0.9112456440925598]","[[0.6694893339311494, 0.658305015611661, -0.3441200103317321], [-0.6017016803795616, 0.7522549986089525, 0.2684539762817417], [0.43559059094359753, 0.02733049530463827, 0.8997299007233165]]","[0.07443587481975555, 0.012403749860823154, 0.15092746913433075]",[0.0],"[-0.0661521628499031, -0.21391339600086212, -0.3456825017929077, 0.9112456440925598]",[0.44],"[6.842541694641113, -4.9910783767700195, -11.950235900878907]","[659.0028686523438, 657.9493408203125, 669.8570556640625, 668.8361206054688]"
2.2352740764618,"[1.590374231338501, -0.8091154098510742, -9.558178901672363]","[1.590374231338501, -0.8091154098510742, -9.558178901672363]","[3.6084461212158203, -2.675062417984009, -7.137115478515625]","[3.6084461212158203, -2.675062417984009, -7.137115478515625]","[-0.06551685929298401, -0.2139146476984024, -0.34345415234565735, 0.9121333956718445]","[[0.6725595374731888, 0.6545820362212078, -0.34523331323253714], [-0.5985219727253499, 0.7554935727698187, 0.2664599786804773], [0.43524146272382325, 0.02741951731782155, 0.8998961292969034]]","[0.07413752377033234, 0.020636791363358498, 0.1419042944908142]",[0.0],"[-0.06551685929298401, -0.2139146476984024, -0.34345415234565735, 0.9121333956718445]",[0.44],"[6.717026233673096, -4.841160774230957, -11.591582832336426]","[654.2487182617188, 653.7999877929688, 669.8475341796875, 669.4559326171875]"
2.2662501335144,"[1.7118629217147827, -0.899111807346344, -9.794270515441895]","[1.7118629217147827, -0.899111807346344, -9.794270515441895]","[3.754037380218506, -2.7787024974823, -7.170197010040283]","[3.754037380218506, -2.7787024974823, -7.170197010040283]","[-0.06476650387048721, -0.2138611525297165, -0.3411729335784912, 0.9130551815032959]","[[0.6757288736642155, 0.6507215079111679, -0.346340910632815], [-0.5953173512589169, 0.7588126587396812, 0.2641980574676843], [0.43472722312528234, 0.027656489680477847, 0.900137414830111]]","[0.07285739481449127, 0.02145235799252987, 0.12944531440734863]",[0.0],"[-0.06476650387048721, -0.2138611525297165, -0.3411729335784912, 0.9130551815032959]",[0.44],"[7.279562950134277, -5.182003974914551, -11.46407657623291]","[652.63818359375, 652.6803588867188, 669.6414184570312, 669.8534545898438]"
2.2972407341003,"[1.8264566659927368, -0.983863353729248, -10.009788513183594]","[1.8264566659927368, -0.983863353729248, -10.009788513183594]","[3.885262966156006, -2.871016263961792, -7.197022914886475]","[3.885262966156006, -2.871016263961792, -7.197022914886475]","[-0.06407996267080307, -0.21384400129318237, -0.33926355838775635, 0.9138187766075134]","[[0.6783419621219977, 0.647457050987307, -0.3473493349790804], [-0.5926445885063378, 0.7615879926683718, 0.2622138998229788], [0.43430931960728536, 0.027984007451425263, 0.9003290029900598]]","[0.07086151838302612, 0.017039665952324867, 0.11852004379034042]",[0.0],"[-0.06407996267080307, -0.21384400129318237, -0.33926355838775635, 0.9138187766075134]",[0.44],"[6.561279296875, -4.615688323974609, -11.15129524230957]","[654.4417724609375, 654.5703735351562, 669.47412109375, 669.857421875]"
2.3282399177551,"[1.957044005393982, -1.08026123046875, -10.247746467590332]","[1.957044005393982, -1.08026123046875, -10.247746467590332]","[4.0287275314331055, -2.970797300338745, -7.223849296569824]","[4.0287275314331055, -2.970797300338745, -7.223849296569824]","[-0.06334297358989716, -0.21387499570846558, -0.337330162525177, 0.9145783185958862]","[[0.680931695322883, 0.6441246621173082, -0.34847587677768566], [-0.5899347492985054, 0.7643920582950545, 0.26015719468624], [0.43394585908131766, 0.028428753563392917, 0.9004903078149868]]","[0.06795278191566467, 0.014774966053664684, 0.10750560462474823]",[0.0],"[-0.06334297358989716, -0.21387499570846558, -0.337330162525177, 0.9145783185958862]",[0.44],"[7.1732282638549805, -4.989051818847656, -11.151319084167481]","[654.6912231445312, 654.677734375, 669.5513916015625, 669.857421875]"
2.3602721691132,"[2.079850196838379, -1.1707247495651245, -10.464789390563965]","[2.079850196838379, -1.1707247495651245, -10.464789390563965]","[4.158051490783691, -3.059738874435425, -7.24503231048584]","[4.158051490783691, -3.059738874435425, -7.24503231048584]","[-0.06269075721502304, -0.2139262706041336, -0.3357231616973877, 0.9152023792266846]","[[0.6830510188906334, 0.6413316724786264, -0.34947818522912755], [-0.5876868729091902, 0.7667196553194334, 0.2583894681921244], [0.43366514211485097, 0.028890547557278268, 0.9006108394104281]]","[0.06491069495677948, 0.012505601160228252, 0.09764023125171661]",[0.0],"[-0.06269075721502304, -0.2139262706041336, -0.3357231616973877, 0.9152023792266846]",[0.44],"[6.466197967529297, -4.447078704833984, -10.869150695800782]","[655.8070068359375, 655.78955078125, 669.516845703125, 669.857421875]"
2.3912668228149,"[2.2194056510925293, -1.2732912302017212, -10.704232215881348]","[2.2194056510925293, -1.2732912302017212, -10.704232215881348]","[4.299455165863037, -3.1559646129608154, -7.265739917755127]","[4.299455165863037, -3.1559646129608154, -7.265739917755127]","[-0.06200550124049187, -0.21400393545627594, -0.3341127932071686, 0.9158200025558472]","[[0.6851419140490598, 0.6385132008286692, -0.3505445070057134], [-0.5854355156870522, 0.7690479184624384, 0.25657466187433364], [0.43341183186039856, 0.029431148656158257, 0.9007152668502829]]","[0.05621759593486786, 0.010661983862519264, 0.08798675239086151]",[0.0],"[-0.06200550124049187, -0.21400393545627594, -0.3341127932071686, 0.9158200025558472]",[0.44],"[7.070183753967285, -4.811286926269531, -10.845380363464356]","[657.569580078125, 655.8718872070312, 667.96923828125, 669.857421875]"
2.4212486743927,"[2.337040901184082, -1.3595486879348755, -10.90060043334961]","[2.337040901184082, -1.3595486879348755, -10.90060043334961]","[4.413983345031738, -3.2332050800323486, -7.279500484466553]","[4.413983345031738, -3.2332050800323486, -7.279500484466553]","[-0.061766818165779114, -0.21398666501045227, -0.33297255635261536, 0.9162552952766418]","[[0.6866779678274177, 0.6366102867349719, -0.3509995191839783], [-0.5837411850245635, 0.7706282737793599, 0.25569172218137126], [0.43326614055368484, 0.029315025314232912, 0.9007891347427601]]","[0.02756921760737896, -0.001544533297419548, 0.08098308742046356]",[0.0],"[-0.061766818165779114, -0.21398666501045227, -0.33297255635261536, 0.9162552952766418]",[0.44],"[5.726408958435059, -3.86202335357666, -10.49802833557129]","[654.8489990234375, 660.6815795898438, 667.0916748046875, 669.857421875]"
2.4522500038147,"[2.485003709793091, -1.4677904844284058, -11.14107608795166]","[2.485003709793091, -1.4677904844284058, -11.14107608795166]","[4.553296089172363, -3.3266820907592773, -7.294369697570801]","[4.553296089172363, -3.3266820907592773, -7.294369697570801]","[-0.061603423207998276, -0.21461530029773712, -0.3316311836242676, 0.9166057705879211]","[[0.6879220618521589, 0.6343921875761186, -0.3525760131111806], [-0.581508038891506, 0.7724515525940472, 0.25527835852407454], [0.43429447772628116, 0.029414145722390206, 0.9002905822543368]]","[0.04455395042896271, -0.04769998788833618, 0.07336205244064331]",[0.0],"[-0.061603423207998276, -0.21461530029773712, -0.3316311836242676, 0.9166057705879211]",[0.44],"[6.96563720703125, -4.6738505363464355, -10.553460655212403]","[659.6588745117188, 659.8765258789062, 669.189697265625, 669.857421875]"
2.4832391738892,"[2.623507499694824, -1.5688629150390625, -11.360105514526367]","[2.623507499694824, -1.5688629150390625, -11.360105514526367]","[4.68002462387085, -3.411222219467163, -7.306829452514648]","[4.68002462387085, -3.411222219467163, -7.306829452514648]","[-0.06156248226761818, -0.21541666984558105, -0.33049410581588745, 0.9168311953544617]","[[0.6887386087471938, 0.632537782020604, -0.3543093707699172], [-0.5794914423505322, 0.7739674135960124, 0.25527268776971956], [0.4356935208852888, 0.029503070944086662, 0.8996114382593783]]","[0.03517034277319908, -0.06108403578400612, 0.06825131922960281]",[0.0],"[-0.06156248226761818, -0.21541666984558105, -0.33049410581588745, 0.9168311953544617]",[0.44],"[6.336426734924316, -4.227006435394287, -10.432987747192383]","[660.4403076171875, 663.6448364257812, 667.1797485351562, 669.857421875]"
2.5141186714172,"[2.765793561935425, -1.6724517345428467, -11.579438209533691]","[2.765793561935425, -1.6724517345428467, -11.579438209533691]","[4.804506301879883, -3.493760824203491, -7.312046527862549]","[4.804506301879883, -3.493760824203491, -7.312046527862549]","[-0.061765823513269424, -0.2169826328754425, -0.32936331629753113, 0.9168551564216614]","[[0.6888766858158668, 0.6307611317823183, -0.35719649867923864], [-0.5771526877518018, 0.7754095778464403, 0.25619286664319363], [0.4385700845439524, 0.029671611528108155, 0.8982070401523372]]","[0.03880663588643074, -0.20218080282211304, 0.06415033340454102]",[0.0],"[-0.061765823513269424, -0.2169826328754425, -0.32936331629753113, 0.9168551564216614]",[0.44],"[6.22408390045166, -4.126930236816406, -10.07085376739502]","[645.146484375, 663.943603515625, 650.5328369140625, 669.857421875]"
2.5450806617737,"[2.9266061782836914, -1.7892423868179321, -11.820777893066406]","[2.9266061782836914, -1.7892423868179321, -11.820777893066406]","[4.942506790161133, -3.5849807262420654, -7.3155107498168945]","[4.942506790161133, -3.5849807262420654, -7.3155107498168945]","[-0.06298454850912094, -0.22139805555343628, -0.3280026614665985, 0.9162042140960693]","[[0.686794310135971, 0.6289241544805089, -0.3643734638969405], [-0.573145528201187, 0.7768944014398603, 0.2606517204641037], [0.44700986206599547, 0.029824885396124046, 0.8940316952925195]]","[0.03452678769826889, -0.2864786982536316, 0.060178015381097794]",[0.0],"[-0.06298454850912094, -0.22139805555343628, -0.3280026614665985, 0.9162042140960693]",[0.44],"[6.9000244140625, -4.560995101928711, -9.983211097717286]","[664.8114624023438, 656.1549682617188, 669.75048828125, 661.1221923828125]"
2.575088262558,"[3.0767929553985596, -1.8980549573898315, -12.040277481079102]","[3.0767929553985596, -1.8980549573898315, -12.040277481079102]","[5.070301055908203, -3.669396162033081, -7.317929267883301]","[5.070301055908203, -3.669396162033081, -7.317929267883301]","[-0.06383650004863739, -0.22466996312141418, -0.3268643021583557, 0.9157555103302002]","[[0.685366271291107, 0.6273398598869546, -0.3697537673869764], [-0.5699712834400446, 0.7781692584721429, 0.2637904347827167], [0.4532172595494952, 0.029955928063781556, 0.8908966178651254]]","[0.033554188907146454, -0.19184774160385132, 0.056968409568071365]",[0.0],"[-0.06383650004863739, -0.22466996312141418, -0.3268643021583557, 0.9157555103302002]",[0.44],"[6.389713287353516, -4.220771789550781, -9.930925903320313]","[665.5198364257812, 662.594970703125, 669.8565673828125, 667.3174438476562]"
2.6055960655212,"[3.2308497428894043, -2.009422540664673, -12.259865760803223]","[3.2308497428894043, -2.009422540664673, -12.259865760803223]","[5.20009708404541, -3.755018472671509, -7.320597171783447]","[5.20009708404541, -3.755018472671509, -7.320597171783447]","[-0.06455659121274948, -0.22751513123512268, -0.3258001208305359, 0.915381669998169]","[[0.6841822926517462, 0.6258381200266441, -0.37446127112467575], [-0.5670877147392006, 0.7793734555955963, 0.2664367550417879], [0.4585914519947609, 0.03006107394692492, 0.8881386231801097]]","[0.03174273669719696, -0.21084867417812347, 0.05409422144293785]",[0.0],"[-0.06455659121274948, -0.22751513123512268, -0.3258001208305359, 0.915381669998169]",[0.44],"[6.489801406860352, -4.281115531921387, -9.943395195007325]","[665.4767456054688, 665.4835205078125, 669.4121704101562, 669.5087890625]"
2.6365988254547,"[3.38881516456604, -2.123366355895996, -12.479501724243164]","[3.38881516456604, -2.123366355895996, -12.479501724243164]","[5.330806255340576, -3.841087579727173, -7.320990085601807]","[5.330806255340576, -3.841087579727173, -7.320990085601807]","[-0.06531132012605667, -0.23043778538703918, -0.3247677683830261, 0.9149637818336487]","[[0.6828486473708519, 0.624401883095921, -0.37926243181521446], [-0.5642010992137112, 0.7805206561658017, 0.26919251554072066], [0.46410647856516984, 0.03016254570438104, 0.8852657170586172]]","[0.030515432357788086, -0.20948442816734314, 0.05154102295637131]",[0.0],"[-0.06531132012605667, -0.23043778538703918, -0.3247677683830261, 0.9149637818336487]",[0.44],"[6.535458564758301, -4.303455352783203, -9.82964569091797]","[664.0126342773438, 666.2251586914062, 667.382080078125, 669.8297119140625]"
2.6675951480865,"[3.567108631134033, -2.2516846656799316, -12.721038818359375]","[3.567108631134033, -2.2516846656799316, -12.721038818359375]","[5.474828243255615, -3.935725450515747, -7.316783428192139]","[5.474828243255615, -3.935725450515747, -7.316783428192139]","[-0.06627296656370163, -0.2339784801006317, -0.3236533999443054, 0.9143908023834229]","[[0.6810050951085795, 0.6229042801150624, -0.38499659841386613], [-0.5608784881617228, 0.7817127412146759, 0.2726546433417667], [0.47079448222481535, 0.030257079051715152, 0.8817239295052895]]","[0.02897723577916622, -0.2279529720544815, 0.04819546639919281]",[0.0],"[-0.06627296656370163, -0.2339784801006317, -0.3236533999443054, 0.9143908023834229]",[0.44],"[7.201099395751953, -4.731893539428711, -9.599667129516602]","[664.9884033203125, 662.9930419921875, 669.5845947265625, 667.7609252929688]"
2.6975963115692,"[3.7333309650421143, -2.3710546493530273, -12.940448760986328]","[3.7333309650421143, -2.3710546493530273, -12.940448760986328]","[5.6066083908081055, -4.02220344543457, -7.3100361824035645]","[5.6066083908081055, -4.02220344543457, -7.3100361824035645]","[-0.06706218421459198, -0.23693177103996277, -0.3227044343948364, 0.9139080047607422]","[[0.6794503677875507, 0.6216226556820006, -0.3897851558186183], [-0.5580660073789145, 0.7827290229405537, 0.27549520026814633], [0.4763502127236272, 0.030340532386325947, 0.8787319986404696]]","[0.02752392552793026, -0.19159626960754395, 0.04524879530072212]",[0.0],"[-0.06706218421459198, -0.23693177103996277, -0.3227044343948364, 0.9139080047607422]",[0.44],"[6.589007377624512, -4.323899745941162, -9.47263771057129]","[665.8831787109375, 663.748291015625, 669.8572387695312, 667.9313354492188]"
2.7285799980164,"[3.903522491455078, -2.493027448654175, -13.15963077545166]","[3.903522491455078, -2.493027448654175, -13.15963077545166]","[5.739320755004883, -4.1091814041137695, -7.301421642303467]","[5.739320755004883, -4.1091814041137695, -7.301421642303467]","[-0.06774521619081497, -0.23955398797988892, -0.3218193054199219, 0.913486123085022]","[[0.6780924430039406, 0.620412212694057, -0.3940550506585083], [-0.5554976658737791, 0.7836858406845976, 0.2779548258359288], [0.4812619243387104, 0.030417566253111872, 0.876048945052382]]","[0.026331819593906403, -0.18713077902793884, 0.042625658214092255]",[0.0],"[-0.06774521619081497, -0.23955398797988892, -0.3218193054199219, 0.913486123085022]",[0.44],"[6.635618209838867, -4.348897933959961, -9.379272994995118]","[665.63818359375, 666.1860961914062, 669.1448364257812, 669.8399658203125]"
2.7595748901367,"[4.077702522277832, -2.617612361907959, -13.37851619720459]","[4.077702522277832, -2.617612361907959, -13.37851619720459]","[5.872279167175293, -4.196181297302246, -7.289654731750488]","[5.872279167175293, -4.196181297302246, -7.289654731750488]","[-0.06848203390836716, -0.24230608344078064, -0.3209594190120697, 0.9130077362060547]","[[0.6765456265500482, 0.619264091977231, -0.3984947497904563], [-0.5528896382876503, 0.7845905247584158, 0.2805900930274152], [0.4864145650544338, 0.030491586029556927, 0.8731959459187254]]","[0.025105157867074013, -0.21378150582313538, 0.04030093178153038]",[0.0],"[-0.06848203390836716, -0.24230608344078064, -0.3209594190120697, 0.9130077362060547]",[0.44],"[6.647920608520508, -4.349994659423828, -9.221654472351075]","[662.3077392578125, 666.5321655273438, 665.4765625, 669.853759765625]"
2.7896592617035,"[4.255873203277588, -2.744807004928589, -13.596993446350098]","[4.255873203277588, -2.744807004928589, -13.596993446350098]","[6.00558614730835, -4.283306121826172, -7.2746195793151855]","[6.00558614730835, -4.283306121826172, -7.2746195793151855]","[-0.0693507045507431, -0.24540208280086517, -0.32010453939437866, 0.912415087223053]","[[0.67462180323222, 0.618174037144954, -0.403418174893158], [-0.5500988077831148, 0.7854471272748564, 0.28366189964607713], [0.49221607624072305, 0.03055538307949135, 0.8699365950706257]]","[0.0238343495875597, -0.20337170362472534, 0.03824277222156525]",[0.0],"[-0.0693507045507431, -0.24540208280086517, -0.32010453939437866, 0.912415087223053]",[0.44],"[6.665349006652832, -4.356241226196289, -9.058242378234864]","[667.08154296875, 663.4869384765625, 669.8347778320312, 666.43212890625]"
2.8206236362457,"[4.456496238708496, -2.887748956680298, -13.83675765991211]","[4.456496238708496, -2.887748956680298, -13.83675765991211]","[6.153367519378662, -4.379826068878174, -7.256017684936523]","[6.153367519378662, -4.379826068878174, -7.256017684936523]","[-0.07014018297195435, -0.24829500913619995, -0.3192349672317505, 0.9118766784667969]","[[0.6728772482691951, 0.617036757883163, -0.40804645839664033], [-0.5473749283958185, 0.7863387808584079, 0.2864472923618422], [0.49761125444736365, 0.03061050405976573, 0.8668598863414303]]","[0.02252471074461937, -0.18234480917453766, 0.03623853251338005]",[0.0],"[-0.07014018297195435, -0.24829500913619995, -0.3192349672317505, 0.9118766784667969]",[0.44],"[7.389068603515625, -4.825997352600098, -8.879905281066895]","[664.9461669921875, 667.0729370117188, 667.3867797851562, 669.633056640625]"
2.8516638278961,"[4.643113613128662, -3.020458936691284, -14.05413818359375]","[4.643113613128662, -3.020458936691284, -14.05413818359375]","[6.2876877784729, -4.467441082000732, -7.235366344451904]","[6.2876877784729, -4.467441082000732, -7.235366344451904]","[-0.07094214111566544, -0.2511391043663025, -0.3184531629085541, 0.9113089442253113]","[[0.6710334665832587, 0.6160511229140431, -0.4125471256639135], [-0.5447857397875788, 0.7871095912949259, 0.2892524996733412], [0.502914122551068, 0.030651668788540753, 0.8637927257440329]]","[0.021553121507167816, -0.20662248134613037, 0.034636009484529495]",[0.0],"[-0.07094214111566544, -0.2511391043663025, -0.3184531629085541, 0.9113089442253113]",[0.44],"[6.716012954711914, -4.38075065612793, -8.777432975769043]","[667.3729248046875, 665.1712646484375, 669.5413818359375, 667.4947509765625]"
2.8819985389709,"[4.833765506744385, -3.1558003425598145, -14.270853996276855]","[4.833765506744385, -3.1558003425598145, -14.270853996276855]","[6.422379970550537, -4.555232524871826, -7.211855888366699]","[6.422379970550537, -4.555232524871826, -7.211855888366699]","[-0.07164159417152405, -0.2536589801311493, -0.31771811842918396, 0.9108127355575562]","[[0.6694246380412885, 0.6151084845904062, -0.4165479941810961], [-0.5424183497403323, 0.7878453584127634, 0.2916882605140092], [0.5075953241868714, 0.030679955045728846, 0.8610492075667757]]","[0.020424528047442436, -0.15887004137039185, 0.0332135371863842]",[0.0],"[-0.07164159417152405, -0.2536589801311493, -0.31771811842918396, 0.9108127355575562]",[0.44],"[6.734609603881836, -4.3895721435546875, -8.634477195739747]","[667.854736328125, 666.6472778320312, 669.7666625976562, 668.6795654296875]"
2.9124829769135,"[5.0284743309021, -3.2937843799591064, -14.486848831176758]","[5.0284743309021, -3.2937843799591064, -14.486848831176758]","[6.557794094085693, -4.643434524536133, -7.186862945556641]","[6.557794094085693, -4.643434524536133, -7.186862945556641]","[-0.07225709408521652, -0.25591450929641724, -0.3170231878757477, 0.91037517786026]","[[0.6680081245613447, 0.6142033596484273, -0.42014208520842766], [-0.5402368045444144, 0.7885504214069171, 0.2938237968806048], [0.5117707824625604, 0.03069953736262665, 0.8585733525718683]]","[0.01972498744726181, -0.17193245887756348, 0.03194659575819969]",[0.0],"[-0.07225709408521652, -0.25591450929641724, -0.3170231878757477, 0.91037517786026]",[0.44],"[6.7707061767578125, -4.410099983215332, -8.56035285949707]","[665.689697265625, 668.0798950195312, 667.3684692382812, 669.8558349609375]"
2.9435150623322,"[5.247341156005859, -3.4486188888549805, -14.723516464233398]","[5.247341156005859, -3.4486188888549805, -14.723516464233398]","[6.706517696380615, -4.740195274353027, -7.155460357666016]","[6.706517696380615, -4.740195274353027, -7.155460357666016]","[-0.07302591949701309, -0.2586369216442108, -0.3162587583065033, 0.9098101854324341]","[[0.6661746811136702, 0.6132452771168331, -0.42443083803295467], [-0.5376964810410514, 0.789295225752089, 0.29647183410073197], [0.5168111845302188, 0.03071293266492603, 0.8555483156880442]]","[0.01877972111105919, -0.15911808609962463, 0.03072100505232811]",[0.0],"[-0.07302591949701309, -0.2586369216442108, -0.3162587583065033, 0.9098101854324341]",[0.44],"[7.436180114746094, -4.838037490844727, -8.23987060546875]","[668.3088989257812, 664.5386352539062, 669.8130493164062, 666.1721801757812]"
2.9744820594788,"[5.450567722320557, -3.5921449661254883, -14.937714576721191]","[5.450567722320557, -3.5921449661254883, -14.937714576721191]","[6.841774940490723, -4.828113555908203, -7.124081134796143]","[6.841774940490723, -4.828113555908203, -7.124081134796143]","[-0.07352937757968903, -0.26052430272102356, -0.3156270384788513, 0.9094504714012146]","[[0.6650133205455884, 0.61240669751004, -0.42745218046887423], [-0.5357819382162026, 0.7899460064276265, 0.298199682442581], [0.5202836192155562, 0.030714374035836656, 0.853441036648936]]","[0.01809527538716793, -0.11942214518785477, 0.029736904427409172]",[0.0],"[-0.07352937757968903, -0.26052430272102356, -0.3156270384788513, 0.9094504714012146]",[0.44],"[6.762862205505371, -4.395914077758789, -8.241038856506348]","[668.513916015625, 667.3753051757812, 669.857421875, 668.7889404296875]"
3.0049896240234,"[5.65786075592041, -3.7383131980895996, -15.150957107543945]","[5.65786075592041, -3.7383131980895996, -15.150957107543945]","[6.977402687072754, -4.916193962097168, -7.091337203979492]","[6.977402687072754, -4.916193962097168, -7.091337203979492]","[-0.07397124916315079, -0.2622227966785431, -0.31502389907836914, 0.9091355204582214]","[[0.6639982958230899, 0.6115927285495162, -0.4301866948065687], [-0.5340049372320492, 0.7905763946134091, 0.2997126758875899], [0.5233975401308619, 0.030713115460046403, 0.851534918398653]]","[0.01765279285609722, -0.12509679794311523, 0.028860770165920258]",[0.0],"[-0.07397124916315079, -0.2622227966785431, -0.31502389907836914, 0.9091355204582214]",[0.44],"[6.7813873291015625, -4.404020309448242, -8.172803459167481]","[668.174072265625, 668.6126708984375, 669.3489990234375, 669.8553466796875]"
3.0365517139435,"[5.890578269958496, -3.9021458625793457, -15.384344100952148]","[5.890578269958496, -3.9021458625793457, -15.384344100952148]","[7.126248359680176, -5.012733459472656, -7.052267551422119]","[7.126248359680176, -5.012733459472656, -7.052267551422119]","[-0.07447308301925659, -0.2641230523586273, -0.31437140703201294, 0.9087702631950378]","[[0.6628192633069485, 0.6107228886301606, -0.4332299358261018], [-0.5320426566077465, 0.7912487566926387, 0.3014233177118548], [0.5268787674052042, 0.030707624686431956, 0.8493855462367375]]","[0.01707572117447853, -0.11474219709634781, 0.028011713176965714]",[0.0],"[-0.07447308301925659, -0.2641230523586273, -0.31437140703201294, 0.9087702631950378]",[0.44],"[7.442283630371094, -4.826974868774414, -7.856517372131348]","[668.830810546875, 666.83056640625, 669.8552856445312, 667.9228515625]"
3.0667142868042,"[6.106390953063965, -4.053840160369873, -15.59533977508545]","[6.106390953063965, -4.053840160369873, -15.59533977508545]","[7.260934352874756, -5.099964618682861, -7.0135273933410645]","[7.260934352874756, -5.099964618682861, -7.0135273933410645]","[-0.0748237818479538, -0.26553258299827576, -0.31381553411483765, 0.9085228443145752]","[[0.6620245158289659, 0.6099534674157931, -0.4355231049973636], [-0.5304808591606465, 0.791842424436378, 0.30261472893074526], [0.5294465652577944, 0.0306982685032402, 0.8477876980724672]]","[0.016660287976264954, -0.08753495663404465, 0.027331653982400894]",[0.0],"[-0.0748237818479538, -0.26553258299827576, -0.31381553411483765, 0.9085228443145752]",[0.44],"[6.734299659729004, -4.361557960510254, -7.872992095947266]","[668.9317626953125, 667.5975341796875, 669.857421875, 668.5733032226562]"
3.0977785587311,"[6.326242446899414, -4.20814847946167, -15.805147171020508]","[6.326242446899414, -4.20814847946167, -15.805147171020508]","[7.395413398742676, -5.186951637268066, -6.972919940948486]","[7.395413398742676, -5.186951637268066, -6.972919940948486]","[-0.07508604973554611, -0.2666791081428528, -0.31329068541526794, 0.90834641456604]","[[0.6614623994243285, 0.6092007031826823, -0.4374265034689109], [-0.529105180072901, 0.7924220631342854, 0.30350444927443476], [0.5315215434160074, 0.030687873029592083, 0.8464886768304875]]","[0.016380533576011658, -0.07398363947868347, 0.0266704261302948]",[0.0],"[-0.07508604973554611, -0.2666791081428528, -0.31329068541526794, 0.90834641456604]",[0.44],"[6.723952293395996, -4.349350929260254, -7.779627380371094]","[667.3922729492188, 666.3701171875, 669.857421875, 668.8742065429688]"
3.1287822723389,"[6.550089359283447, -4.36503791809082, -16.013641357421875]","[6.550089359283447, -4.36503791809082, -16.013641357421875]","[7.526307106018066, -5.271345138549805, -6.924195766448975]","[7.526307106018066, -5.271345138549805, -6.924195766448975]","[-0.07527340203523636, -0.26763272285461426, -0.31282103061676025, 0.9082123637199402]","[[0.6610314569225864, 0.608507106365952, -0.439040489259801], [-0.5279246041850705, 0.7929538354998192, 0.30417075715562714], [0.5332289020705705, 0.030713819604973658, 0.8454132812069338]]","[0.016102200374007225, -0.05926821008324623, 0.019630976021289825]",[0.0],"[-0.07527340203523636, -0.26763272285461426, -0.31282103061676025, 0.9082123637199402]",[0.44],"[6.544685363769531, -4.219675064086914, -7.373791275024415]","[651.9894409179688, 651.1280517578125, 669.857421875, 669.076171875]"
3.1604788303375,"[6.800781726837158, -4.540486812591553, -16.24113655090332]","[6.800781726837158, -4.540486812591553, -16.24113655090332]","[7.666463375091553, -5.36140251159668, -6.862165451049805]","[7.666463375091553, -5.36140251159668, -6.862165451049805]","[-0.0753687173128128, -0.2684953808784485, -0.3124990463256836, 0.9080606698989868]","[[0.6605091529849503, 0.6080084916210371, -0.440514886284447], [-0.5270638817761419, 0.7933278049923191, 0.304687836799733], [0.5347254954166232, 0.030930365069732346, 0.8444595737951164]]","[0.014852117747068405, -0.04769565537571907, 0.004573828540742397]",[0.0],"[-0.0753687173128128, -0.2684953808784485, -0.3124990463256836, 0.9080606698989868]",[0.44],"[7.007813453674316, -4.50286865234375, -6.708484230041504]","[649.304443359375, 648.5230712890625, 669.857421875, 669.2958984375]"
3.190994977951,"[7.0326128005981445, -4.7025041580200195, -16.445999145507812]","[7.0326128005981445, -4.7025041580200195, -16.445999145507812]","[7.786694526672363, -5.438201427459717, -6.791265487670898]","[7.786694526672363, -5.438201427459717, -6.791265487670898]","[-0.07535476982593536, -0.2691558003425598, -0.3124987483024597, 0.9078664183616638]","[[0.659799374902704, 0.6079785854919724, -0.4416184823780842], [-0.5268498919634563, 0.7933323819477525, 0.30504583138747243], [0.5358115673749833, 0.03139757143411437, 0.8437536276128728]]","[0.012174262665212154, -0.038959141820669174, -0.023753810673952103]",[0.0],"[-0.07535476982593536, -0.2691558003425598, -0.3124987483024597, 0.9078664183616638]",[0.44],"[6.011557579040527, -3.8399457931518555, -6.265001831054688]","[614.8916625976562, 614.1014404296875, 669.857421875, 669.501708984375]"
3.2216126918793,"[7.267967224121094, -4.866766452789307, -16.64856719970703]","[7.267967224121094, -4.866766452789307, -16.64856719970703]","[7.903542995452881, -5.512591361999512, -6.713374137878418]","[7.903542995452881, -5.512591361999512, -6.713374137878418]","[-0.07521858811378479, -0.2697295546531677, -0.3129892647266388, 0.9075384140014648]","[[0.6585673750249637, 0.6086769143661392, -0.44249464330349575], [-0.5275222092718543, 0.7927597683360936, 0.30537242629230477], [0.5366650856535333, 0.03231739365145003, 0.8431762626975452]]","[0.006570959463715553, -0.03192310407757759, -0.05944737419486046]",[0.0],"[-0.07521858811378479, -0.2697295546531677, -0.3129892647266388, 0.9075384140014648]",[0.44],"[5.842423439025879, -3.719496726989746, -5.915432510375977]","[618.74658203125, 617.8157348632812, 669.8291015625, 669.8409423828125]"
3.2526118755341,"[7.530928134918213, -5.050048351287842, -16.86872100830078]","[7.530928134918213, -5.050048351287842, -16.86872100830078]","[8.033297538757324, -5.595240592956543, -6.6295857429504395]","[8.033297538757324, -5.595240592956543, -6.6295857429504395]","[-0.07499382644891739, -0.27026641368865967, -0.3141118586063385, 0.9070092439651489]","[[0.6565796118294838, 0.610341343836323, -0.4431553706781055], [-0.5292680937437684, 0.7914193325548425, 0.3058279587042012], [0.537381171517588, 0.03374758338625661, 0.8426639832528399]]","[-0.003436647355556488, -0.025984374806284904, -0.0960192084312439]",[0.0],"[-0.07499382644891739, -0.27026641368865967, -0.3141118586063385, 0.9070092439651489]",[0.44],"[6.487727165222168, -4.1324615478515625, -5.620580253601075]","[622.57177734375, 621.6161499023438, 669.581298828125, 669.857421875]"
3.283607006073,"[7.773706912994385, -5.219040870666504, -17.06647491455078]","[7.773706912994385, -5.219040870666504, -17.06647491455078]","[8.151453971862793, -5.6705827713012695, -6.553544998168945]","[8.151453971862793, -5.6705827713012695, -6.553544998168945]","[-0.07477235049009323, -0.2706747055053711, -0.3156442940235138, 0.9063735604286194]","[[0.6542077668999564, 0.6126612531038411, -0.443461861527894], [-0.5317053173084396, 0.7895555505051685, 0.3064172157291756], [0.5378677246595909, 0.03533048958788587, 0.8422885988035346]]","[-0.014600814320147038, -0.02190931886434555, -0.12826789915561676]",[0.0],"[-0.07477235049009323, -0.2706747055053711, -0.3156442940235138, 0.9063735604286194]",[0.44],"[5.9078216552734375, -3.767108917236328, -6.0079627609252935]","[621.1359252929688, 620.1482543945312, 669.4285278320312, 669.857421875]"
3.3151476383209,"[8.020031929016113, -5.390296936035156, -17.26194953918457]","[8.020031929016113, -5.390296936035156, -17.26194953918457]","[8.270018577575684, -5.7463884353637695, -6.478190898895264]","[8.270018577575684, -5.7463884353637695, -6.478190898895264]","[-0.07456935942173004, -0.27101197838783264, -0.31766095757484436, 0.9055846333503723]","[[0.6512880472058917, 0.6157561428382801, -0.4434730179245099], [-0.5349193843422944, 0.7870618533361315, 0.30723758116006294], [0.5382241144031079, 0.03712211711566482, 0.8419838364114915]]","[-0.027584709227085114, -0.018840841948986053, -0.15887212753295898]",[0.0],"[-0.07456935942173004, -0.27101197838783264, -0.31766095757484436, 0.9055846333503723]",[0.44],"[5.928230285644531, -3.790283203125, -6.0422950363159185]","[624.1002807617188, 623.0972900390625, 669.2592163085938, 669.857421875]"
3.346116065979,"[8.295068740844727, -5.581288814544678, -17.474308013916016]","[8.295068740844727, -5.581288814544678, -17.474308013916016]","[8.397007942199707, -5.827751159667969, -6.388856410980225]","[8.397007942199707, -5.827751159667969, -6.388856410980225]","[-0.07439432293176651, -0.2713070511817932, -0.320444792509079, 0.9045292139053345]","[[0.6474152378657063, 0.6200707612951577, -0.44313176071343685], [-0.5393359437780232, 0.7835612393386747, 0.3084615403253803], [0.5384888542163302, 0.039294186563418876, 0.8417159373891278]]","[-0.04297059774398804, -0.016494959592819214, -0.19860966503620148]",[0.0],"[-0.07439432293176651, -0.2713070511817932, -0.320444792509079, 0.9045292139053345]",[0.44],"[6.349468231201172, -4.068136215209961, -5.343275604248047]","[602.832763671875, 601.8146362304688, 669.1422729492188, 669.857421875]"
3.3761162757874,"[8.548555374145508, -5.757126331329346, -17.66445541381836]","[8.548555374145508, -5.757126331329346, -17.66445541381836]","[8.500417709350586, -5.89379358291626, -6.284991264343262]","[8.500417709350586, -5.89379358291626, -6.284991264343262]","[-0.07422715425491333, -0.2715308368206024, -0.32372230291366577, 0.9033079743385315]","[[0.6429497505035524, 0.625151798005593, -0.4424939697294725], [-0.5445319527669987, 0.7793884003349802, 0.30990113631711935], [0.5386099109859863, 0.041701214913441476, 0.8415226684534414]]","[-0.05862120911478996, -0.015134768560528755, -0.25964170694351196]",[0.0],"[-0.07422715425491333, -0.2715308368206024, -0.32372230291366577, 0.9033079743385315]",[0.44],"[5.170488357543945, -3.302121162414551, -4.616742668151856]","[568.30859375, 567.09521484375, 668.9235229492188, 669.857421875]"
3.4081199169159,"[8.805115699768066, -5.934933185577393, -17.8514347076416]","[8.805115699768066, -5.934933185577393, -17.8514347076416]","[8.603524208068848, -5.960183620452881, -6.180875301361084]","[8.603524208068848, -5.960183620452881, -6.180875301361084]","[-0.07404325157403946, -0.2717188894748688, -0.3279252052307129, 0.9017491936683655]","[[0.6372678097538778, 0.6316504789822699, -0.4414832820401209], [-0.5511746786190446, 0.7739653133414767, 0.3117438299991635], [0.5386058759135857, 0.04467006038526744, 0.8413728839977751]]","[-0.07954613864421844, -0.014576755464076996, -0.32142823934555054]",[0.0],"[-0.07404325157403946, -0.2717188894748688, -0.3279252052307129, 0.9017491936683655]",[0.44],"[5.155324935913086, -3.3195018768310547, -4.604201850891114]","[577.5271606445312, 576.0732421875, 668.5185546875, 669.857421875]"
3.4391250610352,"[9.09094524383545, -6.132866382598877, -18.05359649658203]","[9.09094524383545, -6.132866382598877, -18.05359649658203]","[8.719618797302246, -6.0359787940979, -6.072042942047119]","[8.719618797302246, -6.0359787940979, -6.072042942047119]","[-0.07391800731420517, -0.2718624472618103, -0.3335672914981842, 0.8996443152427673]","[[0.6296473436227696, 0.6403748958248494, -0.4398457514286638], [-0.5599927743642246, 0.766537980474525, 0.31436867053497597], [0.5384722693996333, 0.04836901023778406, 0.841253875927033]]","[-0.1062169149518013, -0.015000361949205399, -0.38326260447502136]",[0.0],"[-0.07391800731420517, -0.2718624472618103, -0.3335672914981842, 0.8996443152427673]",[0.44],"[5.804729461669922, -3.7897586822509766, -4.368382034301758]","[586.9735107421875, 585.4872436523438, 668.2940673828125, 669.857421875]"
3.4700653553009,"[9.354146957397461, -6.315013408660889, -18.234333038330078]","[9.354146957397461, -6.315013408660889, -18.234333038330078]","[8.827075004577637, -6.10731315612793, -5.977594375610352]","[8.827075004577637, -6.10731315612793, -5.977594375610352]","[-0.07393527030944824, -0.2719230651855469, -0.33955109119415283, 0.8973831534385681]","[[0.6215258061779139, 0.6496242685943656, -0.43782875203515914], [-0.5692054472828971, 0.7584772645462579, 0.3173600790504736], [0.5382479588803903, 0.05196701496797118, 0.8411828448487313]]","[-0.1326250433921814, -0.016148217022418976, -0.4342136085033417]",[0.0],"[-0.07393527030944824, -0.2719230651855469, -0.33955109119415283, 0.8973831534385681]",[0.44],"[5.372810363769531, -3.566718101501465, -5.087571678161622]","[595.5921020507812, 594.1176147460938, 668.1121826171875, 669.857421875]"
3.5020725727081,"[9.647416114807129, -6.517887115478516, -18.42993927001953]","[9.647416114807129, -6.517887115478516, -18.42993927001953]","[8.946579933166504, -6.188234806060791, -5.877503871917725]","[8.946579933166504, -6.188234806060791, -5.877503871917725]","[-0.07415032386779785, -0.2719012498855591, -0.3469950556755066, 0.8945199847221375]","[[0.6113282832948457, 0.6611111552811693, -0.43498261226939405], [-0.5804648923248763, 0.7481923216141055, 0.32135467183128696], [0.5379017953048475, 0.05603888553783065, 0.8411428795619429]]","[-0.16275955736637115, -0.018165934830904007, -0.48526352643966675]",[0.0],"[-0.07415032386779785, -0.2719012498855591, -0.3469950556755066, 0.8945199847221375]",[0.44],"[5.975246429443359, -4.046082496643066, -4.805474815368653]","[600.4425048828125, 599.029541015625, 668.0306396484375, 669.857421875]"
3.534074306488,"[9.917484283447266, -6.704687595367432, -18.604991912841797]","[9.917484283447266, -6.704687595367432, -18.604991912841797]","[9.05795669555664, -6.265527248382568, -5.793370723724365]","[9.05795669555664, -6.265527248382568, -5.793370723724365]","[-0.07456061989068985, -0.2717936933040619, -0.3544571101665497, 0.8915879726409912]","[[0.600976690665032, 0.6725896049934188, -0.4317988922617908], [-0.5915291799728952, 0.737601742027789, 0.325633118034494], [0.5375130596965128, 0.05972371032571111, 0.8411378044833072]]","[-0.19063934683799744, -0.020648092031478882, -0.5229021906852722]",[0.0],"[-0.07456061989068985, -0.2717936933040619, -0.3544571101665497, 0.8915879726409912]",[0.44],"[5.568838119506836, -3.864622116088867, -5.603342590332032]","[617.084228515625, 615.7978515625, 667.9395141601562, 669.857421875]"
3.5650737285614,"[10.218460083007812, -6.912915229797363, -18.79474639892578]","[10.218460083007812, -6.912915229797363, -18.79474639892578]","[9.183965682983398, -6.355499744415283, -5.709864139556885]","[9.183965682983398, -6.355499744415283, -5.709864139556885]","[-0.07529087364673615, -0.2715696096420288, -0.36327213048934937, 0.888039767742157]","[[0.5885666126572104, 0.6860936231056236, -0.4276270739925625], [-0.6043067704422178, 0.7247292871104807, 0.3310299212343448], [0.5370313782967795, 0.06358476144893821, 0.8411624629287746]]","[-0.22020456194877625, -0.023909438401460648, -0.5522953867912292]",[0.0],"[-0.07529087364673615, -0.2715696096420288, -0.36327213048934937, 0.888039767742157]",[0.44],"[6.300449371337891, -4.498624801635742, -5.634670791625977]","[653.9515991210938, 652.8917846679688, 667.4049682617188, 669.3543090820312]"
3.5962178707123,"[10.495821952819824, -7.104934215545654, -18.965171813964844]","[10.495821952819824, -7.104934215545654, -18.965171813964844]","[9.306049346923828, -6.445644855499268, -5.651287078857422]","[9.306049346923828, -6.445644855499268, -5.651287078857422]","[-0.07627967745065689, -0.2712535858154297, -0.3715391159057617, 0.8846251368522644]","[[0.5767603550684726, 0.6987279545748777, -0.4232337131040964], [-0.6159634104415375, 0.7122801923199774, 0.3365204751279327], [0.5365972487904713, 0.06660479471259695, 0.8412058059805901]]","[-0.244780495762825, -0.02722274884581566, -0.5506742596626282]",[0.0],"[-0.07627967745065689, -0.2712535858154297, -0.3715391159057617, 0.8846251368522644]",[0.44],"[6.104183197021484, -4.507255554199219, -6.881146965026856]","[669.8360595703125, 669.1576538085938, 660.5491333007812, 662.1697998046875]"
3.6272261142731,"[10.776788711547852, -7.299653053283691, -19.13376808166504]","[10.776788711547852, -7.299653053283691, -19.13376808166504]","[9.423208236694336, -6.534663677215576, -5.585803031921387]","[9.423208236694336, -6.534663677215576, -5.585803031921387]","[-0.07758805900812149, -0.270829975605011, -0.3797825276851654, 0.8811336159706116]","[[0.5648327119577115, 0.7113046480601968, -0.4183416130995714], [-0.627251959546558, 0.6994906495288377, 0.34244387939630005], [0.536207969772732, 0.06898209143643097, 0.8412624348262828]]","[-0.26340749859809875, -0.030052773654460907, -0.540825366973877]",[0.0],"[-0.07758805900812149, -0.270829975605011, -0.3797825276851654, 0.8811336159706116]",[0.44],"[5.857944488525391, -4.45094108581543, -6.535797653198243]","[669.8572998046875, 669.3734741210938, 646.7001953125, 648.137939453125]"
3.6592190265656,"[11.089737892150879, -7.516842842102051, -19.316667556762695]","[11.089737892150879, -7.516842842102051, -19.316667556762695]","[9.539923667907715, -6.625962734222412, -5.492873668670654]","[9.539923667907715, -6.625962734222412, -5.492873668670654]","[-0.07937061041593552, -0.2702474296092987, -0.38861986994743347, 0.8772920370101929]","[[0.5518818469432141, 0.7247656415604955, -0.4124818434424422], [-0.6389668277547851, 0.6853498057684834, 0.3493094508778647], [0.5358618286323993, 0.07078463291571069, 0.8413332659835379]]","[-0.2788600027561188, -0.03275808319449425, -0.5097448229789734]",[0.0],"[-0.07937061041593552, -0.2702474296092987, -0.38861986994743347, 0.8772920370101929]",[0.44],"[5.835771560668945, -4.564952850341797, -5.163531837463379]","[669.857421875, 669.662109375, 600.9581298828125, 602.1066284179688]"
3.6902346611023,"[11.377321243286133, -7.716729164123535, -19.479799270629883]","[11.377321243286133, -7.716729164123535, -19.479799270629883]","[9.630412101745605, -6.698714733123779, -5.379814624786377]","[9.630412101745605, -6.698714733123779, -5.379814624786377]","[-0.08130139112472534, -0.2696201503276825, -0.39604270458221436, 0.8739823698997498]","[[0.5409103013689656, 0.7361096696583367, -0.40688887025756415], [-0.648427696470744, 0.6730805198967786, 0.35567415207394504], [0.5356841615668948, 0.0714502221086093, 0.8413901166769246]]","[-0.2752543091773987, -0.034630488604307175, -0.4512627422809601]",[0.0],"[-0.08130139112472534, -0.2696201503276825, -0.39604270458221436, 0.8739823698997498]",[0.44],"[4.524421691894531, -3.6375999450683594, -4.157047805786133]","[668.5643920898438, 669.8561401367188, 571.4820556640625, 570.8021240234375]"
3.7212281227112,"[11.69671630859375, -7.939102649688721, -19.65521240234375]","[11.69671630859375, -7.939102649688721, -19.65521240234375]","[9.72605037689209, -6.778344631195068, -5.2508015632629395]","[9.72605037689209, -6.778344631195068, -5.2508015632629395]","[-0.08362658321857452, -0.26888811588287354, -0.4032076895236969, 0.8707062602043152]","[[0.5302454804918408, 0.7471233076603312, -0.4008073687828775], [-0.6571785300628719, 0.6608603073762978, 0.36246389094684694], [0.5356828943921679, 0.07120713283520708, 0.8414115514322904]]","[-0.2773468494415283, -0.03567982837557793, -0.38146305084228516]",[0.0],"[-0.08362658321857452, -0.26888811588287354, -0.4032076895236969, 0.8707062602043152]",[0.44],"[4.781913757324219, -3.981494903564453, -3.3593469238281255]","[669.8245849609375, 669.742431640625, 570.1800537109375, 570.7579956054688]"
3.7532184123993,"[11.989803314208984, -8.143573760986328, -19.811010360717773]","[11.989803314208984, -8.143573760986328, -19.811010360717773]","[9.812808990478516, -6.8532867431640625, -5.1362786293029785]","[9.812808990478516, -6.8532867431640625, -5.1362786293029785]","[-0.08602078258991241, -0.2681199610233307, -0.4088457226753235, 0.8680768013000488]","[[0.5219137231018802, 0.7559467520808107, -0.3951589782135141], [-0.6636911965799959, 0.650891200025423, 0.3685846900484826], [0.5358358943057926, 0.0698941068645702, 0.8414242229269333]]","[-0.26959365606307983, -0.035186588764190674, -0.3209592401981354]",[0.0],"[-0.08602078258991241, -0.2681199610233307, -0.4088457226753235, 0.8680768013000488]",[0.44],"[4.337930679321289, -3.747105598449707, -4.083853302001954]","[668.903076171875, 669.8572998046875, 580.4669189453125, 579.5897827148438]"
3.7832188606262,"[12.285481452941895, -8.350319862365723, -19.963396072387695]","[12.285481452941895, -8.350319862365723, -19.963396072387695]","[9.89793872833252, -6.929274082183838, -5.021318435668945]","[9.89793872833252, -6.929274082183838, -5.021318435668945]","[-0.08848301321268082, -0.2673289179801941, -0.4136418104171753, 0.8657981753349304]","[[0.5148714045726805, 0.7635687857664015, -0.38970523125010637], [-0.6689525130393088, 0.6421424180952123, 0.3743736979957353], [0.5361063263559469, 0.06793997244503291, 0.8414120119686864]]","[-0.2566681206226349, -0.033842604607343674, -0.25995951890945435]",[0.0],"[-0.08848301321268082, -0.2673289179801941, -0.4136418104171753, 0.8657981753349304]",[0.44],"[4.256486892700195, -3.7993669509887695, -4.06199031829834]","[669.1227416992188, 669.857421875, 566.3526611328125, 565.5023803710938]"
3.8152179718018,"[12.613605499267578, -8.580351829528809, -20.126934051513672]","[12.613605499267578, -8.580351829528809, -20.126934051513672]","[9.987933158874512, -7.012196063995361, -4.890415191650391]","[9.987933158874512, -7.012196063995361, -4.890415191650391]","[-0.09126108884811401, -0.26642563939094543, -0.417874276638031, 0.8637534379959106]","[[0.5087969351987365, 0.7705092740880524, -0.38398080101316623], [-0.6732520982965617, 0.634105005172998, 0.3803190011722499], [0.5365234469635851, 0.06501068418101497, 0.8413775846747651]]","[-0.2374122589826584, -0.03141770884394646, -0.18748216331005096]",[0.0],"[-0.09126108884811401, -0.26642563939094543, -0.417874276638031, 0.8637534379959106]",[0.44],"[4.499721527099609, -4.146099090576172, -3.264837799072266]","[668.7132568359375, 669.857421875, 568.8399658203125, 567.2797241210938]"
3.8472290039062,"[12.944705963134766, -8.8131742477417, -20.286226272583008]","[12.944705963134766, -8.8131742477417, -20.286226272583008]","[10.078603744506836, -7.098555564880371, -4.764404296875]","[10.078603744506836, -7.098555564880371, -4.764404296875]","[-0.09399215131998062, -0.26553037762641907, -0.4209955036640167, 0.8622192144393921]","[[0.5045128089045043, 0.7758963677712374, -0.37875024104285293], [-0.6760652820355815, 0.6278565227698455, 0.38565786788302603], [0.5370313333845318, 0.06149051238469738, 0.8413181880956263]]","[-0.20653651654720306, -0.028128044679760933, -0.1200404092669487]",[0.0],"[-0.09399215131998062, -0.26553037762641907, -0.4209955036640167, 0.8622192144393921]",[0.44],"[4.533529281616211, -4.317975044250488, -3.5094552612304692]","[666.9249267578125, 669.857421875, 579.2048950195312, 575.4061279296875]"
3.8781642913818,"[13.248308181762695, -9.027342796325684, -20.4274845123291]","[13.248308181762695, -9.027342796325684, -20.4274845123291]","[10.161191940307617, -7.179385662078857, -4.652918338775635]","[10.161191940307617, -7.179385662078857, -4.652918338775635]","[-0.09613817185163498, -0.26485538482666016, -0.422855406999588, 0.8612794876098633]","[[0.5020898597990691, 0.7793188015519235, -0.37492392869539914], [-0.677467951542738, 0.6239015133684765, 0.3895947338780701], [0.5375341118414769, 0.058387392309569464, 0.8412181540826945]]","[-0.16452842950820923, -0.024689551442861557, -0.06202540546655655]",[0.0],"[-0.09613817185163498, -0.26485538482666016, -0.422855406999588, 0.8612794876098633]",[0.44],"[4.1294097900390625, -4.041504859924316, -4.235702095031739]","[669.6068115234375, 669.857421875, 581.6181640625, 580.8043212890625]"
3.908793926239,"[13.554401397705078, -9.243977546691895, -20.565460205078125]","[13.554401397705078, -9.243977546691895, -20.565460205078125]","[10.244833946228027, -7.263030052185059, -4.546013832092285]","[10.244833946228027, -7.263030052185059, -4.546013832092285]","[-0.0982026606798172, -0.2641892731189728, -0.4238959848880768, 0.8607394695281982]","[[0.5010324439292724, 0.7816161894220928, -0.3715408424639284], [-0.6778398312486926, 0.6213368628623441, 0.39303135637087117], [0.5380516967339313, 0.05492373213165713, 0.841120530808547]]","[-0.14975948631763458, -0.020955821499228477, -0.007387679070234299]",[0.0],"[-0.0982026606798172, -0.2641892731189728, -0.4238959848880768, 0.8607394695281982]",[0.44],"[4.182100296020508, -4.182219505310059, -4.46477466583252]","[668.5811767578125, 669.857421875, 588.8212890625, 586.7937622070312]"
3.9407951831818,"[13.894018173217773, -9.485218048095703, -20.71360206604004]","[13.894018173217773, -9.485218048095703, -20.71360206604004]","[10.337635040283203, -7.357668399810791, -4.432592868804932]","[10.337635040283203, -7.357668399810791, -4.432592868804932]","[-0.10029519349336624, -0.26350152492523193, -0.4241481125354767, 0.8605847954750061]","[[0.50133064998934, 0.7828867062112526, -0.36845077783708247], [-0.6771749604985597, 0.6200785055894417, 0.3961523860537435], [0.5386108459034493, 0.05090231173528448, 0.8410156410484112]]","[-0.11541818082332611, -0.01682019792497158, 0.04793087765574455]",[0.0],"[-0.10029519349336624, -0.26350152492523193, -0.4241481125354767, 0.8605847954750061]",[0.44],"[4.640054702758789, -4.731917381286621, -4.138951835632325]","[668.6519775390625, 669.857421875, 593.810546875, 591.8596801757812]"
3.9722578525543,"[14.205427169799805, -9.707268714904785, -20.845081329345703]","[14.205427169799805, -9.707268714904785, -20.845081329345703]","[10.42273235321045, -7.445821285247803, -4.332996845245361]","[10.42273235321045, -7.445821285247803, -4.332996845245361]","[-0.10200562328100204, -0.26292985677719116, -0.4236059784889221, 0.8608255982398987]","[[0.5028517308071372, 0.782942387540932, -0.36625311878807043], [-0.6756610918619641, 0.6203056556149943, 0.39837542187751307], [0.5390938862333554, 0.04713921513870378, 0.8409254864683601]]","[-0.0899738296866417, -0.01316071767359972, 0.09501411765813828]",[0.0],"[-0.10200562328100204, -0.26292985677719116, -0.4236059784889221, 0.8608255982398987]",[0.44],"[4.254865646362305, -4.407644271850586, -4.830198822021485]","[668.475830078125, 669.857421875, 600.4323120117188, 598.3123779296875]"
4.0033483505249,"[14.550942420959473, -9.95461654663086, -20.98632049560547]","[14.550942420959473, -9.95461654663086, -20.98632049560547]","[10.517561912536621, -7.54525899887085, -4.227933406829834]","[10.517561912536621, -7.54525899887085, -4.227933406829834]","[-0.1036476194858551, -0.2623727023601532, -0.42221349477767944, 0.8614833354949951]","[[0.5057926597676978, 0.7818483915795493, -0.36453657424710073], [-0.6730711675087466, 0.6219858716050677, 0.4001359850970694], [0.5395822688411407, 0.04297319729390736, 0.8408354720622917]]","[-0.057825952768325806, -0.009358484297990799, 0.14210201799869537]",[0.0],"[-0.1036476194858551, -0.2623727023601532, -0.42221349477767944, 0.8614833354949951]",[0.44],"[4.741477966308594, -4.971885681152344, -4.556828079223633]","[668.5411376953125, 669.857421875, 611.9290161132812, 609.9636840820312]"
4.0352027416229,"[14.867809295654297, -10.182388305664062, -21.111841201782227]","[14.867809295654297, -10.182388305664062, -21.111841201782227]","[10.607208251953125, -7.640143871307373, -4.141528129577637]","[10.607208251953125, -7.640143871307373, -4.141528129577637]","[-0.10489341616630554, -0.26194465160369873, -0.42031130194664, 0.8623925447463989]","[[0.5094468179042746, 0.7798992052492792, -0.36362245272946403], [-0.6699941278364605, 0.6246715614017653, 0.40111519529662587], [0.5399740059874265, 0.039277994917412684, 0.8407647414823582]]","[-0.03016684390604496, -0.0061842105351388454, 0.17506209015846252]",[0.0],"[-0.10489341616630554, -0.26194465160369873, -0.42031130194664, 0.8623925447463989]",[0.44],"[4.482316970825195, -4.744243621826172, -5.489736137390137]","[668.493896484375, 669.857421875, 627.1544189453125, 625.2349853515625]"
4.0657520294189,"[15.219522476196289, -10.436291694641113, -21.24704933166504]","[15.219522476196289, -10.436291694641113, -21.24704933166504]","[10.708662986755371, -7.7480692863464355, -4.05394983291626]","[10.708662986755371, -7.7480692863464355, -4.05394983291626]","[-0.10596147179603577, -0.261575311422348, -0.41766950488090515, 0.8636565804481506]","[[0.5142610822936824, 0.7768798426534662, -0.36330872706236583], [-0.6660122227181926, 0.6286487023747149, 0.40153270640291616], [0.5403362289083748, 0.03547541684044653, 0.8407010458982391]]","[-0.0008884959388524294, -0.0032092034816741943, 0.20281606912612915]",[0.0],"[-0.10596147179603577, -0.261575311422348, -0.41766950488090515, 0.8636565804481506]",[0.44],"[5.072736740112305, -5.396270751953125, -5.431085166931153]","[668.5894775390625, 669.857421875, 637.6590576171875, 635.9666137695312]"
4.097384929657,"[15.54220199584961, -10.670243263244629, -21.3675479888916]","[15.54220199584961, -10.670243263244629, -21.3675479888916]","[10.803021430969238, -7.848568916320801, -3.9796905517578125]","[10.803021430969238, -7.848568916320801, -3.9796905517578125]","[-0.10665997862815857, -0.26133397221565247, -0.414865106344223, 0.8649943470954895]","[[0.5191829970079702, 0.7734596953725106, -0.3636058105886111], [-0.6619641918071775, 0.6330211849940746, 0.40135724949857554], [0.5406038240935853, 0.032316135199844, 0.8406564078500587]]","[0.023396695032715797, -0.0009608528926037252, 0.2217402458190918]",[0.0],"[-0.10665997862815857, -0.26133397221565247, -0.414865106344223, 0.8649943470954895]",[0.44],"[4.717922210693359, -5.024981498718262, -6.097035942077637]","[668.6688842773438, 669.857421875, 644.283203125, 642.7817993164062]"
4.1273918151855,"[15.867724418640137, -10.907220840454102, -21.485851287841797]","[15.867724418640137, -10.907220840454102, -21.485851287841797]","[10.898165702819824, -7.949664115905762, -3.9073362350463867]","[10.898165702819824, -7.949664115905762, -3.9073362350463867]","[-0.10711237043142319, -0.26117977499961853, -0.4117415249347687, 0.8664761781692505]","[[0.5245080835510798, 0.7694796154560248, -0.3644068850319244], [-0.6575772762202052, 0.6379917134899057, 0.4006977524130626], [0.5408173279951725, 0.02945648294878822, 0.8406241304634204]]","[0.04539518430829048, 0.0008477106457576156, 0.2381196916103363]",[0.0],"[-0.10711237043142319, -0.26117977499961853, -0.4117415249347687, 0.8664761781692505]",[0.44],"[4.757213592529297, -5.054759979248047, -6.192284164428711]","[668.7496948242188, 669.857421875, 646.5308227539062, 645.1832275390625]"
4.1593840122223,"[16.229108810424805, -11.171402931213379, -21.613502502441406]","[16.229108810424805, -11.171402931213379, -21.613502502441406]","[11.003544807434082, -8.06102180480957, -3.8291594982147217]","[11.003544807434082, -8.06102180480957, -3.8291594982147217]","[-0.10735400766134262, -0.2611019015312195, -0.40797626972198486, 0.8682489991188049]","[[0.5307623207210312, 0.7645106467754212, -0.36580715417423626], [-0.6523893046259266, 0.6440609607655653, 0.39946677901475436], [0.540998704515756, 0.02662674020134137, 0.8406018281116595]]","[0.06716735661029816, 0.0024186244700104, 0.2541263997554779]",[0.0],"[-0.10735400766134262, -0.2611019015312195, -0.40797626972198486, 0.8682489991188049]",[0.44],"[5.268955230712891, -5.56788444519043, -5.9011631584167485]","[668.839599609375, 669.857421875, 649.5015869140625, 648.3372802734375]"
4.1894483566284,"[16.560667037963867, -11.414756774902344, -21.727323532104492]","[16.560667037963867, -11.414756774902344, -21.727323532104492]","[11.100074768066406, -8.162201881408691, -3.759253740310669]","[11.100074768066406, -8.162201881408691, -3.759253740310669]","[-0.10736320167779922, -0.26110729575157166, -0.404283732175827, 0.869971752166748]","[[0.5367552880065709, 0.7594974842136746, -0.3675015514317388], [-0.6473642232003916, 0.6500556136469527, 0.3979287694132996], [0.5411223349223255, 0.024316958685831835, 0.840592246061587]]","[0.0849466621875763, 0.0035138744860887527, 0.2670426666736603]",[0.0],"[-0.10736320167779922, -0.26110729575157166, -0.404283732175827, 0.869971752166748]",[0.44],"[4.826498031616211, -5.059003829956055, -6.314712104797364]","[668.9229736328125, 669.857421875, 651.9017944335938, 650.8965454101562]"
4.2207925319672,"[16.89513397216797, -11.66114330291748, -21.839069366455078]","[16.89513397216797, -11.66114330291748, -21.839069366455078]","[11.197364807128906, -8.263167381286621, -3.690359115600586]","[11.197364807128906, -8.263167381286621, -3.690359115600586]","[-0.10719210654497147, -0.2611784338951111, -0.4003601670265198, 0.8717840909957886]","[[0.5429951246531886, 0.7540477815909403, -0.3695515078013676], [-0.6420627155376062, 0.6564431779058973, 0.3960276291684064], [0.5412133065224447, 0.022234136503479718, 0.8405913559250972]]","[0.10098900645971298, 0.004346098750829697, 0.2785641551017761]",[0.0],"[-0.10719210654497147, -0.2611784338951111, -0.4003601670265198, 0.8717840909957886]",[0.44],"[4.864501953125, -5.048274993896484, -6.36526876449585]","[668.9948120117188, 669.857421875, 654.0277099609375, 653.1591796875]"
4.2517988681793,"[17.26643180847168, -11.93565845489502, -21.95961570739746]","[17.26643180847168, -11.93565845489502, -21.95961570739746]","[11.30470085144043, -8.373143196105957, -3.6142258644104004]","[11.30470085144043, -8.373143196105957, -3.6142258644104004]","[-0.10683143883943558, -0.2613057494163513, -0.39581114053726196, 0.8738649487495422]","[[0.5501056926971017, 0.7476023024545162, -0.37212172333881366], [-0.6359396257058529, 0.6638411694041756, 0.39356795306338643], [0.5412620179479086, 0.020142953758333526, 0.8406126979949099]]","[0.08984917402267456, 0.01889173872768879, 0.289763867855072]",[0.0],"[-0.10683143883943558, -0.2613057494163513, -0.39581114053726196, 0.8738649487495422]",[0.44],"[5.366802215576172, -5.498790740966797, -6.003337440490723]","[669.0447998046875, 669.857421875, 655.4176025390625, 654.6411743164062]"
4.2827920913696,"[17.606922149658203, -12.188218116760254, -22.06673240661621]","[17.606922149658203, -12.188218116760254, -22.06673240661621]","[11.392708778381348, -8.462133407592773, -3.523348093032837]","[11.392708778381348, -8.462133407592773, -3.523348093032837]","[-0.1083642989397049, -0.25862133502960205, -0.3924991488456726, 0.8759661316871643]","[[0.5581188464458577, 0.7436825615323635, -0.36802127063711687], [-0.63158128288703, 0.6684031937414576, 0.39286421925531023], [0.5381528510334856, 0.013170396234491122, 0.8427443675656252]]","[-0.29370012879371643, 0.3036730885505676, 0.29832664132118225]",[0.0],"[-0.1083642989397049, -0.25862133502960205, -0.3924991488456726, 0.8759661316871643]",[0.44],"[4.400396347045898, -4.44951057434082, -5.266111431121827]","[669.8563232421875, 613.0445556640625, 633.9671020507812, 625.7666625976562]"
4.3138206005096,"[17.95005989074707, -12.443483352661133, -22.171222686767578]","[17.95005989074707, -12.443483352661133, -22.171222686767578]","[11.482708930969238, -8.555608749389648, -3.4441006183624268]","[11.482708930969238, -8.555608749389648, -3.4441006183624268]","[-0.11109011620283127, -0.2507765591144562, -0.39038825035095215, 0.8788442015647888]","[[0.569416262773272, 0.7418984945458571, -0.3540504975408041], [-0.6304633061739726, 0.6705120001399275, 0.39106225323548305], [0.5275236019236331, 0.0005386353314156267, 0.8495402069615102]]","[-0.2086140215396881, 0.40312907099723816, 0.30646273493766785]",[0.0],"[-0.11109011620283127, -0.2507765591144562, -0.39038825035095215, 0.8788442015647888]",[0.44],"[4.500007629394531, -4.67376708984375, -5.847626266479493]","[637.199462890625, 669.5421752929688, 641.8938598632812, 643.3451538085938]"
4.3448283672333,"[18.330625534057617, -12.727559089660645, -22.283584594726562]","[18.330625534057617, -12.727559089660645, -22.283584594726562]","[11.582612991333008, -8.66258430480957, -3.370365619659424]","[11.582612991333008, -8.66258430480957, -3.370365619659424]","[-0.1126217171549797, -0.2450026571750641, -0.3870219886302948, 0.881761908531189]","[[0.58037535658762, 0.7377077345935468, -0.34489385929923655], [-0.6273372547591927, 0.6750606582834314, 0.38825391172046864], [0.5192421830443519, -0.008968249322069966, 0.8545800936044435]]","[-0.1492813527584076, 0.24248617887496948, 0.3143268823623657]",[0.0],"[-0.1126217171549797, -0.2450026571750641, -0.3870219886302948, 0.881761908531189]",[0.44],"[4.995203018188477, -5.348777770996094, -6.123250064849854]","[669.4070434570312, 667.4280395507812, 658.52392578125, 658.6331176757812]"
4.37580037117,"[18.679494857788086, -12.988948822021484, -22.38383674621582]","[18.679494857788086, -12.988948822021484, -22.38383674621582]","[11.674089431762695, -8.762474060058594, -3.312215805053711]","[11.674089431762695, -8.762474060058594, -3.312215805053711]","[-0.11436527222394943, -0.2403203845024109, -0.38378745317459106, 0.8842363357543945]","[[0.5899066071567489, 0.7336862349963882, -0.33721611928210127], [-0.6237490102180585, 0.679255550589806, 0.38671575512595524], [0.5127839455158947, -0.017787961869480284, 0.8583333946035107]]","[-0.20255668461322784, 0.23649172484874725, 0.3207363784313202]",[0.0],"[-0.11436527222394943, -0.2403203845024109, -0.38378745317459106, 0.8842363357543945]",[0.44],"[4.573822021484375, -4.994487762451172, -6.902509269714356]","[669.6026611328125, 658.7395629882812, 647.2749633789062, 663.4496459960938]"
4.4073882102966,"[19.03104019165039, -13.253292083740234, -22.482284545898438]","[19.03104019165039, -13.253292083740234, -22.482284545898438]","[11.761577606201172, -8.8605375289917, -3.251776695251465]","[11.761577606201172, -8.8605375289917, -3.251776695251465]","[-0.1185276061296463, -0.23501555621623993, -0.3810129761695862, 0.8863114714622498]","[[0.5991936006535314, 0.7311040056732305, -0.32627285495364333], [-0.6196806805470776, 0.6815606371511396, 0.3891927070355301], [0.5069150788324954, -0.031016800955129042, 0.8614377898430936]]","[-0.35858672857284546, 0.2024800032377243, 0.32646769285202026]",[0.0],"[-0.1185276061296463, -0.23501555621623993, -0.3810129761695862, 0.8863114714622498]",[0.44],"[4.374408721923828, -4.903173446655273, -6.788044509887696]","[658.1939697265625, 669.2189331054688, 659.268798828125, 652.7958374023438]"
4.4393858909607,"[19.420698165893555, -13.547463417053223, -22.58846664428711]","[19.420698165893555, -13.547463417053223, -22.58846664428711]","[11.853657722473145, -8.968412399291992, -3.1849563121795654]","[11.853657722473145, -8.968412399291992, -3.1849563121795654]","[-0.1222744882106781, -0.2301921844482422, -0.377494215965271, 0.8885711431503296]","[[0.6090193502634236, 0.7271541971128102, -0.31676844083960276], [-0.6145676709387828, 0.6850941328911642, 0.39109159991421194], [0.5014000890781816, -0.04350672715572301, 0.8641210155035264]]","[-0.16900615394115448, 0.1563132405281067, 0.3319694399833679]",[0.0],"[-0.1222744882106781, -0.2301921844482422, -0.377494215965271, 0.8885711431503296]",[0.44],"[4.604005813598633, -5.393743515014648, -6.46898084640503]","[666.0130004882812, 669.8566284179688, 660.6672973632812, 661.662353515625]"
4.470386505127,"[19.777578353881836, -13.818037986755371, -22.683216094970703]","[19.777578353881836, -13.818037986755371, -22.683216094970703]","[11.936941146850586, -9.068893432617188, -3.1301326751708984]","[11.936941146850586, -9.068893432617188, -3.1301326751708984]","[-0.12485085427761078, -0.22672195732593536, -0.37387320399284363, 0.8906336426734924]","[[0.6176319628048446, 0.7225809672515822, -0.3104956276344959], [-0.609355247029042, 0.6892621830445527, 0.3919232714742842], [0.49720918327455177, -0.052862213070379305, 0.8660188365048951]]","[-0.1774461418390274, 0.14947409927845, 0.33638525009155273]",[0.0],"[-0.12485085427761078, -0.22672195732593536, -0.37387320399284363, 0.8906336426734924]",[0.44],"[4.16417121887207, -5.024051666259766, -7.068818149566651]","[669.1552124023438, 645.2026977539062, 650.4555053710938, 652.4417724609375]"
4.5005896091461,"[20.136852264404297, -14.091536521911621, -22.7761287689209]","[20.136852264404297, -14.091536521911621, -22.7761287689209]","[12.014567375183105, -9.165136337280273, -3.066490650177002]","[12.014567375183105, -9.165136337280273, -3.066490650177002]","[-0.12845882773399353, -0.22139185667037964, -0.3707369863986969, 0.8927699327468872]","[[0.627079465432109, 0.7188451455833551, -0.30005510863982643], [-0.605086192072438, 0.6921048329864412, 0.3935246575040203], [0.49055286332146686, -0.06521205848326517, 0.8689679507545005]]","[-0.33382704854011536, 0.2986113131046295, 0.3403298556804657]",[0.0],"[-0.12845882773399353, -0.22139185667037964, -0.3707369863986969, 0.8927699327468872]",[0.44],"[3.8813114166259766, -4.812145233154297, -6.627898750305176]","[668.2147827148438, 663.7650146484375, 663.8314208984375, 657.3865356445312]"
4.5321960449219,"[20.534725189208984, -14.39577579498291, -22.876264572143555]","[20.534725189208984, -14.39577579498291, -22.876264572143555]","[12.097513198852539, -9.272989273071289, -3.0017335414886475]","[12.097513198852539, -9.272989273071289, -3.0017335414886475]","[-0.1323593705892563, -0.2147982269525528, -0.36733919382095337, 0.8952121138572693]","[[0.6378472767620234, 0.7145541086524179, -0.2873383806321641], [-0.6008318761599054, 0.6950858274003759, 0.39478703891389344], [0.48182151857978894, -0.07917180882220975, 0.8726854374305111]]","[-0.36940866708755493, 0.26848167181015015, 0.34425088763237]",[0.0],"[-0.1323593705892563, -0.2147982269525528, -0.36733919382095337, 0.8952121138572693]",[0.44],"[4.14729118347168, -5.392646789550781, -6.572144565582276]","[669.5611572265625, 647.3038940429688, 645.8116455078125, 661.9869995117188]"
4.5641994476318,"[20.935266494750977, -14.70358657836914, -22.97429656982422]","[20.935266494750977, -14.70358657836914, -22.97429656982422]","[12.17708683013916, -9.383124351501465, -2.9420006275177]","[12.17708683013916, -9.383124351501465, -2.9420006275177]","[-0.1387472301721573, -0.20678217709064484, -0.36452654004096985, 0.897279679775238]","[[0.6487230656868248, 0.7115454228756648, -0.2699287957763916], [-0.5967836055944828, 0.6957392154506272, 0.3997453236311328], [0.47223698679608983, -0.09823495740316535, 0.8759806747144152]]","[-0.4846658706665039, 0.3330748379230499, 0.3478884696960449]",[0.0],"[-0.1387472301721573, -0.20678217709064484, -0.36452654004096985, 0.897279679775238]",[0.44],"[3.9786815643310547, -5.506753921508789, -6.823354301452637]","[666.5221557617188, 668.540771484375, 668.7946166992188, 658.1759643554688]"
4.5941870212555,"[21.30161476135254, -14.986608505249023, -23.06177520751953]","[21.30161476135254, -14.986608505249023, -23.06177520751953]","[12.244585990905762, -9.484386444091797, -2.889171838760376]","[12.244585990905762, -9.484386444091797, -2.889171838760376]","[-0.14391450583934784, -0.19926553964614868, -0.36182504892349243, 0.8992577791213989]","[[0.6587517573620829, 0.7081023831888356, -0.2542384270430009], [-0.5933935765128897, 0.6967424979610572, 0.4030310050713588], [0.46252591950749, -0.11463395054642334, 0.8791637194370909]]","[-0.4198552370071411, 0.2930651307106018, 0.3539178967475891]",[0.0],"[-0.14391450583934784, -0.19926553964614868, -0.36182504892349243, 0.8992577791213989]",[0.44],"[3.374958038330078, -5.063104629516602, -7.16856056213379]","[666.6805419921875, 653.708984375, 640.6214599609375, 659.0776977539062]"
4.6251895427704,"[21.669864654541016, -15.272590637207031, -23.147483825683594]","[21.669864654541016, -15.272590637207031, -23.147483825683594]","[12.303622245788574, -9.580363273620605, -2.823739528656006]","[12.303622245788574, -9.580363273620605, -2.823739528656006]","[-0.151362344622612, -0.19116249680519104, -0.3594110608100891, 0.9007608294487]","[[0.6685611783651435, 0.7053564179373586, -0.23558077666842614], [-0.5896172030559734, 0.6958262599954241, 0.41009437370684587], [0.4531859800584872, -0.13527071065140994, 0.8810926808911019]]","[-0.7634154558181763, 0.3671855926513672, 0.360958993434906]",[0.0],"[-0.151362344622612, -0.19116249680519104, -0.3594110608100891, 0.9007608294487]",[0.44],"[2.951812744140625, -4.79884147644043, -6.538384494781495]","[669.8313598632812, 638.6204833984375, 644.9227905273438, 645.263916015625]"
4.6572005748749,"[22.076894760131836, -15.590569496154785, -23.239591598510742]","[22.076894760131836, -15.590569496154785, -23.239591598510742]","[12.363240242004395, -9.691585540771484, -2.7596848011016846]","[12.363240242004395, -9.691585540771484, -2.7596848011016846]","[-0.16158662736415863, -0.1789184808731079, -0.3575514853000641, 0.9022389054298401]","[[0.6802902251235547, 0.7030153892586952, -0.20730335145087952], [-0.5873720536690783, 0.6920933944335892, 0.41952462077789754], [0.4384055059256111, -0.16363434644265418, 0.8837558781182717]]","[-0.7101296186447144, 0.4498983323574066, 0.36845114827156067]",[0.0],"[-0.16158662736415863, -0.1789184808731079, -0.3575514853000641, 0.9022389054298401]",[0.44],"[2.9808998107910156, -5.561113357543945, -6.607263622283936]","[648.9217529296875, 669.515380859375, 655.8565063476562, 646.4180908203125]"
4.6881890296936,"[22.44852638244629, -15.882874488830566, -23.32154655456543]","[22.44852638244629, -15.882874488830566, -23.32154655456543]","[12.410791397094727, -9.795757293701172, -2.704841375350952]","[12.410791397094727, -9.795757293701172, -2.704841375350952]","[-0.16898319125175476, -0.16932769119739532, -0.355133980512619, 0.9036884307861328]","[[0.6904159777580445, 0.6990880063882186, -0.18601560439570441], [-0.5846338718849085, 0.6906490739192712, 0.4256843438349476], [0.4260622977915478, -0.18514827589117733, 0.8855456281362648]]","[-0.5691297650337219, 0.33611002564430237, 0.3744657635688782]",[0.0],"[-0.16898319125175476, -0.16932769119739532, -0.355133980512619, 0.9036884307861328]",[0.44],"[2.3775577545166016, -5.208587646484375, -7.067828712463379]","[657.5752563476562, 669.8569946289062, 655.3843994140625, 654.5419921875]"
4.7191390991211,"[22.82150650024414, -16.1783504486084, -23.40191078186035]","[22.82150650024414, -16.1783504486084, -23.40191078186035]","[12.453413963317871, -9.902738571166992, -2.6535375118255615]","[12.453413963317871, -9.902738571166992, -2.6535375118255615]","[-0.17522363364696503, -0.16157914698123932, -0.3520483374595642, 0.9051247239112854]","[[0.6999082947055437, 0.6939202790042898, -0.1691241837843549], [-0.5806703379817706, 0.690717292607022, 0.4309658261806426], [0.41587293942050607, -0.20343114592912315, 0.8863777149447385]]","[-0.45357728004455566, 0.2705216705799103, 0.3807038962841034]",[0.0],"[-0.17522363364696503, -0.16157914698123932, -0.3520483374595642, 0.9051247239112854]",[0.44],"[2.1311283111572266, -5.349063873291016, -7.244806823730469]","[660.1076049804688, 669.857421875, 657.808837890625, 655.7615966796875]"
4.7501392364502,"[23.233200073242188, -16.507158279418945, -23.48865509033203]","[23.233200073242188, -16.507158279418945, -23.48865509033203]","[12.496230125427246, -10.024888038635254, -2.6040427684783936]","[12.496230125427246, -10.024888038635254, -2.6040427684783936]","[-0.18120300769805908, -0.15384213626384735, -0.3482542932033539, 0.906761884689331]","[[0.7101030887504165, 0.6873207541158557, -0.1527869201020593], [-0.5758141229090405, 0.6917688345332191, 0.43576833040225527], [0.40520582159089713, -0.2214635926844144, 0.8869961342219059]]","[-0.42816975712776184, 0.28046533465385437, 0.38678547739982605]",[0.0],"[-0.18120300769805908, -0.15384213626384735, -0.3482542932033539, 0.906761884689331]",[0.44],"[2.14080810546875, -6.107473373413086, -7.335262832641602]","[668.5078735351562, 669.15283203125, 662.565185546875, 660.7024536132812]"
4.781140089035,"[23.608612060546875, -16.80955696105957, -23.5660457611084]","[23.608612060546875, -16.80955696105957, -23.5660457611084]","[12.529763221740723, -10.134306907653809, -2.5540859699249268]","[12.529763221740723, -10.134306907653809, -2.5540859699249268]","[-0.18597589433193207, -0.1474204957485199, -0.344497412443161, 0.9082961082458496]","[[0.7191774605064545, 0.6806446351251525, -0.13966649637980222], [-0.5709780009664014, 0.6934689990948093, 0.43941432075137676], [0.39593935387641555, -0.23627040344556427, 0.8873603283213973]]","[-0.31382864713668823, 0.20130804181098938, 0.3915487825870514]",[0.0],"[-0.18597589433193207, -0.1474204957485199, -0.344497412443161, 0.9082961082458496]",[0.44],"[1.6766548156738281, -5.470943450927734, -7.312160072326661]","[656.131591796875, 669.8565063476562, 657.775634765625, 655.8659057617188]"
4.8121407032013,"[23.98497772216797, -17.11526107788086, -23.641958236694336]","[23.98497772216797, -17.11526107788086, -23.641958236694336]","[12.560442924499512, -10.245987892150879, -2.5075337886810303]","[12.560442924499512, -10.245987892150879, -2.5075337886810303]","[-0.1896064132452011, -0.1426236629486084, -0.34018898010253906, 0.9099337458610535]","[[0.7278598971678321, 0.6731835882818658, -0.13055214306493212], [-0.5650141435795533, 0.6966417317461686, 0.4420965445609202], [0.3885601924360742, -0.24802055081301866, 0.8874157976468235]]","[-0.23635734617710114, 0.14803215861320496, 0.3956705331802368]",[0.0],"[-0.1896064132452011, -0.1426236629486084, -0.34018898010253906, 0.9099337458610535]",[0.44],"[1.5339851379394531, -5.584049224853516, -7.482390937805176]","[664.7631225585938, 669.857421875, 662.089599609375, 661.620361328125]"
4.8427710533142,"[24.40000343322754, -17.4554386138916, -23.72389793395996]","[24.40000343322754, -17.4554386138916, -23.72389793395996]","[12.591704368591309, -10.370505332946777, -2.458723545074463]","[12.591704368591309, -10.370505332946777, -2.458723545074463]","[-0.19289152324199677, -0.1382542848587036, -0.3351019620895386, 0.9118033647537231]","[[0.7371848554438998, 0.6644303523398882, -0.12284478843390545], [-0.5577580339353752, 0.7009990705302473, 0.4444168440959224], [0.38139810006923724, -0.25909971560217215, 0.8873572259591813]]","[-0.1718561053276062, 0.130453422665596, 0.3996368646621704]",[0.0],"[-0.19289152324199677, -0.1382542848587036, -0.3351019620895386, 0.9118033647537231]",[0.44],"[1.5630722045898438, -6.225872039794922, -7.369487819671631]","[666.865966796875, 668.8179931640625, 665.618408203125, 660.1421508789062]"
4.8736834526062,"[24.778165817260742, -17.768278121948242, -23.797021865844727]","[24.778165817260742, -17.768278121948242, -23.797021865844727]","[12.618208885192871, -10.484576225280762, -2.415776252746582]","[12.618208885192871, -10.484576225280762, -2.415776252746582]","[-0.19507981836795807, -0.13434776663780212, -0.3303406536579132, 0.9136572480201721]","[[0.7456514602805946, 0.6560533408882341, -0.11661003205762466], [-0.5512191892328611, 0.7056378340127742, 0.44523323808591186], [0.37438121091817766, -0.2677111218914625, 0.8877890841299183]]","[-0.1321595013141632, 0.13488800823688507, 0.40267688035964966]",[0.0],"[-0.19507981836795807, -0.13434776663780212, -0.3303406536579132, 0.9136572480201721]",[0.44],"[1.325225830078125, -5.703544616699219, -7.6626353836059575]","[663.2316284179688, 669.8233642578125, 661.9144287109375, 662.5012817382812]"
4.9049892425537,"[25.157094955444336, -18.084524154663086, -23.868837356567383]","[25.157094955444336, -18.084524154663086, -23.868837356567383]","[12.642446517944336, -10.596400260925293, -2.3686769008636475]","[12.642446517944336, -10.596400260925293, -2.3686769008636475]","[-0.19682057201862335, -0.13129279017448425, -0.32534298300743103, 0.9155194759368896]","[[0.7538282933120506, 0.6473979187335415, -0.11233382887413601], [-0.5440334304772891, 0.7108272116761767, 0.44581650990164867], [0.36847059694520734, -0.2749557578907069, 0.8880477313569215]]","[-0.07841545343399048, 0.07093920558691025, 0.39464855194091797]",[0.0],"[-0.19682057201862335, -0.13129279017448425, -0.32534298300743103, 0.9155194759368896]",[0.44],"[1.2118816375732422, -5.5912017822265625, -7.455032405853272]","[624.4290161132812, 628.91455078125, 669.7854614257812, 669.3004760742188]"
4.9359874725342,"[25.574657440185547, -18.43595314025879, -23.945585250854492]","[25.574657440185547, -18.43595314025879, -23.945585250854492]","[12.662542343139648, -10.697698593139648, -2.2740371227264404]","[12.662542343139648, -10.697698593139648, -2.2740371227264404]","[-0.19819054007530212, -0.1289018988609314, -0.3200429081916809, 0.9174298048019409]","[[0.761913674772515, 0.6383280794850386, -0.1096579341776085], [-0.5361395316771187, 0.7165860934817427, 0.44616009415551616], [0.3633758414647268, -0.28114353982398654, 0.8882096205894126]]","[-0.03949231654405594, 0.04419557750225067, 0.33812451362609863]",[0.0],"[-0.19819054007530212, -0.1289018988609314, -0.3200429081916809, 0.9174298048019409]",[0.44],"[1.004791259765625, -5.064916610717773, -5.078011093139649]","[558.9990844726562, 563.3577880859375, 669.8568725585938, 669.6661987304688]"
4.9669935703278,"[25.954776763916016, -18.758142471313477, -24.012266159057617]","[25.954776763916016, -18.758142471313477, -24.012266159057617]","[12.678122520446777, -10.780864715576172, -2.1707866191864014]","[12.678122520446777, -10.780864715576172, -2.1707866191864014]","[-0.19895319640636444, -0.12749364972114563, -0.3160110116004944, 0.9188580513000488]","[[0.767764819656028, 0.6314690628842454, -0.10855433135675163], [-0.5300079863501042, 0.7211093323738456, 0.44619828714177245], [0.3600399347868599, -0.2850406982576992, 0.8883259898409448]]","[-0.008748755790293217, 0.01469431258738041, 0.2654455006122589]",[0.0],"[-0.19895319640636444, -0.12749364972114563, -0.3160110116004944, 0.9188580513000488]",[0.44],"[0.7790088653564453, -4.158306121826172, -4.647474822998047]","[547.2586669921875, 551.1049194335938, 669.6023559570312, 669.8572387695312]"
4.9979863166809,"[26.335350036621094, -19.082775115966797, -24.07575225830078]","[26.335350036621094, -19.082775115966797, -24.07575225830078]","[12.692200660705566, -10.858449935913086, -2.0570642948150635]","[12.692200660705566, -10.858449935913086, -2.0570642948150635]","[-0.1993435174226761, -0.12675246596336365, -0.31292659044265747, 0.9199309349060059]","[[0.7720215227322793, 0.6262762666199952, -0.10844725456278859], [-0.5252071369914555, 0.7246782221109771, 0.4460929707084169], [0.35796680349848664, -0.2874361026919594, 0.8883919488675232]]","[0.008763006888329983, -0.0019516967004165053, 0.178427591919899]",[0.0],"[-0.1993435174226761, -0.12675246596336365, -0.31292659044265747, 0.9199309349060059]",[0.44],"[0.7039070129394531, -3.879261016845703, -4.123883781433106]","[500.0020751953125, 502.10577392578125, 669.7877197265625, 669.857421875]"
5.0294654369354,"[26.754417419433594, -19.44234848022461, -24.14124298095703]","[26.754417419433594, -19.44234848022461, -24.14124298095703]","[12.704923629760742, -10.932221412658691, -1.909798502922058]","[12.704923629760742, -10.932221412658691, -1.909798502922058]","[-0.19893257319927216, -0.1267126053571701, -0.310992568731308, 0.9206809401512146]","[[0.7744550756750015, 0.6230643904001352, -0.1095906573713572], [-0.5222353318381923, 0.7274189070284378, 0.44512021430093807], [0.3570568651456396, -0.28749349977828675, 0.8887394939278286]]","[0.104139544069767, -0.012139852158725262, 0.057657938450574875]",[0.0],"[-0.19893257319927216, -0.1267126053571701, -0.310992568731308, 0.9206809401512146]",[0.44],"[0.6361484527587891, -3.6885738372802734, -2.446710405349732]","[471.5533142089844, 478.2810363769531, 669.8571166992188, 665.8897705078125]"
5.0599851608276,"[27.135753631591797, -19.771352767944336, -24.19659423828125]","[27.135753631591797, -19.771352767944336, -24.19659423828125]","[12.717464447021484, -11.001657485961914, -1.7821136713027954]","[12.717464447021484, -11.001657485961914, -1.7821136713027954]","[-0.19753247499465942, -0.12739171087741852, -0.3107203543186188, 0.9209805727005005]","[[0.7744484268236724, 0.622662819626969, -0.11189586044281441], [-0.5220068198532868, 0.7288675654691925, 0.4430135389772305], [0.3574053029219115, -0.2846807488128844, 0.8895045466444169]]","[0.08400226384401321, -0.014011268503963947, -0.05221165716648102]",[0.0],"[-0.19753247499465942, -0.12739171087741852, -0.3107203543186188, 0.9209805727005005]",[0.44],"[0.6270408630371094, -3.471803665161133, -3.4257584190368657]","[490.4907531738281, 485.48675537109375, 666.3816528320312, 669.8360595703125]"
5.0913610458374,"[27.51749610900879, -20.10251808166504, -24.2482967376709]","[27.51749610900879, -20.10251808166504, -24.2482967376709]","[12.731734275817871, -11.076302528381348, -1.6664204597473145]","[12.731734275817871, -11.076302528381348, -1.6664204597473145]","[-0.1964716911315918, -0.1281716525554657, -0.3119973838329315, 0.9206674695014954]","[[0.7724593199252148, 0.62485588639451, -0.11340963477955412], [-0.5241274810636973, 0.7281130141305976, 0.44174862996330155], [0.3586042493007078, -0.2817917488479065, 0.8899418041301868]]","[0.05917062237858772, -0.008520238101482391, -0.15526291728019714]",[0.0],"[-0.1964716911315918, -0.1281716525554657, -0.3119973838329315, 0.9206674695014954]",[0.44],"[0.7134914398193359, -3.7322521209716797, -4.025339422225953]","[494.6203308105469, 493.57818603515625, 669.8189086914062, 669.4497680664062]"
5.1233532428741,"[27.937910079956055, -20.46937370300293, -24.301158905029297]","[27.937910079956055, -20.46937370300293, -24.301158905029297]","[12.747169494628906, -11.156368255615234, -1.5365657806396484]","[12.747169494628906, -11.156368255615234, -1.5365657806396484]","[-0.19524024426937103, -0.12918537855148315, -0.3151417374610901, 0.9197163581848145]","[[0.7679936465570307, 0.6301263919083429, -0.114571112181439], [-0.5292376524506519, 0.7251338646552834, 0.4405547021636451], [0.3606845113869479, -0.27770788355851295, 0.8903847699722927]]","[0.03928261250257492, 0.002857259474694729, -0.27662140130996704]",[0.0],"[-0.19524024426937103, -0.12918537855148315, -0.3151417374610901, 0.9197163581848145]",[0.44],"[0.7717609405517578, -4.003286361694336, -3.3172660446166997]","[474.8759460449219, 471.1755065917969, 669.0056762695312, 669.8564453125]"
5.1544101238251,"[28.320541381835938, -20.80514907836914, -24.345468521118164]","[28.320541381835938, -20.80514907836914, -24.345468521118164]","[12.761116981506348, -11.228568077087402, -1.4186633825302124]","[12.761116981506348, -11.228568077087402, -1.4186633825302124]","[-0.19420816004276276, -0.13014140725135803, -0.31972917914390564, 0.9182155132293701]","[[0.7616729322452009, 0.6377096311393773, -0.11480768691635479], [-0.5366115381487289, 0.7201128851535379, 0.439869901320213], [0.36318374929043795, -0.27342988006777524, 0.8906928093828816]]","[0.010225259698927402, 0.01461793202906847, -0.3910178542137146]",[0.0],"[-0.19420816004276276, -0.13014140725135803, -0.31972917914390564, 0.9182155132293701]",[0.44],"[0.6973743438720703, -3.6099910736083984, -3.9148800945281987]","[480.33935546875, 479.8047790527344, 667.1795654296875, 669.857421875]"
5.1845808029175,"[28.70359992980957, -21.143136978149414, -24.386356353759766]","[28.70359992980957, -21.143136978149414, -24.386356353759766]","[12.775745391845703, -11.30397891998291, -1.3083550930023193]","[12.775745391845703, -11.30397891998291, -1.3083550930023193]","[-0.19336657226085663, -0.13136211037635803, -0.3258809447288513, 0.9160540103912354]","[[0.7530912116402018, 0.6478511746747548, -0.11464061355274247], [-0.5462470106410402, 0.7128219571894365, 0.43988526525237504], [0.3666985385421331, -0.26865163072828224, 0.8907067293791129]]","[-0.018770966678857803, -0.01059404481202364, -0.499600350856781]",[0.0],"[-0.19336657226085663, -0.13136211037635803, -0.3258809447288513, 0.9160540103912354]",[0.44],"[0.7314205169677734, -3.7705421447753906, -4.294585523605347]","[486.5587463378906, 487.6981201171875, 665.47509765625, 669.857421875]"
5.2165822982788,"[29.12547492980957, -21.517566680908203, -24.42759132385254]","[29.12547492980957, -21.517566680908203, -24.42759132385254]","[12.791975975036621, -11.388700485229492, -1.191357970237732]","[12.791975975036621, -11.388700485229492, -1.191357970237732]","[-0.19279810786247253, -0.13321994245052338, -0.3343384861946106, 0.9128521680831909]","[[0.7409404471651508, 0.6617723296608213, -0.11430057154790774], [-0.5590341183247878, 0.7020933325074932, 0.44107344930887216], [0.372139881643605, -0.26291123374950764, 0.8901626730762593]]","[-0.05452905222773552, -0.014188708737492561, -0.6188468933105469]",[0.0],"[-0.19279810786247253, -0.13321994245052338, -0.3343384861946106, 0.9128521680831909]",[0.44],"[0.8115291595458984, -4.236078262329102, -3.9601438617706304]","[489.441650390625, 484.7718200683594, 669.4566650390625, 669.7186279296875]"
5.2475786209106,"[29.50946807861328, -21.860427856445312, -24.461822509765625]","[29.50946807861328, -21.860427856445312, -24.461822509765625]","[12.807059288024902, -11.468890190124512, -1.091721773147583]","[12.807059288024902, -11.468890190124512, -1.091721773147583]","[-0.192400723695755, -0.13476867973804474, -0.3436689078807831, 0.9092365503311157]","[[0.7274581694353883, 0.6768118475414129, -0.11282892573941261], [-0.5730934814889279, 0.6897472865547591, 0.4425071505528946], [0.3773175120913823, -0.25724393062445916, 0.8896387289660281]]","[-0.08569642901420593, 0.01780339516699314, -0.7238808870315552]",[0.0],"[-0.192400723695755, -0.13476867973804474, -0.3436689078807831, 0.9092365503311157]",[0.44],"[0.7541656494140625, -4.009485244750977, -4.828190145492554]","[502.2995300292969, 497.60791015625, 669.85693359375, 669.6275024414062]"
5.2785732746124,"[29.93238639831543, -22.24042510986328, -24.496171951293945]","[29.93238639831543, -22.24042510986328, -24.496171951293945]","[12.823867797851562, -11.561662673950195, -0.9916704297065735]","[12.823867797851562, -11.561662673950195, -0.9916704297065735]","[-0.1920442283153534, -0.1361866295337677, -0.35564443469047546, 0.904482901096344]","[[0.7099404760198489, 0.6956563324465836, -0.10975803351290558], [-0.5910409077438583, 0.6732721008889051, 0.444269475276835], [0.3829558775720354, -0.25053340778508293, 0.8891444326139855]]","[-0.12229645997285843, 0.03598668798804283, -0.8312796950340271]",[0.0],"[-0.1920442283153534, -0.1361866295337677, -0.35564443469047546, 0.904482901096344]",[0.44],"[0.8404254913330078, -4.63862419128418, -4.807432827949524]","[518.38623046875, 515.3510131835938, 668.9974975585938, 669.85693359375]"
5.3095746040344,"[30.317338943481445, -22.588603973388672, -24.524677276611328]","[30.317338943481445, -22.588603973388672, -24.524677276611328]","[12.839069366455078, -11.650546073913574, -0.9101244211196899]","[12.839069366455078, -11.650546073913574, -0.9101244211196899]","[-0.19185705482959747, -0.13730843365192413, -0.3679313659667969, 0.8994241952896118]","[[0.6915458079717243, 0.7145399288804346, -0.10581659838007695], [-0.6091655621455412, 0.6556347608998396, 0.44616191340611877], [0.3881775113953587, -0.2440815951968638, 0.888674529120336]]","[-0.15724146366119385, 0.06556186079978943, -0.9212872982025146]",[0.0],"[-0.19185705482959747, -0.13730843365192413, -0.3679313659667969, 0.8994241952896118]",[0.44],"[0.7600784301757812, -4.444169998168945, -5.732699570655823]","[530.6095581054688, 524.7637939453125, 669.7378540039062, 669.5157470703125]"
5.3411574363708,"[30.741304397583008, -22.974754333496094, -24.553354263305664]","[30.741304397583008, -22.974754333496094, -24.553354263305664]","[12.855072975158691, -11.752711296081543, -0.8296129703521729]","[12.855072975158691, -11.752711296081543, -0.8296129703521729]","[-0.19172151386737823, -0.1379980593919754, -0.38291287422180176, 0.8930717706680298]","[[0.6686685327184949, 0.7368517509004779, -0.09965907064966117], [-0.6310229634709184, 0.6332411837511986, 0.4481246108470138], [0.39330961435011247, -0.236759676611765, 0.888398793448899]]","[-0.1978301703929901, 0.1059255376458168, -1.0121982097625732]",[0.0],"[-0.19172151386737823, -0.1379980593919754, -0.38291287422180176, 0.8930717706680298]",[0.44],"[0.8001804351806641, -5.1082611083984375, -5.784427461624146]","[544.1170654296875, 538.4732055664062, 668.9061279296875, 669.8467407226562]"
5.3721268177032,"[31.12717056274414, -23.328779220581055, -24.577245712280273]","[31.12717056274414, -23.328779220581055, -24.577245712280273]","[12.868377685546875, -11.849224090576172, -0.7642887830734253]","[12.868377685546875, -11.849224090576172, -0.7642887830734253]","[-0.19179269671440125, -0.13810792565345764, -0.3977411389350891, 0.8865347504615784]","[[0.6454563745406343, 0.7581988657056637, -0.09230725955067243], [-0.652246499710829, 0.6100350957712717, 0.4499241883348475], [0.3974426420731447, -0.23019937375337207, 0.8882835247174334]]","[-0.24383752048015594, 0.13566984236240387, -1.087664008140564]",[0.0],"[-0.19179269671440125, -0.13810792565345764, -0.3977411389350891, 0.8865347504615784]",[0.44],"[0.6652355194091797, -4.825639724731445, -6.543790636062623]","[556.551513671875, 551.6649169921875, 668.7525634765625, 669.857421875]"
5.4031238555908,"[31.513408660888672, -23.685752868652344, -24.599288940429688]","[31.513408660888672, -23.685752868652344, -24.599288940429688]","[12.87996768951416, -11.949085235595703, -0.7063739895820618]","[12.87996768951416, -11.949085235595703, -0.7063739895820618]","[-0.1920190155506134, -0.13782939314842224, -0.4135674834251404, 0.8792575001716614]","[[0.6199299900754678, 0.7801963520299449, -0.08354941327763754], [-0.6743328944847509, 0.584181268640739, 0.45167182972972597], [0.40120069740179787, -0.22366480866409688, 0.8882635121026219]]","[-0.27482688426971436, 0.15425440669059753, -1.1567203998565674]",[0.0],"[-0.1920190155506134, -0.13782939314842224, -0.4135674834251404, 0.8792575001716614]",[0.44],"[0.5795001983642578, -4.9930572509765625, -6.914260325431824]","[567.8402709960938, 563.3870849609375, 668.056884765625, 669.857421875]"
5.434131860733,"[31.938631057739258, -24.08194351196289, -24.621660232543945]","[31.938631057739258, -24.08194351196289, -24.621660232543945]","[12.890191078186035, -12.062398910522461, -0.6506726741790771]","[12.890191078186035, -12.062398910522461, -0.6506726741790771]","[-0.19243872165679932, -0.1370983123779297, -0.4319820702075958, 0.8703808784484863]","[[0.5891910875245667, 0.8047439154331926, -0.07239534438379991], [-0.6992118195319392, 0.5527176588525133, 0.45343799281226893], [0.4049156538614298, -0.21654194160032603, 0.8883427823004411]]","[-0.31792977452278137, 0.18071842193603516, -1.2256908416748047]",[0.0],"[-0.19243872165679932, -0.1370983123779297, -0.4319820702075958, 0.8703808784484863]",[0.44],"[0.51116943359375, -5.665683746337891, -7.0249342298507695]","[575.9000854492188, 573.0197143554688, 667.7911987304688, 669.857421875]"
5.4651234149933,"[32.32545471191406, -24.445402145385742, -24.640501022338867]","[32.32545471191406, -24.445402145385742, -24.640501022338867]","[12.896672248840332, -12.168074607849121, -0.6066247820854187]","[12.896672248840332, -12.168074607849121, -0.6066247820854187]","[-0.19302994012832642, -0.1360456943511963, -0.44951462745666504, 0.8614915609359741]","[[0.558856337501993, 0.8270279006130465, -0.060864871920927044], [-0.7219843316717345, 0.5213520838331007, 0.45489638808378174], [0.40794399841999507, -0.21027826963033647, 0.8884620225251112]]","[-0.36178967356681824, 0.1974276453256607, -1.2823573350906372]",[0.0],"[-0.19302994012832642, -0.1360456943511963, -0.44951462745666504, 0.8614915609359741]",[0.44],"[0.32405853271484375, -5.283784866333008, -7.607605395317078]","[586.6650390625, 582.3353271484375, 667.7057495117188, 669.857421875]"
5.496123790741,"[32.71242141723633, -24.812076568603516, -24.658138275146484]","[32.71242141723633, -24.812076568603516, -24.658138275146484]","[12.900150299072266, -12.277009010314941, -0.5704854726791382]","[12.900150299072266, -12.277009010314941, -0.5704854726791382]","[-0.19384562969207764, -0.1345176100730896, -0.4677082896232605, 0.8518085479736328]","[[0.526307936795817, 0.8489471397770245, -0.047840084398032445], [-0.7446445364598588, 0.48734565533393237, 0.4560687313810732], [0.41049291605493465, -0.20440872605509952, 0.8886577688590123]]","[-0.40129896998405457, 0.22017785906791687, -1.3325375318527222]",[0.0],"[-0.19384562969207764, -0.1345176100730896, -0.4677082896232605, 0.8518085479736328]",[0.44],"[0.1739025115966797, -5.446720123291016, -8.003034529685975]","[603.9138793945312, 600.93310546875, 667.3576049804688, 669.857421875]"
5.528003692627,"[33.13815689086914, -25.21929931640625, -24.676517486572266]","[33.13815689086914, -25.21929931640625, -24.676517486572266]","[12.900257110595703, -12.403876304626465, -0.5466492176055908]","[12.900257110595703, -12.403876304626465, -0.5466492176055908]","[-0.19495488703250885, -0.13233582675457, -0.488275945186615, 0.8402776122093201]","[[0.4881476606186044, 0.8721737229518971, -0.03201410156105666], [-0.7689756583307337, 0.44715838674851893, 0.45686525570970815], [0.4127812284992487, -0.19839965214714894, 0.8889596419586523]]","[-0.44227802753448486, 0.23690509796142578, -1.3723671436309814]",[0.0],"[-0.19495488703250885, -0.13233582675457, -0.488275945186615, 0.8402776122093201]",[0.44],"[0.005340576171875, -6.343364715576172, -8.618187246322632]","[633.5924072265625, 631.5310668945312, 667.5675659179688, 669.857421875]"
5.5579996109009,"[33.525123596191406, -25.59326934814453, -24.692846298217773]","[33.525123596191406, -25.59326934814453, -24.692846298217773]","[12.896466255187988, -12.527896881103516, -0.5442637205123901]","[12.896466255187988, -12.527896881103516, -0.5442637205123901]","[-0.19613976776599884, -0.12992140650749207, -0.5071994662284851, 0.8290949463844299]","[[0.4517382591773096, 0.8919985375182575, -0.01647039209085044], [-0.7900675195174118, 0.4085557859164797, 0.4570291165441187], [0.414398334159225, -0.19344484441510268, 0.8892992392636301]]","[-0.47424015402793884, 0.25026434659957886, -1.3895645141601562]",[0.0],"[-0.19613976776599884, -0.12992140650749207, -0.5071994662284851, 0.8290949463844299]",[0.44],"[-0.1895427703857422, -6.201028823852539, -9.690725145339966]","[651.91259765625, 649.6595458984375, 666.6848754882812, 669.773193359375]"
5.5893096923828,"[33.91191482543945, -25.971036911010742, -24.70929527282715]","[33.91191482543945, -25.971036911010742, -24.70929527282715]","[12.888127326965332, -12.656109809875488, -0.5526974201202393]","[12.888127326965332, -12.656109809875488, -0.5526974201202393]","[-0.19754594564437866, -0.12706805765628815, -0.5260907411575317, 0.8173480033874512]","[[0.41416448158355434, 0.9102019929932776, 0.00013653947405600775], [-0.8097948745496542, 0.36840826285557426, 0.4566262257591269], [0.4155718323528106, -0.1892289112397485, 0.8896586161658528]]","[-0.5064003467559814, 0.25990989804267883, -1.3937839269638062]",[0.0],"[-0.19754594564437866, -0.12706805765628815, -0.5260907411575317, 0.8173480033874512]",[0.44],"[-0.4169464111328125, -6.410646438598633, -10.231684980392457]","[661.7669677734375, 660.5364990234375, 664.9666748046875, 667.777587890625]"
5.6194384098053,"[34.29838180541992, -26.35264015197754, -24.726028442382812]","[34.29838180541992, -26.35264015197754, -24.726028442382812]","[12.874809265136719, -12.783722877502441, -0.5629644393920898]","[12.874809265136719, -12.783722877502441, -0.5629644393920898]","[-0.19911450147628784, -0.1238446906208992, -0.5448307394981384, 0.8050934076309204]","[[0.37564391580585077, 0.926597820956192, 0.01755431419030451], [-0.8279607256223303, 0.327025761199522, 0.4555603337523584], [0.4163804901462118, -0.18566275625674766, 0.8900318158137263]]","[-0.5311705470085144, 0.2667607069015503, -1.3965668678283691]",[0.0],"[-0.19911450147628784, -0.1238446906208992, -0.5448307394981384, 0.8050934076309204]",[0.44],"[-0.6659030914306641, -6.380653381347656, -10.32335096359253]","[661.9498901367188, 660.9307861328125, 664.6317138671875, 667.6719360351562]"
5.6504166126251,"[34.72293472290039, -26.776771545410156, -24.744728088378906]","[34.72293472290039, -26.776771545410156, -24.744728088378906]","[12.854681015014648, -12.917312622070312, -0.5648229122161865]","[12.854681015014648, -12.917312622070312, -0.5648229122161865]","[-0.2010076642036438, -0.11990490555763245, -0.5651277303695679, 0.7911064624786377]","[[0.3325069239811125, 0.9423560092278969, 0.037474918777519406], [-0.845948789257104, 0.28045313459747234, 0.4535600985944015], [0.4169051014556544, -0.18251375004255266, 0.8904374651092208]]","[-0.5543939471244812, 0.2721904516220093, -1.3771414756774902]",[0.0],"[-0.2010076642036438, -0.11990490555763245, -0.5651277303695679, 0.7911064624786377]",[0.44],"[-1.0064125061035156, -6.679487228393555, -9.902923641204834]","[669.8327026367188, 669.4232177734375, 615.1007690429688, 618.0524291992188]"
5.6824102401733,"[35.10826110839844, -27.1658935546875, -24.76129722595215]","[35.10826110839844, -27.1658935546875, -24.76129722595215]","[12.832603454589844, -13.02159595489502, -0.536453127861023]","[12.832603454589844, -13.02159595489502, -0.536453127861023]","[-0.20275473594665527, -0.11577694863080978, -0.5829147100448608, 0.7782652378082275]","[[0.2936122779581093, 0.9542731601666539, 0.05616708731139752], [-0.8603758615732566, 0.23820191572903582, 0.45057009845855056], [0.41658778514687, -0.18061775269452163, 0.8909724304338819]]","[-0.5692407488822937, 0.3038508892059326, -1.3239963054656982]",[0.0],"[-0.20275473594665527, -0.11577694863080978, -0.5829147100448608, 0.7782652378082275]",[0.44],"[-1.1038780212402344, -5.214166641235352, -8.391510782241822]","[669.857421875, 668.845703125, 573.5532836914062, 575.5781860351562]"
5.7144091129303,"[35.53126907348633, -27.597448348999023, -24.778423309326172]","[35.53126907348633, -27.597448348999023, -24.778423309326172]","[12.803133964538574, -13.132637977600098, -0.5024744868278503]","[12.803133964538574, -13.132637977600098, -0.5024744868278503]","[-0.20469656586647034, -0.1106259748339653, -0.6014266014099121, 0.7642952799797058]","[[0.25209587361711516, 0.96462453971195, 0.07711809904119615], [-0.8740455111353769, 0.19277071807799295, 0.4459640463836969], [0.41532174067620975, -0.17983043009549604, 0.8917224192290173]]","[-0.579573392868042, 0.3001680374145508, -1.2555296421051025]",[0.0],"[-0.20469656586647034, -0.1106259748339653, -0.6014266014099121, 0.7642952799797058]",[0.44],"[-1.4734745025634766, -5.552101135253906, -8.11106794834137]","[669.1832275390625, 669.5505981445312, 572.8927001953125, 575.3529052734375]"
5.7454080581665,"[35.91489791870117, -27.992977142333984, -24.793140411376953]","[35.91489791870117, -27.992977142333984, -24.793140411376953]","[12.77054214477539, -13.2359619140625, -0.48069143295288086]","[12.77054214477539, -13.2359619140625, -0.48069143295288086]","[-0.20650725066661835, -0.10561290383338928, -0.6172529458999634, 0.7517974972724915]","[[0.2156894306433923, 0.9717181006344324, 0.09613538408409994], [-0.8844787790122277, 0.15270711239986268, 0.44088302047199157], [0.41373345121058946, -0.1801235164071553, 0.8924013399319874]]","[-0.5805091261863708, 0.3111700713634491, -1.196915626525879]",[0.0],"[-0.20650725066661835, -0.10561290383338928, -0.6172529458999634, 0.7517974972724915]",[0.44],"[-1.6295909881591797, -5.166196823120117, -8.720847306251526]","[668.2645874023438, 669.8412475585938, 582.2221069335938, 585.0542602539062]"
5.7764093875885,"[36.33566665649414, -28.431621551513672, -24.808624267578125]","[36.33566665649414, -28.431621551513672, -24.808624267578125]","[12.728926658630371, -13.34741497039795, -0.457488089799881]","[12.728926658630371, -13.34741497039795, -0.457488089799881]","[-0.20852912962436676, -0.09990701079368591, -0.6335691809654236, 0.7383253574371338]","[[0.17721736425014534, 0.977227428003256, 0.11670750081763792], [-0.8938933399865379, 0.11021139005781277, 0.4345206943344486], [0.41176301863653286, -0.18132868232941135, 0.8930683825847487]]","[-0.5760231018066406, 0.291567325592041, -1.127998948097229]",[0.0],"[-0.20852912962436676, -0.09990701079368591, -0.6335691809654236, 0.7383253574371338]",[0.44],"[-2.0807743072509766, -5.572652816772461, -8.649832842350007]","[667.4934692382812, 669.8573608398438, 567.5306396484375, 570.8512573242188]"
5.8074069023132,"[36.71689987182617, -28.833576202392578, -24.82210350036621]","[36.71689987182617, -28.833576202392578, -24.82210350036621]","[12.68504810333252, -13.449397087097168, -0.44260528683662415]","[12.68504810333252, -13.449397087097168, -0.44260528683662415]","[-0.2104663997888565, -0.09472400695085526, -0.6473481059074402, 0.7264100909233093]","[[0.14393558457044786, 0.9803528343755537, 0.13487310151736676], [-0.9006079515094692, 0.07328864867593365, 0.42840864618104835], [0.41010699952453056, -0.18313102024665096, 0.8934625141341831]]","[-0.5664228200912476, 0.28033095598220825, -1.06602942943573]",[0.0],"[-0.2104663997888565, -0.09472400695085526, -0.6473481059074402, 0.7264100909233093]",[0.44],"[-2.193927764892578, -5.0991058349609375, -9.065859851837159]","[667.7852172851562, 669.857421875, 575.6930541992188, 577.5805053710938]"
5.8394153118134,"[37.13462448120117, -29.279296875, -24.836580276489258]","[37.13462448120117, -29.279296875, -24.836580276489258]","[12.629658699035645, -13.563148498535156, -0.43501487374305725]","[12.629658699035645, -13.563148498535156, -0.43501487374305725]","[-0.21258306503295898, -0.08904018253087997, -0.6614372134208679, 0.7137094736099243]","[[0.1091453171938096, 0.9820048806602628, 0.15412305670324322], [-0.9062911410062284, 0.03461850632645991, 0.4212340753175363], [0.4083183439202269, -0.18565611445469354, 0.8937605727121206]]","[-0.5513075590133667, 0.26715949177742004, -1.0015252828598022]",[0.0],"[-0.21258306503295898, -0.08904018253087997, -0.6614372134208679, 0.7137094736099243]",[0.44],"[-2.76947021484375, -5.687570571899414, -9.430479345321656]","[667.54443359375, 669.857421875, 572.912353515625, 574.615966796875]"
5.8698003292084,"[37.512691497802734, -29.687734603881836, -24.84955596923828]","[37.512691497802734, -29.687734603881836, -24.84955596923828]","[12.57358169555664, -13.6653470993042, -0.4307810068130493]","[12.57358169555664, -13.6653470993042, -0.4307810068130493]","[-0.21447798609733582, -0.08393528312444687, -0.6732950806617737, 0.7025865316390991]","[[0.07925720520694923, 0.9821006519577282, 0.17087034699405912], [-0.910091570009564, 0.0013458556725733928, 0.4144051151734187], [0.40675754480426285, -0.18835226228684565, 0.8939081234528999]]","[-0.5347991585731506, 0.25567516684532166, -0.9408934712409973]",[0.0],"[-0.21447798609733582, -0.08393528312444687, -0.6732950806617737, 0.7025865316390991]",[0.44],"[-2.8038501739501953, -5.109930038452148, -9.598306653499604]","[667.4840087890625, 669.857421875, 575.0516357421875, 576.2777099609375]"
5.9013383388519,"[37.88898468017578, -30.099239349365234, -24.862485885620117]","[37.88898468017578, -30.099239349365234, -24.862485885620117]","[12.511439323425293, -13.767901420593262, -0.43250495195388794]","[12.511439323425293, -13.767901420593262, -0.43250495195388794]","[-0.21630969643592834, -0.07891006767749786, -0.6842772960662842, 0.6919161677360535]","[[0.051075566614695145, 0.9810630742960607, 0.1868333251337777], [-0.9127870231558282, -0.030050605367977212, 0.40732908788972466], [0.4052299316266055, -0.19134361691866175, 0.8939666328938585]]","[-0.5156977772712708, 0.2481035441160202, -0.8820903897285461]",[0.0],"[-0.21630969643592834, -0.07891006767749786, -0.6842772960662842, 0.6919161677360535]",[0.44],"[-3.107118606567383, -5.127716064453125, -9.896197257041932]","[668.532470703125, 669.857421875, 579.9597778320312, 579.6929931640625]"
5.9323394298553,"[38.30064392089844, -30.55546760559082, -24.87691307067871]","[38.30064392089844, -30.55546760559082, -24.87691307067871]","[12.43574047088623, -13.881571769714355, -0.4427814483642578]","[12.43574047088623, -13.881571769714355, -0.4427814483642578]","[-0.2179412841796875, -0.07322881370782852, -0.6955000162124634, 0.6807488203048706]","[[0.021834536582814645, 0.9788407945141842, 0.20345547627281668], [-0.9150024677204271, -0.062437351802856256, 0.39858782644413004], [0.4028571904485343, -0.19486526196007325, 0.8942782749861057]]","[-0.4924982786178589, 0.2917636036872864, -0.8211330771446228]",[0.0],"[-0.2179412841796875, -0.07322881370782852, -0.6955000162124634, 0.6807488203048706]",[0.44],"[-3.784942626953125, -5.6835174560546875, -10.323824820518494]","[669.852783203125, 667.2764892578125, 585.3550415039062, 580.4293823242188]"
5.9643323421478,"[38.67264175415039, -30.97341537475586, -24.89029884338379]","[38.67264175415039, -30.97341537475586, -24.89029884338379]","[12.363020896911621, -13.979860305786133, -0.4480108618736267]","[12.363020896911621, -13.979860305786133, -0.4480108618736267]","[-0.21883094310760498, -0.06770564615726471, -0.7050105929374695, 0.6711848378181458]","[[-0.003247981351230056, 0.9760170217662285, 0.21767025963584352], [-0.9167526601570124, -0.08985383563081228, 0.38921841760363485], [0.39944227217758943, -0.19828562663344407, 0.8950579276341268]]","[-0.4716354310512543, 0.28954049944877625, -0.7576532959938049]",[0.0],"[-0.21883094310760498, -0.06770564615726471, -0.7050105929374695, 0.6711848378181458]",[0.44],"[-3.6359786987304688, -4.914426803588867, -10.071470675468445]","[665.0478515625, 669.8494262695312, 561.978759765625, 565.7644653320312]"
5.994332075119,"[39.042396545410156, -31.394245147705078, -24.9038143157959]","[39.042396545410156, -31.394245147705078, -24.9038143157959]","[12.28567886352539, -14.075332641601562, -0.45437610149383545]","[12.28567886352539, -14.075332641601562, -0.45437610149383545]","[-0.21978671848773956, -0.062413956969976425, -0.7136125564575195, 0.6622352600097656]","[[-0.02627676551697311, 0.9725943113242902, 0.23101967806638868], [-0.9177232761632258, -0.11509816471489076, 0.38017979611279173], [0.3963505701553913, -0.20202226254489375, 0.8955965927034821]]","[-0.44928666949272156, 0.28006598353385925, -0.6906439661979675]",[0.0],"[-0.21978671848773956, -0.062413956969976425, -0.7136125564575195, 0.6622352600097656]",[0.44],"[-3.8671016693115234, -4.773616790771484, -10.128261981010438]","[669.4017333984375, 668.849365234375, 567.3429565429688, 564.1211547851562]"
6.0249679088593,"[39.44633102416992, -31.860485076904297, -24.919071197509766]","[39.44633102416992, -31.860485076904297, -24.919071197509766]","[12.193133354187012, -14.18094539642334, -0.47191667556762695]","[12.193133354187012, -14.18094539642334, -0.47191667556762695]","[-0.2204212099313736, -0.05642647668719292, -0.7222245335578918, 0.6531633138656616]","[[-0.04958444828848951, 0.9683363239146198, 0.24467580205236406], [-0.9185859548603977, -0.14038757332105023, 0.36944726746155565], [0.39209862006344576, -0.206436924238663, 0.896461085882118]]","[-0.4364466965198517, 0.2872255742549896, -0.6221599578857422]",[0.0],"[-0.2204212099313736, -0.05642647668719292, -0.7222245335578918, 0.6531633138656616]",[0.44],"[-4.627275466918945, -5.280637741088867, -10.687028703689576]","[667.9375, 669.8457641601562, 573.4215698242188, 578.4163208007812]"
6.0562081336975,"[39.810794830322266, -32.287353515625, -24.933565139770508]","[39.810794830322266, -32.287353515625, -24.933565139770508]","[12.102702140808105, -14.276347160339355, -0.4955355226993561]","[12.102702140808105, -14.276347160339355, -0.4955355226993561]","[-0.2212548851966858, -0.05111255869269371, -0.729232132434845, 0.6454876065254211]","[[-0.06878399326317064, 0.9640384141449156, 0.25670729713933804], [-0.9188028009222724, -0.16146645439773977, 0.3601804128946795], [0.38867738983508593, -0.21108873221598268, 0.8968675642409747]]","[-0.41376087069511414, 0.2480631172657013, -0.5658172965049744]",[0.0],"[-0.2212548851966858, -0.05111255869269371, -0.729232132434845, 0.6454876065254211]",[0.44],"[-4.5215606689453125, -4.770088195800781, -10.990942356586457]","[665.3311767578125, 669.857421875, 584.7503662109375, 584.0506591796875]"
6.0872654914856,"[40.17245101928711, -32.717079162597656, -24.94888687133789]","[40.17245101928711, -32.717079162597656, -24.94888687133789]","[12.006031036376953, -14.371649742126465, -0.5273149013519287]","[12.006031036376953, -14.371649742126465, -0.5273149013519287]","[-0.22202472388744354, -0.04627295210957527, -0.7355133295059204, 0.6384231448173523]","[[-0.08624208795563937, 0.9596849445876731, 0.26752084058661696], [-0.9185899869253317, -0.1805496717963604, 0.3515601910472155], [0.3856877350097281, -0.21542269875848863, 0.8971276717715388]]","[-0.3802699148654938, 0.23092404007911682, -0.5144554376602173]",[0.0],"[-0.22202472388744354, -0.04627295210957527, -0.7355133295059204, 0.6384231448173523]",[0.44],"[-4.833555221557617, -4.765129089355469, -11.398968932628632]","[667.208251953125, 669.857421875, 593.4904174804688, 594.4559326171875]"
6.1192548274994,"[40.56680679321289, -33.19307327270508, -24.966976165771484]","[40.56680679321289, -33.19307327270508, -24.966976165771484]","[11.89323616027832, -14.475736618041992, -0.5699649453163147]","[11.89323616027832, -14.475736618041992, -0.5699649453163147]","[-0.22285029292106628, -0.04128776863217354, -0.7417003512382507, 0.6312793493270874]","[[-0.10364818173113677, 0.9548422129181844, 0.27844804963163217], [-0.918038247583236, -0.1995633281638991, 0.3426078808177766], [0.38270451250077553, -0.22011527083246962, 0.8972661342127422]]","[-0.3520159125328064, 0.20778177678585052, -0.4633541703224182]",[0.0],"[-0.22285029292106628, -0.04128776863217354, -0.7417003512382507, 0.6312793493270874]",[0.44],"[-5.639743804931641, -5.204343795776367, -11.9425021982193]","[666.5245971679688, 669.857421875, 599.4894409179688, 599.6077270507812]"
6.150221824646,"[40.9220085144043, -33.628761291503906, -24.984729766845703]","[40.9220085144043, -33.628761291503906, -24.984729766845703]","[11.785311698913574, -14.569374084472656, -0.6147045493125916]","[11.785311698913574, -14.569374084472656, -0.6147045493125916]","[-0.22354793548583984, -0.03712747246026993, -0.746731162071228, 0.6253322958946228]","[[-0.11797175523906933, 0.9505097636247228, 0.28742640409924025], [-0.91731068435152, -0.21516221573645566, 0.33503196878977626], [0.38029443447662015, -0.22413500616967674, 0.8972957426574614]]","[-0.3240753710269928, 0.19065353274345398, -0.4214527904987335]",[0.0],"[-0.22354793548583984, -0.03712747246026993, -0.746731162071228, 0.6253322958946228]",[0.44],"[-5.396223068237305, -4.681873321533203, -12.046980199813843]","[667.2387084960938, 669.857421875, 607.242919921875, 607.3635864257812]"
6.1822533607483,"[41.308902740478516, -34.11124038696289, -25.00588607788086]","[41.308902740478516, -34.11124038696289, -25.00588607788086]","[11.662254333496094, -14.669917106628418, -0.666443407535553]","[11.662254333496094, -14.669917106628418, -0.666443407535553]","[-0.22425776720046997, -0.032895661890506744, -0.7516862750053406, 0.6193497776985168]","[[-0.13222876120523797, 0.945867670019461, 0.2963951295776104], [-0.9163592392748745, -0.23064760436228937, 0.32724243162617395], [0.3778908130941341, -0.22833356142493333, 0.8972526585580906]]","[-0.2967969477176666, 0.17344826459884644, -0.37675344944000244]",[0.0],"[-0.22425776720046997, -0.032895661890506744, -0.7516862750053406, 0.6193497776985168]",[0.44],"[-6.152868270874023, -5.027151107788086, -12.396942911148072]","[667.3013916015625, 669.857421875, 602.1434326171875, 602.0148315429688]"
6.213237285614,"[41.65707015991211, -34.55267333984375, -25.026565551757812]","[41.65707015991211, -34.55267333984375, -25.026565551757812]","[11.547698020935059, -14.758137702941895, -0.7127751708030701]","[11.547698020935059, -14.758137702941895, -0.7127751708030701]","[-0.22484438121318817, -0.029339291155338287, -0.7556684017181396, 0.6144506931304932]","[[-0.14379105472149067, 0.9418354959551569, 0.3037604928006381], [-0.9154483968949345, -0.24317945823677833, 0.3206531222756759], [0.37587068394605794, -0.23197002125608535, 0.8971684204627216]]","[-0.27240288257598877, 0.15916207432746887, -0.33471375703811646]",[0.0],"[-0.22484438121318817, -0.029339291155338287, -0.7556684017181396, 0.6144506931304932]",[0.44],"[-5.727815628051758, -4.411029815673828, -12.126588163375855]","[667.5114135742188, 669.857421875, 607.248291015625, 607.1036987304688]"
6.2441554069519,"[42.03602981567383, -35.04126739501953, -25.05094337463379]","[42.03602981567383, -35.04126739501953, -25.05094337463379]","[11.418983459472656, -14.852034568786621, -0.7633238434791565]","[11.418983459472656, -14.852034568786621, -0.7633238434791565]","[-0.22542819380760193, -0.025719134137034416, -0.7594999670982361, 0.609656035900116]","[[-0.15500334776596092, 0.9376631143243724, 0.3110657608302414], [-0.914471842505144, -0.25531614117115886, 0.31393468109547684], [0.3737850622893124, -0.2357999549719858, 0.897041311151767]]","[-0.2471710443496704, 0.1445707380771637, -0.2876853048801422]",[0.0],"[-0.22542819380760193, -0.025719134137034416, -0.7594999670982361, 0.609656035900116]",[0.44],"[-6.435728073120117, -4.694843292236328, -12.337433633804322]","[667.6322631835938, 669.857421875, 598.54638671875, 598.3260498046875]"
6.2748112678528,"[42.376834869384766, -35.48808288574219, -25.074508666992188]","[42.376834869384766, -35.48808288574219, -25.074508666992188]","[11.300071716308594, -14.934426307678223, -0.8081122636795044]","[11.300071716308594, -14.934426307678223, -0.8081122636795044]","[-0.2259047031402588, -0.022664139047265053, -0.7624730467796326, 0.6058780550956726]","[[-0.1637576205283391, 0.9341712444982351, 0.3170290855976534], [-0.9136915020846272, -0.2647961639326084, 0.3083029946551814], [0.3719559035431528, -0.2391798140471597, 0.8969068038007155]]","[-0.22472833096981049, 0.13188320398330688, -0.24367375671863556]",[0.0],"[-0.2259047031402588, -0.022664139047265053, -0.7624730467796326, 0.6058780550956726]",[0.44],"[-5.945587158203125, -4.119586944580078, -12.049421010017396]","[667.6771240234375, 669.857421875, 603.5791625976562, 603.3075561523438]"
6.305267572403,"[42.71402359008789, -35.937347412109375, -25.099464416503906]","[42.71402359008789, -35.937347412109375, -25.099464416503906]","[11.178093910217285, -15.015645027160645, -0.8561223149299622]","[11.178093910217285, -15.015645027160645, -0.8561223149299622]","[-0.22633129358291626, -0.01983337104320526, -0.7649900913238525, 0.6026367545127869]","[[-0.1712064048612274, 0.9310001167883311, 0.32237775718183137], [-0.9130444666910567, -0.27287138855718496, 0.3031357770701817], [0.3701870306079318, -0.2424464477677759, 0.8967615658762926]]","[-0.2029220312833786, 0.11951752752065659, -0.20330895483493805]",[0.0],"[-0.22633129358291626, -0.01983337104320526, -0.7649900913238525, 0.6026367545127869]",[0.44],"[-6.09889030456543, -4.060935974121094, -12.210502562522889]","[667.78662109375, 669.857421875, 610.5811767578125, 610.2822875976562]"
6.33731508255,"[43.080650329589844, -36.43433380126953, -25.128633499145508]","[43.080650329589844, -36.43433380126953, -25.128633499145508]","[11.040700912475586, -15.103710174560547, -0.9124470353126526]","[11.040700912475586, -15.103710174560547, -0.9124470353126526]","[-0.22674527764320374, -0.016977762803435326, -0.7672851085662842, 0.5996432304382324]","[[-0.17802936451476836, 0.9278938974169239, 0.3275953488805836], [-0.9124953872544223, -0.2802797175221361, 0.2979861106968622], [0.3683177510128477, -0.24587897239347623, 0.8965966692733935]]","[-0.17994505167007446, 0.10652696341276169, -0.1633516103029251]",[0.0],"[-0.22674527764320374, -0.016977762803435326, -0.7672851085662842, 0.5996432304382324]",[0.44],"[-6.869649887084961, -4.403257369995117, -12.626236019134522]","[667.8905029296875, 669.857421875, 617.0800170898438, 616.7697143554688]"
6.3683495521545,"[43.40997314453125, -36.888641357421875, -25.15680694580078]","[43.40997314453125, -36.888641357421875, -25.15680694580078]","[10.913345336914062, -15.182519912719727, -0.9661502242088318]","[10.913345336914062, -15.182519912719727, -0.9661502242088318]","[-0.2270742505788803, -0.014613817445933819, -0.7689861059188843, 0.5973978042602539]","[[-0.1831063895132652, 0.925418065654433, 0.33177336250608214], [-0.9121443790759051, -0.28580469274449927, 0.2937829625404478], [0.36669441232232636, -0.24883167225901537, 0.8964474421273936]]","[-0.1601344794034958, 0.09524085372686386, -0.13074365258216858]",[0.0],"[-0.2270742505788803, -0.014613817445933819, -0.7689861059188843, 0.5973978042602539]",[0.44],"[-6.367778778076172, -3.9404869079589844, -12.49515944480896]","[667.9884033203125, 669.857421875, 621.9219360351562, 621.6165161132812]"
6.399322271347,"[43.73544692993164, -37.34529113769531, -25.186620712280273]","[43.73544692993164, -37.34529113769531, -25.186620712280273]","[10.784090995788574, -15.2600736618042, -1.0216023921966553]","[10.784090995788574, -15.2600736618042, -1.0216023921966553]","[-0.22736188769340515, -0.012464931234717369, -0.7703589200973511, 0.5955655574798584]","[[-0.1872164805684864, 0.9232665800057088, 0.3354531491100685], [-0.9119303788237335, -0.290292587498131, 0.2900227607177208], [0.3651478839890787, -0.25161287685746236, 0.8963023950276103]]","[-0.14144748449325562, 0.0845080241560936, -0.10137069970369339]",[0.0],"[-0.22736188769340515, -0.012464931234717369, -0.7703589200973511, 0.5955655574798584]",[0.44],"[-6.462717056274414, -3.877687454223633, -12.582608399391175]","[668.108154296875, 669.857421875, 627.2981567382812, 627.0040283203125]"
6.4313158988953,"[44.088958740234375, -37.850257873535156, -25.221359252929688]","[44.088958740234375, -37.850257873535156, -25.221359252929688]","[10.640196800231934, -15.343879699707031, -1.0839354991912842]","[10.640196800231934, -15.343879699707031, -1.0839354991912842]","[-0.2276349514722824, -0.010340389795601368, -0.7715299725532532, 0.5939839482307434]","[[-0.19073084441829713, 0.9212605068097293, 0.33897032460906995], [-0.9118451702924244, -0.2941523393596239, 0.2863788557720205], [0.3635384268372147, -0.25446717315125944, 0.8961508104141733]]","[-0.12225230038166046, 0.07334817200899124, -0.07246404886245728]",[0.0],"[-0.2276349514722824, -0.010340389795601368, -0.7715299725532532, 0.5939839482307434]",[0.44],"[-7.194709777832031, -4.190301895141602, -12.926655349731446]","[668.2305297851562, 669.857421875, 632.12255859375, 631.8482666015625]"
6.4619431495667,"[44.406192779541016, -38.311710357666016, -25.254732131958008]","[44.406192779541016, -38.311710357666016, -25.254732131958008]","[10.508241653442383, -15.418670654296875, -1.141236662864685]","[10.508241653442383, -15.418670654296875, -1.141236662864685]","[-0.227848082780838, -0.008616482838988304, -0.7723191380500793, 0.592903196811676]","[[-0.19310218954986413, 0.9197474700078153, 0.34172538935830166], [-0.9118944736271054, -0.29678319965064226, 0.283493062534802], [0.3621603502403381, -0.256874364137879, 0.8960220147931637]]","[-0.10605397820472717, 0.06379988044500351, -0.0489950068295002]",[0.0],"[-0.227848082780838, -0.008616482838988304, -0.7723191380500793, 0.592903196811676]",[0.44],"[-6.597757339477539, -3.7395477294921875, -12.675058183670044]","[668.35107421875, 669.857421875, 636.44189453125, 636.1903686523438]"
6.4929518699646,"[44.75056838989258, -38.821876525878906, -25.293441772460938]","[44.75056838989258, -38.821876525878906, -25.293441772460938]","[10.362271308898926, -15.499383926391602, -1.2043561935424805]","[10.362271308898926, -15.499383926391602, -1.2043561935424805]","[-0.22804860770702362, -0.0069359117187559605, -0.7729171514511108, 0.5920683145523071]","[[-0.19489805975733954, 0.9184029603177413, 0.3443122934001942], [-0.9120760602751767, -0.29881418096882273, 0.28076247985895], [0.36073842764502395, -0.25931893934544104, 0.8958914513030354]]","[-0.08960282802581787, 0.05395463481545448, -0.02596864476799965]",[0.0],"[-0.22804860770702362, -0.0069359117187559605, -0.7729171514511108, 0.5920683145523071]",[0.44],"[-7.298517227172852, -4.035663604736328, -12.965976533889771]","[668.4374389648438, 669.857421875, 639.2911376953125, 639.0581665039062]"
6.5239629745483,"[45.059444427490234, -39.28794860839844, -25.330432891845703]","[45.059444427490234, -39.28794860839844, -25.330432891845703]","[10.2291841506958, -15.57133674621582, -1.2613229751586914]","[10.2291841506958, -15.57133674621582, -1.2613229751586914]","[-0.2282039225101471, -0.005592565517872572, -0.7732412219047546, 0.5915992856025696]","[[-0.19586652808365934, 0.9174503997307687, 0.3462962442402902], [-0.9123454181784746, -0.29995803500355045, 0.2786593594466587], [0.3595304753005261, -0.26136175066816997, 0.8957833859238221]]","[-0.07585392147302628, 0.045594729483127594, -0.007325758226215839]",[0.0],"[-0.2282039225101471, -0.005592565517872572, -0.7732412219047546, 0.5915992856025696]",[0.44],"[-6.65435791015625, -3.5976409912109375, -12.658339080810547]","[668.5516967773438, 669.857421875, 642.8409423828125, 642.6328735351562]"
6.5549437999725,"[45.36433029174805, -39.756160736083984, -25.369117736816406]","[45.36433029174805, -39.756160736083984, -25.369117736816406]","[10.096040725708008, -15.64193344116211, -1.3174633979797363]","[10.096040725708008, -15.64193344116211, -1.3174633979797363]","[-0.22833696007728577, -0.004413538612425327, -0.7733786702156067, 0.5913782715797424]","[[-0.1962680937350869, 0.91673423051738, 0.3479617274189576], [-0.9127031345576004, -0.30050466976359225, 0.2768937068226013], [0.35840201076362377, -0.26324036033051035, 0.8956855066791612]]","[-0.0632137656211853, 0.03778756037354469, 0.009352220222353935]",[0.0],"[-0.22833696007728577, -0.004413538612425327, -0.7733786702156067, 0.5913782715797424]",[0.44],"[-6.657171249389648, -3.529834747314453, -12.617021141052247]","[668.6712036132812, 669.857421875, 646.270751953125, 646.08984375]"
6.5859427452087,"[45.69507598876953, -40.27362823486328, -25.413639068603516]","[45.69507598876953, -40.27362823486328, -25.413639068603516]","[9.948081016540527, -15.719428062438965, -1.3823471069335938]","[9.948081016540527, -15.719428062438965, -1.3823471069335938]","[-0.2284611165523529, -0.003299158997833729, -0.7733506560325623, 0.5913742780685425]","[[-0.19616424327217485, 0.9161868309068382, 0.34945903318623306], [-0.9131719127135227, -0.3005314379246844, 0.27531486928642257], [0.3572631842685421, -0.2651092421851008, 0.8955892675471184]]","[-0.0504329651594162, 0.029763566330075264, 0.020882412791252136]",[0.0],"[-0.2284611165523529, -0.003299158997833729, -0.7733506560325623, 0.5913742780685425]",[0.44],"[-7.397985458374023, -3.8747310638427734, -13.054185447692872]","[668.7799072265625, 669.857421875, 662.0570678710938, 661.9053955078125]"
6.6169683933258,"[45.99148941040039, -40.746280670166016, -25.456039428710938]","[45.99148941040039, -40.746280670166016, -25.456039428710938]","[9.812317848205566, -15.789847373962402, -1.444177269935608]","[9.812317848205566, -15.789847373962402, -1.444177269935608]","[-0.2285565733909607, -0.002460707211866975, -0.773239016532898, 0.5914874076843262]","[[-0.1958092635374915, 0.9158471044357688, 0.3505467654022765], [-0.9135974612019178, -0.30027336785796166, 0.2741820998574224], [0.35636867472154576, -0.2665712405595047, 0.8955116753595997]]","[-0.040366850793361664, 0.023344751447439194, 0.02475295029580593]",[0.0],"[-0.2285565733909607, -0.002460707211866975, -0.773239016532898, 0.5914874076843262]",[0.44],"[-6.788158416748047, -3.520965576171875, -12.901508150100709]","[668.925048828125, 669.857421875, 664.8683471679688, 664.7393798828125]"
6.6479420661926,"[46.28384017944336, -41.22102737426758, -25.500267028808594]","[46.28384017944336, -41.22102737426758, -25.500267028808594]","[9.677294731140137, -15.858906745910645, -1.50401771068573]","[9.677294731140137, -15.858906745910645, -1.50401771068573]","[-0.22863823175430298, -0.0017717332812026143, -0.7730798721313477, 0.5916663408279419]","[[-0.19531125546688122, 0.9156208501524842, 0.3514146800430835], [-0.9140005062942665, -0.2998558594287104, 0.2732944745878447], [0.3556077798327324, -0.26781570923391285, 0.8954428398828919]]","[-0.03180697560310364, 0.01792444847524166, 0.02697760984301567]",[0.0],"[-0.22863823175430298, -0.0017717332812026143, -0.7730798721313477, 0.5916663408279419]",[0.44],"[-6.751155853271484, -3.4529685974121094, -12.802022037506104]","[669.0697631835938, 669.857421875, 667.0623779296875, 666.9501342773438]"
6.6799683570862,"[46.600765228271484, -41.74561309814453, -25.550945281982422]","[46.600765228271484, -41.74561309814453, -25.550945281982422]","[9.530102729797363, -15.933114051818848, -1.5665740966796875]","[9.530102729797363, -15.933114051818848, -1.5665740966796875]","[-0.22871406376361847, -0.0011638262076303363, -0.772867739200592, 0.5919156074523926]","[[-0.19465179357695184, 0.915477321501475, 0.35215366897541867], [-0.9144125878156281, -0.2992693305206058, 0.2725578154309223], [0.35490921656205277, -0.2689598805112676, 0.8953770450905798]]","[-0.023913348093628883, 0.012911063618957996, 0.028376203030347824]",[0.0],"[-0.22871406376361847, -0.0011638262076303363, -0.772867739200592, 0.5919156074523926]",[0.44],"[-7.359600067138672, -3.7103652954101562, -12.937819299697876]","[669.2122192382812, 669.857421875, 667.9382934570312, 667.84814453125]"
6.7106349468231,"[46.88468551635742, -42.224605560302734, -25.59874725341797]","[46.88468551635742, -42.224605560302734, -25.59874725341797]","[9.397889137268066, -15.99882698059082, -1.6196908950805664]","[9.397889137268066, -15.99882698059082, -1.6196908950805664]","[-0.22877237200737, -0.0007256133249029517, -0.7726487517356873, 0.592179536819458]","[[-0.19397324014682593, 0.9154255604169398, 0.3526619886009113], [-0.9147615592909469, -0.29864578350518833, 0.2720699230442843], [0.35438076205151553, -0.26982734612536813, 0.8953253505828485]]","[-0.01793559081852436, 0.009136984124779701, 0.02943737432360649]",[0.0],"[-0.22877237200737, -0.0007256133249029517, -0.7726487517356873, 0.592179536819458]",[0.44],"[-6.610679626464844, -3.285646438598633, -12.465839920043946]","[669.2938232421875, 669.857421875, 668.1268310546875, 668.045654296875]"
6.7415933609009,"[47.16466522216797, -42.705543518066406, -25.648090362548828]","[47.16466522216797, -42.705543518066406, -25.648090362548828]","[9.267294883728027, -16.06291389465332, -1.6691304445266724]","[9.267294883728027, -16.06291389465332, -1.6691304445266724]","[-0.22882205247879028, -0.0003784783184528351, -0.7724087834358215, 0.5924736261367798]","[[-0.19323094394928675, 0.9154368739355339, 0.3530398495133644], [-0.9150904571929455, -0.2979497208588242, 0.2717267422993648], [0.35393680320035603, -0.2705573823893128, 0.8952806501071124]]","[-0.012904307805001736, 0.005960610695183277, 0.030377736315131187]",[0.0],"[-0.22882205247879028, -0.0003784783184528351, -0.7724087834358215, 0.5924736261367798]",[0.44],"[-6.529712677001953, -3.204345703125, -12.281977472305298]","[669.4005126953125, 669.857421875, 668.3727416992188, 668.307861328125]"
6.7725923061371,"[47.46814727783203, -43.23677062988281, -25.70401382446289]","[47.46814727783203, -43.23677062988281, -25.70401382446289]","[9.125571250915527, -16.131591796875, -1.7192517518997192]","[9.125571250915527, -16.131591796875, -1.7192517518997192]","[-0.22886820137500763, -8.434701157966629e-05, -0.7721239924430847, 0.5928270220756531]","[[-0.19235093364133427, 0.9155105429240591, 0.3533292524024861], [-0.9154333255287328, -0.2971122266137596, 0.2714887612405764], [0.35352926515326905, -0.27122825583525023, 0.8952386785699011]]","[-0.008281052112579346, 0.0030514553654938936, 0.03128915652632713]",[0.0],"[-0.22886820137500763, -8.434701157966629e-05, -0.7721239924430847, 0.5928270220756531]",[0.44],"[-7.086181640625, -3.4338951110839844, -12.316065368652344]","[669.4786987304688, 669.857421875, 668.56689453125, 668.5123901367188]"
6.8041343688965,"[47.740020751953125, -43.72164535522461, -25.756227493286133]","[47.740020751953125, -43.72164535522461, -25.756227493286133]","[8.998522758483887, -16.192424774169922, -1.7609524726867676]","[8.998522758483887, -16.192424774169922, -1.7609524726867676]","[-0.2289036363363266, 0.00011637680290732533, -0.7718487977981567, 0.5931715965270996]","[[-0.19150116041204024, 0.9156242891881688, 0.35349605586359883], [-0.9157308454816516, -0.2962948827809062, 0.27137862024212367], [0.3532199302076818, -0.27173792142378617, 0.8952062234568929]]","[-0.004771545995026827, 0.000842633715365082, 0.03201901540160179]",[0.0],"[-0.2289036363363266, 0.00011637680290732533, -0.7718487977981567, 0.5931715965270996]",[0.44],"[-6.352424621582031, -3.0416488647460938, -11.895036039352417]","[669.5436401367188, 669.857421875, 668.7349243164062, 668.68994140625]"
6.8341324329376,"[48.008094787597656, -44.20832443237305, -25.809633255004883]","[48.008094787597656, -44.20832443237305, -25.809633255004883]","[8.873197555541992, -16.251779556274414, -1.7990033626556396]","[8.873197555541992, -16.251779556274414, -1.7990033626556396]","[-0.22893376648426056, 0.00026403210358694196, -0.7715604901313782, 0.5935350060462952]","[[-0.19061131928944852, 0.9157754286225261, 0.3535859227448349], [-0.9160172120783139, -0.2954325187368849, 0.2713529754703655], [0.3529590735600393, -0.27216784242738135, 0.8951785217007566]]","[-0.0018098060972988605, -0.0010184576967731118, 0.03266589716076851]",[0.0],"[-0.22893376648426056, 0.00026403210358694196, -0.7715604901313782, 0.5935350060462952]",[0.44],"[-6.266260147094727, -2.9677391052246094, -11.712544498443604]","[669.5836791992188, 669.857421875, 668.8430786132812, 668.8038330078125]"
6.8651506900787,"[48.298667907714844, -44.74569320678711, -25.8696346282959]","[48.298667907714844, -44.74569320678711, -25.8696346282959]","[8.737336158752441, -16.31541633605957, -1.8366990089416504]","[8.737336158752441, -16.31541633605957, -1.8366990089416504]","[-0.2289617359638214, 0.00037515684380196035, -0.7712300419807434, 0.5939533710479736]","[[-0.18959183679255331, 0.9159775734514344, 0.35360998982281955], [-0.9163211597002967, -0.2944385083783718, 0.2714065253766261], [0.35271868713462795, -0.2725638542902051, 0.8951527654435517]]","[0.0009154265280812979, -0.002732550958171487, 0.033292852342128754]",[0.0],"[-0.2289617359638214, 0.00037515684380196035, -0.7712300419807434, 0.5939533710479736]",[0.44],"[-6.793069839477539, -3.1818389892578125, -11.694782314300538]","[669.6299438476562, 669.857421875, 668.97412109375, 668.9423217773438]"
6.8951041698456,"[48.55896759033203, -45.23601150512695, -25.925203323364258]","[48.55896759033203, -45.23601150512695, -25.925203323364258]","[8.615636825561523, -16.371807098388672, -1.8672515153884888]","[8.615636825561523, -16.371807098388672, -1.8672515153884888]","[-0.22898323833942413, 0.0004371094983071089, -0.7709193229675293, 0.5943483114242554]","[[-0.18863358717885448, 0.9161890142032999, 0.35357479672753517], [-0.9165893771970249, -0.2934998519302465, 0.2715176497859939], [0.35253561555862983, -0.2728655544199843, 0.895132970989754]]","[0.0029932211618870497, -0.004036708734929562, 0.033794887363910675]",[0.0],"[-0.22898323833942413, 0.0004371094983071089, -0.7709193229675293, 0.5943483114242554]",[0.44],"[-6.084966659545898, -2.819538116455078, -11.33762532234192]","[669.668212890625, 669.857421875, 669.0883178710938, 669.06201171875]"
6.9271426200867,"[48.81563949584961, -45.72800827026367, -25.981637954711914]","[48.81563949584961, -45.72800827026367, -25.981637954711914]","[8.49563980102539, -16.426847457885742, -1.89434015750885]","[8.49563980102539, -16.426847457885742, -1.89434015750885]","[-0.22900152206420898, 0.0004678764089476317, -0.7706001400947571, 0.5947551131248474]","[[-0.1876495896447865, 0.9164224581725872, 0.3534937537422483], [-0.9168510358117349, -0.29253254604356727, 0.27167856106955757], [0.3523806661961199, -0.27312074357468585, 0.8951161679678831]]","[0.0047476510517299175, -0.0051401760429143906, 0.03423983231186867]",[0.0],"[-0.22900152206420898, 0.0004678764089476317, -0.7706001400947571, 0.5947551131248474]",[0.44],"[-5.999851226806641, -2.7520179748535156, -11.164432106018067]","[669.69482421875, 669.857421875, 669.1707153320312, 669.1480102539062]"
6.9591476917267,"[49.093849182128906, -46.27108383178711, -26.044591903686523]","[49.093849182128906, -46.27108383178711, -26.044591903686523]","[8.365585327148438, -16.485885620117188, -1.920235514640808]","[8.365585327148438, -16.485885620117188, -1.920235514640808]","[-0.2290184199810028, 0.0004714841197710484, -0.7702403664588928, 0.5952144265174866]","[[-0.1865408888400093, 0.916700398908585, 0.3533597317639317], [-0.9171323131012094, -0.291439317626649, 0.27190382281948294], [0.3522371951640852, -0.27335644722425095, 0.8951006820242596]]","[0.00636899983510375, -0.006160033866763115, 0.03467103838920593]",[0.0],"[-0.2290184199810028, 0.0004714841197710484, -0.7702403664588928, 0.5952144265174866]",[0.44],"[-6.502723693847656, -2.9519081115722656, -11.1047678565979]","[669.721923828125, 669.857421875, 669.2588500976562, 669.2406005859375]"
6.9901170730591,"[49.34308624267578, -46.766448974609375, -26.102466583251953]","[49.34308624267578, -46.766448974609375, -26.102466583251953]","[8.25130558013916, -16.536502838134766, -1.9347177743911743]","[8.25130558013916, -16.536502838134766, -1.9347177743911743]","[-0.22892819344997406, 0.0005272476118989289, -0.7699487209320068, 0.595626175403595]","[[-0.1856426217097551, 0.9169618201246565, 0.3531540244212972], [-0.9174446274978278, -0.2904583012422042, 0.27189934136453264], [0.35189785450703304, -0.27352315586211684, 0.895183208507374]]","[0.007556503172963858, 0.011296217329800129, 0.02953389659523964]",[0.0],"[-0.22892819344997406, 0.0005272476118989289, -0.7699487209320068, 0.595626175403595]",[0.44],"[-5.713987350463867, -2.5308609008789062, -10.534112987518311]","[650.6279907226562, 650.2791137695312, 669.8289794921875, 669.3841552734375]"
7.0210435390472,"[49.61338806152344, -47.313026428222656, -26.166397094726562]","[49.61338806152344, -47.313026428222656, -26.166397094726562]","[8.13060474395752, -16.588212966918945, -1.9391549825668335]","[8.13060474395752, -16.588212966918945, -1.9391549825668335]","[-0.22870856523513794, 0.0006207215483300388, -0.7697775959968567, 0.5959316492080688]","[[-0.18511586518788103, 0.9171857359422005, 0.35284927429318014], [-0.9177535932811168, -0.2897303102212305, 0.27163370985466], [0.3513696438291989, -0.2735449800196878, 0.8953840137856882]]","[0.007751104421913624, 0.011046323925256729, 0.013625037856400013]",[0.0],"[-0.22870856523513794, 0.0006207215483300388, -0.7697775959968567, 0.5959316492080688]",[0.44],"[-6.035041809082031, -2.5855064392089844, -10.03186040878296]","[647.8734741210938, 647.9842529296875, 669.6817016601562, 669.8508911132812]"
7.0528125762939,"[49.85567855834961, -47.81137466430664, -26.224605560302734]","[49.85567855834961, -47.81137466430664, -26.224605560302734]","[8.02210521697998, -16.634153366088867, -1.9411771297454834]","[8.02210521697998, -16.634153366088867, -1.9411771297454834]","[-0.22853578627109528, 0.0006406064494512975, -0.7697524428367615, 0.5960303544998169]","[[-0.18503846725956974, 0.9172988397649586, 0.3525956012939139], [-0.9178844457594213, -0.28949485771941896, 0.2714423146553864], [0.35106831773726854, -0.27341474817283484, 0.8955419680336584]]","[0.006833214778453112, 0.007421154994517565, -0.0006556202424690127]",[0.0],"[-0.22853578627109528, 0.0006406064494512975, -0.7697524428367615, 0.5960303544998169]",[0.44],"[-5.424976348876953, -2.2970199584960938, -9.911107358932496]","[649.1123657226562, 649.301513671875, 669.5485229492188, 669.857421875]"
7.0840814113617,"[50.11845397949219, -48.36113739013672, -26.28868865966797]","[50.11845397949219, -48.36113739013672, -26.28868865966797]","[7.903602600097656, -16.683921813964844, -1.9424028396606445]","[7.903602600097656, -16.683921813964844, -1.9424028396606445]","[-0.22836051881313324, 0.0006242576637305319, -0.7698648571968079, 0.5959523916244507]","[[-0.18538457608858416, 0.9173204941401826, 0.3523575321063038], [-0.9178907173560328, -0.2896808497985295, 0.2712228066042904], [0.35086942071554333, -0.2731451827528581, 0.8957021674995318]]","[0.005061550997197628, 0.011375105008482933, -0.01495430525392294]",[0.0],"[-0.22836051881313324, 0.0006242576637305319, -0.7698648571968079, 0.5959523916244507]",[0.44],"[-5.925130844116211, -2.488422393798828, -9.871285495758057]","[651.4061889648438, 651.0689697265625, 669.8477783203125, 669.7299194335938]"
7.1150934696198,"[50.35396194458008, -48.86233139038086, -26.34697151184082]","[50.35396194458008, -48.86233139038086, -26.34697151184082]","[7.796574115753174, -16.72850227355957, -1.9427515268325806]","[7.796574115753174, -16.72850227355957, -1.9427515268325806]","[-0.22821110486984253, 0.0005953889340162277, -0.7700851559638977, 0.5957248210906982]","[[-0.1860630038478468, 0.9172459347894726, 0.3521933445051646], [-0.9177894322553091, -0.29022291164370984, 0.2709850388787729], [0.3507745926403798, -0.27281903959921716, 0.895838674252206]]","[0.0027831443585455418, 0.008224612101912498, -0.02656356804072857]",[0.0],"[-0.22821110486984253, 0.0005953889340162277, -0.7700851559638977, 0.5957248210906982]",[0.44],"[-5.351424217224121, -2.229022979736328, -9.827434358596802]","[653.6054077148438, 653.57666015625, 669.6076049804688, 669.8573608398438]"
7.1460952758789,"[50.586265563964844, -49.36486053466797, -26.405258178710938]","[50.586265563964844, -49.36486053466797, -26.405258178710938]","[7.690122604370117, -16.772520065307617, -1.942530870437622]","[7.690122604370117, -16.772520065307617, -1.942530870437622]","[-0.22810101509094238, 0.0005432969192042947, -0.7703983187675476, 0.5953621864318848]","[[-0.18702772946281265, 0.917084201812258, 0.3521041939538644], [-0.917579908127323, -0.29108728529076444, 0.27076832807745843], [0.3508103601870677, -0.27244254821004477, 0.8959392634858785]]","[0.000276250735623762, 0.008946817368268967, -0.03691505640745163]",[0.0],"[-0.22810101509094238, 0.0005432969192042947, -0.7703983187675476, 0.5953621864318848]",[0.44],"[-5.322575569152832, -2.2008895874023438, -9.798967180252076]","[655.71728515625, 655.5079345703125, 669.7618408203125, 669.857421875]"
7.1771049499512,"[50.8381233215332, -49.91915512084961, -26.469345092773438]","[50.8381233215332, -49.91915512084961, -26.469345092773438]","[7.573791980743408, -16.820192337036133, -1.941298484802246]","[7.573791980743408, -16.820192337036133, -1.941298484802246]","[-0.22799678146839142, 0.0004905196256004274, -0.7708458304405212, 0.5948225855827332]","[[-0.18840706983407984, 0.916809346104832, 0.3520842810014939], [-0.9172566936883678, -0.2923716533349645, 0.27047904009885326], [0.350917192393579, -0.2719915001314266, 0.8960344540611029]]","[-0.002762730699032545, 0.009260245598852634, -0.04699881747364998]",[0.0],"[-0.22799678146839142, 0.0004905196256004274, -0.7708458304405212, 0.5948225855827332]",[0.44],"[-5.816531181335449, -2.3836135864257812, -9.748380718231202]","[656.943603515625, 656.7694091796875, 669.7059936523438, 669.857421875]"
7.2080719470978,"[51.06376266479492, -50.42441177368164, -26.527557373046875]","[51.06376266479492, -50.42441177368164, -26.527557373046875]","[7.468705177307129, -16.86284828186035, -1.9392821788787842]","[7.468705177307129, -16.86284828186035, -1.9392821788787842]","[-0.2279222458600998, 0.00045048227184452116, -0.7713348865509033, 0.5942168235778809]","[[-0.18991542028954433, 0.9164749825399278, 0.35214412759516156], [-0.9168856822644037, -0.29381211473681335, 0.27017552053135785], [0.3510733910165471, -0.27156541129954337, 0.8961024938156219]]","[-0.005601232405751944, 0.010270576924085617, -0.05511097609996796]",[0.0],"[-0.2279222458600998, 0.00045048227184452116, -0.7713348865509033, 0.5942168235778809]",[0.44],"[-5.254340171813965, -2.1327972412109375, -9.709184703826905]","[658.5875244140625, 658.3365478515625, 669.7803955078125, 669.857421875]"
7.2400720119476,"[51.30832290649414, -50.981666564941406, -26.591537475585938]","[51.30832290649414, -50.981666564941406, -26.591537475585938]","[7.353943347930908, -16.908912658691406, -1.935745120048523]","[7.353943347930908, -16.908912658691406, -1.935745120048523]","[-0.22785399854183197, 0.00043863322935067117, -0.7719240784645081, 0.5934776663780212]","[[-0.19173395062477971, 0.9160395127458398, 0.3522926137484158], [-0.9164392900866434, -0.2955684551295623, 0.2697753355563141], [0.3512513376470122, -0.27112970176171586, 0.8961647258987779]]","[-0.00872573722153902, 0.011540516279637814, -0.05181586369872093]",[0.0],"[-0.22785399854183197, 0.00043863322935067117, -0.7719240784645081, 0.5934776663780212]",[0.44],"[-5.738091468811035, -2.3032188415527344, -9.633147058486939]","[669.7594604492188, 669.5316772460938, 647.275634765625, 647.3589477539062]"
7.2711312770844,"[51.52750778198242, -51.489471435546875, -26.649255752563477]","[51.52750778198242, -51.489471435546875, -26.649255752563477]","[7.25948429107666, -16.942996978759766, -1.908089518547058]","[7.25948429107666, -16.942996978759766, -1.908089518547058]","[-0.22780276834964752, 0.0005288806860335171, -0.7723038792610168, 0.5930028557777405]","[[-0.19290712327279058, 0.9157158508912103, 0.3524931789200303], [-0.9161977728288307, -0.2966947663787569, 0.2693584711598523], [0.351238667891296, -0.2709922975818119, 0.8962112380349135]]","[-0.01062086783349514, 0.012257409282028675, -0.02038203924894333]",[0.0],"[-0.22780276834964752, 0.0005288806860335171, -0.7723038792610168, 0.5930028557777405]",[0.44],"[-4.722952842712402, -1.7042160034179688, -8.427219924926758]","[669.8573608398438, 669.8050537109375, 612.8253173828125, 612.8778686523438]"
7.3016164302826,"[51.743988037109375, -51.998191833496094, -26.705827713012695]","[51.743988037109375, -51.998191833496094, -26.705827713012695]","[7.174345970153809, -16.96969985961914, -1.8573203086853027]","[7.174345970153809, -16.96969985961914, -1.8573203086853027]","[-0.22775869071483612, 0.0007715032552368939, -0.7723068594932556, 0.5930156707763672]","[[-0.19291696087521615, 0.9156287075125751, 0.3527142253373625], [-0.9163315737977551, -0.2966638128329433, 0.26893727098652975], [0.3508841712557207, -0.271320620011093, 0.8962507671731815]]","[-0.009974927641451359, 0.011155431158840656, 0.03524528443813324]",[0.0],"[-0.22775869071483612, 0.0007715032552368939, -0.7723068594932556, 0.5930156707763672]",[0.44],"[-4.256916046142578, -1.33514404296875, -7.271539506912232]","[669.6168212890625, 669.8572387695312, 549.7351684570312, 549.7720336914062]"
7.3326086997986,"[51.95814895629883, -52.507537841796875, -26.760276794433594]","[51.95814895629883, -52.507537841796875, -26.760276794433594]","[7.105228424072266, -16.9838924407959, -1.76638662815094]","[7.105228424072266, -16.9838924407959, -1.76638662815094]","[-0.22772032022476196, 0.0012306405697017908, -0.7716159820556641, 0.5939282774925232]","[[-0.19078547647987731, 0.9160086184868164, 0.35288710151607083], [-0.9171295859452726, -0.29449553601399003, 0.26859991121878135], [0.34996345258096917, -0.2723982389457733, 0.8962838825610402]]","[-0.005892359651625156, 0.007466582581400871, 0.13424848020076752]",[0.0],"[-0.22772032022476196, 0.0012306405697017908, -0.7716159820556641, 0.5939282774925232]",[0.44],"[-3.4558773040771484, -0.7096290588378906, -5.263315973281861]","[669.12060546875, 669.857421875, 460.1311950683594, 460.1305847167969]"
7.3636124134064,"[52.19159698486328, -53.06809616088867, -26.81635093688965]","[52.19159698486328, -53.06809616088867, -26.81635093688965]","[7.044419288635254, -16.987533569335938, -1.6282843351364136]","[7.044419288635254, -16.987533569335938, -1.6282843351364136]","[-0.22764748334884644, 0.0020855197217315435, -0.7695922255516052, 0.5965737104415894]","[[-0.18455308604396503, 0.9172874524163902, 0.35287979918050644], [-0.9191865056808964, -0.28819114060907225, 0.26840700810006424], [0.34790313422613645, -0.27482700715638075, 0.896344547864854]]","[0.0054138037376105785, 0.0076791467145085335, 0.2872164249420166]",[0.0],"[-0.22764748334884644, 0.0020855197217315435, -0.7695922255516052, 0.5965737104415894]",[0.44],"[-3.040456771850586, -0.18205642700195312, -2.904885349273682]","[669.135986328125, 669.8555908203125, 389.1982727050781, 387.6251525878906]"
7.3946073055267,"[52.402183532714844, -53.57771682739258, -26.863115310668945]","[52.402183532714844, -53.57771682739258, -26.863115310668945]","[6.99486780166626, -16.986051559448242, -1.4886651039123535]","[6.99486780166626, -16.986051559448242, -1.4886651039123535]","[-0.22747230529785156, 0.0032019808422774076, -0.7663200497627258, 0.6008325219154358]","[[-0.17451334269932173, 0.9194032922591768, 0.35248088508016406], [-0.9223167401140264, -0.27798013669173116, 0.26843803347926554], [0.3447854681818022, -0.27825300195283886, 0.8964921952823334]]","[0.02364661730825901, -0.0059855165891349316, 0.4453754127025604]",[0.0],"[-0.22747230529785156, 0.0032019808422774076, -0.7663200497627258, 0.6008325219154358]",[0.44],"[-2.477574348449707, 0.07410049438476562, -2.8290384387969976]","[666.8355102539062, 669.857421875, 369.3146057128906, 370.0547180175781]"
7.425724029541,"[52.61126708984375, -54.08728790283203, -26.905729293823242]","[52.61126708984375, -54.08728790283203, -26.905729293823242]","[6.944056987762451, -16.98505401611328, -1.352595329284668]","[6.944056987762451, -16.98505401611328, -1.352595329284668]","[-0.22731830179691315, 0.004418853670358658, -0.7615090012550354, 0.6069687008857727]","[[-0.15983097052040307, 0.9224152857847122, 0.35157407768011995], [-0.9264332310336522, -0.263139138648548, 0.26922019496805083], [0.34084565419331225, -0.2826801823488787, 0.896613726800815]]","[0.04941587522625923, -0.02817424386739731, 0.6042384505271912]",[0.0],"[-0.22731830179691315, 0.004418853670358658, -0.7615090012550354, 0.6069687008857727]",[0.44],"[-2.5405406951904297, 0.049877166748046875, -3.006511268615723]","[666.8798828125, 669.857421875, 366.1418762207031, 365.8554382324219]"
7.4567229747772,"[52.839481353759766, -54.64781188964844, -26.947965621948242]","[52.839481353759766, -54.64781188964844, -26.947965621948242]","[6.88584566116333, -16.985187530517578, -1.2090791463851929]","[6.88584566116333, -16.985187530517578, -1.2090791463851929]","[-0.22682763636112213, 0.00599730433896184, -0.7544637322425842, 0.6158716082572937]","[[-0.13850298185748788, 0.9265848755605911, 0.34965358914644157], [-0.9320262930315711, -0.24133259977316657, 0.27034390517591417], [0.3348793112726621, -0.28844289963578534, 0.8970265114469849]]","[0.08354861289262772, 0.0030241720378398895, 0.778503954410553]",[0.0],"[-0.22682763636112213, 0.00599730433896184, -0.7544637322425842, 0.6158716082572937]",[0.44],"[-2.9105663299560547, -0.00667572021484375, -2.6341908550262456]","[669.8432006835938, 669.1045532226562, 384.4335021972656, 376.6068420410156]"
7.4887239933014,"[53.04521179199219, -55.157413482666016, -26.982421875]","[53.04521179199219, -55.157413482666016, -26.982421875]","[6.82869291305542, -16.987926483154297, -1.0896583795547485]","[6.82869291305542, -16.987926483154297, -1.0896583795547485]","[-0.22581559419631958, 0.007755142170935869, -0.7465148568153381, 0.6258296370506287]","[[-0.11468914735223246, 0.9308797797124766, 0.34685618755649766], [-0.9378847078621038, -0.21655422805652336, 0.2710655250178719], [0.3274425963160464, -0.294222840407147, 0.8978943503753434]]","[0.11787094920873642, -0.0186922550201416, 0.9283026456832886]",[0.0],"[-0.22581559419631958, 0.007755142170935869, -0.7465148568153381, 0.6258296370506287]",[0.44],"[-2.857637405395508, -0.1369476318359375, -3.8389616584777837]","[664.286865234375, 669.85693359375, 403.409912109375, 405.9549560546875]"
7.5193493366241,"[53.26946258544922, -55.71812057495117, -27.016380310058594]","[53.26946258544922, -55.71812057495117, -27.016380310058594]","[6.761119842529297, -16.99393653869629, -0.9704691171646118]","[6.761119842529297, -16.99393653869629, -0.9704691171646118]","[-0.2247951179742813, 0.009327268227934837, -0.7358649969100952, 0.6386571526527405]","[[-0.0831685832201805, 0.9357374386034853, 0.3427515707240605], [-0.944124336050191, -0.18406027748513099, 0.27340679953992497], [0.31892386445013554, -0.30086124036284057, 0.8987603140046663]]","[0.15851503610610962, -0.07382650673389435, 1.082593321800232]",[0.0],"[-0.2247951179742813, 0.009327268227934837, -0.7358649969100952, 0.6386571526527405]",[0.44],"[-3.3786535263061523, -0.3005027770996094, -3.8505368804931646]","[664.0549926757812, 669.857421875, 419.73565673828125, 422.47796630859375]"
7.5493423938751,"[53.47132873535156, -56.22806930541992, -27.043994903564453]","[53.47132873535156, -56.22806930541992, -27.043994903564453]","[6.69566011428833, -17.00229835510254, -0.872244656085968]","[6.69566011428833, -17.00229835510254, -0.872244656085968]","[-0.2239823192358017, 0.01030080858618021, -0.7244393229484558, 0.6518539190292358]","[[-0.04983687858309227, 0.9398428255314009, 0.3379524442913613], [-0.9490716215199477, -0.14996082392853127, 0.2770828835782414], [0.311093954507075, -0.30693212677021753, 0.8994516280244446]]","[0.19631154835224152, -0.11779609322547913, 1.214121699333191]",[0.0],"[-0.2239823192358017, 0.01030080858618021, -0.7244393229484558, 0.6518539190292358]",[0.44],"[-3.27298641204834, -0.4180908203125, -4.898776946067811]","[665.3142700195312, 669.857421875, 441.3450622558594, 442.3878479003906]"
7.5813517570496,"[53.671173095703125, -56.738311767578125, -27.068801879882812]","[53.671173095703125, -56.738311767578125, -27.068801879882812]","[6.626463890075684, -17.013769149780273, -0.7831180691719055]","[6.626463890075684, -17.013769149780273, -0.7831180691719055]","[-0.2230202704668045, 0.011012258008122444, -0.7114261984825134, 0.6663433313369751]","[[-0.012497011427436089, 0.9431962926756328, 0.33200081577883056], [-0.9530201197133195, -0.11173055385273445, 0.2815473222541931], [0.3026490370321322, -0.31288495765990176, 0.9002813782689518]]","[0.23305027186870575, -0.13425637781620026, 1.3374712467193604]",[0.0],"[-0.2230202704668045, 0.011012258008122444, -0.7114261984825134, 0.6663433313369751]",[0.44],"[-3.459811210632324, -0.5735397338867188, -5.3536706542968755]","[665.5590209960938, 669.857421875, 464.51971435546875, 465.7296447753906]"
7.6123428344727,"[53.88847351074219, -57.30009841918945, -27.093347549438477]","[53.88847351074219, -57.30009841918945, -27.093347549438477]","[6.5404438972473145, -17.03531265258789, -0.7107199430465698]","[6.5404438972473145, -17.03531265258789, -0.7107199430465698]","[-0.22186097502708435, 0.011359155178070068, -0.6953456401824951, 0.6834786534309387]","[[0.03273082054567311, 0.9454674971554304, 0.32406760359388187], [-0.9555481101285928, -0.06545570312154503, 0.2874774028623186], [0.29301264325300025, -0.31907155897922834, 0.901297354707344]]","[0.2719644606113434, -0.20017993450164795, 1.4430060386657715]",[0.0],"[-0.22186097502708435, 0.011359155178070068, -0.6953456401824951, 0.6834786534309387]",[0.44],"[-4.300999641418457, -1.0771751403808594, -6.190093693733216]","[664.7470092773438, 669.857421875, 537.0835571289062, 539.636474609375]"
7.6433429718018,"[54.08335494995117, -57.81161880493164, -27.114126205444336]","[54.08335494995117, -57.81161880493164, -27.114126205444336]","[6.448270320892334, -17.068941116333008, -0.6836647391319275]","[6.448270320892334, -17.068941116333008, -0.6836647391319275]","[-0.22073310613632202, 0.011157140135765076, -0.6794072389602661, 0.6996843814849854]","[[0.07656264374475752, 0.9458157671411396, 0.315548293764472], [-0.9556667679322022, -0.020634600992401886, 0.29372653013183836], [0.28432238698433565, -0.32404749722917003, 0.9023048281588042]]","[0.30374985933303833, -0.19994059205055237, 1.4980322122573853]",[0.0],"[-0.22073310613632202, 0.011157140135765076, -0.6794072389602661, 0.6996843814849854]",[0.44],"[-4.608678817749023, -1.6814231872558594, -8.457239804267884]","[668.726806640625, 669.8010864257812, 621.532470703125, 620.1992797851562]"
7.6743535995483,"[54.27534484863281, -58.324302673339844, -27.134471893310547]","[54.27534484863281, -58.324302673339844, -27.134471893310547]","[6.354896545410156, -17.10633659362793, -0.6620007157325745]","[6.354896545410156, -17.10633659362793, -0.6620007157325745]","[-0.21877720952033997, 0.011156853288412094, -0.6630908846855164, 0.7157671451568604]","[[0.12037200654336022, 0.9443556085628446, 0.3061097648741029], [-0.9541190694807111, 0.024894022482945033, 0.2983910619328767], [0.2741669287653803, -0.32798309280215543, 0.9040241144383883]]","[0.3336448669433594, -0.07424835860729218, 1.4691494703292847]",[0.0],"[-0.21877720952033997, 0.011156853288412094, -0.6630908846855164, 0.7157671451568604]",[0.44],"[-4.668688774108887, -1.8697738647460938, -8.72679883003235]","[556.1488037109375, 543.8223876953125, 669.7478637695312, 650.060791015625]"
7.7053503990173,"[54.48402404785156, -58.888893127441406, -27.154022216796875]","[54.48402404785156, -58.888893127441406, -27.154022216796875]","[6.301177978515625, -17.102005004882812, -0.49769341945648193]","[6.301177978515625, -17.102005004882812, -0.49769341945648193]","[-0.20135362446308136, 0.011019198223948479, -0.647730827331543, 0.7346972823143005]","[[0.1606467051897924, 0.9473346460212178, 0.277037449496188], [-0.9562096680254946, 0.07980298647995054, 0.28159297259006344], [0.24465434954251797, -0.3101428701185771, 0.9186705903721635]]","[2.093600034713745, 1.4035993814468384, 1.4049533605575562]",[0.0],"[-0.20135362446308136, 0.011019198223948479, -0.647730827331543, 0.7346972823143005]",[0.44],"[-2.6859283447265625, 0.21657943725585938, -1.594635186195374]","[467.7485656738281, 452.9693603515625, 669.8572998046875, 440.50762939453125]"
7.7363450527191,"[54.67210006713867, -59.40215301513672, -27.16782569885254]","[54.67210006713867, -59.40215301513672, -27.16782569885254]","[6.236238479614258, -17.114789962768555, -0.4338720142841339]","[6.236238479614258, -17.114789962768555, -0.4338720142841339]","[-0.16029661893844604, 0.011833718046545982, -0.6373318433761597, 0.7536398768424988]","[[0.18733616907188222, 0.956843573914959, 0.22216100289238683], [-0.9644311938842878, 0.1362262307512978, 0.2265278376368811], [0.18648755564763575, -0.2566958589832766, 0.9483299141481949]]","[1.8750611543655396, 1.5219149589538574, 1.3298226594924927]",[0.0],"[-0.16029661893844604, 0.011833718046545982, -0.6373318433761597, 0.7536398768424988]",[0.44],"[-3.2469749450683594, -0.6392478942871094, -6.618929741382599]","[513.9352416992188, 497.44647216796875, 557.187255859375, 667.2092895507812]"
7.7683498859406,"[54.8767204284668, -59.967166900634766, -27.181873321533203]","[54.8767204284668, -59.967166900634766, -27.181873321533203]","[6.163249969482422, -17.128509521484375, -0.4358670115470886]","[6.163249969482422, -17.128509521484375, -0.4358670115470886]","[-0.1290183961391449, 0.013907243497669697, -0.6241875886917114, 0.7704224586486816]","[[0.2203928854030468, 0.9581876929741489, 0.1824922686229309], [-0.9653648539772925, 0.18748821516181913, 0.1814358823605413], [0.13963445770892857, -0.21615879749717704, 0.9663216840719584]]","[1.3564655780792236, 0.9005606174468994, 1.254459023475647]",[0.0],"[-0.1290183961391449, 0.013907243497669697, -0.6241875886917114, 0.7704224586486816]",[0.44],"[-3.649425506591797, -0.6859779357910156, -9.909749863147736]","[532.0416259765625, 566.244140625, 637.997314453125, 669.8538818359375]"
7.7993452548981,"[55.060630798339844, -60.481201171875, -27.19570541381836]","[55.060630798339844, -60.481201171875, -27.19570541381836]","[6.0991435050964355, -17.13835906982422, -0.48868492245674133]","[6.0991435050964355, -17.13835906982422, -0.48868492245674133]","[-0.10583200305700302, 0.013304991647601128, -0.6116974353790283, 0.7838677763938904]","[[0.2512984494959535, 0.9561636291593641, 0.15033303813747723], [-0.9617960048262534, 0.22925166935932395, 0.14963933527805473], [0.1086156212664997, -0.18219385235236274, 0.9772451286523995]]","[1.217099905014038, 0.7427128553390503, 1.1820902824401855]",[0.0],"[-0.10583200305700302, 0.013304991647601128, -0.6116974353790283, 0.7838677763938904]",[0.44],"[-3.2053232192993164, -0.4924774169921875, -12.450895545482636]","[549.2612915039062, 546.54638671875, 640.9708251953125, 669.857421875]"
7.8293430805206,"[55.242759704589844, -60.99541091918945, -27.21133804321289]","[55.242759704589844, -60.99541091918945, -27.21133804321289]","[6.043986797332764, -17.14008140563965, -0.5574060678482056]","[6.043986797332764, -17.14008140563965, -0.5574060678482056]","[-0.08695798367261887, 0.01284871343523264, -0.5992341637611389, 0.7957334518432617]","[[0.28150665508909567, 0.9514267427578926, 0.1246646914439582], [-0.9558959356103531, 0.2667134521141622, 0.12299197692474972], [0.08376808706970795, -0.1537895291278223, 0.9845464392773037]]","[0.9696049690246582, 0.5495731234550476, 1.1164439916610718]",[0.0],"[-0.08695798367261887, 0.01284871343523264, -0.5992341637611389, 0.7957334518432617]",[0.44],"[-2.7578353881835938, -0.08611679077148438, -13.246057269573212]","[554.8837280273438, 563.3936157226562, 647.506103515625, 669.857421875]"
7.8613424301147,"[55.44131851196289, -61.56098556518555, -27.231321334838867]","[55.44131851196289, -61.56098556518555, -27.231321334838867]","[5.991317272186279, -17.13520050048828, -0.6569882035255432]","[5.991317272186279, -17.13520050048828, -0.6569882035255432]","[-0.07034604251384735, 0.011669332161545753, -0.5857076048851013, 0.8073796629905701]","[[0.31362085653332306, 0.9441350346136055, 0.10124758708368975], [-0.9474185999589828, 0.30399607176479604, 0.09992229501320549], [0.06356126121203443, -0.12726156137699607, 0.9898305219790869]]","[0.8139345049858093, 0.39827439188957214, 1.0491154193878174]",[0.0],"[-0.07034604251384735, 0.011669332161545753, -0.5857076048851013, 0.8073796629905701]",[0.44],"[-2.6334762573242188, 0.24404525756835938, -14.789106783866883]","[571.101806640625, 571.210693359375, 652.3665771484375, 669.857421875]"
7.8919262886047,"[55.620445251464844, -62.07490921020508, -27.252552032470703]","[55.620445251464844, -62.07490921020508, -27.252552032470703]","[5.951121807098389, -17.12482261657715, -0.7593234181404114]","[5.951121807098389, -17.12482261657715, -0.7593234181404114]","[-0.058179374784231186, 0.010476128198206425, -0.5737365484237671, 0.816903829574585]","[[0.34143324748151416, 0.9361561779710971, 0.08387524584477335], [-0.9385941563260215, 0.3348830667049967, 0.08303283286041929], [0.04964328886785685, -0.1070749833935547, 0.9930108221753814]]","[0.6676274538040161, 0.2992693781852722, 0.9912340641021729]",[0.0],"[-0.058179374784231186, 0.010476128198206425, -0.5737365484237671, 0.816903829574585]",[0.44],"[-2.0097732543945312, 0.5188941955566406, -14.926760730743409]","[572.0046997070312, 573.2461547851562, 655.516357421875, 669.857421875]"
7.9236357212067,"[55.798458099365234, -62.58844757080078, -27.276988983154297]","[55.798458099365234, -62.58844757080078, -27.276988983154297]","[5.917367458343506, -17.109819412231445, -0.8714694976806641]","[5.917367458343506, -17.109819412231445, -0.8714694976806641]","[-0.04830171912908554, 0.009202303364872932, -0.5621649026870728, 0.8255622386932373]","[[0.36777187959922975, 0.9273152570092699, 0.069501210801719], [-0.9290932052991528, 0.3632751322320179, 0.06940572680265822], [0.03911291413356377, -0.09009857470510108, 0.9951645230839116]]","[0.5584205389022827, 0.2204841524362564, 0.9364274144172668]",[0.0],"[-0.04830171912908554, 0.009202303364872932, -0.5621649026870728, 0.8255622386932373]",[0.44],"[-1.6877174377441406, 0.7501602172851562, -15.417303977012635]","[583.064208984375, 582.8900756835938, 658.6134643554688, 669.857421875]"
7.9546453952789,"[55.99321365356445, -63.15275192260742, -27.30792808532715]","[55.99321365356445, -63.15275192260742, -27.30792808532715]","[5.886788368225098, -17.089046478271484, -1.0053133964538574]","[5.886788368225098, -17.089046478271484, -1.0053133964538574]","[-0.03956253454089165, 0.007810359820723534, -0.5499299168586731, 0.8342368006706238]","[[0.3950321696465674, 0.9169255536061148, 0.05654462183943543], [-0.9181615441268515, 0.39202378480902733, 0.05741874342993536], [0.030481863483728278, -0.07459934553732261, 0.9967476082803431]]","[0.4520467519760132, 0.15794022381305695, 0.8816804885864258]",[0.0],"[-0.03956253454089165, 0.007810359820723534, -0.5499299168586731, 0.8342368006706238]",[0.44],"[-1.5289545059204102, 1.0386466979980469, -16.50219493865967]","[592.8448486328125, 592.3159790039062, 661.14501953125, 669.857421875]"
7.9856016635895,"[56.169471740722656, -63.66511154174805, -27.340015411376953]","[56.169471740722656, -63.66511154174805, -27.340015411376953]","[5.864253044128418, -17.06700325012207, -1.1347754001617432]","[5.864253044128418, -17.06700325012207, -1.1347754001617432]","[-0.033178143203258514, 0.006609854754060507, -0.5392554998397827, 0.8414624333381653]","[[0.41831963142535267, 0.9070878847571784, 0.04690688132438531], [-0.9079650955875103, 0.41620543341226035, 0.04870752116837351], [0.02465910346293093, -0.06296512328545056, 0.9977110412674286]]","[0.3751765489578247, 0.11517959833145142, 0.8364920616149902]",[0.0],"[-0.033178143203258514, 0.006609854754060507, -0.5392554998397827, 0.8414624333381653]",[0.44],"[-1.1267662048339844, 1.1021614074707031, -16.28310018539429]","[599.3141479492188, 598.53466796875, 662.5613403320312, 669.857421875]"
8.0173532962799,"[56.3626594543457, -64.22789764404297, -27.379878997802734]","[56.3626594543457, -64.22789764404297, -27.379878997802734]","[5.844674110412598, -17.039831161499023, -1.2811335325241089]","[5.844674110412598, -17.039831161499023, -1.2811335325241089]","[-0.027524206787347794, 0.005388179793953896, -0.5280030965805054, 0.8487792611122131]","[[0.44236739503981104, 0.8960195456114113, 0.038212483357787486], [-0.8966127671108362, 0.4409102960842497, 0.04103400056704931], [0.01991898230077971, -0.052413903031609976, 0.9984267711184707]]","[0.3043105900287628, 0.08080070465803146, 0.7888599038124084]",[0.0],"[-0.027524206787347794, 0.005388179793953896, -0.5280030965805054, 0.8487792611122131]",[0.44],"[-0.9789466857910156, 1.3586044311523438, -17.12790661811829]","[599.324462890625, 598.3380126953125, 664.3168334960938, 669.857421875]"
8.0488979816437,"[56.537784576416016, -64.73871612548828, -27.420320510864258]","[56.537784576416016, -64.73871612548828, -27.420320510864258]","[5.831043243408203, -17.01296615600586, -1.4157031774520874]","[5.831043243408203, -17.01296615600586, -1.4157031774520874]","[-0.023385919630527496, 0.004381170496344566, -0.5182461738586426, 0.8549004793167114]","[[0.4628034172519191, 0.8858928894693803, 0.0317302562559596], [-0.8863027202738409, 0.46174800408782424, 0.03544421810929421], [0.016748397226786782, -0.04452631749630598, 0.9988678082162329]]","[0.25176554918289185, 0.05757029727101326, 0.7462424039840698]",[0.0],"[-0.023385919630527496, 0.004381170496344566, -0.5182461738586426, 0.8549004793167114]",[0.44],"[-0.6815433502197266, 1.3432502746582031, -16.538482246398928]","[605.9758911132812, 604.93701171875, 665.4475708007812, 669.857421875]"
8.0798330307007,"[56.71255874633789, -65.24868774414062, -27.464859008789062]","[56.71255874633789, -65.24868774414062, -27.464859008789062]","[5.820780277252197, -16.984556198120117, -1.5533578395843506]","[5.820780277252197, -16.984556198120117, -1.5533578395843506]","[-0.02002236247062683, 0.00347527046687901, -0.5089293718338013, 0.8605684041976929]","[[0.48195763396006897, 0.8757979084867547, 0.026361352629284462], [-0.8760762409866398, 0.48117999897189456, 0.030923890607907623], [0.014398520789934699, -0.037998559470552806, 0.9991740549925537]]","[0.20799319446086884, 0.040296975523233414, 0.70643150806427]",[0.0],"[-0.02002236247062683, 0.00347527046687901, -0.5089293718338013, 0.8605684041976929]",[0.44],"[-0.513148307800293, 1.4204978942871094, -16.69273310661316]","[600.0233764648438, 599.0308837890625, 666.5125122070312, 669.857421875]"
8.1116905212402,"[56.904510498046875, -65.80865478515625, -27.518434524536133]","[56.904510498046875, -65.80865478515625, -27.518434524536133]","[5.813299655914307, -16.951385498046875, -1.690211534500122]","[5.813299655914307, -16.951385498046875, -1.690211534500122]","[-0.017032243311405182, 0.0025907300878316164, -0.49926960468292236, 0.8662753701210022]","[[0.5014462999147409, 0.8649216712833098, 0.021495934101337127], [-0.8650981750641503, 0.500879529055079, 0.02692228018357329], [0.012518791438457327, -0.032096171330740664, 0.9994063816107862]]","[0.16947782039642334, 0.02685995027422905, 0.6493867635726929]",[0.0],"[-0.017032243311405182, 0.0025907300878316164, -0.49926960468292236, 0.8662753701210022]",[0.44],"[-0.37403106689453125, 1.6585350036621094, -16.652684745788576]","[582.2685546875, 570.1036987304688, 658.878662109375, 669.857421875]"
8.1436901092529,"[57.096275329589844, -66.36749267578125, -27.576236724853516]","[57.096275329589844, -66.36749267578125, -27.576236724853516]","[5.808739185333252, -16.916900634765625, -1.8140710592269897]","[5.808739185333252, -16.916900634765625, -1.8140710592269897]","[-0.01636652834713459, 0.0029333746060729027, -0.4904036819934845, 0.871336817741394]","[[0.5189912480013075, 0.8545175490364446, 0.02116432611476904], [-0.8547095856710168, 0.5184727308741915, 0.025644442039964466], [0.010940496936773125, -0.03139859286990182, 0.9994470641265658]]","[-0.0929119661450386, 0.02871422842144966, 0.5893803238868713]",[0.0],"[-0.01636652834713459, 0.0029333746060729027, -0.4904036819934845, 0.871336817741394]",[0.44],"[-0.22802352905273438, 1.7242431640625, -16.002976236343386]","[586.6430053710938, 575.9019775390625, 660.0474243164062, 669.857421875]"
8.1747024059296,"[57.27047348022461, -66.87454986572266, -27.632476806640625]","[57.27047348022461, -66.87454986572266, -27.632476806640625]","[5.804532527923584, -16.88612174987793, -1.9338047504425049]","[5.804532527923584, -16.88612174987793, -1.9338047504425049]","[-0.017405377700924873, 0.004012046381831169, -0.48301902413368225, 0.8754277229309082]","[[0.5333530516175506, 0.8455568264940589, 0.02383877036023707], [-0.8458361512245764, 0.5327793503040669, 0.026598510878683812], [0.009789743846878474, -0.03435008979120846, 0.9993619126218364]]","[-0.14530444145202637, 0.006139681674540043, 0.5389759540557861]",[0.0],"[-0.017405377700924873, 0.004012046381831169, -0.48301902413368225, 0.8754277229309082]",[0.44],"[-0.21033287048339844, 1.5389442443847656, -15.796684560775757]","[592.6254272460938, 586.197021484375, 659.0615234375, 669.6798095703125]"
8.2046957015991,"[57.44454574584961, -67.38068389892578, -27.691911697387695]","[57.44454574584961, -67.38068389892578, -27.691911697387695]","[5.7992939949035645, -16.856273651123047, -2.0289433002471924]","[5.7992939949035645, -16.856273651123047, -2.0289433002471924]","[-0.024779686704277992, 0.008427361957728863, -0.4761655628681183, 0.8789660930633545]","[[0.546390672617843, 0.8366491141128939, 0.038413197764107676], [-0.8374844236691182, 0.5453046477306518, 0.03553536971939569], [0.008783736104844952, -0.05158664791977702, 0.9986298933945426]]","[-0.9998910427093506, 0.03308319300413132, 0.49583306908607483]",[0.0],"[-0.024779686704277992, 0.008427361957728863, -0.4761655628681183, 0.8789660930633545]",[0.44],"[-0.26192665100097656, 1.4924049377441406, -14.566927490234375]","[609.1932373046875, 572.5240478515625, 645.4493408203125, 669.8572387695312]"
8.2365386486053,"[57.63570022583008, -67.93651580810547, -27.760908126831055]","[57.63570022583008, -67.93651580810547, -27.760908126831055]","[5.782935619354248, -16.83087921142578, -2.1524243354797363]","[5.782935619354248, -16.83087921142578, -2.1524243354797363]","[-0.04094340279698372, 0.018246933817863464, -0.4690673053264618, 0.8820241689682007]","[[0.5592858249600368, 0.8259632172192221, 0.0705988965155917], [-0.8289515834636808, 0.5565990016823517, 0.05510806150064873], [0.006221949967916585, -0.08934422180631074, 0.9959813743473009]]","[-1.1550796031951904, 0.04850945249199867, 0.4506564438343048]",[0.0],"[-0.04094340279698372, 0.018246933817863464, -0.4690673053264618, 0.8820241689682007]",[0.44],"[-0.8179187774658203, 1.2697219848632812, -15.984051761627198]","[592.2929077148438, 610.5244140625, 669.6438598632812, 651.965087890625]"
8.2665386199951,"[57.80882263183594, -68.44120025634766, -27.827037811279297]","[57.80882263183594, -68.44120025634766, -27.827037811279297]","[5.756553649902344, -16.815393447875977, -2.2566745281219482]","[5.756553649902344, -16.815393447875977, -2.2566745281219482]","[-0.054001107811927795, 0.026233091950416565, -0.4630357623100281, 0.8843039870262146]","[[0.5698194154173843, 0.8160955094396516, 0.09640494385012133], [-0.8217619735462702, 0.5653635263541115, 0.07121307042582004], [0.0036128326350066686, -0.11980050934186082, 0.9927914104836111]]","[-0.9303182363510132, 0.03202551603317261, 0.41351231932640076]",[0.0],"[-0.054001107811927795, 0.026233091950416565, -0.4630357623100281, 0.8843039870262146]",[0.44],"[-1.3190984725952148, 0.7742881774902344, -15.022509632110596]","[610.1666259765625, 615.5079956054688, 669.855712890625, 666.3860473632812]"
8.2985377311707,"[57.98101043701172, -68.94552612304688, -27.89629364013672]","[57.98101043701172, -68.94552612304688, -27.89629364013672]","[5.721029758453369, -16.80626106262207, -2.3574705123901367]","[5.721029758453369, -16.80626106262207, -2.3574705123901367]","[-0.06567385047674179, 0.033145442605018616, -0.45739325881004333, 0.8862165808677673]","[[0.5793855728592923, 0.80634540218595, 0.11882563460985773], [-0.8150525575524596, 0.5729567043173746, 0.08608150642821677], [0.0013294713427840499, -0.14672351445945964, 0.989176649996152]]","[-0.850540280342102, 0.01683550514280796, 0.3794155716896057]",[0.0],"[-0.06567385047674179, 0.033145442605018616, -0.45739325881004333, 0.8862165808677673]",[0.44],"[-1.7761945724487305, 0.4566192626953125, -14.849799213409424]","[610.04541015625, 621.4395751953125, 669.8555908203125, 659.5537109375]"
8.3286776542664,"[58.15202713012695, -69.44964599609375, -27.968358993530273]","[58.15202713012695, -69.44964599609375, -27.968358993530273]","[5.67875862121582, -16.802169799804688, -2.446181535720825]","[5.67875862121582, -16.802169799804688, -2.446181535720825]","[-0.07545746117830276, 0.03863319754600525, -0.4521457254886627, 0.8879064917564392]","[[0.5881434379394044, 0.7970959237545743, 0.1368408708528066], [-0.8087565757706598, 0.5797408289497116, 0.0990626689985783], [-0.00036979674082138203, -0.16893400952811977, 0.9856272951997925]]","[-0.6594884991645813, -0.031009554862976074, 0.34877458214759827]",[0.0],"[-0.07545746117830276, 0.03863319754600525, -0.4521457254886627, 0.8879064917564392]",[0.44],"[-2.1135568618774414, 0.20456314086914062, -14.245551166534424]","[618.3846435546875, 631.0278930664062, 669.3250122070312, 667.673095703125]"
8.3598239421844,"[58.33857727050781, -70.0041275024414, -28.050626754760742]","[58.33857727050781, -70.0041275024414, -28.050626754760742]","[5.626281261444092, -16.803077697753906, -2.5373077392578125]","[5.626281261444092, -16.803077697753906, -2.5373077392578125]","[-0.08465538918972015, 0.04242287576198578, -0.44675207138061523, 0.8896327018737793]","[[0.5972257726584256, 0.7877078545437324, 0.1511214961188614], [-0.8020731547764446, 0.5864921035965334, 0.11271938998487485], [0.00015838577729709868, -0.18852942046723342, 0.9820675293864403]]","[-0.5671589970588684, -0.1243167296051979, 0.31816381216049194]",[0.0],"[-0.08465538918972015, 0.04242287576198578, -0.44675207138061523, 0.8896327018737793]",[0.44],"[-2.623867988586426, -0.0453948974609375, -14.366310176849366]","[623.1810302734375, 631.8423461914062, 665.880615234375, 669.255615234375]"
8.3918187618256,"[58.50663375854492, -70.50829315185547, -28.127769470214844]","[58.50663375854492, -70.50829315185547, -28.127769470214844]","[5.576428413391113, -16.807628631591797, -2.6035895347595215]","[5.576428413391113, -16.807628631591797, -2.6035895347595215]","[-0.09407682716846466, 0.04530173912644386, -0.44205591082572937, 0.8908894062042236]","[[0.6050686482723089, 0.7791221680447439, 0.16389211398385317], [-0.7961695435736612, 0.5914722445878993, 0.12757229428432226], [0.002456756102348301, -0.20767590049044116, 0.9781946060440689]]","[-0.7276160717010498, -0.13368409872055054, 0.29348063468933105]",[0.0],"[-0.09407682716846466, 0.04530173912644386, -0.44205591082572937, 0.8908894062042236]",[0.44],"[-2.492642402648926, -0.22754669189453125, -13.12408977508545]","[633.1322631835938, 628.3737182617188, 666.8889770507812, 665.3965454101562]"
8.4228503704071,"[58.68971252441406, -71.06310272216797, -28.214651107788086]","[58.68971252441406, -71.06310272216797, -28.214651107788086]","[5.518770694732666, -16.8173828125, -2.660200834274292]","[5.518770694732666, -16.8173828125, -2.660200834274292]","[-0.10371942818164825, 0.04848391190171242, -0.43725425004959106, 0.8920202851295471]","[[0.6129160622005534, 0.770021874369775, 0.17720078740780076], [-0.7901367688435951, 0.5961020020624832, 0.1426400747240275], [0.0042062557327553485, -0.22743926087624233, 0.9737831810087578]]","[-0.4882549047470093, -0.11581116914749146, 0.26935386657714844]",[0.0],"[-0.10371942818164825, 0.04848391190171242, -0.43725425004959106, 0.8920202851295471]",[0.44],"[-2.8828859329223633, -0.48770904541015625, -12.640564975738526]","[631.569580078125, 640.73095703125, 669.855224609375, 664.5189819335938]"
8.4538545608521,"[58.85445022583008, -71.56782531738281, -28.29519271850586]","[58.85445022583008, -71.56782531738281, -28.29519271850586]","[5.463485240936279, -16.830608367919922, -2.707113265991211]","[5.463485240936279, -16.830608367919922, -2.707113265991211]","[-0.11069110035896301, 0.050030793994665146, -0.43320879340171814, 0.8930702805519104]","[[0.6196541219433818, 0.7626958700434499, 0.18526674651173058], [-0.7848477245998582, 0.6001552432414989, 0.1543623043056399], [0.006542685595528841, -0.24105742390307516, 0.9704887999071707]]","[-0.45007288455963135, -0.19144736230373383, 0.24950608611106873]",[0.0],"[-0.11069110035896301, 0.050030793994665146, -0.43320879340171814, 0.8930702805519104]",[0.44],"[-2.764272689819336, -0.6612777709960938, -12.155621585845948]","[633.9718017578125, 647.326904296875, 666.4119873046875, 669.8502197265625]"
8.4848239421844,"[59.01752853393555, -72.07298278808594, -28.37696647644043]","[59.01752853393555, -72.07298278808594, -28.37696647644043]","[5.408745288848877, -16.846099853515625, -2.7392523288726807]","[5.408745288848877, -16.846099853515625, -2.7392523288726807]","[-0.11803463101387024, 0.05019013211131096, -0.42924588918685913, 0.8940340280532837]","[[0.6264578345096636, 0.7556725152214903, 0.1910751322487867], [-0.7793692101186742, 0.6036315849952043, 0.1679661374571757], [0.011588388328779509, -0.2541417690032781, 0.9670975530401373]]","[-0.5469767451286316, -0.26407915353775024, 0.23177503049373627]",[0.0],"[-0.11803463101387024, 0.05019013211131096, -0.42924588918685913, 0.8940340280532837]",[0.44],"[-2.736997604370117, -0.7745742797851562, -11.416953144073487]","[641.8298950195312, 621.6198120117188, 642.7163696289062, 669.8450317382812]"
8.5156650543213,"[59.19507598876953, -72.62921142578125, -28.467540740966797]","[59.19507598876953, -72.62921142578125, -28.467540740966797]","[5.350763320922852, -16.865299224853516, -2.7485339641571045]","[5.350763320922852, -16.865299224853516, -2.7485339641571045]","[-0.1314438283443451, 0.05192970111966133, -0.4247070252895355, 0.8942314386367798]","[[0.633854497622673, 0.7459210710077253, 0.20452457733801577], [-0.773224425887509, 0.6046929253197924, 0.19097258966716724], [0.018775891977164783, -0.27919222521399134, 0.96005165226361]]","[-0.9685753583908081, -0.3052516579627991, 0.2144021838903427]",[0.0],"[-0.1314438283443451, 0.05192970111966133, -0.4247070252895355, 0.8942314386367798]",[0.44],"[-2.8990983963012695, -0.9599685668945312, -10.274081764221192]","[647.20947265625, 635.9572143554688, 657.2030639648438, 669.857421875]"
8.5476725101471,"[59.354793548583984, -73.13550567626953, -28.549922943115234]","[59.354793548583984, -73.13550567626953, -28.549922943115234]","[5.297517776489258, -16.886856079101562, -2.736645221710205]","[5.297517776489258, -16.886856079101562, -2.736645221710205]","[-0.14494377374649048, 0.054119981825351715, -0.42063790559768677, 0.8939385414123535]","[[0.6402695598832303, 0.7363601627837708, 0.21869756606473345], [-0.7677375803872026, 0.6041101096530355, 0.21361181976747812], [0.025177815607861476, -0.3046714829914814, 0.9521246600386996]]","[-0.7411905527114868, -0.25659820437431335, 0.19777187705039978]",[0.0],"[-0.14494377374649048, 0.054119981825351715, -0.42063790559768677, 0.8939385414123535]",[0.44],"[-2.6622772216796875, -1.0778427124023438, -9.21556287765503]","[615.7244873046875, 627.094970703125, 669.8403930664062, 650.2040405273438]"
8.5796940326691,"[59.52873229980469, -73.6931381225586, -28.639371871948242]","[59.52873229980469, -73.6931381225586, -28.639371871948242]","[5.245868682861328, -16.906984329223633, -2.674773931503296]","[5.245868682861328, -16.906984329223633, -2.674773931503296]","[-0.15618360042572021, 0.05569121986627579, -0.41686221957206726, 0.8937175273895264]","[[0.6462487558465114, 0.7277180338144849, 0.22975852330083413], [-0.7625102547377463, 0.6036651457030171, 0.23273691133427343], [0.030669646036056264, -0.32559917343080036, 0.9450103419757302]]","[-0.6229479908943176, -0.21893711388111115, 0.14596223831176758]",[0.0],"[-0.15618360042572021, 0.05569121986627579, -0.41686221957206726, 0.8937175273895264]",[0.44],"[-2.5824546813964844, -1.0064125061035156, -6.7164354896545415]","[564.7828369140625, 567.8501586914062, 669.857421875, 663.9488525390625]"
8.6107046604156,"[59.68550491333008, -74.20056915283203, -28.718246459960938]","[59.68550491333008, -74.20056915283203, -28.718246459960938]","[5.205772399902344, -16.920490264892578, -2.5797436237335205]","[5.205772399902344, -16.920490264892578, -2.5797436237335205]","[-0.16495078802108765, 0.056721143424510956, -0.41439998149871826, 0.8932226300239563]","[[0.650110734444956, 0.7215904881016675, 0.23804042482349086], [-0.7590152773229883, 0.6021277857301683, 0.24766507183003306], [0.035381989193060015, -0.341686034972847, 0.9391478988396765]]","[-0.49794432520866394, -0.192482128739357, 0.0749458521604538]",[0.0],"[-0.16495078802108765, 0.056721143424510956, -0.41439998149871826, 0.8932226300239563]",[0.44],"[-2.0048141479492188, -0.6752967834472656, -5.058484611511231]","[539.7186279296875, 547.13427734375, 669.857421875, 660.5211181640625]"
8.6416738033295,"[59.856624603271484, -74.75918579101562, -28.801353454589844]","[59.856624603271484, -74.75918579101562, -28.801353454589844]","[5.164963722229004, -16.933719635009766, -2.454852819442749]","[5.164963722229004, -16.933719635009766, -2.454852819442749]","[-0.17271126806735992, 0.05713231489062309, -0.4130218029022217, 0.8923674821853638]","[[0.6522977778452741, 0.7173996635822638, 0.2446330786181532], [-0.7568692417917967, 0.5991676164199258, 0.2610500554604176], [0.040700998656686416, -0.355437622260828, 0.9338134329556065]]","[-0.40058642625808716, -0.1704462468624115, -0.014706888236105442]",[0.0],"[-0.17271126806735992, 0.05713231489062309, -0.4130218029022217, 0.8923674821853638]",[0.44],"[-2.040433883666992, -0.661468505859375, -3.5654597854614263]","[530.4635009765625, 532.8917846679688, 669.857421875, 663.7731323242188]"
8.67267370224,"[60.01104736328125, -75.26737976074219, -28.873144149780273]","[60.01104736328125, -75.26737976074219, -28.873144149780273]","[5.1300435066223145, -16.94472312927246, -2.3285024166107178]","[5.1300435066223145, -16.94472312927246, -2.3285024166107178]","[-0.17857666313648224, 0.05718321353197098, -0.41307947039604187, 0.8911823034286499]","[[0.6521908624549652, 0.7158350529333422, 0.2494540427727694], [-0.7566814027731834, 0.5949514530407298, 0.27104630086248394], [0.045611370961272435, -0.3655311471078053, 0.9296809109463927]]","[-0.32691851258277893, -0.13636928796768188, -0.10263437032699585]",[0.0],"[-0.17857666313648224, 0.05718321353197098, -0.41307947039604187, 0.8911823034286499]",[0.44],"[-1.7460107803344727, -0.5501747131347656, -3.492479858398438]","[504.7241516113281, 507.2635803222656, 669.857421875, 663.8297729492188]"
8.7036652565002,"[60.164466857910156, -75.77587127685547, -28.94092559814453]","[60.164466857910156, -75.77587127685547, -28.94092559814453]","[5.09733772277832, -16.954185485839844, -2.1905579566955566]","[5.09733772277832, -16.954185485839844, -2.1905579566955566]","[-0.1834152787923813, 0.0569656565785408, -0.41451770067214966, 0.8895442485809326]","[[0.6498599796000998, 0.7165669295699184, 0.25340470361847345], [-0.7583604167016949, 0.5890678226699744, 0.27908546673883006], [0.050710814914163294, -0.37353855866769425, 0.9262274989521776]]","[-0.26703763008117676, -0.11326640844345093, -0.20012687146663666]",[0.0],"[-0.1834152787923813, 0.0569656565785408, -0.41451770067214966, 0.8895442485809326]",[0.44],"[-1.635289192199707, -0.4731178283691406, -2.912777004241944]","[510.40277099609375, 513.4783935546875, 669.857421875, 666.2657470703125]"
8.7347071170807,"[60.332054138183594, -76.33557891845703, -29.010787963867188]","[60.332054138183594, -76.33557891845703, -29.010787963867188]","[5.058856964111328, -16.96800422668457, -2.0447559356689453]","[5.058856964111328, -16.96800422668457, -2.0447559356689453]","[-0.18787600100040436, 0.05632701888680458, -0.41765740513801575, 0.8871821761131287]","[[0.6447791177534099, 0.7199114210067606, 0.25688026051099344], [-0.762241401233669, 0.5805298003629509, 0.28630968571909654], [0.0569909517511511, -0.38041127190878776, 0.9230597503828433]]","[-0.21468105912208557, -0.09031243622303009, -0.30063438415527344]",[0.0],"[-0.18787600100040436, 0.05632701888680458, -0.41765740513801575, 0.8871821761131287]",[0.44],"[-1.9240379333496094, -0.6909370422363281, -2.519898948669434]","[521.4956665039062, 522.90673828125, 669.857421875, 665.8426513671875]"
8.7656965255737,"[60.48329544067383, -76.84484100341797, -29.07012176513672]","[60.48329544067383, -76.84484100341797, -29.07012176513672]","[5.023894786834717, -16.980974197387695, -1.9095900058746338]","[5.023894786834717, -16.980974197387695, -1.9095900058746338]","[-0.19162344932556152, 0.05477554723620415, -0.4217064082622528, 0.8845585584640503]","[[0.6383266893110491, 0.7250554665748279, 0.2585220313124852], [-0.7670405837752146, 0.5708883177982482, 0.29280592563549734], [0.06471331490314025, -0.3852027227778134, 0.9205601861870967]]","[-0.1839330494403839, -0.20889833569526672, -0.3918898403644562]",[0.0],"[-0.19162344932556152, 0.05477554723620415, -0.4217064082622528, 0.8845585584640503]",[0.44],"[-1.7481088638305664, -0.64849853515625, -3.0517035102844243]","[504.34197998046875, 520.076171875, 658.1676025390625, 669.840087890625]"
8.7977049350739,"[60.648460388183594, -77.40547943115234, -29.130645751953125]","[60.648460388183594, -77.40547943115234, -29.130645751953125]","[4.985361099243164, -16.996566772460938, -1.7597687244415283]","[4.985361099243164, -16.996566772460938, -1.7597687244415283]","[-0.1969376504421234, 0.05096670985221863, -0.4271113872528076, 0.8810186386108398]","[[0.6299565147316439, 0.7325116576871888, 0.25803386882223833], [-0.7726607140434343, 0.5575828494346364, 0.3034745570700892], [0.078423383508337, -0.39054840566485893, 0.9172359126503515]]","[-0.23175252974033356, -0.28625133633613586, -0.49189212918281555]",[0.0],"[-0.1969376504421234, 0.05096670985221863, -0.4271113872528076, 0.8810186386108398]",[0.44],"[-1.9266843795776367, -0.7796287536621094, -2.318935928344727]","[521.206298828125, 524.1767578125, 668.9651489257812, 668.2252197265625]"
8.8286969661713,"[60.7974853515625, -77.91563415527344, -29.181427001953125]","[60.7974853515625, -77.91563415527344, -29.181427001953125]","[4.949954509735107, -17.01285743713379, -1.6238882541656494]","[4.949954509735107, -17.01285743713379, -1.6238882541656494]","[-0.20184452831745148, 0.04685046523809433, -0.4331720173358917, 0.8771691918373108]","[[0.6203340746082561, 0.7410172766312508, 0.2570583724991664], [-0.7788433168609961, 0.5432415795709189, 0.31351498248138343], [0.0926752335787615, -0.394692224642625, 0.9141276405905593]]","[-0.16792424023151398, -0.2763468623161316, -0.5812899470329285]",[0.0],"[-0.20184452831745148, 0.04685046523809433, -0.4331720173358917, 0.8771691918373108]",[0.44],"[-1.770329475402832, -0.8145332336425781, -3.015976486206055]","[518.0301513671875, 513.8587646484375, 669.8562622070312, 662.1365966796875]"
8.8587758541107,"[60.94548416137695, -78.42626190185547, -29.228004455566406]","[60.94548416137695, -78.42626190185547, -29.228004455566406]","[4.916410446166992, -17.028291702270508, -1.4805326461791992]","[4.916410446166992, -17.028291702270508, -1.4805326461791992]","[-0.20587994158267975, 0.0428556390106678, -0.4405810236930847, 0.8727343678474426]","[[0.6081035115330817, 0.7513741694847175, 0.2562167688820858], [-0.7866666353087363, 0.5270036224309318, 0.3215942387265742], [0.10661041279939232, -0.3971197639519395, 0.9115536877177994]]","[-0.15043522417545319, -0.20258142054080963, -0.6749882102012634]",[0.0],"[-0.20587994158267975, 0.0428556390106678, -0.4405810236930847, 0.8727343678474426]",[0.44],"[-1.6772031784057617, -0.7717132568359375, -2.6422196006774907]","[511.4759521484375, 507.2056884765625, 669.857421875, 665.2113647460938]"
8.8895976543427,"[61.09247589111328, -78.9373550415039, -29.270254135131836]","[61.09247589111328, -78.9373550415039, -29.270254135131836]","[4.882462024688721, -17.044979095458984, -1.337225317955017]","[4.882462024688721, -17.044979095458984, -1.337225317955017]","[-0.20909146964550018, 0.03874330595135689, -0.44932442903518677, 0.8676908016204834]","[[0.593213027432326, 0.7635475584738255, 0.2551342308259059], [-0.7959511375950034, 0.5087766295873766, 0.3280368621663601], [0.1206653900324639, -0.397670117468476, 0.9095594271308889]]","[-0.07424334436655045, -0.1974727362394333, -0.7691901326179504]",[0.0],"[-0.20909146964550018, 0.03874330595135689, -0.44932442903518677, 0.8676908016204834]",[0.44],"[-1.6974210739135742, -0.8343696594238281, -2.644633588790894]","[516.5546264648438, 519.4859619140625, 669.857421875, 666.2716064453125]"
8.9215891361237,"[61.252952575683594, -79.50020599365234, -29.311887741088867]","[61.252952575683594, -79.50020599365234, -29.311887741088867]","[4.842632293701172, -17.067102432250977, -1.187195062637329]","[4.842632293701172, -17.067102432250977, -1.187195062637329]","[-0.2117626667022705, 0.03398999944329262, -0.46037396788597107, 0.8614273071289062]","[[0.5738009792615437, 0.7787617890098826, 0.2535398656191745], [-0.8075530407031639, 0.48642476536813994, 0.33354006563124483], [0.1364202108601802, -0.3961325092798471, 0.9080025058579761]]","[-0.06448051333427429, -0.12260249257087708, -0.8657428026199341]",[0.0],"[-0.2117626667022705, 0.03398999944329262, -0.46037396788597107, 0.8614273071289062]",[0.44],"[-1.9914865493774414, -1.1061668395996094, -2.308487234115601]","[533.9976806640625, 525.8964233398438, 669.857421875, 663.867919921875]"
8.9520435333252,"[61.39765167236328, -80.0125732421875, -29.345577239990234]","[61.39765167236328, -80.0125732421875, -29.345577239990234]","[4.802611827850342, -17.09206771850586, -1.0625633001327515]","[4.802611827850342, -17.09206771850586, -1.0625633001327515]","[-0.21358375251293182, 0.030543096363544464, -0.47175583243370056, 0.8549242615699768]","[[0.553027107658627, 0.7935839951000425, 0.25374283013143106], [-0.8196780316388022, 0.46365683045456185, 0.33637809610075253], [0.14929469371277548, -0.39401363150109914, 0.9068981998540439]]","[-0.06322145462036133, -0.04109596088528633, -0.9432552456855774]",[0.0],"[-0.21358375251293182, 0.030543096363544464, -0.47175583243370056, 0.8549242615699768]",[0.44],"[-2.001023292541504, -1.2482643127441406, -3.5784118747711187]","[560.4267578125, 555.9985961914062, 669.857421875, 665.7197265625]"
8.9824388027191,"[61.54100036621094, -80.52587890625, -29.376007080078125]","[61.54100036621094, -80.52587890625, -29.376007080078125]","[4.751587867736816, -17.1304874420166, -0.9740743041038513]","[4.751587867736816, -17.1304874420166, -0.9740743041038513]","[-0.2149738371372223, 0.02777327038347721, -0.48406732082366943, 0.8477580547332764]","[[0.5298149487256019, 0.8088028875144743, 0.255213646128154], [-0.8326849935312169, 0.43893015651418743, 0.3376033388099171], [0.16103359143264218, -0.3913798691500818, 0.9060297895974105]]","[-0.07839974015951157, 0.023925062268972397, -0.9872960448265076]",[0.0],"[-0.2149738371372223, 0.02777327038347721, -0.48406732082366943, 0.8477580547332764]",[0.44],"[-2.5511980056762695, -1.9209861755371094, -5.385550198554993]","[633.9027099609375, 626.8892211914062, 669.857421875, 665.36328125]"
9.0127997398376,"[61.68265151977539, -81.04055786132812, -29.40433120727539]","[61.68265151977539, -81.04055786132812, -29.40433120727539]","[4.689822196960449, -17.180997848510742, -0.9190722703933716]","[4.689822196960449, -17.180997848510742, -0.9190722703933716]","[-0.21597132086753845, 0.026000579819083214, -0.49683478474617004, 0.8401402235031128]","[[0.5049583330305967, 0.8235910150678379, 0.25829239530996917], [-0.846052533335235, 0.41302317045791526, 0.33705640261245284], [0.1709158635483088, -0.38872837252321213, 0.9053607168236044]]","[-0.08997523784637451, 0.10108091682195663, -0.9972332715988159]",[0.0],"[-0.21597132086753845, 0.026000579819083214, -0.49683478474617004, 0.8401402235031128]",[0.44],"[-3.0882835388183594, -2.5255203247070312, -7.059898314476014]","[669.4691162109375, 664.922607421875, 668.1907958984375, 665.2966918945312]"
9.043265581131,"[61.822364807128906, -81.55679321289062, -29.43120574951172]","[61.822364807128906, -81.55679321289062, -29.43120574951172]","[4.624053955078125, -17.233491897583008, -0.8720209002494812]","[4.624053955078125, -17.233491897583008, -0.8720209002494812]","[-0.21660146117210388, 0.025100484490394592, -0.5097110867500305, 0.8322550654411316]","[[0.47912914744490065, 0.8375456644849395, 0.26258834305567014], [-0.8592928709519283, 0.3865568301244249, 0.33494733602976545], [0.1790283216070403, -0.3861233169399707, 0.9049075453929141]]","[-0.10451047122478485, 0.15278372168540955, -0.9947401881217957]",[0.0],"[-0.21660146117210388, 0.025100484490394592, -0.5097110867500305, 0.8322550654411316]",[0.44],"[-3.288412094116211, -2.6247024536132812, -7.4574314928054815]","[669.854248046875, 665.5611572265625, 662.7943725585938, 660.72216796875]"
9.0737388134003,"[61.973731994628906, -82.12646484375, -29.45914077758789]","[61.973731994628906, -82.12646484375, -29.45914077758789]","[4.54901123046875, -17.28992462158203, -0.8214647173881531]","[4.54901123046875, -17.28992462158203, -0.8214647173881531]","[-0.2170046716928482, 0.024954354390501976, -0.523865818977356, 0.8233169913291931]","[[0.44988376780827466, 0.8517848369176451, 0.2684533480712734], [-0.8734456828449166, 0.35694715234132657, 0.3311818002054072], [0.1862719721618713, -0.3834727334047332, 0.9045725053208649]]","[-0.11843205988407135, 0.20452700555324554, -0.990568995475769]",[0.0],"[-0.2170046716928482, 0.024954354390501976, -0.523865818977356, 0.8233169913291931]",[0.44],"[-3.75213623046875, -2.821636199951172, -7.282190856933594]","[669.857421875, 666.2190551757812, 663.6907348632812, 662.0215454101562]"
9.1046290397644,"[62.1091423034668, -82.64595031738281, -29.483142852783203]","[62.1091423034668, -82.64595031738281, -29.483142852783203]","[4.477354049682617, -17.340465545654297, -0.7791782021522522]","[4.477354049682617, -17.340465545654297, -0.7791782021522522]","[-0.21713665127754211, 0.025470107793807983, -0.5366962552070618, 0.814960241317749]","[[0.42261680651137645, 0.8637112314877076, 0.2745871056057787], [-0.8858332071438095, 0.329617608637383, 0.3265760525028334], [0.19155860482965537, -0.38125489839346116, 0.9044058965618937]]","[-0.13141870498657227, 0.24049408733844757, -0.9871981143951416]",[0.0],"[-0.21713665127754211, 0.025470107793807983, -0.5366962552070618, 0.814960241317749]",[0.44],"[-3.5828590393066406, -2.5270462036132812, -7.6956742382049566]","[669.857421875, 666.8003540039062, 664.2404174804688, 663.344970703125]"
9.1356272697449,"[62.242347717285156, -83.16692352294922, -29.50592803955078]","[62.242347717285156, -83.16692352294922, -29.50592803955078]","[4.402265548706055, -17.38982582092285, -0.7403615713119507]","[4.402265548706055, -17.38982582092285, -0.7403615713119507]","[-0.2171032726764679, 0.026491453871130943, -0.5494619607925415, 0.8063845634460449]","[[0.3947795130276186, 0.8746525241010424, 0.2813045787284256], [-0.8976580494345633, 0.3019154452703656, 0.3210253631432889], [0.19585538086873377, -0.379249547896396, 0.9043287437299219]]","[-0.1428418904542923, 0.2705545425415039, -0.9837053418159485]",[0.0],"[-0.2171032726764679, 0.026491453871130943, -0.5494619607925415, 0.8063845634460449]",[0.44],"[-3.754425048828125, -2.4680137634277344, -7.869168457984925]","[669.857421875, 667.2131958007812, 662.86962890625, 662.2896118164062]"
9.1666231155396,"[62.386207580566406, -83.7416763305664, -29.52971076965332]","[62.386207580566406, -83.7416763305664, -29.52971076965332]","[4.315530776977539, -17.442333221435547, -0.7018142342567444]","[4.315530776977539, -17.442333221435547, -0.7018142342567444]","[-0.21690349280834198, 0.028102636337280273, -0.5633935332298279, 0.7967125773429871]","[[0.3635959370914108, 0.8855343078784585, 0.2891834980191792], [-0.9099165477931734, 0.27108120304470473, 0.31395379442179383], [0.1996246027135502, -0.37728516873832696, 0.9043262332768722]]","[-0.1547323614358902, 0.2967745065689087, -0.9792883396148682]",[0.0],"[-0.21690349280834198, 0.028102636337280273, -0.5633935332298279, 0.7967125773429871]",[0.44],"[-4.336738586425781, -2.6253700256347656, -7.882633147239686]","[669.857421875, 667.6403198242188, 663.3953857421875, 663.259521484375]"
9.1980426311493,"[62.51443862915039, -84.26565551757812, -29.55030059814453]","[62.51443862915039, -84.26565551757812, -29.55030059814453]","[4.232444763183594, -17.48849868774414, -0.67182457447052]","[4.232444763183594, -17.48849868774414, -0.67182457447052]","[-0.21660396456718445, 0.02993195131421089, -0.5759370923042297, 0.7877076268196106]","[[0.33480108799734576, 0.8943733217089236, 0.2966557677403796], [-0.9203068389964837, 0.24275837648385412, 0.306763347764075], [0.20234526239719086, -0.37571903179166855, 0.9043736016486033]]","[-0.16418947279453278, 0.3158295750617981, -0.975709080696106]",[0.0],"[-0.21660396456718445, 0.02993195131421089, -0.5759370923042297, 0.7877076268196106]",[0.44],"[-4.154300689697266, -2.3082733154296875, -8.310517010688782]","[669.857421875, 668.0126342773438, 664.1278076171875, 664.2737426757812]"
9.2289452552795,"[62.64011764526367, -84.79100036621094, -29.570066452026367]","[62.64011764526367, -84.79100036621094, -29.570066452026367]","[4.145231246948242, -17.532873153686523, -0.6468206644058228]","[4.145231246948242, -17.532873153686523, -0.6468206644058228]","[-0.21620908379554749, 0.032044727355241776, -0.588352382183075, 0.7785038948059082]","[[0.3056292196564583, 0.9022125198118063, 0.30430814910955917], [-0.929925964379626, 0.21419021292758167, 0.2989320443027741], [0.20452036889336256, -0.3743464110062287, 0.9044535350660363]]","[-0.17276307940483093, 0.3310677707195282, -0.9725141525268555]",[0.0],"[-0.21620908379554749, 0.032044727355241776, -0.588352382183075, 0.7785038948059082]",[0.44],"[-4.360675811767578, -2.2187232971191406, -8.559804496765137]","[669.857421875, 668.3206787109375, 664.7725830078125, 665.1531372070312]"
9.2589433193207,"[62.76311492919922, -85.31764221191406, -29.589157104492188]","[62.76311492919922, -85.31764221191406, -29.589157104492188]","[4.0538506507873535, -17.575176239013672, -0.6269108057022095]","[4.0538506507873535, -17.575176239013672, -0.6269108057022095]","[-0.21573348343372345, 0.03438974544405937, -0.6006289720535278, 0.7691041827201843]","[[0.2761243666764306, 0.909054470180494, 0.3120501549120651], [-0.9387305484966778, 0.1854078041109477, 0.29053209401284885], [0.20625296665723125, -0.37315400383384034, 0.9045528190676884]]","[-0.18024589121341705, 0.3432424068450928, -0.9696633219718933]",[0.0],"[-0.21573348343372345, 0.03438974544405937, -0.6006289720535278, 0.7691041827201843]",[0.44],"[-4.569029808044434, -2.115154266357422, -8.814507064819336]","[669.857421875, 668.5118408203125, 665.2015380859375, 665.7098999023438]"
9.290944814682,"[62.89516830444336, -85.89836120605469, -29.60956573486328]","[62.89516830444336, -85.89836120605469, -29.60956573486328]","[3.948535919189453, -17.618986129760742, -0.6109529137611389]","[3.948535919189453, -17.618986129760742, -0.6109529137611389]","[-0.21512837707996368, 0.03718637675046921, -0.6139634847640991, 0.7585419416427612]","[[0.24333202552099198, 0.9154344179018061, 0.3205767889732396], [-0.9474337974210563, 0.15353724150252956, 0.280705638794446], [0.20774708328139901, -0.372029948616321, 0.9046739095182262]]","[-0.1874486804008484, 0.35376864671707153, -0.966882050037384]",[0.0],"[-0.21512837707996368, 0.03718637675046921, -0.6139634847640991, 0.7585419416427612]",[0.44],"[-5.2657365798950195, -2.1904945373535156, -9.012105402946473]","[669.857421875, 668.734130859375, 665.7318725585938, 666.3834838867188]"
9.321944475174,"[63.01213836669922, -86.42749786376953, -29.627744674682617]","[63.01213836669922, -86.42749786376953, -29.627744674682617]","[3.848489284515381, -17.656057357788086, -0.6018706560134888]","[3.848489284515381, -17.656057357788086, -0.6018706560134888]","[-0.21451188623905182, 0.039887621998786926, -0.625923752784729, 0.7487409710884094]","[[0.21325686662232668, 0.9201967789095788, 0.3282671633629146], [-0.9544222550397792, 0.12440821272409108, 0.2712944559229893], [0.2088051760437981, -0.371160896127547, 0.904787256546892]]","[-0.19306732714176178, 0.3612440228462219, -0.9646409749984741]",[0.0],"[-0.21451188623905182, 0.039887621998786926, -0.625923752784729, 0.7487409710884094]",[0.44],"[-5.002331733703613, -1.8535614013671875, -9.355887112617493]","[669.857421875, 668.9337768554688, 666.24560546875, 667.0091552734375]"
9.3539514541626,"[63.137264251708984, -87.01078796386719, -29.64752197265625]","[63.137264251708984, -87.01078796386719, -29.64752197265625]","[3.7338109016418457, -17.693492889404297, -0.597832441329956]","[3.7338109016418457, -17.693492889404297, -0.597832441329956]","[-0.21376702189445496, 0.042997464537620544, -0.6388951539993286, 0.7377451658248901]","[[0.17992840047902048, 0.9243007427774677, 0.3365917719571847], [-0.961066502550346, 0.09223328509309958, 0.2604694305761477], [0.2097070855357579, -0.3703529174855227, 0.9049097567874234]]","[-0.19836564362049103, 0.36763495206832886, -0.9624565243721008]",[0.0],"[-0.21376702189445496, 0.042997464537620544, -0.6388951539993286, 0.7377451658248901]",[0.44],"[-5.733919143676758, -1.8717765808105469, -9.608089265823365]","[669.857421875, 669.0830078125, 666.660400390625, 667.4988403320312]"
9.3849465847015,"[63.24766159057617, -87.54207611083984, -29.665470123291016]","[63.24766159057617, -87.54207611083984, -29.665470123291016]","[3.625481367111206, -17.724241256713867, -0.5995371341705322]","[3.625481367111206, -17.724241256713867, -0.5995371341705322]","[-0.21303316950798035, 0.045924123376607895, -0.6505134701728821, 0.7275575995445251]","[[0.14944640003144993, 0.9270053145411337, 0.3439867826472711], [-0.9661387607803109, 0.06289818762603794, 0.25023928113644667], [0.2103370027869853, -0.3697363245859058, 0.9050156871629484]]","[-0.20245029032230377, 0.37211593985557556, -0.9606977701187134]",[0.0],"[-0.21303316950798035, 0.045924123376607895, -0.6505134701728821, 0.7275575995445251]",[0.44],"[-5.416476726531982, -1.5374183654785156, -9.895234642028809]","[669.857421875, 669.1744995117188, 666.9317626953125, 667.8114624023438]"
9.41641664505,"[63.36529541015625, -88.12749481201172, -29.68532943725586]","[63.36529541015625, -88.12749481201172, -29.68532943725586]","[3.503847122192383, -17.75292205810547, -0.6025150418281555]","[3.503847122192383, -17.75292205810547, -0.6025150418281555]","[-0.2121654897928238, 0.049231819808483124, -0.6630847454071045, 0.7161568403244019]","[[0.11578969665348093, 0.928854765950007, 0.3518828086018235], [-0.9706359386022425, 0.030608850698733203, 0.2385977961845427], [0.21085199053196924, -0.3691772709990886, 0.9051240657186325]]","[-0.20612263679504395, 0.3759044408798218, -0.9540437459945679]",[0.0],"[-0.2121654897928238, 0.049231819808483124, -0.6630847454071045, 0.7161568403244019]",[0.44],"[-6.081712245941162, -1.4340400695800781, -9.958895382881165]","[669.857421875, 669.2924194335938, 649.9735107421875, 650.9005737304688]"
9.4484224319458,"[63.4688606262207, -88.66032409667969, -29.7031192779541]","[63.4688606262207, -88.66032409667969, -29.7031192779541]","[3.402196168899536, -17.76700210571289, -0.5782889127731323]","[3.402196168899536, -17.76700210571289, -0.5782889127731323]","[-0.21122115850448608, 0.05244605988264084, -0.6741521954536438, 0.7058001756668091]","[[0.085536456335637, 0.9294780408998795, 0.35882329202052254], [-0.9737889110095077, 0.0018088791301096308, 0.22744660872847522], [0.21075753890772297, -0.3688731143795776, 0.9052700660056184]]","[-0.20822402834892273, 0.3987748920917511, -0.9150293469429016]",[0.0],"[-0.21122115850448608, 0.05244605988264084, -0.6741521954536438, 0.7058001756668091]",[0.44],"[-5.082547664642334, -0.7040023803710938, -8.59869354724884]","[669.857421875, 668.4353637695312, 588.858642578125, 588.786376953125]"
9.4794135093689,"[63.579345703125, -89.24678802490234, -29.72157096862793]","[63.579345703125, -89.24678802490234, -29.72157096862793]","[3.2946135997772217, -17.77372169494629, -0.5377299785614014]","[3.2946135997772217, -17.77372169494629, -0.5377299785614014]","[-0.20992201566696167, 0.05636366456747055, -0.6855704188346863, 0.6948015689849854]","[[0.053632676270716995, 0.9290068571593073, 0.3661557735572849], [-0.976334753464827, -0.028148103685694537, 0.21442576945063418], [0.20950952325639705, -0.3689908139489484, 0.9055117693096911]]","[-0.20952650904655457, 0.4044917821884155, -0.8481159806251526]",[0.0],"[-0.20992201566696167, 0.05636366456747055, -0.6855704188346863, 0.6948015689849854]",[0.44],"[-5.379128456115723, -0.3359794616699219, -7.782053289413453]","[669.8561401367188, 669.4200439453125, 555.0113525390625, 555.7494506835938]"
9.5110740661621,"[63.676753997802734, -89.7800064086914, -29.73703956604004]","[63.676753997802734, -89.7800064086914, -29.73703956604004]","[3.1994822025299072, -17.773096084594727, -0.4920571744441986]","[3.1994822025299072, -17.773096084594727, -0.4920571744441986]","[-0.2086287885904312, 0.06014461815357208, -0.6950377225875854, 0.6854044198989868]","[[0.026610378174847238, 0.9276680564648863, 0.3724565304073906], [-0.9778596517673415, -0.05320681449689646, 0.20238463078138835], [0.20756298194501, -0.3695957444908231, 0.9057133069569003]]","[-0.20784695446491241, 0.39593011140823364, -0.7695042490959167]",[0.0],"[-0.2086287885904312, 0.06014461815357208, -0.6950377225875854, 0.6854044198989868]",[0.44],"[-4.756569862365723, 0.031280517578125, -7.526359794139863]","[668.759033203125, 669.8568725585938, 513.5064086914062, 515.7035522460938]"
9.5426096916199,"[63.780696868896484, -90.36640167236328, -29.752214431762695]","[63.780696868896484, -90.36640167236328, -29.752214431762695]","[3.101193428039551, -17.763832092285156, -0.42463117837905884]","[3.101193428039551, -17.763832092285156, -0.42463117837905884]","[-0.20722834765911102, 0.06447239965200424, -0.7041882276535034, 0.6760316491127014]","[[-7.550056534011418e-05, 0.9253860399536913, 0.379026291033262], [-0.978828075351702, -0.07764929607861548, 0.18938443353475165], [0.20468476039727168, -0.3709872529088045, 0.9057994432191737]]","[-0.22441761195659637, 0.3857404291629791, -0.6564130783081055]",[0.0],"[-0.20722834765911102, 0.06447239965200424, -0.7041882276535034, 0.6760316491127014]",[0.44],"[-4.914438724517822, 0.4631996154785156, -6.438700196743012]","[669.7552490234375, 666.5785522460938, 475.0614013671875, 479.7179870605469]"
9.5731830596924,"[63.87240982055664, -90.89913940429688, -29.763996124267578]","[63.87240982055664, -90.89913940429688, -29.763996124267578]","[3.011810064315796, -17.751094818115234, -0.3617982864379883]","[3.011810064315796, -17.751094818115234, -0.3617982864379883]","[-0.20627255737781525, 0.0691130980849266, -0.7111766338348389, 0.6685078740119934]","[[-0.021097649679098218, 0.9223420880833049, 0.3857977465511899], [-0.9793666300444313, -0.09664114487967312, 0.1774864166994501], [0.2009871454826433, -0.3740928984991907, 0.9053500234918385]]","[-0.26733148097991943, 0.38005614280700684, -0.5433914661407471]",[0.0],"[-0.20627255737781525, 0.0691130980849266, -0.7111766338348389, 0.6685078740119934]",[0.44],"[-4.469168186187744, 0.6368637084960938, -6.668355402946473]","[669.7017822265625, 666.4541625976562, 470.76190185546875, 473.93304443359375]"
9.6052129268646,"[63.97017288208008, -91.4846420288086, -29.7747802734375]","[63.97017288208008, -91.4846420288086, -29.7747802734375]","[2.9124162197113037, -17.73280906677246, -0.29234516620635986]","[2.9124162197113037, -17.73280906677246, -0.29234516620635986]","[-0.20587891340255737, 0.07578422874212265, -0.7173769474029541, 0.6612420082092285]","[[-0.04074586798243818, 0.9175147973545128, 0.3956090040707849], [-0.9799242960204291, -0.11403162329799699, 0.16353985493985945], [0.19516214165467005, -0.3810032896451041, 0.9037412473802878]]","[-0.4359693229198456, 0.41265517473220825, -0.415691077709198]",[0.0],"[-0.20587891340255737, 0.07578422874212265, -0.7173769474029541, 0.6612420082092285]",[0.44],"[-4.969692230224609, 0.9142875671386719, -6.33734398841858]","[669.8572387695312, 659.7713623046875, 461.6452941894531, 474.2273254394531]"
9.636207818985,"[64.05609893798828, -92.01637268066406, -29.782773971557617]","[64.05609893798828, -92.01637268066406, -29.782773971557617]","[2.8142247200012207, -17.714447021484375, -0.24186597764492035]","[2.8142247200012207, -17.714447021484375, -0.24186597764492035]","[-0.2064955085515976, 0.08357661962509155, -0.7216116786003113, 0.6554778814315796]","[[-0.055416932080632364, 0.9114845954654225, 0.4075843922368225], [-0.9805173817554493, -0.12672761948868372, 0.15008674738227157], [0.18845388996055057, -0.3913262064998797, 0.9007491072001197]]","[-0.43631404638290405, 0.37751299142837524, -0.3022916316986084]",[0.0],"[-0.2064955085515976, 0.08357661962509155, -0.7216116786003113, 0.6554778814315796]",[0.44],"[-4.90957498550415, 0.9181022644042969, -7.286040571928025]","[664.2189331054688, 669.8404541015625, 482.07891845703125, 484.2034606933594]"
9.6678476333618,"[64.14704895019531, -92.6006088256836, -29.790058135986328]","[64.14704895019531, -92.6006088256836, -29.790058135986328]","[2.69586181640625, -17.692447662353516, -0.20183803141117096]","[2.69586181640625, -17.692447662353516, -0.20183803141117096]","[-0.20734982192516327, 0.09181920439004898, -0.724806010723114, 0.6505624055862427]","[[-0.0675490389503528, 0.9049856924796205, 0.42004503948146166], [-0.9811404751979678, -0.13667540366550357, 0.13668577541558324], [0.18110854953344102, -0.4028902203824698, 0.897150570105563]]","[-0.46748602390289307, 0.3373752534389496, -0.18491202592849731]",[0.0],"[-0.20734982192516327, 0.09181920439004898, -0.724806010723114, 0.6505624055862427]",[0.44],"[-5.918145179748535, 1.0999679565429688, -7.808602688312531]","[669.74462890625, 667.69873046875, 488.7955627441406, 496.9969482421875]"
9.6982321739197,"[64.2261962890625, -93.13107299804688, -29.795719146728516]","[64.2261962890625, -93.13107299804688, -29.795719146728516]","[2.5790627002716064, -17.670530319213867, -0.17750172317028046]","[2.5790627002716064, -17.670530319213867, -0.17750172317028046]","[-0.2086745947599411, 0.09989345073699951, -0.7264514565467834, 0.6471046805381775]","[[-0.0754208404381771, 0.898489824726969, 0.4324669656693825], [-0.9818707261338311, -0.14255361043433767, 0.12493312838237536], [0.17390088756129352, -0.415204099531886, 0.892952424003258]]","[-0.4906204342842102, 0.3191640377044678, -0.08678217232227325]",[0.0],"[-0.2086745947599411, 0.09989345073699951, -0.7264514565467834, 0.6471046805381775]",[0.44],"[-5.839955806732178, 1.0958671569824219, -8.593184587955475]","[665.9841918945312, 669.7235107421875, 512.21435546875, 513.4747314453125]"
9.7298645973206,"[64.3017349243164, -93.66082000732422, -29.800750732421875]","[64.3017349243164, -93.66082000732422, -29.800750732421875]","[2.455751895904541, -17.645904541015625, -0.15842711925506592]","[2.455751895904541, -17.645904541015625, -0.15842711925506592]","[-0.21003489196300507, 0.10767301172018051, -0.7270468473434448, 0.6447439193725586]","[[-0.08038119136987287, 0.8922878890793908, 0.444253451241881], [-0.9827482466153088, -0.14542354814790714, 0.11427079146817753], [0.1665673728934145, -0.42740408632870164, 0.8885837334103893]]","[-0.4269639551639557, 0.2678242027759552, 0.004433947615325451]",[0.0],"[-0.21003489196300507, 0.10767301172018051, -0.7270468473434448, 0.6447439193725586]",[0.44],"[-6.1655402183532715, 1.2312889099121094, -8.856269804239274]","[662.4946899414062, 669.8573608398438, 522.84716796875, 520.2058715820312]"
9.760803937912,"[64.38040924072266, -94.24266052246094, -29.80577850341797]","[64.38040924072266, -94.24266052246094, -29.80577850341797]","[2.3083605766296387, -17.61716079711914, -0.15199139714241028]","[2.3083605766296387, -17.61716079711914, -0.15199139714241028]","[-0.21121317148208618, 0.11525289714336395, -0.7266305088996887, 0.6435168981552124]","[[-0.08255025352751888, 0.8865121625278451, 0.45528224230688963], [-0.9838838822404394, -0.1452058005426835, 0.10434594731646207], [0.15861349481449238, -0.4393310325302462, 0.88421153178508]]","[-0.39578211307525635, 0.2254980504512787, 0.09254486113786697]",[0.0],"[-0.21121317148208618, 0.11525289714336395, -0.7266305088996887, 0.6435168981552124]",[0.44],"[-7.369565963745117, 1.4371871948242188, -9.488213894367219]","[668.1083374023438, 669.857421875, 552.6021118164062, 556.779296875]"
9.7917699813843,"[64.44744110107422, -94.77080535888672, -29.81058120727539]","[64.44744110107422, -94.77080535888672, -29.81058120727539]","[2.157266616821289, -17.591205596923828, -0.1713799238204956]","[2.157266616821289, -17.591205596923828, -0.1713799238204956]","[-0.2126428782939911, 0.12191983312368393, -0.7253954410552979, 0.6432107090950012]","[[-0.08212598322543396, 0.8813134635578321, 0.4653406336071333], [-0.985015000504005, -0.1428310791859264, 0.09666817081867407], [0.15166006434221746, -0.45042853530724614, 0.8798371212038799]]","[-0.3916124105453491, 0.17708905041217804, 0.14547601342201233]",[0.0],"[-0.2126428782939911, 0.12191983312368393, -0.7253954410552979, 0.6432107090950012]",[0.44],"[-7.5546979904174805, 1.297760009765625, -10.779426333904267]","[665.2498779296875, 669.857421875, 600.33935546875, 602.36083984375]"
9.8227915763855,"[64.50975036621094, -95.29815673828125, -29.816186904907227]","[64.50975036621094, -95.29815673828125, -29.816186904907227]","[1.9944318532943726, -17.564495086669922, -0.20473870635032654]","[1.9944318532943726, -17.564495086669922, -0.20473870635032654]","[-0.2142060101032257, 0.12794697284698486, -0.723619282245636, 0.6435219645500183]","[[-0.07999058699679296, 0.8765157830772949, 0.47468057321663437], [-0.9861438253106485, -0.13901816080406526, 0.09052275156602363], [0.14533382391775618, -0.4608623381941719, 0.8754907147498994]]","[-0.34891363978385925, 0.1345701366662979, 0.1792994886636734]",[0.0],"[-0.2142060101032257, 0.12794697284698486, -0.723619282245636, 0.6435219645500183]",[0.44],"[-8.141738176345825, 1.3355255126953125, -11.477939126491547]","[666.3414306640625, 669.857421875, 630.6612548828125, 632.3433837890625]"
9.8539700508118,"[64.57242584228516, -95.87731170654297, -29.823741912841797]","[64.57242584228516, -95.87731170654297, -29.823741912841797]","[1.8022375106811523, -17.534547805786133, -0.25617778301239014]","[1.8022375106811523, -17.534547805786133, -0.25617778301239014]","[-0.21647998690605164, 0.13444392383098602, -0.7211913466453552, 0.6441617608070374]","[[-0.07638425426242579, 0.8709189377266808, 0.4854542559666388], [-0.9873366132088011, -0.13396108641397042, 0.08497667013786447], [0.13903971714753816, -0.472815848041682, 0.8701224932281675]]","[-0.43217000365257263, 0.1022137850522995, 0.19471392035484314]",[0.0],"[-0.21647998690605164, 0.13444392383098602, -0.7211913466453552, 0.6441617608070374]",[0.44],"[-9.60971713066101, 1.4973640441894531, -12.38195383310318]","[659.3592529296875, 661.6705932617188, 664.4094848632812, 665.70703125]"
9.8858592510223,"[64.62380981445312, -96.40291595458984, -29.832094192504883]","[64.62380981445312, -96.40291595458984, -29.832094192504883]","[1.6248093843460083, -17.50534439086914, -0.2982064485549927]","[1.6248093843460083, -17.50534439086914, -0.2982064485549927]","[-0.2188456803560257, 0.14003156125545502, -0.7188557386398315, 0.644782304763794]","[[-0.0727248222461161, 0.8657203153172071, 0.495216692012864], [-0.9883015244942732, -0.12929400957181914, 0.08089066153675972], [0.1340572007890053, -0.48354062713347545, 0.864995460083736]]","[-0.32243967056274414, 0.0705171748995781, 0.18243373930454254]",[0.0],"[-0.2188456803560257, 0.14003156125545502, -0.7188557386398315, 0.644782304763794]",[0.44],"[-8.871406316757202, 1.4601707458496094, -11.911433277130127]","[639.4814453125, 648.7869262695312, 669.8128051757812, 665.17919921875]"
9.91685795784,"[64.66995239257812, -96.92762756347656, -29.841468811035156]","[64.66995239257812, -96.92762756347656, -29.841468811035156]","[1.452892541885376, -17.473575592041016, -0.3230490982532501]","[1.452892541885376, -17.473575592041016, -0.3230490982532501]","[-0.22086943686008453, 0.1444491446018219, -0.716733992099762, 0.6454793214797974]","[[-0.0691463416149194, 0.861465139357871, 0.5030871381189517], [-0.9890827442503722, -0.12498184714030502, 0.07807008434842544], [0.13013139473526714, -0.4921965326118638, 0.8607022729698222]]","[-0.30465421080589294, 0.042315270751714706, 0.15475612878799438]",[0.0],"[-0.22086943686008453, 0.1444491446018219, -0.716733992099762, 0.6454793214797974]",[0.44],"[-8.595842123031616, 1.58843994140625, -11.052132484912873]","[603.8287353515625, 604.3605346679688, 667.322265625, 669.7276000976562]"
9.9484062194824,"[64.71504211425781, -97.50363159179688, -29.852031707763672]","[64.71504211425781, -97.50363159179688, -29.852031707763672]","[1.2820631265640259, -17.43456268310547, -0.311974436044693]","[1.2820631265640259, -17.43456268310547, -0.311974436044693]","[-0.22352398931980133, 0.14892396330833435, -0.7147650718688965, 0.6457318067550659]","[[-0.06613490962242174, 0.8565169257586449, 0.5118641603736123], [-0.9896692392946234, -0.12170416353037483, 0.07578180427898573], [0.12720440078874873, -0.5015643936273158, 0.8557173587021984]]","[-0.2954787313938141, 0.02123785950243473, 0.08975033462047577]",[0.0],"[-0.22352398931980133, 0.14892396330833435, -0.7147650718688965, 0.6457318067550659]",[0.44],"[-8.541470766067505, 1.9506454467773438, -9.256266889572144]","[555.4833374023438, 562.5928955078125, 669.7992553710938, 665.9299926757812]"
9.9794135093689,"[64.75132751464844, -98.02613067626953, -29.86090087890625]","[64.75132751464844, -98.02613067626953, -29.86090087890625]","[1.1384530067443848, -17.396636962890625, -0.2768971621990204]","[1.1384530067443848, -17.396636962890625, -0.2768971621990204]","[-0.2256946712732315, 0.15193763375282288, -0.7137563228607178, 0.6453904509544373]","[[-0.06506626594812026, 0.8527200015575671, 0.5183001932438493], [-0.9898860587730711, -0.12077234612957044, 0.07442947779894205], [0.12606380138511142, -0.5082152648852354, 0.8519537416169221]]","[-0.21838819980621338, 0.009698603302240372, 0.008870641700923443]",[0.0],"[-0.2256946712732315, 0.15193763375282288, -0.7137563228607178, 0.6453904509544373]",[0.44],"[-7.180505990982056, 1.8962860107421875, -8.05613630771637]","[522.1254272460938, 525.1404418945312, 669.857421875, 668.297119140625]"
10.009549379349,"[64.78337097167969, -98.54745483398438, -29.868555068969727]","[64.78337097167969, -98.54745483398438, -29.868555068969727]","[0.9983063340187073, -17.357833862304688, -0.2326381951570511]","[0.9983063340187073, -17.357833862304688, -0.2326381951570511]","[-0.22765779495239258, 0.15406624972820282, -0.7136608362197876, 0.6443010568618774]","[[-0.0660963969184789, 0.8494760966552661, 0.5234709996886089], [-0.9897736274140954, -0.12227972151302424, 0.07345821855279056], [0.12641080958210082, -0.513262413009894, 0.8488710381842028]]","[-0.18794392049312592, 0.007525299675762653, -0.08016420900821686]",[0.0],"[-0.22765779495239258, 0.15406624972820282, -0.7136608362197876, 0.6443010568618774]",[0.44],"[-7.0073336362838745, 1.940155029296875, -7.5970516479015355]","[520.8888549804688, 523.2371215820312, 669.857421875, 667.8629150390625]"
10.040642261505,"[64.81379699707031, -99.11956787109375, -29.875356674194336]","[64.81379699707031, -99.11956787109375, -29.875356674194336]","[0.8464721441268921, -17.31451416015625, -0.1772960126399994]","[0.8464721441268921, -17.31451416015625, -0.1772960126399994]","[-0.22975760698318481, 0.15555556118488312, -0.714618980884552, 0.6421321034431458]","[[-0.06975564091203923, 0.8462794317300588, 0.5281527333174498], [-0.9892397256931194, -0.12693769161423063, 0.07274355769862062], [0.128603854493738, -0.5173953841180836, 0.8460278188356329]]","[-0.1488504558801651, -0.00226965406909585, -0.1823418289422989]",[0.0],"[-0.22975760698318481, 0.15555556118488312, -0.714618980884552, 0.6421321034431458]",[0.44],"[-7.591709494590759, 2.165985107421875, -7.042890874147416]","[507.9551696777344, 509.7084655761719, 669.857421875, 667.8790893554688]"
10.071685552597,"[64.83717346191406, -99.63842010498047, -29.879825592041016]","[64.83717346191406, -99.63842010498047, -29.879825592041016]","[0.7118847370147705, -17.274473190307617, -0.11968418210744858]","[0.7118847370147705, -17.274473190307617, -0.11968418210744858]","[-0.2316731959581375, 0.15617673099040985, -0.7165035009384155, 0.6391863226890564]","[[-0.07553687631971373, 0.8435945511116363, 0.5316413726979103], [-0.9883224007230065, -0.1340994731649272, 0.07236232734071457], [0.13233725121247808, -0.5199670254196977, 0.8438727179433831]]","[-0.12672008574008942, -0.016953058540821075, -0.28107666969299316]",[0.0],"[-0.2316731959581375, 0.15617673099040985, -0.7165035009384155, 0.6391863226890564]",[0.44],"[-6.729370355606079, 2.0020484924316406, -6.92940847337246]","[499.94659423828125, 505.0090637207031, 668.2799682617188, 669.8416748046875]"
10.102322101593,"[64.85652923583984, -100.15605926513672, -29.882516860961914]","[64.85652923583984, -100.15605926513672, -29.882516860961914]","[0.5779193043708801, -17.234294891357422, -0.059998445212841034]","[0.5779193043708801, -17.234294891357422, -0.059998445212841034]","[-0.23397234082221985, 0.15592940151691437, -0.7192590832710266, 0.6353026032447815]","[[-0.08329521425060138, 0.840928001867236, 0.534698172153325], [-0.986860670170917, -0.1441533702754132, 0.07297919764315175], [0.13844875332893913, -0.5215937512033744, 0.8418859309454958]]","[-0.10891367495059967, -0.05597750470042229, -0.37962841987609863]",[0.0],"[-0.23397234082221985, 0.15592940151691437, -0.7192590832710266, 0.6353026032447815]",[0.44],"[-6.698271632194519, 2.0089149475097656, -6.825713155269623]","[507.52239990234375, 511.1547546386719, 668.9414672851562, 669.857421875]"
10.133350372314,"[64.87313842773438, -100.72408294677734, -29.88346290588379]","[64.87313842773438, -100.72408294677734, -29.88346290588379]","[0.42808058857917786, -17.1906795501709, 0.0025377594865858555]","[0.42808058857917786, -17.1906795501709, 0.0025377594865858555]","[-0.23676179349422455, 0.15492001175880432, -0.7232956290245056, 0.6299103498458862]","[[-0.09431355401860664, 0.8378645257773316, 0.537668978318985], [-0.9845810851059751, -0.15842542764911416, 0.07417147363303656], [0.14732610309851601, -0.5223833430473093, 0.8398872861961002]]","[-0.09566545486450195, -0.0558808296918869, -0.48140400648117065]",[0.0],"[-0.23676179349422455, 0.15492001175880432, -0.7232956290245056, 0.6299103498458862]",[0.44],"[-7.4919357895851135, 2.180767059326172, -6.683189765028656]","[517.6009521484375, 522.9981079101562, 665.9568481445312, 668.9933471679688]"
10.164323091507,"[64.88397216796875, -101.23921966552734, -29.882488250732422]","[64.88397216796875, -101.23921966552734, -29.882488250732422]","[0.29541516304016113, -17.150903701782227, 0.06527892500162125]","[0.29541516304016113, -17.150903701782227, 0.06527892500162125]","[-0.24027355015277863, 0.15280959010124207, -0.7275515198707581, 0.6241688132286072]","[[-0.10536396978631934, 0.8347977320187683, 0.5403807342036782], [-0.9816621428628336, -0.17412518593853976, 0.0775888142401957], [0.15886481218990944, -0.5222962123561405, 0.8378357005401411]]","[-0.08968982845544815, -0.2470930516719818, -0.5700719356536865]",[0.0],"[-0.24027355015277863, 0.15280959010124207, -0.7275515198707581, 0.6241688132286072]",[0.44],"[-6.633271276950836, 1.9887924194335938, -6.672941724248231]","[490.681884765625, 515.7705078125, 651.5410766601562, 669.8562622070312]"
10.194315195084,"[64.89095306396484, -101.753173828125, -29.879436492919922]","[64.89095306396484, -101.753173828125, -29.879436492919922]","[0.16911038756370544, -17.111791610717773, 0.1383047103881836]","[0.16911038756370544, -17.111791610717773, 0.1383047103881836]","[-0.2459842562675476, 0.14854373037815094, -0.7319537401199341, 0.6177946925163269]","[[-0.1156430350204336, 0.8313154335465871, 0.5436372492396995], [-0.9774731097076934, -0.19252906401411707, 0.08648125788602457], [0.17655913630290776, -0.5213898139726432, 0.8348530116676893]]","[-0.08559184521436691, -0.3341834545135498, -0.668315589427948]",[0.0],"[-0.2459842562675476, 0.14854373037815094, -0.7319537401199341, 0.6177946925163269]",[0.44],"[-6.315238773822784, 1.9556045532226562, -6.158710730671883]","[506.4078063964844, 506.7986755371094, 669.5299072265625, 668.42529296875]"
10.225123643875,"[64.89412689208984, -102.26598358154297, -29.874174118041992]","[64.89412689208984, -102.26598358154297, -29.874174118041992]","[0.043335314840078354, -17.075050354003906, 0.21260549128055573]","[0.043335314840078354, -17.075050354003906, 0.21260549128055573]","[-0.2518787384033203, 0.14377929270267487, -0.7371633052825928, 0.6103071570396423]","[[-0.12816444733047705, 0.8273621885329874, 0.5468505894046825], [-0.9722219759508732, -0.21370527502961068, 0.09546915622753005], [0.1958524639225221, -0.5194244307871188, 0.8317692322605406]]","[-0.07137089222669601, -0.31850701570510864, -0.7634021043777466]",[0.0],"[-0.2518787384033203, 0.14377929270267487, -0.7371633052825928, 0.6103071570396423]",[0.44],"[-6.2887536361813545, 1.8370628356933594, -6.094960955381394]","[514.9867553710938, 519.802978515625, 669.7279663085938, 668.5342407226562]"
10.254899978638,"[64.89356231689453, -102.77771759033203, -29.866655349731445]","[64.89356231689453, -102.77771759033203, -29.866655349731445]","[-0.08075278997421265, -17.040409088134766, 0.28950929641723633]","[-0.08075278997421265, -17.040409088134766, 0.28950929641723633]","[-0.2576194703578949, 0.13811668753623962, -0.7431655526161194, 0.601881206035614]","[[-0.14274251594241072, 0.8234316624040812, 0.5491675090423058], [-0.9657578539667728, -0.2373256602054088, 0.10482550619777697], [0.21664815517048197, -0.5153997638712866, 0.8291119782330689]]","[-0.013913378119468689, -0.3463347554206848, -0.8536421656608582]",[0.0],"[-0.2576194703578949, 0.13811668753623962, -0.7431655526161194, 0.601881206035614]",[0.44],"[-6.20440524071455, 1.7320632934570312, -5.96480974316597]","[519.0525512695312, 522.0684204101562, 668.8087158203125, 669.50732421875]"
10.285933256149,"[64.88939666748047, -103.2884292602539, -29.856647491455078]","[64.88939666748047, -103.2884292602539, -29.856647491455078]","[-0.19444122910499573, -17.006378173828125, 0.38141632080078125]","[-0.19444122910499573, -17.006378173828125, 0.38141632080078125]","[-0.26376792788505554, 0.13128544390201569, -0.7497356534004211, 0.5925259590148926]","[[-0.15867883552061146, 0.8192178950784745, 0.55109250662343], [-0.957733453076492, -0.26335413952106457, 0.11571993272324299], [0.2399323724124791, -0.5094374449866113, 0.8263812248773497]]","[0.014446619898080826, -0.4475143551826477, -0.950893223285675]",[0.0],"[-0.26376792788505554, 0.13128544390201569, -0.7497356534004211, 0.5925259590148926]",[0.44],"[-5.684421956539154, 1.7015457153320312, -5.214648780822754]","[491.2644348144531, 505.24951171875, 667.0382690429688, 669.8545532226562]"
10.317907571793,"[64.88103485107422, -103.84905242919922, -29.84222412109375]","[64.88103485107422, -103.84905242919922, -29.84222412109375]","[-0.3105009198188782, -16.970754623413086, 0.4947991967201233]","[-0.3105009198188782, -16.970754623413086, 0.4947991967201233]","[-0.27140119671821594, 0.12189269810914993, -0.7574747204780579, 0.5811331272125244]","[[-0.1772515640312804, 0.8142236579156221, 0.552830860916167], [-0.9465509544677642, -0.2948531234867833, 0.13077917749906742], [0.2694873215699971, -0.500101727213246, 0.8229671211351838]]","[0.03167717903852463, -0.437833309173584, -1.0619897842407227]",[0.0],"[-0.27140119671821594, 0.12189269810914993, -0.7574747204780579, 0.5811331272125244]",[0.44],"[-5.802984535694122, 1.7811775207519531, -4.1408562040328984]","[501.08172607421875, 489.7294006347656, 669.8342895507812, 661.3751220703125]"
10.348896741867,"[64.87024688720703, -104.35771942138672, -29.82568359375]","[64.87024688720703, -104.35771942138672, -29.82568359375]","[-0.40806230902671814, -16.939971923828125, 0.6081272959709167]","[-0.40806230902671814, -16.939971923828125, 0.6081272959709167]","[-0.2772495150566101, 0.11385472118854523, -0.7656322121620178, 0.5691899657249451]","[[-0.19831116367405288, 0.8084480127239662, 0.5541522487691406], [-0.934712677669685, -0.3261199557984611, 0.1412735998473078], [0.29493238936541566, -0.4899569680420104, 0.8203396177279063]]","[0.022365307435393333, -0.2898508310317993, -1.1616381406784058]",[0.0],"[-0.2772495150566101, 0.11385472118854523, -0.7656322121620178, 0.5691899657249451]",[0.44],"[-4.878069460391998, 1.5391349792480469, -4.143595037460328]","[511.01861572265625, 497.16473388671875, 669.857421875, 662.348388671875]"
10.38089966774,"[64.8550033569336, -104.9162368774414, -29.80360984802246]","[64.8550033569336, -104.9162368774414, -29.80360984802246]","[-0.5163261890411377, -16.90915298461914, 0.7288545370101929]","[-0.5163261890411377, -16.90915298461914, 0.7288545370101929]","[-0.2823091745376587, 0.10622460395097733, -0.7758494019508362, 0.5541440844535828]","[[-0.2264519219840242, 0.7998883525218314, 0.555786280266271], [-0.9198410735497919, -0.3632815290712088, 0.14805132721837477], [0.32033133665483593, -0.4777085090096955, 0.8180357269746475]]","[-0.024239150807261467, -0.16351103782653809, -1.2644494771957397]",[0.0],"[-0.2823091745376587, 0.10622460395097733, -0.7758494019508362, 0.5541440844535828]",[0.44],"[-5.413194000720978, 1.5409469604492188, -3.7736379480361943]","[524.4401245117188, 515.7900390625, 669.857421875, 664.4104614257812]"
10.411895990372,"[64.83802032470703, -105.42311096191406, -29.7801570892334]","[64.83802032470703, -105.42311096191406, -29.7801570892334]","[-0.6161936521530151, -16.88335418701172, 0.833688497543335]","[-0.6161936521530151, -16.88335418701172, 0.833688497543335]","[-0.2859516441822052, 0.10000276565551758, -0.7860234379768372, 0.5388861894607544]","[[-0.2556667963753583, 0.7899624401124328, 0.5573096075497297], [-0.9043462611602848, -0.3992023757188665, 0.1509817484712883], [0.341749170271175, -0.4653998191422559, 0.8164622081014823]]","[-0.04391161724925041, -0.06605389714241028, -1.3503525257110596]",[0.0],"[-0.2859516441822052, 0.10000276565551758, -0.7860234379768372, 0.5388861894607544]",[0.44],"[-4.993373155593872, 1.2899398803710938, -4.568301973342896]","[541.3379516601562, 527.7376708984375, 669.857421875, 664.5169677734375]"
10.44390630722,"[64.81584167480469, -105.97984313964844, -29.750852584838867]","[64.81584167480469, -105.97984313964844, -29.750852584838867]","[-0.729293167591095, -16.857318878173828, 0.9405046105384827]","[-0.729293167591095, -16.857318878173828, 0.9405046105384827]","[-0.28885141015052795, 0.09439117461442947, -0.7980876564979553, 0.5202993154525757]","[[-0.29170720259898, 0.7759588749077877, 0.5592808170796335], [-0.8850189704803584, -0.4407580892006937, 0.1499135192534231], [0.36283416293302473, -0.45124324462190035, 0.8153103380179195]]","[-0.11433978378772736, 0.06637971848249435, -1.4369670152664185]",[0.0],"[-0.28885141015052795, 0.09439117461442947, -0.7980876564979553, 0.5202993154525757]",[0.44],"[-5.654975771903992, 1.3017654418945312, -4.469194350242615]","[553.652099609375, 538.7928466796875, 669.857421875, 665.924072265625]"
10.47390460968,"[64.79237365722656, -106.48523712158203, -29.721302032470703]","[64.79237365722656, -106.48523712158203, -29.721302032470703]","[-0.8365084528923035, -16.83544921875, 1.02736496925354]","[-0.8365084528923035, -16.83544921875, 1.02736496925354]","[-0.2905273139476776, 0.0906776562333107, -0.8097147941589355, 0.5017303824424744]","[[-0.32772097043962756, 0.759828354884315, 0.5614799987032368], [-0.8652056984864536, -0.4800883360589996, 0.14468668117036643], [0.37949705813953205, -0.438378840177446, 0.8147428850207622]]","[-0.16803865134716034, 0.16273704171180725, -1.5088022947311401]",[0.0],"[-0.2905273139476776, 0.0906776562333107, -0.8097147941589355, 0.5017303824424744]",[0.44],"[-5.360764265060425, 1.0934829711914062, -5.466982064247132]","[563.128173828125, 557.449462890625, 669.6224365234375, 669.4365844726562]"
10.504896402359,"[64.76560974121094, -106.98999786376953, -29.689315795898438]","[64.76560974121094, -106.98999786376953, -29.689315795898438]","[-0.9485015869140625, -16.814815521240234, 1.103599190711975]","[-0.9485015869140625, -16.814815521240234, 1.103599190711975]","[-0.29204061627388, 0.0864090770483017, -0.8214541077613831, 0.4821399450302124]","[[-0.36450675950877853, 0.7416417564961444, 0.5631184630590482], [-0.8425815969475172, -0.5201491454233551, 0.13964671077536117], [0.39647339242632995, -0.42357107593215026, 0.8144914997000661]]","[0.021073173731565475, -0.020690809935331345, -1.574330449104309]",[0.0],"[-0.29204061627388, 0.0864090770483017, -0.8214541077613831, 0.4821399450302124]",[0.44],"[-5.599656701087952, 1.0316848754882812, -5.998288927078248]","[537.2384033203125, 602.0888671875, 665.9913940429688, 669.8568725585938]"
10.53689622879,"[64.73224639892578, -107.5445556640625, -29.651613235473633]","[64.73224639892578, -107.5445556640625, -29.651613235473633]","[-1.0732016563415527, -16.79465103149414, 1.1808301210403442]","[-1.0732016563415527, -16.79465103149414, 1.1808301210403442]","[-0.2951258420944214, 0.07494757324457169, -0.833382785320282, 0.4612556993961334]","[[-0.4002880112068832, 0.7245671876817337, 0.5610455832392209], [-0.8130430503486838, -0.5632522590802651, 0.14733691872315635], [0.42276560197934954, -0.39717698809738433, 0.8145671971856164]]","[0.19762828946113586, -0.1836753487586975, -1.6394249200820923]",[0.0],"[-0.2951258420944214, 0.07494757324457169, -0.833382785320282, 0.4612556993961334]",[0.44],"[-6.235003471374512, 1.0082244873046875, -5.9484534835815435]","[594.5344848632812, 568.8323364257812, 669.838623046875, 667.46435546875]"
10.567896604538,"[64.69837188720703, -108.04818725585938, -29.615154266357422]","[64.69837188720703, -108.04818725585938, -29.615154266357422]","[-1.18498957157135, -16.78014373779297, 1.2492831945419312]","[-1.18498957157135, -16.78014373779297, 1.2492831945419312]","[-0.29738661646842957, 0.06531500071287155, -0.8443201780319214, 0.4409293532371521]","[[-0.43428522469995556, 0.7057234859161166, 0.5597776439638915], [-0.7834187141826523, -0.6026307253727925, 0.15195943086152575], [0.4445804398798492, -0.37254652298171287, 0.8145903020546735]]","[0.06451039761304855, -0.04191834107041359, -1.692735195159912]",[0.0],"[-0.29738661646842957, 0.06531500071287155, -0.8443201780319214, 0.4409293532371521]",[0.44],"[-5.589395761489868, 0.7253646850585938, -6.387346324920655]","[596.7683715820312, 583.0343017578125, 669.8572998046875, 666.6737060546875]"
10.598904371262,"[64.6572036743164, -108.60173797607422, -29.572786331176758]","[64.6572036743164, -108.60173797607422, -29.572786331176758]","[-1.311708927154541, -16.7684268951416, 1.3156670331954956]","[-1.311708927154541, -16.7684268951416, 1.3156670331954956]","[-0.2987920045852661, 0.05701981857419014, -0.8565933704376221, 0.4167972207069397]","[[-0.47400692397583755, 0.6799773403630409, 0.5594179043488858], [-0.7481256039345228, -0.6460577285635338, 0.15138575701277368], [0.4643550967211403, -0.3467569513096027, 0.8149441565713695]]","[-0.0889909490942955, 0.09386973828077316, -1.7406364679336548]",[0.0],"[-0.2987920045852661, 0.05701981857419014, -0.8565933704376221, 0.4167972207069397]",[0.44],"[-6.335967779159546, 0.5858421325683594, -6.490808067321778]","[623.0672607421875, 601.7864990234375, 668.112060546875, 669.8221435546875]"
10.629189252853,"[64.61601257324219, -109.10469055175781, -29.532604217529297]","[64.61601257324219, -109.10469055175781, -29.532604217529297]","[-1.4362993240356445, -16.761484146118164, 1.360217809677124]","[-1.4362993240356445, -16.761484146118164, 1.360217809677124]","[-0.29921409487724304, 0.052226755768060684, -0.8678237199783325, 0.39322417974472046]","[[-0.5116912859501759, 0.6512445779919533, 0.5604038241678846], [-0.7137525038140138, -0.6852941670604782, 0.1446691991062492], [0.47825653137739055, -0.32596366899840223, 0.8154865828174711]]","[-0.21725307404994965, 0.20812183618545532, -1.7662707567214966]",[0.0],"[-0.29921409487724304, 0.052226755768060684, -0.8678237199783325, 0.39322417974472046]",[0.44],"[-6.229519844055176, 0.347137451171875, -7.58246117591858]","[651.580078125, 643.9140625, 662.0315551757812, 659.8920288085938]"
10.659393072128,"[64.57095336914062, -109.60746002197266, -29.491294860839844]","[64.57095336914062, -109.60746002197266, -29.491294860839844]","[-1.5686479806900024, -16.755876541137695, 1.3923038244247437]","[-1.5686479806900024, -16.755876541137695, 1.3923038244247437]","[-0.2987478971481323, 0.04850374907255173, -0.8788079023361206, 0.36890891194343567]","[[-0.549311885765011, 0.6194193480377717, 0.5608709562312195], [-0.6773809201946737, -0.7231072705176871, 0.13517056740884037], [0.4892970950490896, -0.3056724793203873, 0.8167941605509518]]","[-0.23737245798110962, 0.2394452691078186, -1.7659556865692139]",[0.0],"[-0.2987478971481323, 0.04850374907255173, -0.8788079023361206, 0.36890891194343567]",[0.44],"[-6.6174328327178955, 0.2803802490234375, -8.205699262619019]","[663.1589965820312, 658.542236328125, 648.517578125, 656.0138549804688]"
10.691052436829,"[64.52190399169922, -110.11003875732422, -29.449066162109375]","[64.52190399169922, -110.11003875732422, -29.449066162109375]","[-1.7010422945022583, -16.74870491027832, 1.4237263202667236]","[-1.7010422945022583, -16.74870491027832, 1.4237263202667236]","[-0.2983282804489136, 0.04635323956608772, -0.8891398310661316, 0.3439215421676636]","[[-0.5854365240131603, 0.5839317192999447, 0.5623948690332652], [-0.6392456483118947, -0.7591388042078293, 0.12277402137411686], [0.498627358489121, -0.2876320677627535, 0.8177032285322465]]","[-0.415820837020874, 0.29479217529296875, -1.751572847366333]",[0.0],"[-0.2983282804489136, 0.04635323956608772, -0.8891398310661316, 0.3439215421676636]",[0.44],"[-6.619715690612793, 0.35858154296875, -8.238875207901001]","[669.848388671875, 656.79248046875, 633.016357421875, 635.7353515625]"
10.723089694977,"[64.46333312988281, -110.66258239746094, -29.40155601501465]","[64.46333312988281, -110.66258239746094, -29.40155601501465]","[-1.8489550352096558, -16.737529754638672, 1.4558531045913696]","[-1.8489550352096558, -16.737529754638672, 1.4558531045913696]","[-0.2971881926059723, 0.04645843803882599, -0.8999117016792297, 0.3157210350036621]","[[-0.6239989145684288, 0.540628309268036, 0.5642220765385737], [-0.595855906196257, -0.7963237852872229, 0.1040401434550926], [0.5055504519694871, -0.2712741115866084, 0.8190415834211762]]","[-0.5057874321937561, 0.36555594205856323, -1.724003553390503]",[0.0],"[-0.2971881926059723, 0.04645843803882599, -0.8999117016792297, 0.3157210350036621]",[0.44],"[-7.395637035369873, 0.5587577819824219, -8.2036607837677]","[669.857421875, 663.1824340820312, 611.0166015625, 617.2075805664062]"
10.7540807724,"[64.4058837890625, -111.16449737548828, -29.357372283935547]","[64.4058837890625, -111.16449737548828, -29.357372283935547]","[-1.9803378582000732, -16.72187042236328, 1.4907509088516235]","[-1.9803378582000732, -16.72187042236328, 1.4907509088516235]","[-0.2957366704940796, 0.04813436046242714, -0.9089530110359192, 0.289874792098999]","[[-0.6570249858567814, 0.49849493920455235, 0.5655273497023909], [-0.5554353212026326, -0.8273115090923753, 0.0839494679978201], [0.5097155987749336, -0.2589569555042659, 0.8204458101358987]]","[-0.6006729602813721, 0.3977642357349396, -1.6797826290130615]",[0.0],"[-0.2957366704940796, 0.04813436046242714, -0.9089530110359192, 0.289874792098999]",[0.44],"[-6.569141149520874, 0.7829666137695312, -8.065109786987305]","[669.857421875, 664.050048828125, 584.3388061523438, 590.1143188476562]"
10.785033941269,"[64.33811950683594, -111.71595764160156, -29.307552337646484]","[64.33811950683594, -111.71595764160156, -29.307552337646484]","[-2.1259469985961914, -16.69801902770996, 1.529358983039856]","[-2.1259469985961914, -16.69801902770996, 1.529358983039856]","[-0.29376256465911865, 0.051652148365974426, -0.9179440140724182, 0.26156166195869446]","[[-0.6905783148044091, 0.44985098866334994, 0.566335619115482], [-0.5105448589599177, -0.8578353147329736, 0.05884648845392171], [0.5122947320341167, -0.24850161008002836, 0.822071222348153]]","[-0.6782186627388, 0.42619675397872925, -1.6145247220993042]",[0.0],"[-0.29376256465911865, 0.051652148365974426, -0.9179440140724182, 0.26156166195869446]",[0.44],"[-7.280457019805908, 1.1925697326660156, -7.879596290588379]","[669.857421875, 665.736083984375, 560.140380859375, 566.85986328125]"
10.816033840179,"[64.27233123779297, -112.21649932861328, -29.261154174804688]","[64.27233123779297, -112.21649932861328, -29.261154174804688]","[-2.260378360748291, -16.669269561767578, 1.5631840229034424]","[-2.260378360748291, -16.669269561767578, 1.5631840229034424]","[-0.29170510172843933, 0.056139279156923294, -0.9251649379730225, 0.23627595603466034]","[[-0.7181635622377709, 0.4044362321437831, 0.566279388401809], [-0.46994068869350936, -0.8820440576580513, 0.03396961814401944], [0.5132219409862141, -0.24172198902027997, 0.8235130299226838]]","[-0.7370467185974121, 0.4370398223400116, -1.540830373764038]",[0.0],"[-0.29170510172843933, 0.056139279156923294, -0.9251649379730225, 0.23627595603466034]",[0.44],"[-6.7215681076049805, 1.4374732971191406, -8.11874800682068]","[669.857421875, 667.7512817382812, 538.1773071289062, 544.9474487304688]"
10.848068714142,"[64.1952133178711, -112.76595306396484, -29.20903968811035]","[64.1952133178711, -112.76595306396484, -29.20903968811035]","[-2.4147238731384277, -16.628894805908203, 1.5927150249481201]","[-2.4147238731384277, -16.628894805908203, 1.5927150249481201]","[-0.28922098875045776, 0.062226664274930954, -0.9320293664932251, 0.2092854231595993]","[[-0.7451017955050949, 0.3541258059909391, 0.5651711773724452], [-0.4261148354638924, -0.9046550406791098, 0.0050653170682535276], [0.5130786423140882, -0.23705363100085552, 0.8249581238388453]]","[-0.7794246673583984, 0.439862459897995, -1.4509385824203491]",[0.0],"[-0.28922098875045776, 0.062226664274930954, -0.9320293664932251, 0.2092854231595993]",[0.44],"[-7.717275619506836, 2.01873779296875, -8.333449897766114]","[669.857421875, 669.4052124023438, 537.7304077148438, 543.9977416992188]"
10.878690242767,"[64.12052154541016, -113.26416778564453, -29.161043167114258]","[64.12052154541016, -113.26416778564453, -29.161043167114258]","[-2.565946102142334, -16.583078384399414, 1.6048228740692139]","[-2.565946102142334, -16.583078384399414, 1.6048228740692139]","[-0.28681012988090515, 0.06853767484426498, -0.9373242855072021, 0.18564963340759277]","[[-0.7665484581492903, 0.30871322112925403, 0.5631161885525877], [-0.3873424188245296, -0.9216737336077774, -0.021991663267503014], [0.5122202117148014, -0.23497644514739946, 0.8260850730492802]]","[-0.8027393817901611, 0.43488308787345886, -1.3714183568954468]",[0.0],"[-0.28681012988090515, 0.06853767484426498, -0.9373242855072021, 0.18564963340759277]",[0.44],"[-7.5611114501953125, 2.290821075439453, -9.204607543945313]","[668.9837646484375, 669.8566284179688, 544.1375732421875, 549.4776611328125]"
10.909129142761,"[64.0411605834961, -113.7608642578125, -29.112869262695312]","[64.0411605834961, -113.7608642578125, -29.112869262695312]","[-2.7254505157470703, -16.527313232421875, 1.6053504943847656]","[-2.7254505157470703, -16.527313232421875, 1.6053504943847656]","[-0.2842886447906494, 0.07534930109977722, -0.9417818784713745, 0.16293974220752716]","[[-0.7852612475865914, 0.26406549159653636, 0.5600305792314684], [-0.3497492943788494, -0.9355462803479497, -0.049281375673075445], [0.5109209964446082, -0.23456904965193814, 0.8270048985337421]]","[-0.8120844960212708, 0.4260654151439667, -1.293625831604004]",[0.0],"[-0.2842886447906494, 0.07534930109977722, -0.9417818784713745, 0.16293974220752716]",[0.44],"[-7.975220680236816, 2.788257598876953, -9.783618984222413]","[668.3123779296875, 669.857421875, 541.9583129882812, 546.6913452148438]"
10.94113111496,"[63.94821548461914, -114.30509185791016, -29.060041427612305]","[63.94821548461914, -114.30509185791016, -29.060041427612305]","[-2.909256935119629, -16.453357696533203, 1.5934418439865112]","[-2.909256935119629, -16.453357696533203, 1.5934418439865112]","[-0.28140902519226074, 0.08320432156324387, -0.945798397064209, 0.13910934329032898]","[[-0.8029151340320535, 0.21630989375550413, 0.555461406955644], [-0.30996768184708756, -0.9474512946977711, -0.07909577854572802], [0.5091634128293232, -0.23568227730759617, 0.8277720028270837]]","[-0.8105234503746033, 0.4129895865917206, -1.2105591297149658]",[0.0],"[-0.28140902519226074, 0.08320432156324387, -0.945798397064209, 0.13910934329032898]",[0.44],"[-9.19032096862793, 3.6977767944335938, -10.40543251991272]","[667.552978515625, 669.857421875, 552.1273803710938, 556.059326171875]"
10.972128629684,"[63.85832214355469, -114.79752349853516, -29.012571334838867]","[63.85832214355469, -114.79752349853516, -29.012571334838867]","[-3.084869146347046, -16.37363624572754, 1.5689680576324463]","[-3.084869146347046, -16.37363624572754, 1.5689680576324463]","[-0.27872365713119507, 0.0905010923743248, -0.9487267732620239, 0.118491530418396]","[[-0.8165458760502355, 0.17438258374356774, 0.5503124176036795], [-0.2752817655073274, -0.9555387346975195, -0.1056688332953879], [0.5074179658437981, -0.2377744040845382, 0.8282453504689319]]","[-0.7998267412185669, 0.39932960271835327, -1.1414246559143066]",[0.0],"[-0.27872365713119507, 0.0905010923743248, -0.9487267732620239, 0.118491530418396]",[0.44],"[-8.78061056137085, 3.986072540283203, -11.033689317703248]","[667.0747680664062, 669.857421875, 563.7815551757812, 566.8773803710938]"
11.003140687943,"[63.75322723388672, -115.33621978759766, -28.961423873901367]","[63.75322723388672, -115.33621978759766, -28.961423873901367]","[-3.2854528427124023, -16.271617889404297, 1.5288293361663818]","[-3.2854528427124023, -16.271617889404297, 1.5288293361663818]","[-0.2757144570350647, 0.09853500872850418, -0.9512509703636169, 0.09692245721817017]","[[-0.8291751131256984, 0.13006011009657126, 0.5436477999317271], [-0.23873021581867082, -0.9617937408717268, -0.13401720000272999], [0.5054467792598052, -0.24090889066837828, 0.8285447804734661]]","[-0.7809693217277527, 0.3838197886943817, -1.0720669031143188]",[0.0],"[-0.2757144570350647, 0.09853500872850418, -0.9512509703636169, 0.09692245721817017]",[0.44],"[-10.029184818267822, 5.100917816162109, -11.816936073303223]","[666.8150024414062, 669.857421875, 574.102294921875, 576.542236328125]"
11.033829689026,"[63.651878356933594, -115.82280731201172, -28.91621208190918]","[63.651878356933594, -115.82280731201172, -28.91621208190918]","[-3.470804452896118, -16.166210174560547, 1.4850258827209473]","[-3.470804452896118, -16.166210174560547, 1.4850258827209473]","[-0.2729402184486389, 0.10574626922607422, -0.9529908299446106, 0.0782938003540039]","[[-0.8387475908275022, 0.0915017279123731, 0.5367776051911974], [-0.20695136720314622, -0.9653757696106169, -0.1588113958030135], [0.5036604960273294, -0.2442895036901973, 0.8286427273959518]]","[-0.7593209147453308, 0.369964599609375, -1.0112148523330688]",[0.0],"[-0.2729402184486389, 0.10574626922607422, -0.9529908299446106, 0.0782938003540039]",[0.44],"[-9.267580509185791, 5.2703857421875, -12.000172672271729]","[666.7444458007812, 669.857421875, 570.4490356445312, 572.4476318359375]"
11.06493639946,"[63.545013427734375, -116.30609130859375, -28.872299194335938]","[63.545013427734375, -116.30609130859375, -28.872299194335938]","[-3.6514368057250977, -16.05094337463379, 1.445165991783142]","[-3.6514368057250977, -16.05094337463379, 1.445165991783142]","[-0.2701326608657837, 0.11282920092344284, -0.9542630910873413, 0.06066223606467247]","[[-0.8466969511851801, 0.05481776126106919, 0.5292441991656749], [-0.1767331703363082, -0.9671794029559919, -0.18256378159180198], [0.50186631268005, -0.2481111865606751, 0.8285958339050977]]","[-0.7347970008850098, 0.35325995087623596, -0.9414492845535278]",[0.0],"[-0.2701326608657837, 0.11282920092344284, -0.9542630910873413, 0.06066223606467247]",[0.44],"[-9.031617641448975, 5.763339996337891, -11.80299454689026]","[665.8614501953125, 669.857421875, 536.5227661132812, 539.1849975585938]"
11.096432685852,"[63.42143630981445, -116.83358764648438, -28.8250732421875]","[63.42143630981445, -116.83358764648438, -28.8250732421875]","[-3.8360581398010254, -15.91654109954834, 1.418894648551941]","[-3.8360581398010254, -15.91654109954834, 1.418894648551941]","[-0.2670786380767822, 0.12050553411245346, -0.9551542401313782, 0.04275317117571831]","[[-0.8536824123853561, 0.017302837592161335, 0.5205065746701667], [-0.1460406533180385, -0.9673012427157985, -0.20736582627146394], [0.4998985997600424, -0.2530396611957615, 0.828294834662647]]","[-0.7039045095443726, 0.33270028233528137, -0.8406984806060791]",[0.0],"[-0.2670786380767822, 0.12050553411245346, -0.9551542401313782, 0.04275317117571831]",[0.44],"[-9.231066703796387, 6.720113754272461, -11.123567161560059]","[666.2833251953125, 669.857421875, 501.0213928222656, 502.2492370605469]"
11.127400875092,"[63.30394744873047, -117.30915832519531, -28.782745361328125]","[63.30394744873047, -117.30915832519531, -28.782745361328125]","[-3.9955332279205322, -15.78709602355957, 1.4038951396942139]","[-3.9955332279205322, -15.78709602355957, 1.4038951396942139]","[-0.2642582058906555, 0.12738358974456787, -0.9555894732475281, 0.02810237742960453]","[[-0.8587556406354011, -0.013615645681703592, 0.5122042829714561], [-0.12103298986153965, -0.9659672815240725, -0.22860026716716297], [0.49788515610209716, -0.25830540253040035, 0.8278820433664791]]","[-0.669915497303009, 0.3166678249835968, -0.7359564900398254]",[0.0],"[-0.2642582058906555, 0.12738358974456787, -0.9555894732475281, 0.02810237742960453]",[0.44],"[-7.973754405975342, 6.472253799438477, -10.559975442886353]","[666.18798828125, 669.857421875, 486.86944580078125, 487.4248046875]"
11.157433748245,"[63.18177032470703, -117.78075408935547, -28.74078941345215]","[63.18177032470703, -117.78075408935547, -28.74078941345215]","[-4.1479411125183105, -15.651400566101074, 1.395723819732666]","[-4.1479411125183105, -15.651400566101074, 1.395723819732666]","[-0.2613748610019684, 0.1341307908296585, -0.955751895904541, 0.015180232003331184]","[[-0.8629055111474284, -0.04109976258346304, 0.5036913109360033], [-0.09913390465328131, -0.9635570089778458, -0.24845605320954645], [0.4955467648416653, -0.2643269773289397, 0.8273842259752242]]","[-0.6309694051742554, 0.3006633520126343, -0.6214271783828735]",[0.0],"[-0.2613748610019684, 0.1341307908296585, -0.955751895904541, 0.015180232003331184]",[0.44],"[-7.620394229888916, 6.784772872924805, -10.218565998077393]","[665.9417724609375, 669.857421875, 457.8393249511719, 457.74041748046875]"
11.188399553299,"[63.05516815185547, -118.24821472167969, -28.698904037475586]","[63.05516815185547, -118.24821472167969, -28.698904037475586]","[-4.2915239334106445, -15.511306762695312, 1.397132158279419]","[-4.2915239334106445, -15.511306762695312, 1.397132158279419]","[-0.25843507051467896, 0.14073258638381958, -0.9557133913040161, 0.004196061287075281]","[[-0.8663874943762053, -0.0647200078460507, 0.495160760462063], [-0.08076093569721154, -0.960353543979501, -0.2668312160105128], [0.4927986702318425, -0.27116885358894965, 0.8268113069155874]]","[-0.5858070254325867, 0.28148290514945984, -0.49488213658332825]",[0.0],"[-0.25843507051467896, 0.14073258638381958, -0.9557133913040161, 0.004196061287075281]",[0.44],"[-7.179141044616699, 7.004690170288086, -9.739583072662354]","[663.4830322265625, 669.857421875, 449.3475646972656, 445.875732421875]"
11.22039937973,"[62.911014556884766, -118.75747680664062, -28.65271759033203]","[62.911014556884766, -118.75747680664062, -28.65271759033203]","[-4.442756175994873, -15.35190200805664, 1.4040627479553223]","[-4.442756175994873, -15.35190200805664, 1.4040627479553223]","[-0.2553292512893677, 0.14627833664417267, -0.9557108879089355, -0.005137687548995018]","[[-0.8695613060781437, -0.08451856420891879, 0.4865388261400417], [-0.06487798849192394, -0.9571526556633501, -0.2822232018225761], [0.48954495569549955, -0.2769759941616017, 0.82681924332925]]","[-0.25753074884414673, 0.23064281046390533, -0.3607316315174103]",[0.0],"[-0.2553292512893677, 0.14627833664417267, -0.9557108879089355, -0.005137687548995018]",[0.44],"[-7.561612129211426, 7.970237731933594, -9.463470516204834]","[644.3567504882812, 669.857421875, 451.6337890625, 424.2128601074219]"
11.250257730484,"[62.775726318359375, -119.21583557128906, -28.6104679107666]","[62.775726318359375, -119.21583557128906, -28.6104679107666]","[-4.576258659362793, -15.204334259033203, 1.411859393119812]","[-4.576258659362793, -15.204334259033203, 1.411859393119812]","[-0.2529308795928955, 0.1469346433877945, -0.9562055468559265, -0.010352346114814281]","[[-0.8718376745310796, -0.09412655874540221, 0.48066558350653577], [-0.054530675633570946, -0.9566061553793546, -0.2862362980827533], [0.48675005664496485, -0.275762586048073, 0.8288723614417317]]","[-0.07587756216526031, 0.19753195345401764, -0.2313985973596573]",[0.0],"[-0.2529308795928955, 0.1469346433877945, -0.9562055468559265, -0.010352346114814281]",[0.44],"[-6.675124168395996, 7.378387451171875, -9.420167741775513]","[666.5973510742188, 669.3594970703125, 422.8372497558594, 426.231201171875]"
11.282257556915,"[62.62235641479492, -119.71492004394531, -28.563684463500977]","[62.62235641479492, -119.71492004394531, -28.563684463500977]","[-4.718257427215576, -15.04275894165039, 1.4234083890914917]","[-4.718257427215576, -15.04275894165039, 1.4234083890914917]","[-0.2507692575454712, 0.14740407466888428, -0.9566633701324463, -0.013491976074874401]","[[-0.8738655299643199, -0.09974337933085797, 0.47582598160058054], [-0.04811426212471526, -0.9561800485661536, -0.2887989033342142], [0.4837810705956669, -0.27526541204174415, 0.8307736364822063]]","[-0.041684169322252274, 0.11317594349384308, -0.08035311102867126]",[0.0],"[-0.2507692575454712, 0.14740407466888428, -0.9566633701324463, -0.013491976074874401]",[0.44],"[-7.09993839263916, 8.078765869140625, -9.232550201416016]","[660.130859375, 669.8568115234375, 423.7608947753906, 426.2518310546875]"
11.31277346611,"[62.478904724121094, -120.16402435302734, -28.520809173583984]","[62.478904724121094, -120.16402435302734, -28.520809173583984]","[-4.8453497886657715, -14.896440505981445, 1.4337451457977295]","[-4.8453497886657715, -14.896440505981445, 1.4337451457977295]","[-0.2500684857368469, 0.146133154630661, -0.9570412635803223, -0.01352639589458704]","[[-0.8745657581554571, -0.09897723142616233, 0.4746984093367011], [-0.04719595535158927, -0.956924455508279, -0.28647596859508584], [0.482605028948138, -0.2729458672397399, 0.8322217071179434]]","[0.23265975713729858, 0.007325967773795128, 0.046700358390808105]",[0.0],"[-0.2500684857368469, 0.146133154630661, -0.9570412635803223, -0.01352639589458704]",[0.44],"[-6.354618072509766, 7.315921783447266, -9.29316216468811]","[648.3318481445312, 669.857421875, 451.99755859375, 427.48297119140625]"
11.344783782959,"[62.3315544128418, -120.60871124267578, -28.47780418395996]","[62.3315544128418, -120.60871124267578, -28.47780418395996]","[-4.979012489318848, -14.748679161071777, 1.4305763244628906]","[-4.979012489318848, -14.748679161071777, 1.4305763244628906]","[-0.24979417026042938, 0.14179471135139465, -0.9578003883361816, -0.01075043249875307]","[[-0.8749746481283314, -0.09143252138285263, 0.4754571976129804], [-0.05024544769450223, -0.9595574227860735, -0.27699284992469875], [0.48155461550523376, -0.2662512684608316, 0.8349942646733566]]","[0.3578058183193207, 0.014870086684823036, 0.16884852945804596]",[0.0],"[-0.24979417026042938, 0.14179471135139465, -0.9578003883361816, -0.01075043249875307]",[0.44],"[-6.683135032653809, 7.388067245483398, -9.968441066741944]","[669.7044067382812, 664.6913452148438, 460.56121826171875, 466.58660888671875]"
11.376776456833,"[62.164756774902344, -121.09278106689453, -28.430795669555664]","[62.164756774902344, -121.09278106689453, -28.430795669555664]","[-5.130515098571777, -14.588522911071777, 1.416736364364624]","[-5.130515098571777, -14.588522911071777, 1.416736364364624]","[-0.2491004467010498, 0.13789428770542145, -0.9585927724838257, -0.005836335942149162]","[[-0.8758298760800263, -0.07988839623375066, 0.47596218088513315], [-0.05750971842602359, -0.9619022720097803, -0.267276602903018], [0.479181370435342, -0.26146126734187103, 0.8378682657431038]]","[0.26440224051475525, 0.0038056792691349983, 0.2951003909111023]",[0.0],"[-0.2491004467010498, 0.13789428770542145, -0.9585927724838257, -0.005836335942149162]",[0.44],"[-7.575130462646484, 8.0078125, -10.50199800491333]","[669.8567504882812, 668.727783203125, 476.4584655761719, 482.59967041015625]"
11.407782316208,"[62.00872802734375, -121.52828979492188, -28.388587951660156]","[62.00872802734375, -121.52828979492188, -28.388587951660156]","[-5.271503448486328, -14.445154190063477, 1.3960070610046387]","[-5.271503448486328, -14.445154190063477, 1.3960070610046387]","[-0.24848738312721252, 0.13546553254127502, -0.9591158032417297, 0.0001701094297459349]","[[-0.8765080690694393, -0.06699664208553184, 0.4767024400559654], [-0.06764926065493089, -0.9632982072028771, -0.2597697260157017], [0.4766102641980021, -0.259938806203873, 0.8398062198397973]]","[0.25884854793548584, -0.015356501564383507, 0.4023320972919464]",[0.0],"[-0.24848738312721252, 0.13546553254127502, -0.9591158032417297, 0.0001701094297459349]",[0.44],"[-7.049417495727539, 7.168436050415039, -10.846465167999268]","[668.886474609375, 669.85595703125, 495.0653381347656, 497.33221435546875]"
11.438784837723,"[61.832149505615234, -122.0024185180664, -28.343027114868164]","[61.832149505615234, -122.0024185180664, -28.343027114868164]","[-5.432209491729736, -14.28884506225586, 1.3608174324035645]","[-5.432209491729736, -14.28884506225586, 1.3608174324035645]","[-0.24796172976493835, 0.13334009051322937, -0.9595119953155518, 0.00849639531224966]","[[-0.8768856977850152, -0.04982169254325486, 0.4781103284172464], [-0.08243126541944035, -0.9642965771649035, -0.2516692708510257], [0.4735786879373602, -0.26009639436459425, 0.841470801667807]]","[0.24628093838691711, -0.05276134982705116, 0.5050739049911499]",[0.0],"[-0.24796172976493835, 0.13334009051322937, -0.9595119953155518, 0.00849639531224966]",[0.44],"[-8.03530216217041, 7.815456390380859, -11.569481430053711]","[667.6619873046875, 669.857421875, 543.444580078125, 546.641845703125]"
11.469781160355,"[61.666847229003906, -122.42893981933594, -28.30295181274414]","[61.666847229003906, -122.42893981933594, -28.30295181274414]","[-5.588183403015137, -14.14578914642334, 1.3095715045928955]","[-5.588183403015137, -14.14578914642334, 1.3095715045928955]","[-0.24774453043937683, 0.13175909221172333, -0.9596675038337708, 0.01733383722603321]","[[-0.8766443525899956, -0.03201574825708753, 0.4800725315453486], [-0.09855462946736027, -0.9646781405543354, -0.24430111153190393], [0.470936968915557, -0.2614785649890087, 0.8425243785138306]]","[0.25343528389930725, -0.06979832053184509, 0.5752497911453247]",[0.0],"[-0.24774453043937683, 0.13175909221172333, -0.9596675038337708, 0.01733383722603321]",[0.44],"[-7.7986955642700195, 7.152795791625977, -12.372296390533448]","[668.1272583007812, 669.857421875, 566.3394165039062, 567.171630859375]"
11.500780105591,"[61.49680709838867, -122.85120391845703, -28.26453971862793]","[61.49680709838867, -122.85120391845703, -28.26453971862793]","[-5.748412609100342, -14.00490665435791, 1.2493304014205933]","[-5.748412609100342, -14.00490665435791, 1.2493304014205933]","[-0.24772478640079498, 0.13025781512260437, -0.9596495032310486, 0.02717050537467003]","[[-0.8757885349042258, -0.012387854885885563, 0.48253627774684404], [-0.11668450282724008, -0.9645894776978357, -0.23654207986805453], [0.46837959508331806, -0.2634653104294217, 0.8433306636043318]]","[0.26337435841560364, -0.12017261981964111, 0.6309508085250854]",[0.0],"[-0.24772478640079498, 0.13025781512260437, -0.9596495032310486, 0.02717050537467003]",[0.44],"[-8.011460304260254, 7.044124603271484, -12.822055158615113]","[665.5732421875, 669.857421875, 589.7755737304688, 593.439208984375]"
11.531780481339,"[61.30419921875, -123.31090545654297, -28.224397659301758]","[61.30419921875, -123.31090545654297, -28.224397659301758]","[-5.926214218139648, -13.85497760772705, 1.1805946826934814]","[-5.926214218139648, -13.85497760772705, 1.1805946826934814]","[-0.2509634494781494, 0.12845806777477264, -0.9586315155029297, 0.03926178067922592]","[[-0.8709517153837436, 0.010798601023630283, 0.49124992878506313], [-0.13975172023184967, -0.9639140709788308, -0.22658136055519051], [0.4710759588512621, -0.2659944482028429, 0.8410317436992005]]","[0.2837480306625366, -0.4621311128139496, 0.6706136465072632]",[0.0],"[-0.2509634494781494, 0.12845806777477264, -0.9586315155029297, 0.03926178067922592]",[0.44],"[-8.890080451965332, 7.496452331542969, -13.246785936355591]","[653.7222900390625, 669.857421875, 614.4638061523438, 629.6380615234375]"
11.562774419785,"[61.123779296875, -123.72451782226562, -28.190204620361328]","[61.123779296875, -123.72451782226562, -28.190204620361328]","[-6.1008124351501465, -13.71990966796875, 1.102237343788147]","[-6.1008124351501465, -13.71990966796875, 1.102237343788147]","[-0.25590312480926514, 0.12645858526229858, -0.9570404291152954, 0.0509449727833271]","[[-0.8638363134954616, 0.03279050297248265, 0.5027041311276199], [-0.16223509148280701, -0.9628255844966702, -0.21597800195233408], [0.4769344143899965, -0.26812591286663956, 0.8370436338526233]]","[0.30916303396224976, -0.38236889243125916, 0.6701878905296326]",[0.0],"[-0.25590312480926514, 0.12645858526229858, -0.9570404291152954, 0.0509449727833271]",[0.44],"[-8.729910850524902, 6.753396987915039, -13.727866945266724]","[622.9628295898438, 616.2050170898438, 669.6212768554688, 661.8213500976562]"
11.593774557114,"[60.93826675415039, -124.1342544555664, -28.15799903869629]","[60.93826675415039, -124.1342544555664, -28.15799903869629]","[-6.264518737792969, -13.596625328063965, 1.0478540658950806]","[-6.264518737792969, -13.596625328063965, 1.0478540658950806]","[-0.2594745457172394, 0.1241193562746048, -0.9557176828384399, 0.06221785023808479]","[[-0.8576038077841983, 0.054513772153324425, 0.5114137022175554], [-0.18333702648960148, -0.9614466583304893, -0.20495823029626759], [0.48052394413619204, -0.26953402400038873, 0.83453469104562]]","[0.3261045813560486, -0.35191699862480164, 0.6345615386962891]",[0.0],"[-0.2594745457172394, 0.1241193562746048, -0.9557176828384399, 0.06221785023808479]",[0.44],"[-8.185315132141113, 6.164216995239258, -12.52916389465332]","[602.108154296875, 604.4849853515625, 668.47509765625, 669.7301025390625]"
11.624340057373,"[60.72869110107422, -124.58086395263672, -28.124130249023438]","[60.72869110107422, -124.58086395263672, -28.124130249023438]","[-6.434934139251709, -13.472295761108398, 1.0081413984298706]","[-6.434934139251709, -13.472295761108398, 1.0081413984298706]","[-0.26333463191986084, 0.12112105637788773, -0.9542080163955688, 0.07397087663412094]","[[-0.8503664977033232, 0.0773764693301402, 0.5204708949832616], [-0.2049579445262033, -0.9597161338438696, -0.19219117875768887], [0.48463317210676904, -0.27010755304263157, 0.8319691226670719]]","[0.3379155099391937, -0.3300076425075531, 0.5848439931869507]",[0.0],"[-0.26333463191986084, 0.12112105637788773, -0.9542080163955688, 0.07397087663412094]",[0.44],"[-8.520770072937012, 6.21647834777832, -11.795633373260499]","[596.9985961914062, 594.4091796875, 669.853759765625, 667.2532958984375]"
11.655782461166,"[60.53342819213867, -124.98347473144531, -28.094213485717773]","[60.53342819213867, -124.98347473144531, -28.094213485717773]","[-6.579840660095215, -13.369231224060059, 0.9910973906517029]","[-6.579840660095215, -13.369231224060059, 0.9910973906517029]","[-0.26641160249710083, 0.11810314655303955, -0.952910840511322, 0.0838896781206131]","[[-0.8439748463794459, 0.09695067030998494, 0.5275482780136933], [-0.2228068644425658, -0.9580284238181349, -0.1803851701356205], [0.48791773821622897, -0.26978190445993455, 0.830153009658396]]","[0.34183982014656067, -0.3016068637371063, 0.5306711196899414]",[0.0],"[-0.26641160249710083, 0.11810314655303955, -0.952910840511322, 0.0838896781206131]",[0.44],"[-7.245326042175293, 5.153226852416992, -10.662200388908387]","[560.965087890625, 559.7118530273438, 669.857421875, 669.2352905273438]"
11.68656039238,"[60.3340950012207, -125.3831558227539, -28.0643310546875]","[60.3340950012207, -125.3831558227539, -28.0643310546875]","[-6.706762790679932, -13.277642250061035, 1.0042243003845215]","[-6.706762790679932, -13.277642250061035, 1.0042243003845215]","[-0.26927506923675537, 0.11482914537191391, -0.9516782164573669, 0.09281069040298462]","[[-0.8377543206126381, 0.1148105724809394, 0.5338411797760427], [-0.23849307676261766, -0.9564009811838687, -0.16857758236138398], [0.49121169073463467, -0.268544002698083, 0.8286104089213929]]","[0.33406996726989746, -0.28190791606903076, 0.4534197747707367]",[0.0],"[-0.26927506923675537, 0.11482914537191391, -0.9516782164573669, 0.09281069040298462]",[0.44],"[-6.34610652923584, 4.579448699951172, -9.15365451335907]","[543.8104858398438, 539.246826171875, 668.826416015625, 669.7932739257812]"
11.717691421509,"[60.11056137084961, -125.81977081298828, -28.03077507019043]","[60.11056137084961, -125.81977081298828, -28.03077507019043]","[-6.839653015136719, -13.184364318847656, 1.0305697917938232]","[-6.839653015136719, -13.184364318847656, 1.0305697917938232]","[-0.27222809195518494, 0.11139622330665588, -0.9503978490829468, 0.101127028465271]","[[-0.831330380216956, 0.1315714580315177, 0.5399803241988366], [-0.25287218331865624, -0.9547284111821046, -0.15668222604482196], [0.4949196480178131, -0.26680069806161555, 0.8269654947669061]]","[0.2890707552433014, -0.2549862861633301, 0.36779841780662537]",[0.0],"[-0.27222809195518494, 0.11139622330665588, -0.9503978490829468, 0.101127028465271]",[0.44],"[-6.6445112228393555, 4.663896560668945, -8.492725429534913]","[546.5673217773438, 543.6697998046875, 669.6519775390625, 669.1834106445312]"
11.749664068222,"[59.90363311767578, -126.214111328125, -27.999366760253906]","[59.90363311767578, -126.214111328125, -27.999366760253906]","[-6.954033851623535, -13.10557746887207, 1.0653868913650513]","[-6.954033851623535, -13.10557746887207, 1.0653868913650513]","[-0.2746957242488861, 0.10821190476417542, -0.9493668079376221, 0.10740188509225845]","[[-0.8260143046927215, 0.14447687452994806, 0.5448183308907493], [-0.2633782647361347, -0.9535101538685797, -0.14645990399140318], [0.49832968064636374, -0.2644712584358575, 0.8256648854933779]]","[0.2885296642780304, -0.2313234955072403, 0.28819042444229126]",[0.0],"[-0.2746957242488861, 0.10821190476417542, -0.9493668079376221, 0.10740188509225845]",[0.44],"[-5.71904182434082, 3.939342498779297, -8.0691450214386]","[540.4646606445312, 536.5799560546875, 669.4935302734375, 669.683837890625]"
11.780663251877,"[59.672203063964844, -126.645263671875, -27.963361740112305]","[59.672203063964844, -126.645263671875, -27.963361740112305]","[-7.068902492523193, -13.02587604522705, 1.1209853887557983]","[-7.068902492523193, -13.02587604522705, 1.1209853887557983]","[-0.2771916389465332, 0.10465236753225327, -0.948414146900177, 0.11279776692390442]","[[-0.8208830241409926, 0.15594047322695914, 0.5493940502805521], [-0.2719755183305601, -0.9526491974845115, -0.1359743759820793], [0.5021758368368006, -0.26104076751466376, 0.8244253545360579]]","[0.2573038935661316, -0.20480501651763916, 0.19092850387096405]",[0.0],"[-0.2771916389465332, 0.10465236753225327, -0.948414146900177, 0.11279776692390442]",[0.44],"[-5.74343204498291, 3.9850711822509766, -7.030075130462647]","[518.4938354492188, 514.3021240234375, 669.6900024414062, 669.803955078125]"
11.811654090881,"[59.45866775512695, -127.03502655029297, -27.928817749023438]","[59.45866775512695, -127.03502655029297, -27.928817749023438]","[-7.165204048156738, -12.958551406860352, 1.1841468811035156]","[-7.165204048156738, -12.958551406860352, 1.1841468811035156]","[-0.2792300581932068, 0.10170848667621613, -0.9477389454841614, 0.11609014123678207]","[[-0.8171074500987925, 0.16324616276702475, 0.5528891069654642], [-0.27684642938039605, -0.9523570683720237, -0.1279544740322054], [0.505659696632579, -0.2576179016050224, 0.8233719166789046]]","[0.14158639311790466, -0.14767248928546906, 0.09822788834571838]",[0.0],"[-0.2792300581932068, 0.10170848667621613, -0.9477389454841614, 0.11609014123678207]",[0.44],"[-4.815077781677246, 3.366231918334961, -6.651925382614136]","[528.29248046875, 489.4722595214844, 662.4703979492188, 669.8518676757812]"
11.842653751373,"[59.24236297607422, -127.4228286743164, -27.892192840576172]","[59.24236297607422, -127.4228286743164, -27.892192840576172]","[-7.253324508666992, -12.894864082336426, 1.2595586776733398]","[-7.253324508666992, -12.894864082336426, 1.2595586776733398]","[-0.28001415729522705, 0.10185835510492325, -0.9473963975906372, 0.11686309427022934]","[[-0.8158701173447946, 0.16438778610945448, 0.5543757729014266], [-0.27847491198218677, -0.9519357249069458, -0.12755383565984246], [0.506761842682078, -0.25844711910380624, 0.8224338944191264]]","[-0.10684023052453995, 0.023521635681390762, -0.0028469497337937355]",[0.0],"[-0.28001415729522705, 0.10185835510492325, -0.9473963975906372, 0.11686309427022934]",[0.44],"[-4.406023025512695, 3.184366226196289, -6.03941017150879]","[500.91912841796875, 480.6830139160156, 669.5775146484375, 666.76171875]"
11.87383389473,"[59.00148391723633, -127.84722900390625, -27.849140167236328]","[59.00148391723633, -127.84722900390625, -27.849140167236328]","[-7.344563007354736, -12.825725555419922, 1.3498809337615967]","[-7.344563007354736, -12.825725555419922, 1.3498809337615967]","[-0.27973437309265137, 0.10272829234600067, -0.9475513100624084, 0.11550816893577576]","[[-0.8168131744986238, 0.1614265646794344, 0.5538572572804279], [-0.27637310251258285, -0.9522096093810504, -0.13005744553719545], [0.5063934294932855, -0.25930386643451264, 0.8223911569242719]]","[-0.0243462435901165, 0.019857190549373627, -0.12382958829402924]",[0.0],"[-0.27973437309265137, 0.10272829234600067, -0.9475513100624084, 0.11550816893577576]",[0.44],"[-4.561924934387207, 3.4569263458251953, -5.293887195587159]","[471.6509094238281, 479.3617858886719, 669.4852294921875, 668.9627685546875]"
11.904852390289,"[58.77994155883789, -128.2310791015625, -27.80735206604004]","[58.77994155883789, -128.2310791015625, -27.80735206604004]","[-7.422651290893555, -12.763679504394531, 1.437988042831421]","[-7.422651290893555, -12.763679504394531, 1.437988042831421]","[-0.27981892228126526, 0.10255182534456253, -0.9478815197944641, 0.11271760612726212]","[[-0.8179925048987293, 0.15629398911522197, 0.5535891631520699], [-0.2710777540987901, -0.9535560096690237, -0.1313329219932915], [0.5073515781247891, -0.25749499826791, 0.8223689877036992]]","[-0.06885844469070435, 0.029845738783478737, -0.24440070986747742]",[0.0],"[-0.27981892228126526, 0.10255182534456253, -0.9478815197944641, 0.11271760612726212]",[0.44],"[-3.904414176940918, 3.1023025512695312, -5.40464454650879]","[450.45623779296875, 443.35333251953125, 669.089111328125, 669.8562622070312]"
11.936853885651,"[58.533653259277344, -128.6511688232422, -27.75819206237793]","[58.533653259277344, -128.6511688232422, -27.75819206237793]","[-7.503747463226318, -12.696152687072754, 1.5410901308059692]","[-7.503747463226318, -12.696152687072754, 1.5410901308059692]","[-0.2798675298690796, 0.10238593816757202, -0.9485084414482117, 0.10734567791223526]","[[-0.8203022876659389, 0.14632756408889858, 0.5528948050187195], [-0.26094556252204537, -0.9559881955470715, -0.13414271383623522], [0.5089320532536066, -0.2543129927139116, 0.8223825707810519]]","[-0.07917490601539612, 0.04777209460735321, -0.38808968663215637]",[0.0],"[-0.2798675298690796, 0.10238593816757202, -0.9485084414482117, 0.10734567791223526]",[0.44],"[-4.054808616638184, 3.376340866088867, -4.6548956012725835]","[438.7207336425781, 435.3245544433594, 669.8568725585938, 669.0633544921875]"
11.966854333878,"[58.30742645263672, -129.03114318847656, -27.710567474365234]","[58.30742645263672, -129.03114318847656, -27.710567474365234]","[-7.578185081481934, -12.634041786193848, 1.6330468654632568]","[-7.578185081481934, -12.634041786193848, 1.6330468654632568]","[-0.27987030148506165, 0.10188023000955582, -0.949321985244751, 0.10040359944105148]","[[-0.8231836258716703, 0.1336041873179119, 0.5518323440433747], [-0.24765719007047915, -0.959079234644749, -0.13723431312822187], [0.5109157768240081, -0.24963425571123166, 0.8225860661597214]]","[-0.11561296135187149, 0.06822673231363297, -0.519827127456665]",[0.0],"[-0.27987030148506165, 0.10188023000955582, -0.949321985244751, 0.10040359944105148]",[0.44],"[-3.7218809127807617, 3.1055450439453125, -5.212163267135621]","[443.8319396972656, 436.9943542480469, 667.2989501953125, 669.8495483398438]"
11.998850345612,"[58.07889175415039, -129.40921020507812, -27.66029930114746]","[58.07889175415039, -129.40921020507812, -27.66029930114746]","[-7.658233165740967, -12.569753646850586, 1.7161256074905396]","[-7.658233165740967, -12.569753646850586, 1.7161256074905396]","[-0.27988702058792114, 0.10153982788324356, -0.950263261795044, 0.09139294922351837]","[[-0.8266212067278298, 0.11685536427391607, 0.5504927549037453], [-0.2305340838629215, -0.9626740220218792, -0.14181973557104932], [0.513372657568153, -0.2441385366147042, 0.8227058381197158]]","[-0.15972505509853363, 0.08322067558765411, -0.6449108123779297]",[0.0],"[-0.27988702058792114, 0.10153982788324356, -0.950263261795044, 0.09139294922351837]",[0.44],"[-4.00240421295166, 3.214406967163086, -5.656062898635865]","[462.455078125, 457.8807678222656, 668.7418823242188, 669.857421875]"
12.030478477478,"[57.8245964050293, -129.8227996826172, -27.60232925415039]","[57.8245964050293, -129.8227996826172, -27.60232925415039]","[-7.754371643066406, -12.4955472946167, 1.7950719594955444]","[-7.754371643066406, -12.4955472946167, 1.7950719594955444]","[-0.27985239028930664, 0.10124939680099487, -0.9513934254646301, 0.07925742864608765]","[[-0.8308017807397761, 0.09414022164602187, 0.5485489821284446], [-0.20747976448645744, -0.9669336207359223, -0.14829525918786857], [0.5164499147587875, -0.23701678260703574, 0.8228623985935926]]","[-0.20657587051391602, 0.10598917305469513, -0.7731220722198486]",[0.0],"[-0.27985239028930664, 0.10124939680099487, -0.9513934254646301, 0.07925742864608765]",[0.44],"[-4.806923866271973, 3.710317611694336, -5.862682399749756]","[482.31695556640625, 476.67047119140625, 668.216552734375, 669.857421875]"
12.061177253723,"[57.590553283691406, -130.1966094970703, -27.547542572021484]","[57.590553283691406, -130.1966094970703, -27.547542572021484]","[-7.849298000335693, -12.42424201965332, 1.8553053140640259]","[-7.849298000335693, -12.42424201965332, 1.8553053140640259]","[-0.2796884775161743, 0.10120449215173721, -0.9524375200271606, 0.06629326194524765]","[[-0.834759157574358, 0.06966891934785124, 0.5461899516278564], [-0.18289184065871922, -0.9707257480216072, -0.15569898803512316], [0.5193532479948529, -0.22986483404731217, 0.8230640126259868]]","[-0.2561253011226654, 0.12825649976730347, -0.880557656288147]",[0.0],"[-0.2796884775161743, 0.10120449215173721, -0.9524375200271606, 0.06629326194524765]",[0.44],"[-4.7463178634643555, 3.5652637481689453, -6.798332271575928]","[495.23309326171875, 489.621337890625, 667.9559326171875, 669.857421875]"
12.091649055481,"[57.35356140136719, -130.5682373046875, -27.491111755371094]","[57.35356140136719, -130.5682373046875, -27.491111755371094]","[-7.951076984405518, -12.34860610961914, 1.9049574136734009]","[-7.951076984405518, -12.34860610961914, 1.9049574136734009]","[-0.2793586850166321, 0.10145756602287292, -0.9534168243408203, 0.051589760929346085]","[[-0.8385945572788405, 0.04168698760924272, 0.5431588837923564], [-0.15505919652579436, -0.974089831660713, -0.16463860525866414], [0.522222197489983, -0.22228679635284232, 0.823330174804985]]","[-0.30890873074531555, 0.15070196986198425, -0.9801555275917053]",[0.0],"[-0.2793586850166321, 0.10145756602287292, -0.9534168243408203, 0.051589760929346085]",[0.44],"[-5.088949203491211, 3.7817955017089844, -7.3273950195312505]","[512.8449096679688, 507.2371826171875, 667.47705078125, 669.857421875]"
12.122648954391,"[57.089195251464844, -130.9742889404297, -27.42754554748535]","[57.089195251464844, -130.9742889404297, -27.42754554748535]","[-8.073683738708496, -12.258478164672852, 1.942955493927002]","[-8.073683738708496, -12.258478164672852, 1.942955493927002]","[-0.2787627875804901, 0.10217169672250748, -0.9543204307556152, 0.033538851886987686]","[[-0.842333080337478, 0.007050289179288516, 0.5389114898517355], [-0.12097695714006695, -0.9768723525944569, -0.1763103075659791], [0.525204604238062, -0.21370784294304257, 0.823704505298397]]","[-0.3706832826137543, 0.17489361763000488, -1.0760588645935059]",[0.0],"[-0.2787627875804901, 0.10217169672250748, -0.9543204307556152, 0.033538851886987686]",[0.44],"[-6.130337715148926, 4.506397247314453, -7.910095987319947]","[550.9990234375, 545.7976684570312, 666.9901123046875, 669.857421875]"
12.153335094452,"[56.84511947631836, -131.34071350097656, -27.369033813476562]","[56.84511947631836, -131.34071350097656, -27.369033813476562]","[-8.200244903564453, -12.167181015014648, 1.9536340236663818]","[-8.200244903564453, -12.167181015014648, 1.9536340236663818]","[-0.2779679298400879, 0.10332117229700089, -0.9548888206481934, 0.015684375539422035]","[[-0.8449758488874481, -0.02748627502121259, 0.5340979935410015], [-0.0873936144669809, -0.9781576596369632, -0.18860095792628861], [0.5276158812710836, -0.20603997152439923, 0.8241171306711789]]","[-0.4277228116989136, 0.19516471028327942, -1.1410194635391235]",[0.0],"[-0.2779679298400879, 0.10332117229700089, -0.9548888206481934, 0.015684375539422035]",[0.44],"[-6.328058242797852, 4.564857482910156, -9.276073513031006]","[593.5387573242188, 589.1632080078125, 666.6309814453125, 669.857421875]"
12.18533539772,"[56.57197570800781, -131.7403564453125, -27.30475425720215]","[56.57197570800781, -131.7403564453125, -27.30475425720215]","[-8.356088638305664, -12.054478645324707, 1.9381027221679688]","[-8.356088638305664, -12.054478645324707, 1.9381027221679688]","[-0.27678197622299194, 0.1052209734916687, -0.9551408290863037, -0.005134511273354292]","[[-0.8467309133004122, -0.0680549006754314, 0.5276510159423757], [-0.04843817525709304, -0.977804531499153, -0.20384397607055732], [0.5298120490407208, -0.1981594153618444, 0.8246405687511214]]","[-0.4873350262641907, 0.21400967240333557, -1.1868133544921875]",[0.0],"[-0.27678197622299194, 0.1052209734916687, -0.9551408290863037, -0.005134511273354292]",[0.44],"[-7.792186737060547, 5.63511848449707, -10.586565074920655]","[613.0136108398438, 609.3269653320312, 666.509521484375, 669.857421875]"
12.215312719345,"[56.319000244140625, -132.10031127929688, -27.24711036682129]","[56.319000244140625, -132.10031127929688, -27.24711036682129]","[-8.511500358581543, -11.939427375793457, 1.9001061916351318]","[-8.511500358581543, -11.939427375793457, 1.9001061916351318]","[-0.2754112184047699, 0.10754795372486115, -0.9549701809883118, -0.024782320484519005]","[[-0.8470692178545076, -0.10657258010143056, 0.5206884264591016], [-0.011907071787784718, -0.9756387716000976, -0.21906083582618419], [0.5313495778857567, -0.19175951950802872, 0.8251641968527905]]","[-0.5367457270622253, 0.22749902307987213, -1.2061511278152466]",[0.0],"[-0.2754112184047699, 0.10754795372486115, -0.9549701809883118, -0.024782320484519005]",[0.44],"[-7.770586013793945, 5.7525634765625, -11.709826526641846]","[658.216552734375, 655.4406127929688, 666.3193359375, 669.857421875]"
12.247305393219,"[56.061187744140625, -132.45660400390625, -27.190937042236328]","[56.061187744140625, -132.45660400390625, -27.190937042236328]","[-8.675251960754395, -11.81257152557373, 1.8455307483673096]","[-8.675251960754395, -11.81257152557373, 1.8455307483673096]","[-0.27375689148902893, 0.11046081781387329, -0.954386830329895, -0.04473741725087166]","[[-0.8461116283585071, -0.14587242392653454, 0.5126564805055351], [0.024914783462286927, -0.9715941150897596, -0.23533905213775363], [0.5324234072911822, -0.1863503470183685, 0.8257111441803087]]","[-0.5790457725524902, 0.23745813965797424, -1.2025047540664673]",[0.0],"[-0.27375689148902893, 0.11046081781387329, -0.954386830329895, -0.04473741725087166]",[0.44],"[-8.187580108642578, 6.342792510986328, -12.538772163391114]","[669.8050537109375, 668.0357055664062, 641.2542724609375, 644.667236328125]"
12.278835773468,"[55.7720832824707, -132.84405517578125, -27.130830764770508]","[55.7720832824707, -132.84405517578125, -27.130830764770508]","[-8.844822883605957, -11.667030334472656, 1.7973389625549316]","[-8.844822883605957, -11.667030334472656, 1.7973389625549316]","[-0.27161240577697754, 0.11429731547832489, -0.9532718062400818, -0.06660088896751404]","[[-0.8435820257955595, -0.18906663710835048, 0.5026162916695531], [0.0648883617846785, -0.9650008710883711, -0.25409207210753415], [0.5330655029393805, -0.18173356139012675, 0.8263256494049815]]","[-0.616041898727417, 0.24438682198524475, -1.1755242347717285]",[0.0],"[-0.27161240577697754, 0.11429731547832489, -0.9532718062400818, -0.06660088896751404]",[0.44],"[-8.478546142578125, 7.277059555053711, -12.219589290618897]","[669.857421875, 668.7748413085938, 629.4312744140625, 632.9437255859375]"
12.308836698532,"[55.504425048828125, -133.1919708251953, -27.07762908935547]","[55.504425048828125, -133.1919708251953, -27.07762908935547]","[-8.99881362915039, -11.52419662475586, 1.7480279207229614]","[-8.99881362915039, -11.52419662475586, 1.7480279207229614]","[-0.269405722618103, 0.118293896317482, -0.9518383145332336, -0.08620323240756989]","[[-0.8399792458388764, -0.22784118412172027, 0.49246674541154034], [0.1003649736468315, -0.9571512407856986, -0.2716406140183576], [0.5332560103581518, -0.17874603754324703, 0.8268542214292931]]","[-0.6415504813194275, 0.2467566579580307, -1.1507993936538696]",[0.0],"[-0.269405722618103, 0.118293896317482, -0.9518383145332336, -0.08620323240756989]",[0.44],"[-7.69953727722168, 7.141685485839844, -12.275552091598511]","[669.857421875, 669.5193481445312, 632.5375366210938, 635.6721801757812]"
12.340844392776,"[55.232177734375, -133.53546142578125, -27.025957107543945]","[55.232177734375, -133.53546142578125, -27.025957107543945]","[-9.149547576904297, -11.372308731079102, 1.697567343711853]","[-9.149547576904297, -11.372308731079102, 1.697567343711853]","[-0.2669985592365265, 0.1226457953453064, -0.9500221610069275, -0.10548771917819977]","[[-0.8351681950403105, -0.2659238431739599, 0.4814338460276968], [0.13493884055950112, -0.9476606740773068, -0.289362585140176], [0.5331843468987874, -0.17670230898926942, 0.8273395564994726]]","[-0.6589619517326355, 0.247217059135437, -1.1214781999588013]",[0.0],"[-0.2669985592365265, 0.1226457953453064, -0.9500221610069275, -0.10548771917819977]",[0.44],"[-7.5366973876953125, 7.594394683837891, -12.33302885055542]","[669.6949462890625, 669.855224609375, 609.4010620117188, 612.3446655273438]"
12.371840953827,"[54.927711486816406, -133.9079132080078, -26.970592498779297]","[54.927711486816406, -133.9079132080078, -26.970592498779297]","[-9.298035621643066, -11.202753067016602, 1.6631718873977661]","[-9.298035621643066, -11.202753067016602, 1.6631718873977661]","[-0.26421892642974854, 0.12771955132484436, -0.9476270079612732, -0.1260126680135727]","[[-0.828618460016509, -0.30631786058011734, 0.4685734185588446], [0.17133416963955916, -0.9356171746026476, -0.30865085627842603], [0.5329505442386049, -0.17547112884204807, 0.8277521502513832]]","[-0.6281533241271973, 0.2051469087600708, -1.0627068281173706]",[0.0],"[-0.26421892642974854, 0.12771955132484436, -0.9476270079612732, -0.1260126680135727]",[0.44],"[-7.424402236938477, 8.477783203125, -11.529772815704346]","[649.9021606445312, 669.857421875, 557.7780151367188, 562.1199340820312]"
12.40283536911,"[54.64690017700195, -134.2416534423828, -26.920984268188477]","[54.64690017700195, -134.2416534423828, -26.920984268188477]","[-9.422658920288086, -11.044232368469238, 1.642521858215332]","[-9.422658920288086, -11.044232368469238, 1.642521858215332]","[-0.26294562220573425, 0.13154302537441254, -0.9450117945671082, -0.1432090550661087]","[[-0.8207017187911991, -0.3398458175603656, 0.459297123899598], [0.2014911669447672, -0.9243753842162139, -0.3239318091234269], [0.5346497333572251, -0.17330703276401405, 0.8271120644763719]]","[-0.5714666247367859, 0.12651947140693665, -0.9963023066520691]",[0.0],"[-0.26294562220573425, 0.13154302537441254, -0.9450117945671082, -0.1432090550661087]",[0.44],"[-6.231164932250977, 7.926034927368164, -10.842501459121705]","[669.5243530273438, 663.7534790039062, 534.8436279296875, 539.0399169921875]"
12.433837652206,"[54.36245346069336, -134.57057189941406, -26.87190055847168]","[54.36245346069336, -134.57057189941406, -26.87190055847168]","[-9.538285255432129, -10.882712364196777, 1.632148265838623]","[-9.538285255432129, -10.882712364196777, 1.632148265838623]","[-0.26166319847106934, 0.13563868403434753, -0.9422139525413513, -0.15927128493785858]","[[-0.8123299699403308, -0.37111855761694734, 0.44987873794521516], [0.22915195001361077, -0.9124695235954121, -0.3389521888858944], [0.5362921279189381, -0.1722504535201459, 0.8262690359186404]]","[-0.4976435899734497, 0.10619370639324188, -0.9148175716400146]",[0.0],"[-0.26166319847106934, 0.13563868403434753, -0.9422139525413513, -0.15927128493785858]",[0.44],"[-5.781316757202148, 8.076000213623047, -10.32867961883545]","[641.1605224609375, 669.75634765625, 527.5484008789062, 516.9155883789062]"
12.465365409851,"[54.04578399658203, -134.92678833007812, -26.817951202392578]","[54.04578399658203, -134.92678833007812, -26.817951202392578]","[-9.652975082397461, -10.70544719696045, 1.6377618312835693]","[-9.652975082397461, -10.70544719696045, 1.6377618312835693]","[-0.262466698884964, 0.13612599670886993, -0.9393121600151062, -0.17399317026138306]","[[-0.8016752418644555, -0.39832488314939685, 0.44570633627860623], [0.2554107191949866, -0.9023922039516297, -0.3470644340597051], [0.5404463111680737, -0.16439478195156632, 0.8251618899928927]]","[-0.10378701239824295, -0.036451540887355804, -0.8173107504844666]",[0.0],"[-0.262466698884964, 0.13612599670886993, -0.9393121600151062, -0.17399317026138306]",[0.44],"[-5.734491348266602, 8.863258361816406, -9.529321727752686]","[654.411376953125, 669.8572998046875, 503.0584411621094, 494.69512939453125]"
12.496369838715,"[53.7546501159668, -135.2455291748047, -26.76871109008789]","[53.7546501159668, -135.2455291748047, -26.76871109008789]","[-9.75439739227295, -10.54318904876709, 1.6467150449752808]","[-9.75439739227295, -10.54318904876709, 1.6467150449752808]","[-0.2639244496822357, 0.13507574796676636, -0.936895489692688, -0.18527092039585114]","[[-0.792037232590566, -0.4184585642752623, 0.4444880367559012], [0.27585939448508157, -0.8948585474931452, -0.35089876948905196], [0.5445904693517445, -0.15530866665866672, 0.8241968543422953]]","[-0.20931527018547058, 0.014400664716959, -0.7135019898414612]",[0.0],"[-0.2639244496822357, 0.13507574796676636, -0.936895489692688, -0.18527092039585114]",[0.44],"[-5.071115493774414, 8.112907409667969, -9.36233931541443]","[669.8460693359375, 659.8782348632812, 486.6133728027344, 489.7498779296875]"
12.52739238739,"[53.4309196472168, -135.59046936035156, -26.7142276763916]","[53.4309196472168, -135.59046936035156, -26.7142276763916]","[-9.864910125732422, -10.361884117126465, 1.6561928987503052]","[-9.864910125732422, -10.361884117126465, 1.6561928987503052]","[-0.26411867141723633, 0.13557584583759308, -0.9344879984855652, -0.19645021855831146]","[[-0.783297258576273, -0.4387769676430029, 0.44036364813867346], [0.29554451852743036, -0.8860529838095275, -0.35716034309001365], [0.5468992663227659, -0.14961566018902595, 0.8237210348684303]]","[-0.18061192333698273, 0.04539978876709938, -0.5961385369300842]",[0.0],"[-0.26411867141723633, 0.13557584583759308, -0.9344879984855652, -0.19645021855831146]",[0.44],"[-5.525636672973633, 9.06524658203125, -9.33610731124878]","[661.5941772460938, 669.6973876953125, 485.96380615234375, 474.2031555175781]"
12.558399915695,"[53.13353729248047, -135.8988800048828, -26.664308547973633]","[53.13353729248047, -135.8988800048828, -26.664308547973633]","[-9.95995807647705, -10.198220252990723, 1.6718688011169434]","[-9.95995807647705, -10.198220252990723, 1.6718688011169434]","[-0.2642655074596405, 0.1346243917942047, -0.9328592419624329, -0.20448406040668488]","[[-0.7767001843613688, -0.4526628575966427, 0.43798795740351704], [0.3103565247408788, -0.8801252474952523, -0.35924738413915147], [0.5481021264589545, -0.14309504817603003, 0.8240800294022783]]","[-0.05179225653409958, 0.05081396549940109, -0.4823378622531891]",[0.0],"[-0.2642655074596405, 0.1346243917942047, -0.9328592419624329, -0.20448406040668488]",[0.44],"[-4.752397537231445, 8.18319320678711, -9.026204881668091]","[668.5556030273438, 668.0087890625, 465.42340087890625, 464.608154296875]"
12.589366674423,"[52.83335494995117, -136.202392578125, -26.613855361938477]","[52.83335494995117, -136.202392578125, -26.613855361938477]","[-10.052032470703125, -10.035552978515625, 1.690751314163208]","[-10.052032470703125, -10.035552978515625, 1.690751314163208]","[-0.2640385031700134, 0.13413473963737488, -0.9315665364265442, -0.2108916938304901]","[[-0.7716166803346685, -0.4637527613194976, 0.4353630628754015], [0.3220858178116899, -0.8750650858920181, -0.36127792397691394], [0.5485146726499526, -0.13854381529694848, 0.8245830809323049]]","[-0.14456820487976074, 0.05911685526371002, -0.3640552759170532]",[0.0],"[-0.2640385031700134, 0.13413473963737488, -0.9315665364265442, -0.2108916938304901]",[0.44],"[-4.603719711303711, 8.133363723754883, -8.865874347686768]","[669.855712890625, 666.1905517578125, 468.3676452636719, 472.9451904296875]"
12.621379137039,"[52.49992752075195, -136.53054809570312, -26.557828903198242]","[52.49992752075195, -136.53054809570312, -26.557828903198242]","[-10.155617713928223, -9.852557182312012, 1.7037529945373535]","[-10.155617713928223, -9.852557182312012, 1.7037529945373535]","[-0.2633408010005951, 0.1345626264810562, -0.93048095703125, -0.21621665358543396]","[[-0.7678038236865423, -0.47324261719306815, 0.431877839490018], [0.3314992978240072, -0.8702863777388519, -0.36429325642717636], [0.5482565626716207, -0.13653858944775088, 0.8250890441657694]]","[-0.08460254967212677, 0.059078462421894073, -0.241250678896904]",[0.0],"[-0.2633408010005951, 0.1345626264810562, -0.93048095703125, -0.21621665358543396]",[0.44],"[-5.179262161254883, 9.149789810180664, -9.159915981292725]","[665.27587890625, 669.8524780273438, 487.7498779296875, 482.1799011230469]"
12.652372837067,"[52.193809509277344, -136.82359313964844, -26.50662612915039]","[52.193809509277344, -136.82359313964844, -26.50662612915039]","[-10.252103805541992, -9.68283748626709, 1.7081778049468994]","[-10.252103805541992, -9.68283748626709, 1.7081778049468994]","[-0.2627078890800476, 0.1345544457435608, -0.9299581050872803, -0.21922053396701813]","[[-0.7658539521737637, -0.4784288535436332, 0.42962046655364183], [0.3370347959131266, -0.8676750244048392, -0.36544192223245453], [0.5476088563278001, -0.1350780673465497, 0.8257593322914971]]","[-0.06675932556390762, 0.05496805161237717, -0.136576846241951]",[0.0],"[-0.2627078890800476, 0.1345544457435608, -0.9299581050872803, -0.21922053396701813]",[0.44],"[-4.824304580688477, 8.485984802246094, -9.588759479522706]","[669.7548217773438, 668.6000366210938, 498.0614929199219, 500.4994812011719]"
12.684371709824,"[51.85369873046875, -137.1400146484375, -26.450275421142578]","[51.85369873046875, -137.1400146484375, -26.450275421142578]","[-10.360578536987305, -9.493321418762207, 1.7056273221969604]","[-10.360578536987305, -9.493321418762207, 1.7056273221969604]","[-0.2618040442466736, 0.13523876667022705, -0.9297050833702087, -0.22094711661338806]","[[-0.7652821321097818, -0.48164342704930974, 0.4270398704657481], [0.340019202836519, -0.865785799256642, -0.3671540350721081], [0.5465623326662978, -0.1357746402960025, 0.8263382368112033]]","[-0.08343183249235153, 0.04825005680322647, -0.02977052330970764]",[0.0],"[-0.2618040442466736, 0.13523876667022705, -0.9297050833702087, -0.22094711661338806]",[0.44],"[-5.423736572265625, 9.47580337524414, -9.937524137496949]","[668.7825927734375, 669.8174438476562, 515.3065795898438, 515.2594604492188]"
12.715322256088,"[51.54133605957031, -137.42218017578125, -26.399288177490234]","[51.54133605957031, -137.42218017578125, -26.399288177490234]","[-10.465855598449707, -9.314558982849121, 1.6877371072769165]","[-10.465855598449707, -9.314558982849121, 1.6877371072769165]","[-0.2609172761440277, 0.13617131114006042, -0.9297705292701721, -0.22114801406860352]","[[-0.7660317261538783, -0.48229270735847685, 0.42495835780884406], [0.340174916991975, -0.8651021241795096, -0.36861881897109683], [0.5454144179358131, -0.13781346914933224, 0.8267590980639561]]","[-0.055869877338409424, 0.0397215336561203, 0.04823156073689461]",[0.0],"[-0.2609172761440277, 0.13617131114006042, -0.9297705292701721, -0.22114801406860352]",[0.44],"[-5.263853073120117, 8.938121795654297, -10.704510746002198]","[663.6578369140625, 669.857421875, 576.9909057617188, 571.2477416992188]"
12.746317863464,"[51.22563552856445, -137.69882202148438, -26.34922218322754]","[51.22563552856445, -137.69882202148438, -26.34922218322754]","[-10.58223819732666, -9.12609577178955, 1.6461231708526611]","[-10.58223819732666, -9.12609577178955, 1.6461231708526611]","[-0.26033228635787964, 0.13611102104187012, -0.930182933807373, -0.22013776004314423]","[[-0.7675330007911043, -0.4804049615701018, 0.42438694919962217], [0.33866858834475977, -0.8660263793336256, -0.3678342305239557], [0.5442396503569924, -0.13859836498101963, 0.8274017812612371]]","[0.08443734794855118, 0.030624013394117355, 0.093313068151474]",[0.0],"[-0.26033228635787964, 0.13611102104187012, -0.930182933807373, -0.22013776004314423]",[0.44],"[-5.819129943847656, 9.423160552978516, -11.890696821212769]","[667.5524291992188, 669.857421875, 618.035400390625, 616.8590087890625]"
12.777325630188,"[50.87418746948242, -137.99649047851562, -26.2958984375]","[50.87418746948242, -137.99649047851562, -26.2958984375]","[-10.717544555664062, -8.914459228515625, 1.5850889682769775]","[-10.717544555664062, -8.914459228515625, 1.5850889682769775]","[-0.2599700391292572, 0.1352929174900055, -0.930868923664093, -0.21816173195838928]","[[-0.7696422531330089, -0.4765041633331766, 0.4249645866156815], [0.3358157431180242, -0.8682027485768291, -0.3653109729540507], [0.5430275354209737, -0.13844891697913475, 0.8282228104643501]]","[0.06174883618950844, 0.021227868273854256, 0.12670546770095825]",[0.0],"[-0.2599700391292572, 0.1352929174900055, -0.930868923664093, -0.21816173195838928]",[0.44],"[-6.765317916870117, 10.581827163696289, -12.86171012878418]","[669.8385620117188, 668.7555541992188, 625.0830688476562, 627.4868774414062]"
12.808348178864,"[50.55081558227539, -138.26107788085938, -26.24917221069336]","[50.55081558227539, -138.26107788085938, -26.24917221069336]","[-10.839900016784668, -8.72475528717041, 1.5302428007125854]","[-10.839900016784668, -8.72475528717041, 1.5302428007125854]","[-0.2596835494041443, 0.134758859872818, -0.9315412044525146, -0.21595270931720734]","[[-0.771857931814127, -0.4723270119751284, 0.42560877098881544], [0.33234837579341203, -0.8704091228479527, -0.3632255933910127], [0.5420149345649472, -0.1389081291552774, 0.8288090077092871]]","[0.08819074183702469, 0.013467648066580296, 0.15319761633872986]",[0.0],"[-0.2596835494041443, 0.134758859872818, -0.9315412044525146, -0.21595270931720734]",[0.44],"[-6.117773056030273, 9.485197067260742, -12.552308378219605]","[668.1547241210938, 669.85595703125, 631.2694091796875, 630.5833740234375]"
12.839325666428,"[50.223785400390625, -138.52000427246094, -26.20408058166504]","[50.223785400390625, -138.52000427246094, -26.20408058166504]","[-10.96168327331543, -8.537799835205078, 1.476171851158142]","[-10.96168327331543, -8.537799835205078, 1.476171851158142]","[-0.2594837248325348, 0.13419358432292938, -0.9322817325592041, -0.21333326399326324]","[[-0.774314293874053, -0.4674155121537842, 0.42656796241445116], [0.32813130771881394, -0.872962064633116, -0.36092547452512935], [0.5410797838167141, -0.13949943463851167, 0.8293205569471964]]","[0.07853788882493973, 0.006272945087403059, 0.17705243825912476]",[0.0],"[-0.2594837248325348, 0.13419358432292938, -0.9322817325592041, -0.21333326399326324]",[0.44],"[-6.089162826538086, 9.347772598266602, -12.513547477722168]","[669.349609375, 669.7967529296875, 635.551513671875, 636.133056640625]"
12.870314836502,"[49.8598518371582, -138.79843139648438, -26.15630531311035]","[49.8598518371582, -138.79843139648438, -26.15630531311035]","[-11.093990325927734, -8.33621597290039, 1.4196735620498657]","[-11.093990325927734, -8.33621597290039, 1.4196735620498657]","[-0.25932177901268005, 0.13369120657444, -0.933139979839325, -0.21006830036640167]","[[-0.7772471213797307, -0.4613843421920416, 0.42779847020152806], [0.32270817608309965, -0.8759960140896741, -0.35845579034550656], [0.5401356083576325, -0.14055464888476532, 0.8297577524287383]]","[0.09190819412469864, -0.0009600950870662928, 0.20044143497943878]",[0.0],"[-0.25932177901268005, 0.13369120657444, -0.933139979839325, -0.21006830036640167]",[0.44],"[-6.615352630615234, 10.079193115234375, -12.634914455413819]","[669.1151123046875, 669.857421875, 639.9232788085938, 640.0971069335938]"
12.901062011719,"[49.52523422241211, -139.04580688476562, -26.114456176757812]","[49.52523422241211, -139.04580688476562, -26.114456176757812]","[-11.21318531036377, -8.156435012817383, 1.3703688383102417]","[-11.21318531036377, -8.156435012817383, 1.3703688383102417]","[-0.2592500150203705, 0.13321064412593842, -0.933968186378479, -0.20675553381443024]","[[-0.7800832977511054, -0.4552759048618009, 0.42917845702229274], [0.31713645889970987, -0.8790142869103352, -0.3560317578950949], [0.5393466083663827, -0.14162625690735187, 0.8300887080069805]]","[0.09530109167098999, -0.007006397936493158, 0.21882660686969757]",[0.0],"[-0.2592500150203705, 0.13321064412593842, -0.933968186378479, -0.20675553381443024]",[0.44],"[-5.959749221801758, 8.98904800415039, -12.275236186981202]","[669.1008911132812, 669.857421875, 645.4546508789062, 645.5816650390625]"
12.933063030243,"[49.15299987792969, -139.3117218017578, -26.070178985595703]","[49.15299987792969, -139.3117218017578, -26.070178985595703]","[-11.344856262207031, -7.961175441741943, 1.315169095993042]","[-11.344856262207031, -7.961175441741943, 1.315169095993042]","[-0.25926315784454346, 0.13263386487960815, -0.9348917007446289, -0.20290017127990723]","[[-0.7832284684681738, -0.44815352171012535, 0.4309430813522397], [0.31060522312687056, -0.8824797542734188, -0.3532056772937153], [0.538588816958594, -0.14278752076080536, 0.8303817457431464]]","[0.10616665333509445, -0.013076516799628735, 0.21588234603405]",[0.0],"[-0.25926315784454346, 0.13263386487960815, -0.9348917007446289, -0.20290017127990723]",[0.44],"[-6.583547592163086, 9.762978553771973, -12.569987115859986]","[646.3678588867188, 647.2308349609375, 669.604248046875, 669.5446166992188]"
12.964071035385,"[48.81092071533203, -139.54798889160156, -26.031322479248047]","[48.81092071533203, -139.54798889160156, -26.031322479248047]","[-11.458868026733398, -7.791131496429443, 1.2761924266815186]","[-11.458868026733398, -7.791131496429443, 1.2761924266815186]","[-0.2593957185745239, 0.13196112215518951, -0.9356726408004761, -0.199541836977005]","[[-0.7857940570059871, -0.44187197531959654, 0.43275542457313687], [0.3049513748982129, -0.8855388591146607, -0.3504654196765422], [0.5380824834707107, -0.14342422692321932, 0.8306002468494991]]","[0.11070743203163147, -0.017437614500522614, 0.1979694813489914]",[0.0],"[-0.2593957185745239, 0.13196112215518951, -0.9356726408004761, -0.199541836977005]",[0.44],"[-5.700588226318359, 8.502197265625, -11.758833465576172]","[642.8029174804688, 643.3338623046875, 669.7824096679688, 669.8570556640625]"
12.996063947678,"[48.4307746887207, -139.80210876464844, -25.98976707458496]","[48.4307746887207, -139.80210876464844, -25.98976707458496]","[-11.577747344970703, -7.612417697906494, 1.2461893558502197]","[-11.577747344970703, -7.612417697906494, 1.2461893558502197]","[-0.25965550541877747, 0.13108178973197937, -0.936441957950592, -0.1961454153060913]","[[-0.7882119524193545, -0.4354298102326464, 0.4348824356019314], [0.2992853767764263, -0.8886890442092383, -0.34736144955032344], [0.5377268039461107, -0.14364050176280685, 0.8307931658127607]]","[0.11372169852256775, -0.020632322877645493, 0.1707712709903717]",[0.0],"[-0.25965550541877747, 0.13108178973197937, -0.936441957950592, -0.1961454153060913]",[0.44],"[-5.943965911865234, 8.935689926147461, -11.310153541564942]","[622.4814453125, 622.715087890625, 669.6972045898438, 669.857421875]"
13.026089668274,"[48.081993103027344, -140.02821350097656, -25.95244026184082]","[48.081993103027344, -140.02821350097656, -25.95244026184082]","[-11.672157287597656, -7.46351432800293, 1.2453101873397827]","[-11.672157287597656, -7.46351432800293, 1.2453101873397827]","[-0.2599996030330658, 0.13012798130512238, -0.937012255191803, -0.193584606051445]","[[-0.7898505157963496, -0.4304487435390145, 0.4368640807795292], [0.2951158496077104, -0.8911835199139606, -0.34452686790591525], [0.5376271767684169, -0.14319918499916273, 0.8309338298082038]]","[0.1122768297791481, -0.02220820263028145, 0.12235674262046814]",[0.0],"[-0.2599996030330658, 0.13012798130512238, -0.937012255191803, -0.193584606051445]",[0.44],"[-4.720497131347656, 7.445168495178223, -9.853958425521851]","[587.3363647460938, 587.23974609375, 669.576904296875, 669.857421875]"
13.056852817535,"[47.73048782348633, -140.24998474121094, -25.914939880371094]","[47.73048782348633, -140.24998474121094, -25.914939880371094]","[-11.760512351989746, -7.321678161621094, 1.2561579942703247]","[-11.760512351989746, -7.321678161621094, 1.2561579942703247]","[-0.2604459524154663, 0.12902215123176575, -0.9374107718467712, -0.1917872279882431]","[[-0.7907713413656641, -0.42677342095812243, 0.438800081088659], [0.2923602327171242, -0.8931420986079175, -0.34179392325204105], [0.5377792840239399, -0.14199309423396045, 0.8310423807238561]]","[0.10555977374315262, -0.022062968462705612, 0.06570862978696823]",[0.0],"[-0.2604459524154663, 0.12902215123176575, -0.9374107718467712, -0.1917872279882431]",[0.44],"[-4.417753219604492, 7.091808319091797, -9.2676096534729]","[579.1463012695312, 578.4304809570312, 669.3663330078125, 669.857421875]"
13.087729215622,"[47.37636947631836, -140.46755981445312, -25.877037048339844]","[47.37636947631836, -140.46755981445312, -25.877037048339844]","[-11.846890449523926, -7.183433532714844, 1.2709146738052368]","[-11.846890449523926, -7.183433532714844, 1.2709146738052368]","[-0.26095861196517944, 0.12782476842403412, -0.9376270174980164, -0.19083264470100403]","[[-0.7909671907297668, -0.42457363526993497, 0.4405774128213631], [0.2911457386991092, -0.8944876422020371, -0.33930275691724], [0.5381499672879704, -0.14010506860196692, 0.8311228628370979]]","[0.09324739128351212, -0.020046571269631386, 0.00927836075425148]",[0.0],"[-0.26095861196517944, 0.12782476842403412, -0.9376270174980164, -0.19083264470100403]",[0.44],"[-4.318904876708984, 6.9122314453125, -9.072166023254395]","[585.7901611328125, 584.5890502929688, 669.2044067382812, 669.857421875]"
13.119721412659,"[46.98385238647461, -140.7021484375, -25.834821701049805]","[46.98385238647461, -140.7021484375, -25.834821701049805]","[-11.94180679321289, -7.033480167388916, 1.2874321937561035]","[-11.94180679321289, -7.033480167388916, 1.2874321937561035]","[-0.2615480422973633, 0.1264902949333191, -0.9376629590988159, -0.1907380223274231]","[[-0.7904232391565316, -0.4238625348752265, 0.44223480517570835], [0.2915293788375237, -0.8952384065910621, -0.33698484115173244], [0.5387408399724833, -0.13743621582609933, 0.8311856537161972]]","[0.07484438270330429, -0.016189880669116974, -0.04804375022649765]",[0.0],"[-0.2615480422973633, 0.1264902949333191, -0.9376629590988159, -0.1907380223274231]",[0.44],"[-4.745817184448242, 7.497668266296387, -8.984124002456666]","[592.2670288085938, 590.8079223632812, 669.1102294921875, 669.857421875]"
13.149755716324,"[46.62429428100586, -140.91114807128906, -25.79598045349121]","[46.62429428100586, -140.91114807128906, -25.79598045349121]","[-12.028336524963379, -6.898482322692871, 1.3019380569458008]","[-12.028336524963379, -6.898482322692871, 1.3019380569458008]","[-0.2620672583580017, 0.12533174455165863, -0.937524676322937, -0.1914687156677246]","[[-0.78932112981358, -0.42470398472446114, 0.4433948268104473], [0.29332259800494676, -0.8952635332354149, -0.3353585692403023], [0.539383259457253, -0.13464784373482885, 0.8312254118087163]]","[0.0549994558095932, -0.01166828814893961, -0.09520965814590454]",[0.0],"[-0.2620672583580017, 0.12533174455165863, -0.937524676322937, -0.1914687156677246]",[0.44],"[-4.326486587524414, 6.749892234802246, -9.084706840515137]","[600.6107788085938, 598.9291381835938, 669.0206298828125, 669.857421875]"
13.180723428726,"[46.262142181396484, -141.1160888671875, -25.756694793701172]","[46.262142181396484, -141.1160888671875, -25.756694793701172]","[-12.113645553588867, -6.765480041503906, 1.318485975265503]","[-12.113645553588867, -6.765480041503906, 1.318485975265503]","[-0.2622992694377899, 0.12429645657539368, -0.9372895956039429, -0.19297081232070923]","[[-0.787922790289203, -0.4269448087937473, 0.44372957596923257], [0.29653332978002034, -0.8946253855500022, -0.33423575722618537], [0.5396719287449905, -0.13177134484802977, 0.8314989682704059]]","[0.007353487424552441, 0.09144212305545807, -0.1377137005329132]",[0.0],"[-0.2622992694377899, 0.12429645657539368, -0.9372895956039429, -0.19297081232070923]",[0.44],"[-4.265451431274414, 6.650114059448242, -8.982604084014893]","[617.2731323242188, 570.7823486328125, 669.8140258789062, 640.5665893554688]"
13.212722063065,"[45.861473083496094, -141.33743286132812, -25.711711883544922]","[45.861473083496094, -141.33743286132812, -25.711711883544922]","[-12.152955055236816, -6.660715579986572, 1.435402750968933]","[-12.152955055236816, -6.660715579986572, 1.435402750968933]","[-0.2502801716327667, 0.11602122336626053, -0.9410470128059387, -0.1957792490720749]","[[-0.7980608091647685, -0.42655057841163435, 0.4256217197850056], [0.31039933162302935, -0.8964192892470155, -0.3163621794616063], [0.5164799117332854, -0.12036352322203392, 0.8477978228321382]]","[1.0522080659866333, 2.068218946456909, -0.17057202756404877]",[0.0],"[-0.2502801716327667, 0.11602122336626053, -0.9410470128059387, -0.1957792490720749]",[0.44],"[-1.965475082397461, 5.238223075866699, -3.9641612148284917]","[544.5684204101562, 456.9913635253906, 669.857421875, 391.6682434082031]"
13.243753433228,"[45.4960823059082, -141.53570556640625, -25.667888641357422]","[45.4960823059082, -141.53570556640625, -25.667888641357422]","[-12.210492134094238, -6.553593158721924, 1.469766616821289]","[-12.210492134094238, -6.553593158721924, 1.469766616821289]","[-0.21631217002868652, 0.09163296967744827, -0.9515087008476257, -0.19860434532165527]","[[-0.8275308178412892, -0.4175901782336062, 0.37524841185771507], [0.33830487216519955, -0.9043195253825118, -0.2603002096925051], [0.4480432356683899, -0.08845806203788964, 0.8896248879311449]]","[0.7684152722358704, 2.724982976913452, -0.20889058709144592]",[0.0],"[-0.21631217002868652, 0.09163296967744827, -0.9515087008476257, -0.19860434532165527]",[0.44],"[-2.8768539428710938, 5.356121063232422, -8.091806707382203]","[590.7428588867188, 557.4000854492188, 573.8538208007812, 667.2531127929688]"
13.274381875992,"[45.128822326660156, -141.73068237304688, -25.624155044555664]","[45.128822326660156, -141.73068237304688, -25.624155044555664]","[-12.275300979614258, -6.445250511169434, 1.4291813373565674]","[-12.275300979614258, -6.445250511169434, 1.4291813373565674]","[-0.1823408007621765, 0.07577166706323624, -0.9589836001396179, -0.20337404310703278]","[[-0.8507817817325689, -0.41769727696225534, 0.31890369456728496], [0.3624322111726732, -0.9057954259186687, -0.21949434388652111], [0.3805436557017263, -0.07116080038901007, 0.9220209736957327]]","[0.5137296915054321, 2.4101433753967285, -0.24246208369731903]",[0.0],"[-0.1823408007621765, 0.07577166706323624, -0.9589836001396179, -0.20337404310703278]",[0.44],"[-3.2404422760009766, 5.417132377624512, -11.839263973236084]","[612.9535522460938, 615.9927978515625, 667.9412231445312, 650.3069458007812]"
13.306384325027,"[44.722652435302734, -141.94149780273438, -25.578594207763672]","[44.722652435302734, -141.94149780273438, -25.578594207763672]","[-12.33594036102295, -6.33442497253418, 1.329306721687317]","[-12.33594036102295, -6.33442497253418, 1.329306721687317]","[-0.1454998105764389, 0.05851999670267105, -0.9653011560440063, -0.20880332589149475]","[[-0.8704618237479513, -0.4201454806081315, 0.2564639308218868], [0.38608688686744164, -0.9059530334753494, -0.17374052966744546], [0.3053406105925949, -0.052217152207673756, 0.9508104302162795]]","[0.4189409613609314, 2.3392372131347656, -0.27636393904685974]",[0.0],"[-0.1454998105764389, 0.05851999670267105, -0.9653011560440063, -0.20880332589149475]",[0.44],"[-3.0319690704345703, 5.541276931762695, -14.803730783462525]","[592.6655883789062, 616.259033203125, 614.7144775390625, 669.7117919921875]"
13.337414979935,"[44.352046966552734, -142.1302490234375, -25.540220260620117]","[44.352046966552734, -142.1302490234375, -25.540220260620117]","[-12.368477821350098, -6.249683380126953, 1.2218958139419556]","[-12.368477821350098, -6.249683380126953, 1.2218958139419556]","[-0.11727739870548248, 0.046620652079582214, -0.9686598777770996, -0.21394048631191254]","[[-0.880950888030942, -0.4254062282486344, 0.2072557314359691], [0.4035360330412474, -0.9041118941245405, -0.14049987771548755], [0.24715191134830627, -0.04013834286569962, 0.9681450531050997]]","[0.30089959502220154, 1.7620625495910645, -0.301701158285141]",[0.0],"[-0.11727739870548248, 0.046620652079582214, -0.9686598777770996, -0.21394048631191254]",[0.44],"[-1.6268730163574219, 4.237079620361328, -15.180545387268067]","[609.75244140625, 634.1303100585938, 642.7880859375, 669.8572387695312]"
13.368230819702,"[43.943485260009766, -142.3350830078125, -25.502412796020508]","[43.943485260009766, -142.3350830078125, -25.502412796020508]","[-12.388993263244629, -6.166940689086914, 1.06619393825531]","[-12.388993263244629, -6.166940689086914, 1.06619393825531]","[-0.09295252710580826, 0.03598089888691902, -0.9704889059066772, -0.21958273649215698]","[[-0.8862866831453002, -0.43289425034669066, 0.16461722418627867], [0.4195161884303799, -0.9009777775665908, -0.11065966692011919], [0.1962203611424278, -0.029016585857100097, 0.9801304052398666]]","[0.23021313548088074, 1.4515047073364258, -0.32681259512901306]",[0.0],"[-0.09295252710580826, 0.03598089888691902, -0.9704889059066772, -0.21958273649215698]",[0.44],"[-1.0257720947265625, 4.137134552001953, -17.595093784332278]","[620.9537353515625, 632.3463745117188, 646.258056640625, 669.857421875]"
13.39922618866,"[43.57172775268555, -142.51910400390625, -25.472698211669922]","[43.57172775268555, -142.51910400390625, -25.472698211669922]","[-12.392026901245117, -6.102466106414795, 0.9126201272010803]","[-12.392026901245117, -6.102466106414795, 0.9126201272010803]","[-0.07468008249998093, 0.02835100144147873, -0.9711074233055115, -0.22487682104110718]","[[-0.887706813763609, -0.44099361073794185, 0.13229379882261583], [0.432524590231515, -0.8972534846425475, -0.08865137501129716], [0.15779573113258216, -0.02147609682056384, 0.9872382119901226]]","[0.17183279991149902, 1.171669840812683, -0.3467552065849304]",[0.0],"[-0.07468008249998093, 0.02835100144147873, -0.9711074233055115, -0.22487682104110718]",[0.44],"[-0.15168190002441406, 3.223729133605957, -17.48869055271149]","[624.5338745117188, 640.154052734375, 649.829345703125, 669.857421875]"
13.430192947388,"[43.20006561279297, -142.70130920410156, -25.447763442993164]","[43.20006561279297, -142.70130920410156, -25.447763442993164]","[-12.382857322692871, -6.0462141036987305, 0.7481518983840942]","[-12.382857322692871, -6.0462141036987305, 0.7481518983840942]","[-0.05991450697183609, 0.02215263620018959, -0.9710193276405334, -0.23030641674995422]","[[-0.8867385478841832, -0.4499184924398037, 0.1061525000217507], [0.44460943533556047, -0.8929365655943036, -0.07061866664119432], [0.12656007708107464, -0.015423884993099435, 0.9918390251274077]]","[0.13118772208690643, 0.9578889012336731, -0.36455100774765015]",[0.0],"[-0.05991450697183609, 0.02215263620018959, -0.9710193276405334, -0.23030641674995422]",[0.44],"[0.4584789276123047, 2.8126001358032227, -18.033411440849306]","[632.866943359375, 642.6277465820312, 654.3181762695312, 669.857421875]"
13.461227416992,"[42.79175567626953, -142.89990234375, -25.426162719726562]","[42.79175567626953, -142.89990234375, -25.426162719726562]","[-12.360857009887695, -5.992334842681885, 0.5595983862876892]","[-12.360857009887695, -5.992334842681885, 0.5595983862876892]","[-0.046686891466379166, 0.016744032502174377, -0.9703730940818787, -0.2364656627178192]","[[-0.8838086086849448, -0.4604832872075014, 0.08268862916619968], [0.45735637989494726, -0.887607215105664, -0.05457561071474948], [0.09852618413498115, -0.010416223791420487, 0.9950799430815453]]","[0.09468622505664825, 0.7664515376091003, -0.3818880319595337]",[0.0],"[-0.046686891466379166, 0.016744032502174377, -0.9703730940818787, -0.2364656627178192]",[0.44],"[1.100015640258789, 2.693963050842285, -19.237675604820254]","[636.1553344726562, 645.8265991210938, 656.6495971679688, 669.857421875]"
13.49222278595,"[42.42133712768555, -143.0790252685547, -25.412012100219727]","[42.42133712768555, -143.0790252685547, -25.412012100219727]","[-12.331933975219727, -5.949240207672119, 0.3830963969230652]","[-12.331933975219727, -5.949240207672119, 0.3830963969230652]","[-0.036986976861953735, 0.012813028879463673, -0.969429612159729, -0.2422272264957428]","[[-0.8799158932824571, -0.4705923228779821, 0.06550521237152468], [0.468696662067197, -0.8823236187790986, -0.04276116487788628], [0.07791987016545404, -0.006924153590953219, 0.9969355796670947]]","[0.07033073157072067, 0.6252731084823608, -0.39587095379829407]",[0.0],"[-0.036986976861953735, 0.012813028879463673, -0.969429612159729, -0.2422272264957428]",[0.44],"[1.4461517333984375, 2.1547317504882812, -18.635099468231203]","[641.4052734375, 648.510986328125, 659.3938598632812, 669.857421875]"
13.523224830627,"[42.05188751220703, -143.2569122314453, -25.40321159362793]","[42.05188751220703, -143.2569122314453, -25.40321159362793]","[-12.296102523803711, -5.910633563995361, 0.20302759110927582]","[-12.296102523803711, -5.910633563995361, 0.20302759110927582]","[-0.02904580347239971, 0.00965841580182314, -0.9682409167289734, -0.248138427734375]","[[-0.8751675156479273, -0.48107663038490367, 0.05145342253955332], [0.4799544845959658, -0.8766682630550402, -0.033118106752059506], [0.061039918985430264, -0.004288586728367849, 0.9981261126096836]]","[0.05157208815217018, 0.510794460773468, -0.4083491265773773]",[0.0],"[-0.02904580347239971, 0.00965841580182314, -0.9682409167289734, -0.248138427734375]",[0.44],"[1.7915725708007812, 1.9303321838378906, -18.81344029068947]","[645.3591918945312, 651.3892211914062, 661.609619140625, 669.857421875]"
13.554196357727,"[41.646846771240234, -143.4513397216797, -25.399826049804688]","[41.646846771240234, -143.4513397216797, -25.399826049804688]","[-12.25022029876709, -5.872267723083496, 0.0019247513264417648]","[-12.25022029876709, -5.872267723083496, 0.0019247513264417648]","[-0.021978506818413734, 0.006889297626912594, -0.9667192697525024, -0.25480055809020996]","[[-0.8691872178652076, -0.4929440518487301, 0.038983298363120866], [0.4923383859492613, -0.8700584025455573, -0.02452030514863579], [0.04600488588386842, -0.0021197619353505726, 0.9989389656324815]]","[0.036292627453804016, 0.40838104486465454, -0.4205288290977478]",[0.0],"[-0.021978506818413734, 0.006889297626912594, -0.9667192697525024, -0.25480055809020996]",[0.44],"[2.2941112518310547, 1.9182920455932617, -19.865141989141705]","[648.903076171875, 653.627685546875, 663.2811889648438, 669.857421875]"
13.586194992065,"[41.28002166748047, -143.6270294189453, -25.402536392211914]","[41.28002166748047, -143.6270294189453, -25.402536392211914]","[-12.203778266906738, -5.840300559997559, -0.18299444019794464]","[-12.203778266906738, -5.840300559997559, -0.18299444019794464]","[-0.016778968274593353, 0.004889907315373421, -0.9651832580566406, -0.26099008321762085]","[[-0.8632052656527693, -0.5039706128803348, 0.02983712389787052], [0.5036424224814934, -0.863720510818383, -0.018197602001078117], [0.03494199316653357, -0.0006810246959103594, 0.9993891100601745]]","[0.026091065257787704, 0.33341366052627563, -0.430347740650177]",[0.0],"[-0.016778968274593353, 0.004889907315373421, -0.9651832580566406, -0.26099008321762085]",[0.44],"[2.322101593017578, 1.598358154296875, -19.055959576219323]","[651.3391723632812, 655.3751220703125, 664.4492797851562, 669.857421875]"
13.617200136185,"[40.878196716308594, -143.8192138671875, -25.411956787109375]","[40.878196716308594, -143.8192138671875, -25.411956787109375]","[-12.148545265197754, -5.807575702667236, -0.3880569040775299]","[-12.148545265197754, -5.807575702667236, -0.3880569040775299]","[-0.012149454094469547, 0.0031372332014143467, -0.9633567333221436, -0.2679298222064972]","[[-0.8561320757385433, -0.5163002279023962, 0.021727400148440518], [0.5161477652193392, -0.8564076097438105, -0.012554951608043041], [0.02508963348394158, 0.00046585269370585936, 0.9996850970660927]]","[0.01785283349454403, 0.26656612753868103, -0.4399224817752838]",[0.0],"[-0.012149454094469547, 0.0031372332014143467, -0.9633567333221436, -0.2679298222064972]",[0.44],"[2.7616500854492188, 1.6362428665161133, -20.063123193979266]","[653.94384765625, 657.1766967773438, 665.550048828125, 669.857421875]"
13.648199081421,"[40.514522552490234, -143.99302673339844, -25.426429748535156]","[40.514522552490234, -143.99302673339844, -25.426429748535156]","[-12.095361709594727, -5.779479026794434, -0.5774027705192566]","[-12.095361709594727, -5.779479026794434, -0.5774027705192566]","[-0.008745606057345867, 0.0018709806026890874, -0.9615926146507263, -0.2743348777294159]","[[-0.8493277142384719, -0.5276295104500168, 0.015792869921031245], [0.5275640590128485, -0.849473684352261, -0.008396691796224418], [0.017845970860522524, 0.0012002072774220524, 0.9998400276125482]]","[0.012535087764263153, 0.21735826134681702, -0.4458668828010559]",[0.0],"[-0.008745606057345867, 0.0018709806026890874, -0.9615926146507263, -0.2743348777294159]",[0.44],"[2.659177780151367, 1.4048337936401367, -19.277293322086337]","[659.6410522460938, 662.2625732421875, 666.4545288085938, 669.857421875]"
13.679192781448,"[40.15248107910156, -144.16600036621094, -25.446609497070312]","[40.15248107910156, -144.16600036621094, -25.446609497070312]","[-12.039907455444336, -5.752552509307861, -0.7683343291282654]","[-12.039907455444336, -5.752552509307861, -0.7683343291282654]","[-0.0059645045548677444, 0.0008515110821463168, -0.9597486853599548, -0.2807955741882324]","[[-0.8422365282425692, -0.5389965240475554, 0.010970649724237724], [0.5389762086806436, -0.8423062287294933, -0.004984086245783552], [0.011927051897193397, 0.0017151396791461118, 0.9999273992285839]]","[0.008746527135372162, 0.17731840908527374, -0.44954293966293335]",[0.0],"[-0.0059645045548677444, 0.0008515110821463168, -0.9597486853599548, -0.2807955741882324]",[0.44],"[2.7727127075195312, 1.3463258743286133, -19.35657793045044]","[667.123046875, 669.2315673828125, 665.0428466796875, 667.7587890625]"
13.710192203522,"[39.756187438964844, -144.35537719726562, -25.475431442260742]","[39.756187438964844, -144.35537719726562, -25.475431442260742]","[-11.976800918579102, -5.723909854888916, -0.9774172306060791]","[-11.976800918579102, -5.723909854888916, -0.9774172306060791]","[-0.003488597460091114, -4.227841418469325e-05, -0.9576613306999207, -0.2878762185573578]","[[-0.8342304522108142, -0.5513755500962643, 0.006706131671818622], [0.5513761400657375, -0.8342547892603627, -0.0019275916849836741], [0.006657447871810256, 0.002089545294535657, 0.9999756558005943]]","[0.005936142988502979, 0.14175163209438324, -0.44469669461250305]",[0.0],"[-0.003488597460091114, -4.227841418469325e-05, -0.9576613306999207, -0.2878762185573578]",[0.44],"[3.1553268432617188, 1.4321327209472656, -20.26414507389069]","[668.0528564453125, 669.852294921875, 660.2354125976562, 662.5174560546875]"
13.741200685501,"[39.39775848388672, -144.5267333984375, -25.507539749145508]","[39.39775848388672, -144.5267333984375, -25.507539749145508]","[-11.917893409729004, -5.698488235473633, -1.1609023809432983]","[-11.917893409729004, -5.698488235473633, -1.1609023809432983]","[-0.001667457865551114, -0.0006913639372214675, -0.9557419419288635, -0.2942008376121521]","[[-0.8268862750920976, -0.5623578540726029, 0.0035941185358635414], [0.5623624653535431, -0.8268908799553771, 0.00034039602242304234], [0.002780519138161977, 0.0023026660253354786, 0.9999934832003459]]","[0.004285599570721388, 0.11570914089679718, -0.4349176585674286]",[0.0],"[-0.001667457865551114, -0.0006913639372214675, -0.9557419419288635, -0.2942008376121521]",[0.44],"[2.945375442504883, 1.2710809707641602, -18.984257516860964]","[668.4098510742188, 669.857421875, 644.3560180664062, 646.1867065429688]"
13.773199319839,"[39.005550384521484, -144.71434020996094, -25.548784255981445]","[39.005550384521484, -144.71434020996094, -25.548784255981445]","[-11.851765632629395, -5.670924663543701, -1.336148738861084]","[-11.851765632629395, -5.670924663543701, -1.336148738861084]","[-4.130134402657859e-05, -0.0012655628379434347, -0.9536874294281006, -0.300796777009964]","[[-0.8190426293969502, -0.573732105554888, 0.0008401315907472038], [0.5737323146326726, -0.8190394295099588, 0.002389056117057263], [-0.0006825773002806703, 0.0024387493617347615, 0.9999967932898044]]","[0.003187264548614621, 0.09282345324754715, -0.4006350040435791]",[0.0],"[-4.130134402657859e-05, -0.0012655628379434347, -0.9536874294281006, -0.300796777009964]",[0.44],"[3.3063888549804688, 1.378178596496582, -18.572317895889285]","[668.6534423828125, 669.857421875, 618.3951416015625, 619.9277954101562]"
13.80419421196,"[38.650901794433594, -144.88409423828125, -25.591228485107422]","[38.650901794433594, -144.88409423828125, -25.591228485107422]","[-11.790812492370605, -5.64609956741333, -1.4937547445297241]","[-11.790812492370605, -5.64609956741333, -1.4937547445297241]","[0.0011503504356369376, -0.0016837981529533863, -0.9519354701042175, -0.30629199743270874]","[[-0.8123679488375151, -0.5831443070464083, -0.0011586509663820826], [0.5831365592146532, -0.8123649250973248, 0.0039104206379422385], [-0.003221586564548476, 0.0025010481072269414, 0.9999916830353107]]","[0.0025674966163933277, 0.07519665360450745, -0.3691258132457733]",[0.0],"[0.0011503504356369376, -0.0016837981529533863, -0.9519354701042175, -0.30629199743270874]",[0.44],"[3.047657012939453, 1.2412548065185547, -17.69030028343201]","[668.8905029296875, 669.857421875, 624.2041625976562, 625.3759155273438]"
13.835223674774,"[38.298091888427734, -145.05308532714844, -25.638429641723633]","[38.298091888427734, -145.05308532714844, -25.638429641723633]","[-11.729265213012695, -5.621439456939697, -1.6532577276229858]","[-11.729265213012695, -5.621439456939697, -1.6532577276229858]","[0.0021185593213886023, -0.002024219837039709, -0.9502906799316406, -0.31135034561157227]","[[-0.806112947661777, -0.5917552401159533, -0.002766011264283552], [0.591738086396736, -0.8061137293170761, 0.0051664228443690785], [-0.005286977447708008, 0.0025279661367172412, 0.9999828284809061]]","[0.0022893825080245733, 0.06120879575610161, -0.34073469042778015]",[0.0],"[0.0021185593213886023, -0.002024219837039709, -0.9502906799316406, -0.31135034561157227]",[0.44],"[3.077363967895508, 1.2330055236816406, -17.785149154663088]","[669.0328979492188, 669.857421875, 628.1033935546875, 629.0809936523438]"
13.866194486618,"[37.91214370727539, -145.23817443847656, -25.695903778076172]","[37.91214370727539, -145.23817443847656, -25.695903778076172]","[-11.661054611206055, -5.594454288482666, -1.8301175832748413]","[-11.661054611206055, -5.594454288482666, -1.8301175832748413]","[0.002975989831611514, -0.0023283055052161217, -0.9485973119735718, -0.3164631128311157]","[[-0.7996845625800231, -0.6004059743677879, -0.004172386293849695], [0.6003782583137542, -0.7996914335979275, 0.006300830699133619], [-0.007119677525059764, 0.0025336666756715087, 0.9999714449559931]]","[0.00215238519012928, 0.04868313670158386, -0.31267204880714417]",[0.0],"[0.002975989831611514, -0.0023283055052161217, -0.9485973119735718, -0.3164631128311157]",[0.44],"[3.4105300903320312, 1.3492584228515625, -18.652992782592776]","[669.1864013671875, 669.857421875, 631.8306274414062, 632.6009521484375]"
13.896983385086,"[37.56324005126953, -145.4056396484375, -25.753206253051758]","[37.56324005126953, -145.4056396484375, -25.753206253051758]","[-11.598730087280273, -5.570003986358643, -1.9898384809494019]","[-11.598730087280273, -5.570003986358643, -1.9898384809494019]","[0.0036019610706716776, -0.0025540555361658335, -0.9471601247787476, -0.3207307755947113]","[[-0.794237650341149, -0.6075852020825697, -0.005184939368238287], [0.6075484036481152, -0.7942505521888945, 0.0071487186563703314], [-0.008461596220344023, 0.002527679584936396, 0.999961005353527]]","[0.002143657300621271, 0.03957807272672653, -0.2880861163139343]",[0.0],"[0.0036019610706716776, -0.0025540555361658335, -0.9471601247787476, -0.3207307755947113]",[0.44],"[3.1162261962890625, 1.2225151062011719, -17.79604488372803]","[669.3191528320312, 669.857421875, 633.9683837890625, 634.5738525390625]"
13.927973747253,"[37.21620559692383, -145.57237243652344, -25.81529998779297]","[37.21620559692383, -145.57237243652344, -25.81529998779297]","[-11.53620719909668, -5.545620441436768, -2.1497271060943604]","[-11.53620719909668, -5.545620441436768, -2.1497271060943604]","[0.004109688103199005, -0.0027415079530328512, -0.9458187222480774, -0.3246576189994812]","[[-0.7891611424416847, -0.6141570422256237, -0.005993937012212042], [0.614111975255146, -0.7891798897825826, 0.007854422207171113], [-0.00955414279021119, 0.0025174559895107806, 0.9999511891956757]]","[0.002171954372897744, 0.032122090458869934, -0.265693336725235]",[0.0],"[0.004109688103199005, -0.0027415079530328512, -0.9458187222480774, -0.3246576189994812]",[0.44],"[3.1261444091796875, 1.21917724609375, -17.804431257247927]","[669.4242553710938, 669.857421875, 638.1587524414062, 638.63525390625]"
13.958600759506,"[36.836639404296875, -145.75494384765625, -25.889144897460938]","[36.836639404296875, -145.75494384765625, -25.889144897460938]","[-11.467309951782227, -5.518861770629883, -2.3254361152648926]","[-11.467309951782227, -5.518861770629883, -2.3254361152648926]","[0.004557316191494465, -0.0029122631531208754, -0.9444451928138733, -0.32862457633018494]","[[-0.7839704070118148, -0.6207623469191211, -0.006694188248666841], [0.6207092585030346, -0.7839949827202071, 0.008496238075613088], [-0.010522353228092265, 0.0025056536650828465, 0.9999414991849155]]","[0.0022273047361522913, 0.025539029389619827, -0.2435091733932495]",[0.0],"[0.004557316191494465, -0.0029122631531208754, -0.9444451928138733, -0.32862457633018494]",[0.44],"[3.4448623657226562, 1.3379335403442383, -18.595450458526614]","[669.4978637695312, 669.857421875, 640.3367919921875, 640.728271484375]"
13.990681409836,"[36.49355697631836, -145.92013549804688, -25.96129035949707]","[36.49355697631836, -145.92013549804688, -25.96129035949707]","[-11.404647827148438, -5.49458122253418, -2.4842886924743652]","[-11.404647827148438, -5.49458122253418, -2.4842886924743652]","[0.004882905166596174, -0.0030416930094361305, -0.9432834386825562, -0.33193880319595337]","[[-0.7795857951783027, -0.6262544560187242, -0.007192615278131864], [0.6261950468246804, -0.7796149769113072, 0.008980008676953755], [-0.011231239027098772, 0.002496705888476669, 0.9999338106815407]]","[0.002272488782182336, 0.020716456696391106, -0.2251071035861969]",[0.0],"[0.004882905166596174, -0.0030416930094361305, -0.9432834386825562, -0.33193880319595337]",[0.44],"[3.133106231689453, 1.2140274047851562, -17.752628860473635]","[669.5690307617188, 669.857421875, 643.7282104492188, 644.0386962890625]"
14.021240711212,"[36.15235137939453, -146.08462524414062, -26.03819465637207]","[36.15235137939453, -146.08462524414062, -26.03819465637207]","[-11.342019081115723, -5.470344066619873, -2.642357110977173]","[-11.342019081115723, -5.470344066619873, -2.642357110977173]","[0.005145752336829901, -0.0031512409914284945, -0.9421977996826172, -0.3350028991699219]","[[-0.7754932480931025, -0.6313104199817873, -0.007585283322722347], [0.6312455579590049, -0.7755263449877545, 0.009385868559284027], [-0.011807982795168925, 0.002490500754290359, 0.9999271818262039]]","[0.0023070687893778086, 0.01679365709424019, -0.2086399495601654]",[0.0],"[0.005145752336829901, -0.0031512409914284945, -0.9421977996826172, -0.3350028991699219]",[0.44],"[3.131437301635742, 1.211857795715332, -17.713420925140383]","[669.62841796875, 669.857421875, 646.8407592773438, 647.0862426757812]"
14.05121088028,"[35.813018798828125, -146.24835205078125, -26.119808197021484]","[35.813018798828125, -146.24835205078125, -26.119808197021484]","[-11.279499053955078, -5.446122646331787, -2.7965476512908936]","[-11.279499053955078, -5.446122646331787, -2.7965476512908936]","[0.005357644520699978, -0.003244588151574135, -0.9411836862564087, -0.337837278842926]","[[-0.7716745172549506, -0.6359686376123032, -0.0078927695751001], [0.6358991042125742, -0.7717108712600242, 0.00972753096552681], [-0.01227734090347532, 0.0024874827820028367, 0.9999215365858329]]","[0.002325072418898344, 0.013620859943330288, -0.1914064884185791]",[0.0],"[0.005357644520699978, -0.003244588151574135, -0.9411836862564087, -0.337837278842926]",[0.44],"[3.1260013580322266, 1.2110710144042969, -17.519527015686037]","[669.6668701171875, 669.857421875, 636.1262817382812, 636.3345336914062]"
14.082479715347,"[35.44192123413086, -146.4276580810547, -26.214618682861328]","[35.44192123413086, -146.4276580810547, -26.214618682861328]","[-11.211021423339844, -5.41935920715332, -2.9468421936035156]","[-11.211021423339844, -5.41935920715332, -2.9468421936035156]","[0.005543261766433716, -0.0033330717124044895, -0.9402003288269043, -0.3405606746673584]","[[-0.7679755353865181, -0.6404274687935018, -0.008153326768966851], [0.6403535644375492, -0.7680147721544603, 0.010043144174081586], [-0.012693779373331493, 0.00249187630594383, 0.9999163257638976]]","[0.0023147156462073326, 0.010837568901479244, -0.15772496163845062]",[0.0],"[0.005543261766433716, -0.0033330717124044895, -0.9402003288269043, -0.3405606746673584]",[0.44],"[3.4238815307617188, 1.3381719589233398, -17.324727115631106]","[669.7039794921875, 669.857421875, 619.4734497070312, 619.6495971679688]"
14.113473176956,"[35.10651397705078, -146.58985900878906, -26.30500602722168]","[35.10651397705078, -146.58985900878906, -26.30500602722168]","[-11.148987770080566, -5.395071029663086, -3.0785839557647705]","[-11.148987770080566, -5.395071029663086, -3.0785839557647705]","[0.005676187574863434, -0.0034033190459012985, -0.9394745826721191, -0.3425546884536743]","[[-0.7652481481349613, -0.6436814817093502, -0.008333622115172634], [0.6436042102002236, -0.7652894211846748, 0.010283472813320316], [-0.012996913697081336, 0.0025058541480724728, 0.9999123966281735]]","[0.0022406945936381817, 0.008744031190872192, -0.1254226118326187]",[0.0],"[0.005676187574863434, -0.0034033190459012985, -0.9394745826721191, -0.3425546884536743]",[0.44],"[3.101682662963867, 1.2144088745117188, -16.397088108062746]","[669.739501953125, 669.857421875, 622.4248046875, 622.5681762695312]"
14.144471406937,"[34.77296447753906, -146.75135803222656, -26.399337768554688]","[34.77296447753906, -146.75135803222656, -26.399337768554688]","[-11.087167739868164, -5.3709025382995605, -3.2099595069885254]","[-11.087167739868164, -5.3709025382995605, -3.2099595069885254]","[0.005781631451100111, -0.003465153742581606, -0.9389059543609619, -0.3441077768802643]","[[-0.7631127968498568, -0.646209749793309, -0.008472043688900838], [0.6461296128258649, -0.76315563679341, 0.010485915654130235], [-0.013241589092533174, 0.002527898272613932, 0.9999091308946079]]","[0.0021143443882465363, 0.00707571255043149, -0.09561504423618317]",[0.0],"[0.005781631451100111, -0.003465153742581606, -0.9389059543609619, -0.3441077768802643]",[0.44],"[3.091001510620117, 1.2084245681762695, -16.378777561187746]","[669.7635498046875, 669.857421875, 626.7921142578125, 626.9122924804688]"
14.175507545471,"[34.408199310302734, -146.9281463623047, -26.507654190063477]","[34.408199310302734, -146.9281463623047, -26.507654190063477]","[-11.019450187683105, -5.344499588012695, -3.354468822479248]","[-11.019450187683105, -5.344499588012695, -3.354468822479248]","[0.005872497335076332, -0.0035246512852609158, -0.9384464621543884, -0.34535691142082214]","[[-0.7613883709935414, -0.6482393404174336, -0.008587523332800634], [0.6481565463963146, -0.761432497110077, 0.01067160814189999], [-0.013456574059653198, 0.002559177974024107, 0.9999061812167337]]","[0.0019273182842880487, 0.0056028347462415695, -0.0662679374217987]",[0.0],"[0.005872497335076332, -0.0035246512852609158, -0.9384464621543884, -0.34535691142082214]",[0.44],"[3.3858776092529297, 1.3201475143432617, -17.035465774536135]","[669.7867431640625, 669.857421875, 631.7132568359375, 631.8118286132812]"
14.206485271454,"[34.078529357910156, -147.088134765625, -26.61025619506836]","[34.078529357910156, -147.088134765625, -26.61025619506836]","[-10.958183288574219, -5.3206915855407715, -3.4853851795196533]","[-10.958183288574219, -5.3206915855407715, -3.4853851795196533]","[0.005936981178820133, -0.0035717985592782497, -0.9381651878356934, -0.34611883759498596]","[[-0.7603333548234597, -0.6494756999731857, -0.008667204594687866], [0.6493908771699017, -0.7603783348245989, 0.010811676181426144], [-0.0136122716565312, 0.002592072083680008, 0.9999039890190685]]","[0.0017271392280235887, 0.004538635723292828, -0.042439449578523636]",[0.0],"[0.005936981178820133, -0.0035717985592782497, -0.9381651878356934, -0.34611883759498596]",[0.44],"[3.063344955444336, 1.1904001235961914, -16.355817852020266]","[669.8053588867188, 669.857421875, 636.1163330078125, 636.197021484375]"
14.237481832504,"[33.75069046020508, -147.24740600585938, -26.716772079467773]","[33.75069046020508, -147.24740600585938, -26.716772079467773]","[-10.897225379943848, -5.297088623046875, -3.615459680557251]","[-10.897225379943848, -5.297088623046875, -3.615459680557251]","[0.00598788820207119, -0.0036130230873823166, -0.9380007386207581, -0.3465627133846283]","[[-0.7597168791778353, -0.6501954310230283, -0.008729008943273553], [0.6501088935097533, -0.7597624809164163, 0.01092839421474412], [-0.013737565282011643, 0.0026276790837297392, 0.999902182518099]]","[0.0015069680521264672, 0.0036821539979428053, -0.021070197224617004]",[0.0],"[0.00598788820207119, -0.0036130230873823166, -0.9380007386207581, -0.3465627133846283]",[0.44],"[3.0478954315185547, 1.1801481246948242, -16.313725051879885]","[669.8196411132812, 669.857421875, 640.0455322265625, 640.1123046875]"
14.269494056702,"[33.392173767089844, -147.42178344726562, -26.838369369506836]","[33.392173767089844, -147.42178344726562, -26.838369369506836]","[-10.830612182617188, -5.2713141441345215, -3.7507429122924805]","[-10.830612182617188, -5.2713141441345215, -3.7507429122924805]","[0.006031495053321123, -0.0036523803137242794, -0.9379503726959229, -0.34669792652130127]","[[-0.7595284830447533, -0.6504149574147066, -0.00878194070308147], [0.6503268401595262, -0.7595745611459976, 0.011033716610589717], [-0.01384703142962318, 0.0026692892953500413, 0.9999005623709314]]","[0.0012550459941849113, 0.002940187929198146, 0.005868749693036079]",[0.0],"[0.006031495053321123, -0.0036523803137242794, -0.9379503726959229, -0.34669792652130127]",[0.44],"[3.330659866333008, 1.2887239456176758, -16.574161586761477]","[669.8316040039062, 669.857421875, 621.20751953125, 621.2640380859375]"
14.300233364105,"[33.06814956665039, -147.57957458496094, -26.95254135131836]","[33.06814956665039, -147.57957458496094, -26.95254135131836]","[-10.770545959472656, -5.247994899749756, -3.8586266040802]","[-10.770545959472656, -5.247994899749756, -3.8586266040802]","[0.006061831954866648, -0.00368423736654222, -0.9380687475204468, -0.34637656807899475]","[[-0.7599730973591055, -0.6498947332321824, -0.00882056322913978], [0.6498054003209911, -0.7600194417624575, 0.011111488961597166], [-0.01392509720918493, 0.0027127827664039927, 0.9998993611767558]]","[0.0010025578085333109, 0.002406853251159191, 0.04115383327007294]",[0.0],"[0.006061831954866648, -0.00368423736654222, -0.9380687475204468, -0.34637656807899475]",[0.44],"[3.0033111572265625, 1.1659622192382812, -15.204184589385987]","[669.8405151367188, 669.857421875, 609.2167358398438, 609.269287109375]"
14.331224918365,"[32.71379852294922, -147.75233459472656, -27.081655502319336]","[32.71379852294922, -147.75233459472656, -27.081655502319336]","[-10.705020904541016, -5.2225470542907715, -3.9636218547821045]","[-10.705020904541016, -5.2225470542907715, -3.9636218547821045]","[0.006086651235818863, -0.003716077422723174, -0.9384358525276184, -0.3453799784183502]","[[-0.7613513170812993, -0.6482791459204647, -0.008856946002925817], [0.6481886720515151, -0.7613977932650089, 0.011179015513438001], [-0.01399078096317001, 0.0027701856235694267, 0.9998982868906436]]","[0.0006688357098028064, 0.0019502034410834312, 0.08943047374486923]",[0.0],"[0.006086651235818863, -0.003716077422723174, -0.9384358525276184, -0.3453799784183502]",[0.44],"[3.2762527465820312, 1.2723922729492188, -15.059762535095215]","[669.8516845703125, 669.857421875, 591.009521484375, 591.0577392578125]"
14.363227844238,"[32.39352798461914, -147.90867614746094, -27.20180892944336]","[32.39352798461914, -147.90867614746094, -27.20180892944336]","[-10.64598274230957, -5.199655055999756, -4.0463738441467285]","[-10.64598274230957, -5.199655055999756, -4.0463738441467285]","[0.006102779880166054, -0.0037428701762109995, -0.9390354156494141, -0.3437458574771881]","[[-0.7636030418420476, -0.645624752133322, -0.008888260646482335], [0.6455333844821003, -0.7636495115322672, 0.011224985909084606], [-0.014034645119072112, 0.00283376469747576, 0.9998974940011566]]","[0.0003027757629752159, 0.0016383419279009104, 0.14248546957969666]",[0.0],"[0.006102779880166054, -0.0037428701762109995, -0.9390354156494141, -0.3437458574771881]",[0.44],"[2.9519081115722656, 1.1445999145507812, -13.947599468231202]","[669.857421875, 669.8521118164062, 590.813720703125, 590.8606567382812]"
14.394225597382,"[32.04326629638672, -148.07986450195312, -27.336864471435547]","[32.04326629638672, -148.07986450195312, -27.336864471435547]","[-10.58151626586914, -5.174998760223389, -4.1391987800598145]","[-10.58151626586914, -5.174998760223389, -4.1391987800598145]","[0.006115219555795193, -0.0037694727070629597, -0.939995288848877, -0.3411119282245636]","[[-0.7672107039651459, -0.6413333133089186, -0.008924930938455783], [0.6412411086960655, -0.7672570779365984, 0.011258521840554925], [-0.01406817935244023, 0.002914624503779495, 0.9998967903305902]]","[-0.0001890981220640242, 0.0013885447988286614, 0.19636204838752747]",[0.0],"[0.006115219555795193, -0.0037694727070629597, -0.939995288848877, -0.3411119282245636]",[0.44],"[3.2233238220214844, 1.2328147888183594, -14.451246795654297]","[669.857421875, 669.8448486328125, 596.9652709960938, 597.00927734375]"
14.425266504288,"[31.7266845703125, -148.2347869873047, -27.46233558654785]","[31.7266845703125, -148.2347869873047, -27.46233558654785]","[-10.523361206054688, -5.153139114379883, -4.225792407989502]","[-10.523361206054688, -5.153139114379883, -4.225792407989502]","[0.006123455706983805, -0.0037901492323726416, -0.9411098957061768, -0.33802419900894165]","[[-0.7714044020545892, -0.6362822549728326, -0.008963365206727608], [0.6361894197290434, -0.7714506650117725, 0.011273646318617991], [-0.014088013840316077, 0.002994141476538259, 0.9998962761180019]]","[-0.0006778925890102983, 0.001238109078258276, 0.2406063824892044]",[0.0],"[0.006123455706983805, -0.0037901492323726416, -0.9411098957061768, -0.33802419900894165]",[0.44],"[2.9077529907226562, 1.092982292175293, -14.139681396484375]","[669.857421875, 669.8378295898438, 604.785888671875, 604.8260498046875]"
14.456228256226,"[31.41184425354004, -148.38906860351562, -27.590435028076172]","[31.41184425354004, -148.38906860351562, -27.590435028076172]","[-10.465652465820312, -5.131860733032227, -4.3140082359313965]","[-10.465652465820312, -5.131860733032227, -4.3140082359313965]","[0.006130038760602474, -0.0038069277070462704, -0.9424258470535278, -0.33433738350868225]","[[-0.7763619397862522, -0.6302230569384661, -0.009008617445302375], [0.6301297104808541, -0.7764081091395318, 0.011274496378022525], [-0.014099810440424604, 0.0030764918979159783, 0.9998958598524537]]","[-0.0011917795054614544, 0.0011417838977649808, 0.28068000078201294]",[0.0],"[0.006130038760602474, -0.0038069277070462704, -0.9424258470535278, -0.33433738350868225]",[0.44],"[2.88543701171875, 1.0639190673828125, -14.220791397094727]","[669.857421875, 669.832763671875, 611.8782348632812, 611.91455078125]"
14.487237453461,"[31.067506790161133, -148.5580596923828, -27.73453712463379]","[31.067506790161133, -148.5580596923828, -27.73453712463379]","[-10.402593612670898, -5.109315872192383, -4.424139022827148]","[-10.402593612670898, -5.109315872192383, -4.424139022827148]","[0.006136709824204445, -0.0038200505077838898, -0.9440555572509766, -0.32970720529556274]","[[-0.7825109759246678, -0.6225707239328894, -0.009067793671535096], [0.6224769537669691, -0.7825571087678367, 0.011259314713402135], [-0.014105786379572383, 0.0031660449300090487, 0.999895496013303]]","[-0.0017744889482855797, 0.0010861802147701383, 0.30927613377571106]",[0.0],"[0.006136709824204445, -0.0038200505077838898, -0.9440555572509766, -0.32970720529556274]",[0.44],"[3.152942657470703, 1.1272430419921875, -15.316539344787598]","[669.857421875, 669.8294067382812, 647.5992431640625, 647.6304321289062]"
14.518223762512,"[30.756275177001953, -148.71104431152344, -27.868915557861328]","[30.756275177001953, -148.71104431152344, -27.868915557861328]","[-10.34565544128418, -5.089616775512695, -4.534157752990723]","[-10.34565544128418, -5.089616775512695, -4.534157752990723]","[0.00614374503493309, -0.003825803752988577, -0.945608377456665, -0.3252268135547638]","[[-0.7883796805811663, -0.6151214084674671, -0.00913064562024038], [0.6150273894162189, -0.7884258982385619, 0.011231645400670676], [-0.014107661475721706, 0.003239202916653916, 0.9998952352451788]]","[-0.0022527349647134542, 0.0010671236086636782, 0.3225000202655792]",[0.0],"[0.00614374503493309, -0.003825803752988577, -0.945608377456665, -0.3252268135547638]",[0.44],"[2.8469085693359375, 0.984954833984375, -15.310936508178711]","[669.857421875, 669.832275390625, 651.7844848632812, 651.8093872070312]"
14.549224376678,"[30.446748733520508, -148.86343383789062, -28.006576538085938]","[30.446748733520508, -148.86343383789062, -28.006576538085938]","[-10.28917121887207, -5.070563793182373, -4.642549991607666]","[-10.28917121887207, -5.070563793182373, -4.642549991607666]","[0.006151949986815453, -0.0038262037560343742, -0.9471983909606934, -0.3205662965774536]","[[-0.7943988633474184, -0.607326837857078, -0.009201130321519146], [0.607232683400492, -0.7944452766543335, 0.01119256373041333], [-0.014107338193609875, 0.0033041324344007528, 0.999895027352354]]","[-0.0026756979059427977, 0.0010620119282975793, 0.33368635177612305]",[0.0],"[0.006151949986815453, -0.0038262037560343742, -0.9471983909606934, -0.3205662965774536]",[0.44],"[2.8242111206054688, 0.9526491165161133, -15.229611930847168]","[669.857421875, 669.833251953125, 658.108642578125, 658.129638671875]"
14.581265449524,"[30.108217239379883, -149.0304412841797, -28.16182518005371]","[30.108217239379883, -149.0304412841797, -28.16182518005371]","[-10.227487564086914, -5.050421237945557, -4.765257835388184]","[-10.227487564086914, -5.050421237945557, -4.765257835388184]","[0.006162596400827169, -0.0038207033649086952, -0.9489583969116211, -0.3153179883956909]","[[-0.8010732736865529, -0.5984943964763544, -0.009286622204125239], [0.5984002146651336, -0.8011200333269466, 0.01113773208128388], [-0.014105568201243868, 0.0033650220796704877, 0.9998948492627958]]","[-0.0030845175497233868, 0.0010704597225412726, 0.3341759741306305]",[0.0],"[0.006162596400827169, -0.0038207033649086952, -0.9489583969116211, -0.3153179883956909]",[0.44],"[3.0841827392578125, 1.0071277618408203, -15.94539218902588]","[658.4644775390625, 658.4434204101562, 669.7835083007812, 669.7987670898438]"
14.612237453461,"[29.802221298217773, -149.1816864013672, -28.306331634521484]","[29.802221298217773, -149.1816864013672, -28.306331634521484]","[-10.171916961669922, -5.0326972007751465, -4.866672039031982]","[-10.171916961669922, -5.0326972007751465, -4.866672039031982]","[0.00617424538359046, -0.003810145892202854, -0.9505058526992798, -0.31062188744544983]","[[-0.8069517864546096, -0.5905428935381655, -0.009370283329251328], [0.5904487944354225, -0.8069989946432834, 0.011078843449558312], [-0.01410434216316564, 0.003407420431149416, 0.9998947229644467]]","[-0.0033756676129996777, 0.0010798877337947488, 0.3241894841194153]",[0.0],"[0.00617424538359046, -0.003810145892202854, -0.9505058526992798, -0.31062188744544983]",[0.44],"[2.7785301208496094, 0.8862018585205078, -14.880710182189942]","[652.6178588867188, 652.6014404296875, 669.8465576171875, 669.857421875]"
14.643262624741,"[29.46754264831543, -149.3474578857422, -28.468690872192383]","[29.46754264831543, -149.3474578857422, -28.468690872192383]","[-10.111268997192383, -5.013876914978027, -4.972397804260254]","[-10.111268997192383, -5.013876914978027, -4.972397804260254]","[0.006189083214849234, -0.0037931492552161217, -0.9521223306655884, -0.305631160736084]","[[-0.8131026410666888, -0.5820434584009124, -0.009466919450977218], [0.581949553935365, -0.8131504746062246, 0.0110062375925708], [-0.014104137889844881, 0.003439930845184458, 0.9998946145353746]]","[-0.0036059038247913122, 0.0010838840389624238, 0.3117111623287201]",[0.0],"[0.006189083214849234, -0.0037931492552161217, -0.9521223306655884, -0.305631160736084]",[0.44],"[3.032398223876953, 0.941014289855957, -15.096288261413575]","[654.033203125, 654.02099609375, 669.8499755859375, 669.857421875]"
14.674225330353,"[29.165019989013672, -149.4976348876953, -28.61916160583496]","[29.165019989013672, -149.4976348876953, -28.61916160583496]","[-10.05659294128418, -4.9972920417785645, -5.057652950286865]","[-10.05659294128418, -4.9972920417785645, -5.057652950286865]","[0.006204106379300356, -0.0037736641243100166, -0.9535014629364014, -0.30130091309547424]","[[-0.8183585607255615, -0.5746285472685504, -0.009557232125011417], [0.5745348984138825, -0.8184070615156465, 0.010934994360369737], [-0.014105265910492382, 0.003457782692271122, 0.9998945370462224]]","[-0.003741214284673333, 0.0010807537473738194, 0.2936590909957886]",[0.0],"[0.006204106379300356, -0.0037736641243100166, -0.9535014629364014, -0.30130091309547424]",[0.44],"[2.7338027954101562, 0.8292436599731445, -14.072757301330567]","[641.9635620117188, 641.9556274414062, 669.8533325195312, 669.857421875]"
14.706236362457,"[28.83413314819336, -149.66224670410156, -28.787569046020508]","[28.83413314819336, -149.66224670410156, -28.787569046020508]","[-9.996848106384277, -4.979677677154541, -5.148213863372803]","[-9.996848106384277, -4.979677677154541, -5.148213863372803]","[0.006222087889909744, -0.003748493967577815, -0.9549018740653992, -0.296832799911499]","[[-0.8237032806012727, -0.5669390407569823, -0.009657614853653906], [0.566845746921298, -0.8237526069426424, 0.010852727368440479], [-0.014108318693043853, 0.003465048289811118, 0.9998944688305306]]","[-0.0038097361102700233, 0.0010668860049918294, 0.27427026629447937]",[0.0],"[0.006222087889909744, -0.003748493967577815, -0.9549018740653992, -0.296832799911499]",[0.44],"[2.987241744995117, 0.8807182312011719, -14.338045654296875]","[645.2723388671875, 645.2706298828125, 669.8572387695312, 669.857421875]"
14.737234354019,"[28.535032272338867, -149.8114013671875, -28.943201065063477]","[28.535032272338867, -149.8114013671875, -28.943201065063477]","[-9.942900657653809, -4.964171886444092, -5.22515869140625]","[-9.942900657653809, -4.964171886444092, -5.22515869140625]","[0.006239242851734161, -0.003723270958289504, -0.9560748934745789, -0.29303258657455444]","[[-0.8281861293581123, -0.5603686587711181, -0.009748287450816545], [0.5602757372042717, -0.8282362601675803, 0.010776054711868183], [-0.014112446328518519, 0.0034628488274263403, 0.9998944182040165]]","[-0.0038124367129057646, 0.001044670701958239, 0.2547318935394287]",[0.0],"[0.006239242851734161, -0.003723270958289504, -0.9560748934745789, -0.29303258657455444]",[0.44],"[2.6973724365234375, 0.7752895355224609, -13.657241401672364]","[630.0196533203125, 616.8219604492188, 658.9301147460938, 669.8565673828125]"
14.767994165421,"[28.23754119873047, -149.96009826660156, -29.100725173950195]","[28.23754119873047, -149.96009826660156, -29.100725173950195]","[-9.889304161071777, -4.94854736328125, -5.272377014160156]","[-9.889304161071777, -4.94854736328125, -5.272377014160156]","[0.007136087398976088, -0.0012973633129149675, -0.9571290612220764, -0.2895711362361908]","[[-0.832195445974838, -0.554332415761489, -0.012908955328697472], [0.5542953833695322, -0.8322939271584382, 0.00661629813231307], [-0.014411671203225215, -0.0016493216132960065, 0.9998947862101369]]","[-0.4260479807853699, 0.033485785126686096, 0.2242329716682434]",[0.0],"[0.007136087398976088, -0.0012973633129149675, -0.9571290612220764, -0.2895711362361908]",[0.44],"[2.6798248291015625, 0.7812261581420898, -12.170916137695313]","[629.0502319335938, 582.3150634765625, 639.5618896484375, 669.857421875]"
14.798987627029,"[27.91219711303711, -150.12307739257812, -29.275665283203125]","[27.91219711303711, -150.12307739257812, -29.275665283203125]","[-9.827104568481445, -4.92788028717041, -5.3362627029418945]","[-9.827104568481445, -4.92788028717041, -5.3362627029418945]","[0.012364870868623257, 0.00927938986569643, -0.9580479860305786, -0.2861906588077545]","[[-0.8358841012270546, -0.5481392916682095, -0.02900362866442069], [0.5485982454979252, -0.8360176671376909, -0.01070278046491785], [-0.01838092986843004, -0.024857622624774256, 0.9995220057842453]]","[-0.8484314680099487, 0.18586967885494232, 0.19107545912265778]",[0.0],"[0.012364870868623257, 0.00927938986569643, -0.9580479860305786, -0.2861906588077545]",[0.44],"[3.1099796295166016, 1.0333538055419922, -13.004284439086915]","[625.3255004882812, 619.1190795898438, 668.7106323242188, 664.65625]"
14.830991268158,"[27.618316650390625, -150.2705535888672, -29.436870574951172]","[27.618316650390625, -150.2705535888672, -29.436870574951172]","[-9.763352394104004, -4.902146816253662, -5.412148952484131]","[-9.763352394104004, -4.902146816253662, -5.412148952484131]","[0.01877496764063835, 0.021479880437254906, -0.9585570096969604, -0.28346899151802063]","[[-0.8385858522055549, -0.5426358095823853, -0.048171513768487606], [0.5442489458229223, -0.8383680804981715, -0.030535137635416154], [-0.023815993586582374, -0.05182362220691705, 0.9983722306529884]]","[-0.9700645208358765, 0.141616553068161, 0.16404961049556732]",[0.0],"[0.01877496764063835, 0.021479880437254906, -0.9585570096969604, -0.28346899151802063]",[0.44],"[3.1876087188720703, 1.2866735458374023, -13.604312477111817]","[626.3341674804688, 616.728759765625, 651.4903564453125, 669.8504028320312]"
14.862002372742,"[27.29740333557129, -150.43173217773438, -29.617074966430664]","[27.29740333557129, -150.43173217773438, -29.617074966430664]","[-9.683653831481934, -4.8635759353637695, -5.513085842132568]","[-9.683653831481934, -4.8635759353637695, -5.513085842132568]","[0.025535542517900467, 0.037021439522504807, -0.958719789981842, -0.2807735800743103]","[[-0.8410284453742916, -0.5364756503565837, -0.06975214414814435], [0.540257100528587, -0.8395913992690216, -0.056646962063901185], [-0.028173575691191388, -0.08532578483146391, 0.9959546981679961]]","[-1.0597764253616333, 0.12341152876615524, 0.13728450238704681]",[0.0],"[0.025535542517900467, 0.037021439522504807, -0.958719789981842, -0.2807735800743103]",[0.44],"[3.9849281311035156, 1.928544044494629, -14.856844482421875]","[635.0707397460938, 630.85986328125, 667.638916015625, 668.7271728515625]"
14.892815113068,"[27.00809097290039, -150.57699584960938, -29.784008026123047]","[27.00809097290039, -150.57699584960938, -29.784008026123047]","[-9.602142333984375, -4.817767143249512, -5.615879058837891]","[-9.602142333984375, -4.817767143249512, -5.615879058837891]","[0.03142194822430611, 0.050564657896757126, -0.9585553407669067, -0.27861738204956055]","[[-0.8427702518819535, -0.5309626790633766, -0.0884157377902719], [0.5373180393130232, -0.8396313602859433, -0.07942864385567017], [-0.03206296736056746, -0.11444744766828219, 0.9929117530831459]]","[-0.8346320390701294, 0.09528797119855881, 0.11559688299894333]",[0.0],"[0.03142194822430611, 0.050564657896757126, -0.9585553407669067, -0.27861738204956055]",[0.44],"[4.07557487487793, 2.2904396057128906, -14.949660835266114]","[618.6557006835938, 643.20068359375, 669.8474731445312, 655.5145874023438]"
14.923812866211,"[26.721345901489258, -150.72073364257812, -29.95419692993164]","[26.721345901489258, -150.72073364257812, -29.95419692993164]","[-9.512627601623535, -4.762383460998535, -5.732097625732422]","[-9.512627601623535, -4.762383460998535, -5.732097625732422]","[0.03560158982872963, 0.06093522533774376, -0.9583376049995422, -0.27678239345550537]","[[-0.8442481336864405, -0.5261631703031888, -0.10196827969074418], [0.5348407338975711, -0.8393568767091835, -0.09708524933332763], [-0.034505089631819086, -0.13650082230779548, 0.9900388502294106]]","[-0.7065334916114807, 0.056767500936985016, 0.0957442969083786]",[0.0],"[0.03560158982872963, 0.06093522533774376, -0.9583376049995422, -0.27678239345550537]",[0.44],"[4.475736618041992, 2.769184112548828, -15.620928344726563]","[639.0155029296875, 641.3291625976562, 669.857421875, 667.1273803710938]"
14.954895019531,"[26.409137725830078, -150.87677001953125, -30.145530700683594]","[26.409137725830078, -150.87677001953125, -30.145530700683594]","[-9.407647132873535, -4.692891597747803, -5.863810062408447]","[-9.407647132873535, -4.692891597747803, -5.863810062408447]","[0.03952912613749504, 0.07080083340406418, -0.9579930901527405, -0.2750890851020813]","[[-0.8455270375822135, -0.5214694952599281, -0.11469033237017046], [0.5326642755570041, -0.8386266251871815, -0.11390535606820107], [-0.03678418642781489, -0.1574014806443942, 0.9868493803521919]]","[-0.5564091801643372, 0.052342042326927185, 0.0763070210814476]",[0.0],"[0.03952912613749504, 0.07080083340406418, -0.9579930901527405, -0.2750890851020813]",[0.44],"[5.2490234375, 3.474593162536621, -16.395621833801272]","[635.8561401367188, 646.2791137695312, 669.857421875, 662.1844482421875]"
14.985725641251,"[26.128400802612305, -151.0165252685547, -30.323322296142578]","[26.128400802612305, -151.0165252685547, -30.323322296142578]","[-9.306915283203125, -4.622838497161865, -5.989604473114014]","[-9.306915283203125, -4.622838497161865, -5.989604473114014]","[0.042297083884477615, 0.07779228687286377, -0.95768803358078, -0.2738485336303711]","[[-0.8464360191214624, -0.5179421535760467, -0.12362142955882716], [0.5311037011097541, -0.8379108259379036, -0.12583549568883967], [-0.03840821480727952, -0.17216747328325965, 0.9843186335959191]]","[-0.4635446071624756, 0.03678615018725395, 0.06067239120602608]",[0.0],"[0.042297083884477615, 0.07779228687286377, -0.95768803358078, -0.2738485336303711]",[0.44],"[5.036592483520508, 3.502655029296875, -16.099720535278323]","[644.15283203125, 648.6805419921875, 669.857421875, 666.8976440429688]"
15.017343044281,"[25.850706100463867, -151.15414428710938, -30.504642486572266]","[25.850706100463867, -151.15414428710938, -30.504642486572266]","[-9.206730842590332, -4.552126884460449, -6.088160991668701]","[-9.206730842590332, -4.552126884460449, -6.088160991668701]","[0.04246266186237335, 0.07982777059078217, -0.9577726721763611, -0.2729394733905792]","[[-0.8474019290506836, -0.5160485382837607, -0.12491545357327727], [0.5296073368030547, -0.838263138440571, -0.1297342411702731], [-0.03776285490530906, -0.17609318744018676, 0.9836488987801344]]","[0.42894089221954346, -0.18559867143630981, 0.0496349036693573]",[0.0],"[0.04246266186237335, 0.07982777059078217, -0.9577726721763611, -0.2729394733905792]",[0.44],"[5.009222030639648, 3.535580635070801, -14.737825927734375]","[572.0237426757812, 669.2322387695312, 654.2876586914062, 617.9887084960938]"
15.048925876617,"[25.548566818237305, -151.30319213867188, -30.70677947998047]","[25.548566818237305, -151.30319213867188, -30.70677947998047]","[-9.105432510375977, -4.482227802276611, -6.171401500701904]","[-9.105432510375977, -4.482227802276611, -6.171401500701904]","[0.03241501376032829, 0.06216365098953247, -0.9595829248428345, -0.2725538909435272]","[[-0.8493274183085546, -0.5190460484933337, -0.09609567733081814], [0.5271061909022055, -0.8437002455340223, -0.10163267982015856], [-0.028323897521008057, -0.13697203232162036, 0.9901698947571387]]","[1.296547770500183, -0.2712608277797699, 0.04829813167452812]",[0.0],"[0.03241501376032829, 0.06216365098953247, -0.9595829248428345, -0.2725538909435272]",[0.44],"[5.064916610717773, 3.4949541091918945, -13.972025451660157]","[665.03173828125, 595.9349365234375, 614.765869140625, 652.7980346679688]"
15.079343557358,"[25.276628494262695, -151.43687438964844, -30.893024444580078]","[25.276628494262695, -151.43687438964844, -30.893024444580078]","[-9.024177551269531, -4.4296650886535645, -6.253220081329346]","[-9.024177551269531, -4.4296650886535645, -6.253220081329346]","[0.026496725156903267, 0.05114511400461197, -0.960553765296936, -0.27206358313560486]","[[-0.850558717425332, -0.5199530423043651, -0.07873250418695044], [0.5253737544199598, -0.8467312249403236, -0.08383767569224931], [-0.02307361228305549, -0.11267285164243501, 0.9933642017388296]]","[0.6120200157165527, -0.13900107145309448, 0.04858744889497757]",[0.0],"[0.026496725156903267, 0.05114511400461197, -0.960553765296936, -0.27206358313560486]",[0.44],"[4.062747955322266, 2.6281356811523438, -13.90092903137207]","[646.5585327148438, 667.5579223632812, 664.99365234375, 646.8568115234375]"
15.111373186111,"[24.980213165283203, -151.58218383789062, -31.101078033447266]","[24.980213165283203, -151.58218383789062, -31.101078033447266]","[-8.94163703918457, -4.378863334655762, -6.3536481857299805]","[-8.94163703918457, -4.378863334655762, -6.3536481857299805]","[0.020865241065621376, 0.04010060429573059, -0.9613879919052124, -0.27145856618881226]","[[-0.851749858888839, -0.5202805941164458, -0.06189048950823972], [0.5236274292184758, -0.8494044585285265, -0.06577638203040093], [-0.018347879326543914, -0.08843257572183094, 0.9959131665007814]]","[0.7023095488548279, -0.14647887647151947, 0.050070662051439285]",[0.0],"[0.020865241065621376, 0.04010060429573059, -0.9613879919052124, -0.27145856618881226]",[0.44],"[4.127025604248047, 2.5400876998901367, -14.831405220031739]","[668.5430908203125, 652.6514282226562, 651.947265625, 665.1027221679688]"
15.142371892929,"[24.712980270385742, -151.7129669189453, -31.292837142944336]","[24.712980270385742, -151.7129669189453, -31.292837142944336]","[-8.874183654785156, -4.34067964553833, -6.431284427642822]","[-8.874183654785156, -4.34067964553833, -6.431284427642822]","[0.016887661069631577, 0.03273827210068703, -0.9619274735450745, -0.2708110213279724]","[[-0.8527525176418971, -0.519895377421872, -0.05022118010179266], [0.5221068687948391, -0.8511793149144253, -0.053836957255875006], [-0.014757640485392187, -0.07213041622430527, 0.9972860248869173]]","[0.4741339683532715, -0.10603184998035431, 0.05167453736066818]",[0.0],"[0.016887661069631577, 0.03273827210068703, -0.9619274735450745, -0.2708110213279724]",[0.44],"[3.372669219970703, 1.909184455871582, -13.69181209564209]","[668.8413696289062, 667.1072387695312, 666.8241577148438, 665.1355590820312]"
15.173351049423,"[24.44770050048828, -151.84266662597656, -31.48693084716797]","[24.44770050048828, -151.84266662597656, -31.48693084716797]","[-8.811553001403809, -4.307446479797363, -6.505037784576416]","[-8.811553001403809, -4.307446479797363, -6.505037784576416]","[0.013527406379580498, 0.026200231164693832, -0.9623749852180481, -0.2701205015182495]","[[-0.8537041285730433, -0.5192055849630267, -0.04019131419337696], [0.5206232696598417, -0.8526972057935933, -0.043120834568676436], [-0.011882435864972285, -0.057736953750650244, 0.9982611143271166]]","[0.4432542622089386, -0.09330257028341293, 0.05306702479720116]",[0.0],"[0.013527406379580498, 0.026200231164693832, -0.9623749852180481, -0.2701205015182495]",[0.44],"[3.131532669067383, 1.6616582870483398, -13.497667846679688]","[669.8276977539062, 659.5582275390625, 658.8948364257812, 667.0765380859375]"
15.203661441803,"[24.18422508239746, -151.97146606445312, -31.68299674987793]","[24.18422508239746, -151.97146606445312, -31.68299674987793]","[-8.753496170043945, -4.279023170471191, -6.56488561630249]","[-8.753496170043945, -4.279023170471191, -6.56488561630249]","[0.010864761658012867, 0.02112562395632267, -0.9627395272254944, -0.2693849205970764]","[[-0.8546273785398248, -0.5182359724562888, -0.03230172006818133], [0.5191540719329379, -0.8539708806565078, -0.03482334052700742], [-0.009538021940030617, -0.046530552353207244, 0.9988713299331412]]","[0.3317716717720032, -0.0634693056344986, 0.05425107479095459]",[0.0],"[0.010864761658012867, 0.02112562395632267, -0.9627395272254944, -0.2693849205970764]",[0.44],"[2.902841567993164, 1.4211654663085938, -12.802391586303711]","[669.857421875, 666.2058715820312, 667.2376098632812, 665.8460693359375]"
15.234697341919,"[23.8963565826416, -152.11224365234375, -31.900619506835938]","[23.8963565826416, -152.11224365234375, -31.900619506835938]","[-8.693327903747559, -4.251779079437256, -6.622357368469238]","[-8.693327903747559, -4.251779079437256, -6.622357368469238]","[0.008912185207009315, 0.016299275681376457, -0.9630857110023499, -0.26855313777923584]","[[-0.8555995062492785, -0.5169888549528296, -0.025920839708879262], [0.5175699036072798, -0.8552270275641316, -0.02660840841321943], [-0.008411953197829503, -0.03618198962046759, 0.9993098131341969]]","[0.28050315380096436, -0.01792163774371147, 0.05534752085804939]",[0.0],"[0.008912185207009315, 0.016299275681376457, -0.9630857110023499, -0.26855313777923584]",[0.44],"[3.008413314819336, 1.3622045516967773, -12.683587608337403]","[669.857421875, 664.5455932617188, 663.9419555664062, 667.8063354492188]"
15.266674041748,"[23.636337280273438, -152.23947143554688, -32.099998474121094]","[23.636337280273438, -152.23947143554688, -32.099998474121094]","[-8.641107559204102, -4.23017692565918, -6.668545246124268]","[-8.641107559204102, -4.23017692565918, -6.668545246124268]","[0.00762137258425355, 0.01281415019184351, -0.9633666276931763, -0.2677731215953827]","[[-0.8564789235961241, -0.515732055450512, -0.021546922004695157], [0.5161227011023626, -0.8562666893459818, -0.020607851858686216], [-0.007821782014847123, -0.028771046769594383, 0.9995554244695858]]","[0.22341188788414001, -0.02479720674455166, 0.05621030554175377]",[0.0],"[0.00762137258425355, 0.01281415019184351, -0.9633666276931763, -0.2677731215953827]",[0.44],"[2.6110172271728516, 1.0801076889038086, -12.119393882751465]","[669.857421875, 668.0776977539062, 666.9932250976562, 668.6112060546875]"
15.298095941544,"[23.352087020874023, -152.37872314453125, -32.320796966552734]","[23.352087020874023, -152.37872314453125, -32.320796966552734]","[-8.585874557495117, -4.209155559539795, -6.711958408355713]","[-8.585874557495117, -4.209155559539795, -6.711958408355713]","[0.0064022121950984, 0.009646158665418625, -0.9636567831039429, -0.2668924927711487]","[[-0.857454887998476, -0.5142620085275877, -0.0174880450811139], [0.5145090355461621, -0.8573507678864614, -0.01517376771365575], [-0.007190095753595527, -0.02200857720165439, 0.999731926604021]]","[0.18171405792236328, -0.016180479899048805, 0.05704447999596596]",[0.0],"[0.0064022121950984, 0.009646158665418625, -0.9636567831039429, -0.2668924927711487]",[0.44],"[2.7616500854492188, 1.0510683059692383, -11.980658111572266]","[669.857421875, 667.0371704101562, 666.2814331054688, 668.578857421875]"
15.330132246017,"[23.069631576538086, -152.51730346679688, -32.54292678833008]","[23.069631576538086, -152.51730346679688, -32.54292678833008]","[-8.53251838684082, -4.190448760986328, -6.749189853668213]","[-8.53251838684082, -4.190448760986328, -6.749189853668213]","[0.005449709016829729, 0.007142273709177971, -0.9639331102371216, -0.2659930884838104]","[[-0.8584361061702952, -0.5127212435406874, -0.014305900810361871], [0.5128769367944217, -0.8583934806795579, -0.01087017835585627], [-0.006706719039557996, -0.016668518086754708, 0.9998385771957902]]","[0.1455252766609192, -0.02120078168809414, 0.05777045711874962]",[0.0],"[0.005449709016829729, 0.007142273709177971, -0.9639331102371216, -0.2659930884838104]",[0.44],"[2.6678085327148438, 0.9353399276733398, -11.671572265625]","[666.8557739257812, 669.0519409179688, 664.5581665039062, 669.563232421875]"
15.361089229584,"[22.814355850219727, -152.64279174804688, -32.745635986328125]","[22.814355850219727, -152.64279174804688, -32.745635986328125]","[-8.485804557800293, -4.175065517425537, -6.757928371429443]","[-8.485804557800293, -4.175065517425537, -6.757928371429443]","[0.0027251888532191515, 0.006248994264751673, -0.9641842246055603, -0.2651459574699402]","[[-0.8593805378150929, -0.5112650394418781, -0.008568959337793142], [0.5113331581999345, -0.8593172912650224, -0.01060521776390197], [-0.001941377067586153, -0.01349550899499477, 0.9999070468327868]]","[0.03794490545988083, -0.3904523551464081, 0.058355215936899185]",[0.0],"[0.0027251888532191515, 0.006248994264751673, -0.9641842246055603, -0.2651459574699402]",[0.44],"[2.335691452026367, 0.7691621780395508, -10.246925888061524]","[632.313232421875, 661.1976318359375, 621.5104370117188, 669.8550415039062]"
15.393088102341,"[22.53510856628418, -152.78028869628906, -32.968101501464844]","[22.53510856628418, -152.78028869628906, -32.968101501464844]","[-8.439230918884277, -4.15696382522583, -6.722863674163818]","[-8.439230918884277, -4.15696382522583, -6.722863674163818]","[-0.012072490528225899, 0.01089182123541832, -0.9643622636795044, -0.2640853822231293]","[[-0.8602264147577645, -0.5096109368281276, 0.01753176703997572], [0.5090849711933287, -0.8602806412732242, -0.027383659315424302], [0.029037250136221493, -0.014630986213297725, 0.9994712464052432]]","[-0.03722456842660904, -1.4743751287460327, 0.058738820254802704]",[0.0],"[-0.012072490528225899, 0.01089182123541832, -0.9643622636795044, -0.2640853822231293]",[0.44],"[2.3286819458007812, 0.9050846099853516, -8.05676513671875]","[599.3282470703125, 669.1216430664062, 603.1969604492188, 664.3456420898438]"
15.423099517822,"[22.282438278198242, -152.90467834472656, -33.16930389404297]","[22.282438278198242, -152.90467834472656, -33.16930389404297]","[-8.407350540161133, -4.134438514709473, -6.689085483551025]","[-8.407350540161133, -4.134438514709473, -6.689085483551025]","[-0.037560682743787766, 0.016956211999058723, -0.9639604091644287, -0.2628347873687744]","[[-0.8590143671236197, -0.5079984321481649, 0.06350065746168898], [0.5054508845504327, -0.8612609506492646, -0.05243474223776179], [0.08132738696309882, -0.012945725988203982, 0.996603363972927]]","[0.12500137090682983, -1.9577889442443848, 0.05944138020277023]",[0.0],"[-0.037560682743787766, 0.016956211999058723, -0.9639604091644287, -0.2628347873687744]",[0.44],"[1.5940189361572266, 1.126265525817871, -8.121090469360352]","[654.289306640625, 667.8926391601562, 655.2254638671875, 665.708984375]"
15.454728841782,"[22.030521392822266, -153.02830505371094, -33.3692741394043]","[22.030521392822266, -153.02830505371094, -33.3692741394043]","[-8.388361930847168, -4.1059770584106445, -6.633530139923096]","[-8.388361930847168, -4.1059770584106445, -6.633530139923096]","[-0.06635390222072601, 0.022437606006860733, -0.9627220630645752, -0.26126629114151]","[[-0.854674433749262, -0.5060312910640618, 0.11603635106963095], [0.5000760002038761, -0.8624732221024591, -0.07787443256226112], [0.13948511148365883, -0.00853028081835916, 0.9901874269935265]]","[0.16011671721935272, -1.8355791568756104, 0.06063595414161682]",[0.0],"[-0.06635390222072601, 0.022437606006860733, -0.9627220630645752, -0.26126629114151]",[0.44],"[0.9494304656982422, 1.4230728149414062, -7.032232818603516]","[669.7637329101562, 642.5597534179688, 665.6246337890625, 645.9868774414062]"
15.485734224319,"[21.779043197631836, -153.15101623535156, -33.566898345947266]","[21.779043197631836, -153.15101623535156, -33.566898345947266]","[-8.377778053283691, -4.074686527252197, -6.536346912384033]","[-8.377778053283691, -4.074686527252197, -6.536346912384033]","[-0.09119842946529388, 0.02708081714808941, -0.9610206484794617, -0.2595936059951782]","[[-0.8485881149225867, -0.5038890871343011, 0.16122713369655317], [0.494010175164131, -0.8637556806816424, -0.09939950724600632], [0.18934716160362752, -0.0047013905820361135, 0.9818989516113111]]","[0.13755634427070618, -1.5605204105377197, 0.06153968721628189]",[0.0],"[-0.09119842946529388, 0.02708081714808941, -0.9610206484794617, -0.2595936059951782]",[0.44],"[0.5291938781738281, 1.5645265579223633, -4.9508386230468755]","[668.6094970703125, 654.8565673828125, 669.6177978515625, 653.2489013671875]"
15.515974998474,"[21.5026798248291, -153.28489685058594, -33.78037643432617]","[21.5026798248291, -153.28489685058594, -33.78037643432617]","[-8.371469497680664, -4.038887023925781, -6.394489288330078]","[-8.371469497680664, -4.038887023925781, -6.394489288330078]","[-0.1144096851348877, 0.031150465831160545, -0.9589229226112366, -0.2576955258846283]","[[-0.8410070460615477, -0.501348123625351, 0.2033654679413316], [0.48709246367515835, -0.8652454951238795, -0.11870751942529512], [0.23547481063697984, -0.000776063516776615, 0.9718801448516751]]","[0.11597249656915665, -1.2960773706436157, 0.062287572771310806]",[0.0],"[-0.1144096851348877, 0.031150465831160545, -0.9589229226112366, -0.2576955258846283]",[0.44],"[0.3154277801513672, 1.7899751663208008, -2.7171187973022466]","[669.8531494140625, 650.875, 666.753173828125, 653.7622680664062]"
15.54797410965,"[21.251577377319336, -153.40557861328125, -33.96998596191406]","[21.251577377319336, -153.40557861328125, -33.96998596191406]","[-8.368678092956543, -4.005825519561768, -6.243049621582031]","[-8.368678092956543, -4.005825519561768, -6.243049621582031]","[-0.13204260170459747, 0.03442360833287239, -0.9569926857948303, -0.2560170590877533]","[[-0.8340399709509156, -0.49910367158003066, 0.23510154615209822], [0.48092214036270053, -0.8665404986594436, -0.1334965999118629], [0.2703536700263809, 0.0017240343389635093, 0.9627595330488521]]","[0.09791794419288635, -1.1170417070388794, 0.06269456446170807]",[0.0],"[-0.13204260170459747, 0.03442360833287239, -0.9569926857948303, -0.2560170590877533]",[0.44],"[0.1395702362060547, 1.6530752182006836, -2.2380166625976567]","[669.857421875, 657.8455200195312, 669.6109008789062, 657.9990234375]"
15.579473257065,"[20.975440979003906, -153.53717041015625, -34.172969818115234]","[20.975440979003906, -153.53717041015625, -34.172969818115234]","[-8.366539001464844, -3.9698615074157715, -6.0549492835998535]","[-8.366539001464844, -3.9698615074157715, -6.0549492835998535]","[-0.14830830693244934, 0.037372808903455734, -0.9549775123596191, -0.2542159855365753]","[[-0.8267575519158015, -0.4966264949670982, 0.26426066513791047], [0.47445570291197225, -0.8679548060354723, -0.1467850689732142], [0.30226372692855885, 0.0040243006671598636, 0.9532158384989924]]","[0.08108144253492355, -0.8971574902534485, 0.06299495697021484]",[0.0],"[-0.14830830693244934, 0.037372808903455734, -0.9549775123596191, -0.2542159855365753]",[0.44],"[0.10695457458496094, 1.7982006072998047, -0.4049831008911138]","[669.857421875, 656.0711669921875, 668.6527709960938, 657.3208618164062]"
15.610473155975,"[20.724451065063477, -153.65577697753906, -34.351932525634766]","[20.724451065063477, -153.65577697753906, -34.351932525634766]","[-8.366190910339355, -3.9369630813598633, -5.874327659606934]","[-8.366190910339355, -3.9369630813598633, -5.874327659606934]","[-0.16029426455497742, 0.03956900164484978, -0.9533621668815613, -0.25266700983047485]","[[-0.820930254264552, -0.4944517040186043, 0.28564141213447636], [0.46908096794726073, -0.869187344980654, -0.15644932333511052], [0.3256325374448017, 0.00555496673721434, 0.9454800857192176]]","[0.07072493433952332, -0.7484475374221802, 0.06314835697412491]",[0.0],"[-0.16029426455497742, 0.03956900164484978, -0.9533621668815613, -0.25266700983047485]",[0.44],"[0.017404556274414062, 1.6449213027954102, -0.7789188003540044]","[669.857421875, 659.6351928710938, 669.4918823242188, 660.0882568359375]"
15.640790462494,"[20.47344970703125, -153.7733917236328, -34.52538299560547]","[20.47344970703125, -153.7733917236328, -34.52538299560547]","[-8.367352485656738, -3.9037880897521973, -5.688381195068359]","[-8.367352485656738, -3.9037880897521973, -5.688381195068359]","[-0.17029745876789093, 0.04136833921074867, -0.9519422650337219, -0.25118380784988403]","[[-0.8158108308931769, -0.49231481205090477, 0.3034445833232229], [0.4641351198867504, -0.8703906008406688, -0.16431246937888178], [0.34500881119274895, 0.006791387263028081, 0.9385748720962859]]","[0.06120828911662102, -0.633668839931488, 0.06323985755443573]",[0.0],"[-0.17029745876789093, 0.04136833921074867, -0.9519422650337219, -0.25118380784988403]",[0.44],"[-0.058078765869140625, 1.6587495803833008, -0.5126767730712896]","[669.8340454101562, 664.6180419921875, 669.5167236328125, 665.0633544921875]"
15.672782659531,"[20.197263717651367, -153.90162658691406, -34.709712982177734]","[20.197263717651367, -153.90162658691406, -34.709712982177734]","[-8.371001243591309, -3.8665812015533447, -5.482162952423096]","[-8.371001243591309, -3.8665812015533447, -5.482162952423096]","[-0.17992323637008667, 0.04308045282959938, -0.9505118727684021, -0.24959757924079895]","[[-0.8106574913793967, -0.48999327396004366, 0.32053279123563505], [0.45898857597048215, -0.8716903825191622, -0.17171377229183404], [0.3635438981910968, 0.007919844696740785, 0.9315434071962212]]","[0.05828185752034187, -0.5624189376831055, 0.06329949200153351]",[0.0],"[-0.17992323637008667, 0.04308045282959938, -0.9505118727684021, -0.24959757924079895]",[0.44],"[-0.18243789672851562, 1.860344409942627, 0.5009121322631831]","[669.855224609375, 663.2167358398438, 669.2816772460938, 663.9452514648438]"
15.703795671463,"[19.946069717407227, -154.0171356201172, -34.871307373046875]","[19.946069717407227, -154.0171356201172, -34.871307373046875]","[-8.375117301940918, -3.8328137397766113, -5.290402889251709]","[-8.375117301940918, -3.8328137397766113, -5.290402889251709]","[-0.1873168796300888, 0.044395703822374344, -0.9493840932846069, -0.2482161819934845]","[[-0.8066022701994384, -0.48793711917888005, 0.33363186764962083], [0.454672860342925, -0.8728355399523768, -0.17728731140770115], [0.37771079604843405, 0.008693011331153855, 0.9258828161755257]]","[0.04928663372993469, -0.45009684562683105, 0.06332264095544815]",[0.0],"[-0.1873168796300888, 0.044395703822374344, -0.9493840932846069, -0.2482161819934845]",[0.44],"[-0.20580291748046875, 1.68837308883667, -0.22199684143066456]","[669.857421875, 662.828369140625, 669.7456665039062, 663.1043701171875]"
15.735780715942,"[19.669572830200195, -154.1429901123047, -35.04244613647461]","[19.669572830200195, -154.1429901123047, -35.04244613647461]","[-8.382612228393555, -3.7945821285247803, -5.08228063583374]","[-8.382612228393555, -3.7945821285247803, -5.08228063583374]","[-0.1937665343284607, 0.04549090564250946, -0.9484127759933472, -0.2467760443687439]","[[-0.8031124323271652, -0.48572033683645977, 0.3450891819357107], [0.45046187631721146, -0.8740645269861389, -0.18192218995096354], [0.3899934449325517, 0.009345565539508272, 0.9207702153563235]]","[0.04557428136467934, -0.36279112100601196, 0.06332063674926758]",[0.0],"[-0.1937665343284607, 0.04549090564250946, -0.9484127759933472, -0.2467760443687439]",[0.44],"[-0.37474632263183594, 1.9115805625915527, 0.596112670898437]","[669.857421875, 664.9412841796875, 669.6253662109375, 665.3397827148438]"
15.766851663589,"[19.417951583862305, -154.2563018798828, -35.1921272277832]","[19.417951583862305, -154.2563018798828, -35.1921272277832]","[-8.392292022705078, -3.7587432861328125, -4.896928310394287]","[-8.392292022705078, -3.7587432861328125, -4.896928310394287]","[-0.1986781805753708, 0.04630965739488602, -0.9476835131645203, -0.2455165535211563]","[[-0.8004972509837582, -0.4837454169105182, 0.3538284973569288], [0.4469425430133793, -0.8751541211211742, -0.18533136193629973], [0.39930764727028056, 0.00978376668257619, 0.9167647923904573]]","[0.041289765387773514, -0.3128940761089325, 0.06330575793981552]",[0.0],"[-0.1986781805753708, 0.04630965739488602, -0.9476835131645203, -0.2455165535211563]",[0.44],"[-0.4839897155761719, 1.7919421195983887, -0.5423837280273442]","[669.857421875, 666.1564331054688, 669.7590942382812, 666.4169311523438]"
15.797375202179,"[19.165996551513672, -154.3685302734375, -35.336307525634766]","[19.165996551513672, -154.3685302734375, -35.336307525634766]","[-8.40481185913086, -3.7218105792999268, -4.715933799743652]","[-8.40481185913086, -3.7218105792999268, -4.715933799743652]","[-0.20298318564891815, 0.047015801072120667, -0.9470534324645996, -0.2442891001701355]","[[-0.7982413789868663, -0.4817964958145402, 0.3615009499274411], [0.4436228275047207, -0.8762247551983262, -0.1882261111145329], [0.4074427408781869, 0.010120207972834194, 0.9131746815867272]]","[0.03888118639588356, -0.28512418270111084, 0.06328483670949936]",[0.0],"[-0.20298318564891815, 0.047015801072120667, -0.9470534324645996, -0.2442891001701355]",[0.44],"[-0.6259918212890625, 1.846635341644287, -0.7602744674682622]","[669.857421875, 668.0909423828125, 669.7407836914062, 668.3626098632812]"
15.828362941742,"[18.888370513916016, -154.49066162109375, -35.48870086669922]","[18.888370513916016, -154.49066162109375, -35.48870086669922]","[-8.420976638793945, -3.680380344390869, -4.519885540008545]","[-8.420976638793945, -3.680380344390869, -4.519885540008545]","[-0.20716749131679535, 0.047695405781269073, -0.9464526176452637, -0.2429695874452591]","[[-0.7960948183604231, -0.4796802792175947, 0.36897136276414844], [0.44015652896542634, -0.8773818538121323, -0.19095368309729244], [0.4153254950269851, 0.01038791649195181, 0.9096135576177312]]","[0.03635961562395096, -0.22932951152324677, 0.06325849145650864]",[0.0],"[-0.20716749131679535, 0.047695405781269073, -0.9464526176452637, -0.2429695874452591]",[0.44],"[-0.8082389831542969, 2.071511745452881, -0.007587013244629404]","[669.857421875, 666.09423828125, 669.8214111328125, 666.2761840820312]"
15.860365152359,"[18.63547706604004, -154.60047912597656, -35.62168884277344]","[18.63547706604004, -154.60047912597656, -35.62168884277344]","[-8.43856143951416, -3.6416149139404297, -4.346599102020264]","[-8.43856143951416, -3.6416149139404297, -4.346599102020264]","[-0.21019911766052246, 0.0481431782245636, -0.9460580945014954, -0.2418113499879837]","[[-0.7946873675627248, -0.4777744771652852, 0.37443801960123135], [0.437295862828579, -0.878419174474125, -0.19274955172430097], [0.42100428727800665, 0.01056457790679488, 0.9069971306503515]]","[0.03483908995985985, -0.19227416813373566, 0.06300102174282074]",[0.0],"[-0.21019911766052246, 0.0481431782245636, -0.9460580945014954, -0.2418113499879837]",[0.44],"[-0.8792400360107422, 1.9382715225219727, -1.145678100585938]","[667.9862670898438, 666.3569946289062, 669.8367919921875, 668.4240112304688]"
15.891044378281,"[18.356670379638672, -154.719970703125, -35.761985778808594]","[18.356670379638672, -154.719970703125, -35.761985778808594]","[-8.457693099975586, -3.5995090007781982, -4.153672218322754]","[-8.457693099975586, -3.5995090007781982, -4.153672218322754]","[-0.2131970375776291, 0.04856342077255249, -0.9456741809844971, -0.24060139060020447]","[[-0.7933161248356626, -0.47576820088584704, 0.3798610146587329], [0.4343538911124707, -0.8795052668251526, -0.1944413537558214], [0.42659872093944884, 0.010740661096265036, 0.904377234661982]]","[0.033506616950035095, -0.2034054547548294, 0.05488767474889755]",[0.0],"[-0.2131970375776291, 0.04856342077255249, -0.9456741809844971, -0.24060139060020447]",[0.44],"[-0.9565830230712891, 2.1052956581115723, -0.16365581512451222]","[643.7047729492188, 648.7396850585938, 664.64404296875, 669.676025390625]"
15.921536207199,"[18.10269546508789, -154.827392578125, -35.88390350341797]","[18.10269546508789, -154.827392578125, -35.88390350341797]","[-8.47442626953125, -3.561937093734741, -3.975074291229248]","[-8.47442626953125, -3.561937093734741, -3.975074291229248]","[-0.2164934128522873, 0.04906517267227173, -0.9451367855072021, -0.23966576159000397]","[[-0.7913818689764938, -0.47427842837863743, 0.3857132926612987], [0.4317892816426099, -0.8803058822546359, -0.19651871650057862], [0.43275026056547894, 0.011025518181271732, 0.9014464220444185]]","[0.031798020005226135, -0.2316977083683014, 0.03896051645278931]",[0.0],"[-0.2164934128522873, 0.04906517267227173, -0.9451367855072021, -0.23966576159000397]",[0.44],"[-0.8366584777832031, 1.8785953521728516, -0.8801036453247075]","[645.9462280273438, 646.8468017578125, 668.2777099609375, 669.4677124023438]"
15.952116250992,"[17.848161697387695, -154.9336700439453, -36.00056076049805]","[17.848161697387695, -154.9336700439453, -36.00056076049805]","[-8.49460220336914, -3.5229289531707764, -3.8026888370513916]","[-8.49460220336914, -3.5229289531707764, -3.8026888370513916]","[-0.2200227528810501, 0.04961071163415909, -0.9444774389266968, -0.23893770575523376]","[[-0.7889977107007597, -0.47317351548171893, 0.3919053130558905], [0.42951157409717644, -0.8808952888537758, -0.19885585930982064], [0.4393207915308923, 0.011431067839574816, 0.8982575310115933]]","[0.02882104367017746, -0.26174280047416687, 0.02466490864753723]",[0.0],"[-0.2200227528810501, 0.04961071163415909, -0.9444774389266968, -0.23893770575523376]",[0.44],"[-1.0087966918945312, 1.9504070281982422, -1.1907272911071782]","[645.8992919921875, 649.2196044921875, 666.238037109375, 669.8331909179688]"
15.983253717422,"[17.59297752380371, -155.03875732421875, -36.11211395263672]","[17.59297752380371, -155.03875732421875, -36.11211395263672]","[-8.517690658569336, -3.4827332496643066, -3.6348090171813965]","[-8.517690658569336, -3.4827332496643066, -3.6348090171813965]","[-0.2240533083677292, 0.050239916890859604, -0.9436391592025757, -0.23837201297283173]","[[-0.7859578240594889, -0.4723871709812505, 0.3988993708076348], [0.4273614926151831, -0.8813094955421374, -0.2016327821242725], [0.4468025312910827, 0.011999370391080344, 0.8945521315205496]]","[0.03481072187423706, -0.27744579315185547, 0.011902696453034878]",[0.0],"[-0.2240533083677292, 0.050239916890859604, -0.9436391592025757, -0.23837201297283173]",[0.44],"[-1.1544227600097656, 2.0097851753234863, -1.4160090065002446]","[651.6281127929688, 648.5441284179688, 669.7882690429688, 666.0527954101562]"
16.013562202454,"[17.337068557739258, -155.14263916015625, -36.218666076660156]","[17.337068557739258, -155.14263916015625, -36.218666076660156]","[-8.54283332824707, -3.44179105758667, -3.4691944122314453]","[-8.54283332824707, -3.44179105758667, -3.4691944122314453]","[-0.22756633162498474, 0.050671402364969254, -0.9428700804710388, -0.23799589276313782]","[[-0.7831431593301916, -0.4718606234316922, 0.4050117995366749], [0.4257362028137337, -0.8815808478734315, -0.20387280296671895], [0.453250142110319, 0.01276660606496316, 0.8912919473862297]]","[0.02521645650267601, -0.20447011291980743, 0.000548206502571702]",[0.0],"[-0.22756633162498474, 0.050671402364969254, -0.9428700804710388, -0.23799589276313782]",[0.44],"[-1.2571334838867188, 2.047109603881836, -1.529269752502442]","[654.7105712890625, 651.0796508789062, 669.8573608398438, 667.3875732421875]"
16.044996738434,"[17.054637908935547, -155.2554473876953, -36.33024215698242]","[17.054637908935547, -155.2554473876953, -36.33024215698242]","[-8.574481010437012, -3.395045518875122, -3.2938387393951416]","[-8.574481010437012, -3.395045518875122, -3.2938387393951416]","[-0.23055574297904968, 0.05102978274226189, -0.942165195941925, -0.23783358931541443]","[[-0.7805585903420169, -0.4716874795062609, 0.41017000073562904], [0.4246266416094542, -0.8816624141298153, -0.20582477029245316], [0.4587163863019408, 0.01351082926750502, 0.8884800213053119]]","[0.022024359554052353, -0.17157205939292908, -0.010582379065454006]",[0.0],"[-0.23055574297904968, 0.05102978274226189, -0.942165195941925, -0.23783358931541443]",[0.44],"[-1.5823841094970703, 2.3372769355773926, -1.042216358184815]","[656.2620239257812, 654.5673828125, 669.857421875, 668.6774291992188]"
16.076610088348,"[16.796926498413086, -155.3566436767578, -36.426734924316406]","[16.796926498413086, -155.3566436767578, -36.426734924316406]","[-8.606446266174316, -3.351179838180542, -3.139995813369751]","[-8.606446266174316, -3.351179838180542, -3.139995813369751]","[-0.23293907940387726, 0.051292210817337036, -0.9415585994720459, -0.23785698413848877]","[[-0.7783269742605814, -0.4718084984569204, 0.41425116558203], [0.4240166569834001, -0.8815864219065728, -0.20740161819199798], [0.46305200788125944, 0.014223129468010853, 0.886216988791888]]","[0.015098274685442448, -0.1551218181848526, -0.019563613459467888]",[0.0],"[-0.23293907940387726, 0.051292210817337036, -0.9415585994720459, -0.23785698413848877]",[0.44],"[-1.5982627868652344, 2.193284034729004, -2.1178536987304692]","[657.6629028320312, 655.8619384765625, 669.857421875, 668.90478515625]"
16.106601476669,"[16.538217544555664, -155.45651245117188, -36.518680572509766]","[16.538217544555664, -155.45651245117188, -36.518680572509766]","[-8.640678405761719, -3.3063619136810303, -2.989945650100708]","[-8.640678405761719, -3.3063619136810303, -2.989945650100708]","[-0.23507533967494965, 0.051551468670368195, -0.9409685730934143, -0.2380339652299881]","[[-0.7761588189430562, -0.47220191923731725, 0.4178550128846996], [0.42372800320359993, -0.8813645417454983, -0.20892845429248164], [0.4669390148888486, 0.014895206629976787, 0.8841640615092702]]","[0.010954419150948524, -0.14651337265968323, -0.0282367542386055]",[0.0],"[-0.23507533967494965, 0.051551468670368195, -0.9409685730934143, -0.2380339652299881]",[0.44],"[-1.7116069793701172, 2.240896224975586, -2.307491836547852]","[654.515869140625, 654.7685546875, 669.120849609375, 669.8377075195312]"
16.138208389282,"[16.252470016479492, -155.56483459472656, -36.61457061767578]","[16.252470016479492, -155.56483459472656, -36.61457061767578]","[-8.677470207214355, -3.257655143737793, -2.82188081741333]","[-8.677470207214355, -3.257655143737793, -2.82188081741333]","[-0.23800824582576752, 0.05201677978038788, -0.9401149153709412, -0.23839125037193298]","[[-0.7730435989632665, -0.472991185355236, 0.4227095134198189], [0.4234694953190945, -0.8809279583679417, -0.2112816676846867], [0.4723108941084915, 0.015674665600253768, 0.8812926590804393]]","[0.0048103975132107735, -0.21143829822540283, -0.042622167617082596]",[0.0],"[-0.23800824582576752, 0.05201677978038788, -0.9401149153709412, -0.23839125037193298]",[0.44],"[-1.839590072631836, 2.4353384971618652, -1.406758365631104]","[649.75537109375, 648.4039306640625, 669.2041015625, 668.5091552734375]"
16.169052124023,"[15.991626739501953, -155.66189575195312, -36.69694137573242]","[15.991626739501953, -155.66189575195312, -36.69694137573242]","[-8.710103988647461, -3.2138707637786865, -2.6659536361694336]","[-8.710103988647461, -3.2138707637786865, -2.6659536361694336]","[-0.24064438045024872, 0.05246295407414436, -0.9392766356468201, -0.23895053565502167]","[[-0.7699859196443899, -0.4741311405916332, 0.42699118615712284], [0.4236314802725839, -0.8803006322285865, -0.2135586612196274], [0.4771353900693692, 0.01644975322420361, 0.8786758412150604]]","[-0.0004963215906172991, -0.15106995403766632, -0.06242743507027626]",[0.0],"[-0.24064438045024872, 0.05246295407414436, -0.9392766356468201, -0.23895053565502167]",[0.44],"[-1.6316890716552734, 2.1892189979553223, -2.0136409378051763]","[622.59814453125, 618.0559692382812, 669.8544921875, 666.2127685546875]"
16.200062274933,"[15.703678131103516, -155.76719665527344, -36.781898498535156]","[15.703678131103516, -155.76719665527344, -36.781898498535156]","[-8.740396499633789, -3.168548345565796, -2.4818835258483887]","[-8.740396499633789, -3.168548345565796, -2.4818835258483887]","[-0.24281460046768188, 0.05273490771651268, -0.9384030103683472, -0.24012473225593567]","[[-0.7667623607204908, -0.476277154321497, 0.43038999288858215], [0.4250579321299566, -0.8791182801373125, -0.21558477415561317], [0.4810418152724585, 0.01763838954492325, 0.8765201986157019]]","[-0.008009940385818481, -0.12764035165309906, -0.10502360016107559]",[0.0],"[-0.24281460046768188, 0.05273490771651268, -0.9384030103683472, -0.24012473225593567]",[0.44],"[-1.5146255493164062, 2.2661209106445312, -0.6064944839477544]","[605.2090454101562, 603.576904296875, 669.857421875, 669.2637329101562]"
16.230829954147,"[15.44102668762207, -155.86163330078125, -36.85387420654297]","[15.44102668762207, -155.86163330078125, -36.85387420654297]","[-8.76987361907959, -3.1263368129730225, -2.3180270195007324]","[-8.76987361907959, -3.1263368129730225, -2.3180270195007324]","[-0.24449823796749115, 0.05287362262606621, -0.9375151991844177, -0.24184757471084595]","[[-0.7634607373428042, -0.4793265694886767, 0.432866913740082], [0.42761653922055165, -0.8774282741420127, -0.2174022614427824], [0.4840163433332445, 0.01912296205126962, 0.8748499833223768]]","[-0.017994031310081482, -0.10279829055070877, -0.14596915245056152]",[0.0],"[-0.24449823796749115, 0.05287362262606621, -0.9375151991844177, -0.24184757471084595]",[0.44],"[-1.473855972290039, 2.110576629638672, -1.617174682617188]","[609.8175659179688, 607.2862548828125, 669.857421875, 668.7939453125]"
16.261828660965,"[15.17742919921875, -155.9547576904297, -36.92106628417969]","[15.17742919921875, -155.9547576904297, -36.92106628417969]","[-8.803706169128418, -3.0817997455596924, -2.1627914905548096]","[-8.803706169128418, -3.0817997455596924, -2.1627914905548096]","[-0.24584296345710754, 0.05294042080640793, -0.9365533590316772, -0.24418522417545319]","[[-0.7598697649373545, -0.4834150437302749, 0.4346355693950008], [0.4313549239794203, -0.8751419139897809, -0.21922549615704678], [0.486344643485223, 0.02089938041787942, 0.8735170983269355]]","[-0.030339112505316734, -0.08413881808519363, -0.18390719592571259]",[0.0],"[-0.24584296345710754, 0.05294042080640793, -0.9365533590316772, -0.24418522417545319]",[0.44],"[-1.6916275024414062, 2.226853370666504, -2.048223552703858]","[616.4515991210938, 614.5908813476562, 669.857421875, 669.619140625]"
16.292828321457,"[14.912750244140625, -156.04652404785156, -36.98373794555664]","[14.912750244140625, -156.04652404785156, -36.98373794555664]","[-8.842001914978027, -3.034754991531372, -2.016575813293457]","[-8.842001914978027, -3.034754991531372, -2.016575813293457]","[-0.24694527685642242, 0.05300170183181763, -0.9354977607727051, -0.24708881974220276]","[[-0.7559304816156285, -0.488479115027042, 0.43584125116525385], [0.436125035296163, -0.8722760603448809, -0.22120078076034577], [0.4882257629650617, 0.02286888723711389, 0.872417699682472]]","[-0.04429949074983597, -0.06968727707862854, -0.21820424497127533]",[0.0],"[-0.24694527685642242, 0.05300170183181763, -0.9354977607727051, -0.24708881974220276]",[0.44],"[-1.9147872924804688, 2.3522377014160156, -2.4992161369323735]","[620.9537963867188, 619.0737915039062, 669.857421875, 669.7064819335938]"
16.324035167694,"[14.620199203491211, -156.14572143554688, -37.047760009765625]","[14.620199203491211, -156.14572143554688, -37.047760009765625]","[-8.888848304748535, -2.9801502227783203, -1.8654959201812744]","[-8.888848304748535, -2.9801502227783203, -1.8654959201812744]","[-0.2479034811258316, 0.05310704931616783, -0.9342283606529236, -0.2508801817893982]","[[-0.7512059770706379, -0.4950896067024323, 0.43654991317119984], [0.4424279171112354, -0.8684775316051092, -0.22361636406566143], [0.4898439379181547, 0.025159917578631674, 0.8714470107172492]]","[-0.06074521690607071, -0.05654376372694969, -0.25204890966415405]",[0.0],"[-0.2479034811258316, 0.05310704931616783, -0.9342283606529236, -0.2508801817893982]",[0.44],"[-2.3423194885253906, 2.730238437652588, -2.2560053443908696]","[626.4071655273438, 624.7898559570312, 669.68798828125, 669.8568115234375]"
16.355082035065,"[14.352839469909668, -156.2342987060547, -37.101768493652344]","[14.352839469909668, -156.2342987060547, -37.101768493652344]","[-8.935338020324707, -2.927931547164917, -1.736459493637085]","[-8.935338020324707, -2.927931547164917, -1.736459493637085]","[-0.24858255684375763, 0.05327114835381508, -0.9329715371131897, -0.25481969118118286]","[[-0.7465474086205641, -0.5019635944636219, 0.43669182517132255], [0.448994481408444, -0.8644583532606558, -0.22608839106279754], [0.4909899754608671, 0.02728653040902307, 0.8707377943721717]]","[-0.0761491134762764, -0.047490186989307404, -0.2795841097831726]",[0.0],"[-0.24858255684375763, 0.05327114835381508, -0.9329715371131897, -0.25481969118118286]",[0.44],"[-2.3244857788085938, 2.610933780670166, -3.358178672790528]","[631.684814453125, 630.2424926757812, 669.5037231445312, 669.857421875]"
16.386029005051,"[14.057066917419434, -156.32994079589844, -37.1568489074707]","[14.057066917419434, -156.32994079589844, -37.1568489074707]","[-8.990433692932129, -2.8676042556762695, -1.6032438278198242]","[-8.990433692932129, -2.8676042556762695, -1.6032438278198242]","[-0.24914871156215668, 0.05355222895741463, -0.9314736723899841, -0.25964197516441345]","[[-0.7410220871639817, -0.5103842659180134, 0.4363421176581499], [0.45701439053392756, -0.8594365656575325, -0.2291439099025987], [0.49195974366199, 0.029613944416069682, 0.8701141566012198]]","[-0.0931132435798645, -0.03960864245891571, -0.306651771068573]",[0.0],"[-0.24914871156215668, 0.05355222895741463, -0.9314736723899841, -0.25964197516441345]",[0.44],"[-2.7547836303710938, 3.016364574432373, -3.1492167091369634]","[634.852783203125, 633.5429077148438, 669.3952026367188, 669.857421875]"
16.418063163757,"[13.786556243896484, -156.4151153564453, -37.203224182128906]","[13.786556243896484, -156.4151153564453, -37.203224182128906]","[-9.04382610321045, -2.81008243560791, -1.4897185564041138]","[-9.04382610321045, -2.81008243560791, -1.4897185564041138]","[-0.24952250719070435, 0.05391404405236244, -0.930005669593811, -0.26442644000053406]","[[-0.7356345392454258, -0.5187417116714799, 0.4356020952876387], [0.46493064189253763, -0.8543440541427358, -0.23224142983174634], [0.4926272902268314, 0.031679963274036105, 0.8696635885183697]]","[-0.10824309289455414, -0.03418879583477974, -0.3286057412624359]",[0.0],"[-0.24952250719070435, 0.05391404405236244, -0.930005669593811, -0.26442644000053406]",[0.44],"[-2.6696205139160156, 2.8760910034179688, -4.133736429214478]","[638.8230590820312, 637.673828125, 669.2925415039062, 669.857421875]"
16.449033260345,"[13.487089157104492, -156.5067596435547, -37.25043487548828]","[13.487089157104492, -156.5067596435547, -37.25043487548828]","[-9.10586929321289, -2.743786573410034, -1.372804880142212]","[-9.10586929321289, -2.743786573410034, -1.372804880142212]","[-0.24980077147483826, 0.054438814520835876, -0.92827308177948, -0.27008363604545593]","[[-0.7293089977656142, -0.5286204540712065, 0.4343605980000964], [0.4742250226092848, -0.848182679571595, -0.2360023735411243], [0.4931727298712625, 0.033866029046413004, 0.8692719800882833]]","[-0.12430691719055176, -0.02967354841530323, -0.3501274585723877]",[0.0],"[-0.24980077147483826, 0.054438814520835876, -0.92827308177948, -0.27008363604545593]",[0.44],"[-3.1021595001220703, 3.314793109893799, -3.9643161869049077]","[642.3707885742188, 641.37109375, 669.223876953125, 669.857421875]"
16.480026960373,"[13.21302604675293, -156.588134765625, -37.29011917114258]","[13.21302604675293, -156.588134765625, -37.29011917114258]","[-9.164999008178711, -2.680701971054077, -1.2734347581863403]","[-9.164999008178711, -2.680701971054077, -1.2734347581863403]","[-0.24994882941246033, 0.05503508448600769, -0.9265908002853394, -0.2755471467971802]","[[-0.7231987433956153, -0.5381508124220691, 0.4328710507436284], [0.48312699264649517, -0.8420898569961697, -0.23973537953511936], [0.4935300927590731, 0.03575536762447484, 0.8689934443019176]]","[-0.13822871446609497, -0.026664771139621735, -0.36753934621810913]",[0.0],"[-0.24994882941246033, 0.05503508448600769, -0.9265908002853394, -0.2755471467971802]",[0.44],"[-2.9564857482910156, 3.1542301177978516, -4.841493902206421]","[645.5347900390625, 644.6727294921875, 669.1817016601562, 669.857421875]"
16.511032342911,"[12.937152862548828, -156.66757202148438, -37.32691192626953]","[12.937152862548828, -156.66757202148438, -37.32691192626953]","[-9.226459503173828, -2.6148681640625, -1.1803544759750366]","[-9.226459503173828, -2.6148681640625, -1.1803544759750366]","[-0.2500099241733551, 0.05574541166424751, -0.9248067140579224, -0.28128302097320557]","[[-0.7167500185764564, -0.5481386649794138, 0.4310612373166327], [0.4923910404066498, -0.8355448411035571, -0.2437545554595646], [0.49378218850989075, 0.037539631519488914, 0.8687749737864336]]","[-0.15140017867088318, -0.02448434755206108, -0.38310685753822327]",[0.0],"[-0.2500099241733551, 0.05574541166424751, -0.9248067140579224, -0.28128302097320557]",[0.44],"[-3.0730247497558594, 3.2916903495788574, -5.155985889434815]","[648.351318359375, 647.615234375, 669.159912109375, 669.857421875]"
16.542025089264,"[12.631524085998535, -156.7526092529297, -37.36427307128906]","[12.631524085998535, -156.7526092529297, -37.36427307128906]","[-9.29645824432373, -2.539198398590088, -1.084902286529541]","[-9.29645824432373, -2.539198398590088, -1.084902286529541]","[-0.24998906254768372, 0.0566561333835125, -0.9227270483970642, -0.2878721058368683]","[[-0.7092702465870568, -0.5595815844136431, 0.42872389878097406], [0.5029279297251599, -0.8278394744740556, -0.2484860492046903], [0.493962780483719, 0.03937346228245486, 0.8685911023131199]]","[-0.16495908796787262, -0.0228517297655344, -0.3983185887336731]",[0.0],"[-0.24998906254768372, 0.0566561333835125, -0.9227270483970642, -0.2878721058368683]",[0.44],"[-3.499937057495117, 3.7834882736206055, -5.03739052772522]","[650.4210815429688, 649.7796020507812, 669.153564453125, 669.857421875]"
16.574036359787,"[12.351646423339844, -156.82772827148438, -37.395591735839844]","[12.351646423339844, -156.82772827148438, -37.395591735839844]","[-9.362000465393066, -2.467381000518799, -1.0041470527648926]","[-9.362000465393066, -2.467381000518799, -1.0041470527648926]","[-0.24989931285381317, 0.05759768560528755, -0.9207310676574707, -0.2940870225429535]","[[-0.7021263846735029, -0.5703373606098231, 0.4263026585314711], [0.5127628723908978, -0.8203907310289478, -0.25304824682932736], [0.4940575859915677, 0.040920332581504404, 0.8684656800962129]]","[-0.17641080915927887, -0.02191970869898796, -0.41058939695358276]",[0.0],"[-0.24989931285381317, 0.05759768560528755, -0.9207310676574707, -0.2940870225429535]",[0.44],"[-3.277111053466797, 3.590869903564453, -5.772238311767579]","[652.6906127929688, 652.1555786132812, 669.1563720703125, 669.857421875]"
16.605055570602,"[12.041476249694824, -156.90780639648438, -37.4273681640625]","[12.041476249694824, -156.90780639648438, -37.4273681640625]","[-9.436389923095703, -2.3846797943115234, -0.9226363897323608]","[-9.436389923095703, -2.3846797943115234, -0.9226363897323608]","[-0.24973154067993164, 0.05875362455844879, -0.9184220433235168, -0.30113643407821655]","[[-0.693902076122598, -0.5824859445735697, 0.4233321897697824], [0.523795411847523, -0.8117297841458324, -0.258327779113694], [0.4941036177245888, 0.04248528343516078, 0.868364338381745]]","[-0.1880616396665573, -0.02137172594666481, -0.4214620590209961]",[0.0],"[-0.24973154067993164, 0.05875362455844879, -0.9184220433235168, -0.30113643407821655]",[0.44],"[-3.719472885131836, 4.1350603103637695, -5.734466848373414]","[657.6923828125, 657.2551879882812, 669.1669921875, 669.857421875]"
16.636027574539,"[11.757318496704102, -156.97816467285156, -37.45405960083008]","[11.757318496704102, -156.97816467285156, -37.45405960083008]","[-9.507545471191406, -2.3050119876861572, -0.8584327101707458]","[-9.507545471191406, -2.3050119876861572, -0.8584327101707458]","[-0.24951991438865662, 0.0599207729101181, -0.916237473487854, -0.3076656758785248]","[[-0.6861632136991038, -0.5936924953450147, 0.42036786169562657], [0.5338867908384755, -0.803502590999857, -0.26334074137228747], [0.4941101220818469, 0.043734111049863245, 0.8682986265946631]]","[-0.1976606547832489, -0.021218517795205116, -0.4231293201446533]",[0.0],"[-0.24951991438865662, 0.0599207729101181, -0.916237473487854, -0.3076656758785248]",[0.44],"[-3.5577774047851562, 3.9833903312683105, -6.599816021919251]","[669.3761596679688, 669.0208740234375, 665.441650390625, 666.1064453125]"
16.668061971664,"[11.4422607421875, -157.052734375, -37.48128890991211]","[11.4422607421875, -157.052734375, -37.48128890991211]","[-9.586222648620605, -2.214343547821045, -0.791856050491333]","[-9.586222648620605, -2.214343547821045, -0.791856050491333]","[-0.24922345578670502, 0.06134798005223274, -0.913784921169281, -0.3148353099822998]","[[-0.6775329136256765, -0.6059622290152665, 0.4168442511661148], [0.5448048066386614, -0.7942304261412336, -0.26904640614678277], [0.49410229243224535, 0.04481096968308629, 0.8682481888584863]]","[-0.20611345767974854, -0.021219247952103615, -0.41858118772506714]",[0.0],"[-0.24922345578670502, 0.06134798005223274, -0.913784921169281, -0.3148353099822998]",[0.44],"[-3.933858871459961, 4.533421993255615, -6.481167016029358]","[669.8568115234375, 669.6436767578125, 661.5619506835938, 662.1131591796875]"
16.699033260345,"[11.153633117675781, -157.11793518066406, -37.50410461425781]","[11.153633117675781, -157.11793518066406, -37.50410461425781]","[-9.654250144958496, -2.1315340995788574, -0.7271543145179749]","[-9.654250144958496, -2.1315340995788574, -0.7271543145179749]","[-0.24890363216400146, 0.06275902688503265, -0.9115267992019653, -0.3212898373603821]","[[-0.6696396022378726, -0.6169704936159839, 0.41343698719081523], [0.5544866946449325, -0.7856682475356251, -0.2743534847878486], [0.4940923373539672, 0.045527345197672986, 0.8682165728800224]]","[-0.21188248693943024, -0.02129889279603958, -0.413175106048584]",[0.0],"[-0.24890363216400146, 0.06275902688503265, -0.9115267992019653, -0.3212898373603821]",[0.44],"[-3.4013748168945312, 4.140472412109375, -6.574913201332093]","[659.4903564453125, 659.3887329101562, 651.4730224609375, 651.9298095703125]"
16.729679107666,"[10.863059043884277, -157.1806640625, -37.52481460571289]","[10.863059043884277, -157.1806640625, -37.52481460571289]","[-9.715821266174316, -2.050464153289795, -0.6519625186920166]","[-9.715821266174316, -2.050464153289795, -0.6519625186920166]","[-0.24854402244091034, 0.06425458937883377, -0.9092457890510559, -0.3276726305484772]","[[-0.6617131143266395, -0.6278101072359792, 0.40986627094326833], [0.5639297308179618, -0.77700407199637, -0.2797285769204443], [0.49408415224956714, 0.04603571764080705, 0.8681944333052994]]","[-0.21595506370067596, -0.021352846175432205, -0.4062338173389435]",[0.0],"[-0.24854402244091034, 0.06425458937883377, -0.9092457890510559, -0.3276726305484772]",[0.44],"[-3.0785560607910156, 4.053497314453125, -6.050410208702088]","[654.0797119140625, 654.0772705078125, 620.9991455078125, 621.3736572265625]"
16.76064658165,"[10.57076644897461, -157.2410125732422, -37.54304885864258]","[10.57076644897461, -157.2410125732422, -37.54304885864258]","[-9.768265724182129, -1.9731420278549194, -0.560512363910675]","[-9.768265724182129, -1.9731420278549194, -0.560512363910675]","[-0.2481400966644287, 0.06585830450057983, -0.9070039987564087, -0.33381569385528564]","[[-0.653987140063613, -0.6382285104386369, 0.4061590486268898], [0.5728601662589199, -0.7684595226654949, -0.28513360814939404], [0.49409719107886474, 0.04619862601602165, 0.8681783523113538]]","[-0.2184809297323227, -0.02143479697406292, -0.377533495426178]",[0.0],"[-0.2481400966644287, 0.06585830450057983, -0.9070039987564087, -0.33381569385528564]",[0.44],"[-2.622222900390625, 3.8661062717437744, -5.237492260932923]","[646.5645751953125, 646.6647338867188, 595.3825073242188, 595.6414794921875]"
16.790642023087,"[10.277054786682129, -157.29910278320312, -37.55826187133789]","[10.277054786682129, -157.29910278320312, -37.55826187133789]","[-9.811406135559082, -1.8999972343444824, -0.45220789313316345]","[-9.811406135559082, -1.8999972343444824, -0.45220789313316345]","[-0.24770048260688782, 0.06756052374839783, -0.9048846960067749, -0.33950525522232056]","[[-0.6467614748728625, -0.6478957680044086, 0.4024064460926233], [0.5809566706537996, -0.7603436843019171, -0.2904601991205418], [0.49415505752523714, 0.045922263144031916, 0.8681600930943141]]","[-0.21185429394245148, -0.02126891165971756, -0.34514737129211426]",[0.0],"[-0.24770048260688782, 0.06756052374839783, -0.9048846960067749, -0.33950525522232056]",[0.44],"[-2.1570205688476562, 3.6572396755218506, -4.394776461124421]","[629.8219604492188, 630.325439453125, 580.6681518554688, 580.3922729492188]"
16.821375370026,"[9.95260238647461, -157.3605194091797, -37.57101821899414]","[9.95260238647461, -157.3605194091797, -37.57101821899414]","[-9.849615097045898, -1.8237704038619995, -0.3164254426956177]","[-9.849615097045898, -1.8237704038619995, -0.3164254426956177]","[-0.24724619090557098, 0.06950751692056656, -0.902686357498169, -0.3452468812465668]","[[-0.6393479098435497, -0.6576702369359617, 0.3983770200676564], [0.5889283617443033, -0.7519466778612522, -0.29620892715602043], [0.4943660338277307, 0.04523497808494614, 0.8680760523484462]]","[-0.21094836294651031, -0.034608595073223114, -0.3141261041164398]",[0.0],"[-0.24724619090557098, 0.06950751692056656, -0.902686357498169, -0.3452468812465668]",[0.44],"[-1.9104480743408203, 3.8113415241241455, -3.0208774781227117]","[592.8403930664062, 594.9705810546875, 552.9738159179688, 554.5990600585938]"
16.852363109589,"[9.656749725341797, -157.41429138183594, -37.578338623046875]","[9.656749725341797, -157.41429138183594, -37.578338623046875]","[-9.871932983398438, -1.7616829872131348, -0.16866444051265717]","[-9.871932983398438, -1.7616829872131348, -0.16866444051265717]","[-0.24710822105407715, 0.07142483443021774, -0.9007156491279602, -0.35006773471832275]","[[-0.6327803751147734, -0.6659223013814035, 0.395141423479922], [0.5953236462808711, -0.7447023069930268, -0.301676162564692], [0.49515554344639234, 0.04434229813400936, 0.8676720402282107]]","[-0.2030181735754013, -0.05967090278863907, -0.2930665910243988]",[0.0],"[-0.24710822105407715, 0.07142483443021774, -0.9007156491279602, -0.35006773471832275]",[0.44],"[-1.1158943176269531, 3.1043708324432373, -2.421949890851975]","[570.7404174804688, 573.8113403320312, 537.0823974609375, 539.1326904296875]"
16.882603168488,"[9.360481262207031, -157.4663848876953, -37.5806999206543]","[9.360481262207031, -157.4663848876953, -37.5806999206543]","[-9.87352466583252, -1.7138828039169312, 0.0225683506578207]","[-9.87352466583252, -1.7138828039169312, 0.0225683506578207]","[-0.24749374389648438, 0.07352635264396667, -0.89869225025177, -0.3545320928096771]","[[-0.62610777039143, -0.6736251131290132, 0.39270651589207795], [0.6008358639653792, -0.7378018278609773, -0.3076440765826689], [0.4969763226101893, 0.04333382334102254, 0.8666814443979529]]","[-0.1975877732038498, -0.12242180109024048, -0.27254483103752136]",[0.0],"[-0.24749374389648438, 0.07352635264396667, -0.89869225025177, -0.3545320928096771]",[0.44],"[-0.07958412170410156, 2.3900091648101807, -0.24836044147610714]","[491.74298095703125, 503.1703186035156, 453.23358154296875, 464.3749694824219]"
16.913201093674,"[9.064424514770508, -157.51722717285156, -37.5767707824707]","[9.064424514770508, -157.51722717285156, -37.5767707824707]","[-9.863481521606445, -1.6739318370819092, 0.23806656897068024]","[-9.863481521606445, -1.6739318370819092, 0.23806656897068024]","[-0.24911126494407654, 0.07609078288078308, -0.8964104652404785, -0.3586113750934601]","[[-0.6186830588641232, -0.6808361215241465, 0.39203784924869645], [0.6050158368280787, -0.7312162890293781, -0.3150854147110831], [0.5011859303719586, 0.04225111838038309, 0.8643075408771033]]","[-0.19005441665649414, -0.22060002386569977, -0.25611811876296997]",[0.0],"[-0.24911126494407654, 0.07609078288078308, -0.8964104652404785, -0.3586113750934601]",[0.44],"[0.5021572113037109, 1.9975483417510986, 0.9649109156429763]","[487.4549560546875, 491.3688659667969, 457.446044921875, 460.26708984375]"
16.944199085236,"[8.739057540893555, -157.5717010498047, -37.56511306762695]","[8.739057540893555, -157.5717010498047, -37.56511306762695]","[-9.855925559997559, -1.6259324550628662, 0.46652838587760925]","[-9.855925559997559, -1.6259324550628662, 0.46652838587760925]","[-0.25152528285980225, 0.07911232113838196, -0.8937972784042358, -0.3627709448337555]","[[-0.6102646684774431, -0.6882848642571417, 0.39222592356516905], [0.6086898684490336, -0.7242770856010452, -0.3239128836687115], [0.5070245295146183, 0.04107137438180075, 0.860952545452788]]","[-0.18297509849071503, -0.209754079580307, -0.2407628297805786]",[0.0],"[-0.25152528285980225, 0.07911232113838196, -0.8937972784042358, -0.3627709448337555]",[0.44],"[0.37779808044433594, 2.3999691009521484, 1.6130908453464503]","[487.46502685546875, 488.6128845214844, 460.3514709472656, 460.24188232421875]"
16.974876642227,"[8.443437576293945, -157.61978149414062, -37.548095703125]","[8.443437576293945, -157.61978149414062, -37.548095703125]","[-9.852176666259766, -1.5785707235336304, 0.6667241454124451]","[-9.852176666259766, -1.5785707235336304, 0.6667241454124451]","[-0.2540244162082672, 0.08193404227495193, -0.8913925886154175, -0.36630281805992126]","[[-0.6025878686440169, -0.6946657289280673, 0.3928456227101038], [0.6114127399021547, -0.7182183021368918, -0.33217051510461815], [0.5128963050315263, 0.04002892294784033, 0.8575168173730708]]","[-0.1762908548116684, -0.24511590600013733, -0.2284781038761139]",[0.0],"[-0.2540244162082672, 0.08193404227495193, -0.8913925886154175, -0.36630281805992126]",[0.44],"[0.18744468688964844, 2.368086576461792, 0.19978797674179027]","[487.9201354980469, 484.8157958984375, 464.3373718261719, 459.7702941894531]"
17.006870031357,"[8.147889137268066, -157.66639709472656, -37.525169372558594]","[8.147889137268066, -157.66639709472656, -37.525169372558594]","[-9.851057052612305, -1.5278750658035278, 0.8607239723205566]","[-9.851057052612305, -1.5278750658035278, 0.8607239723205566]","[-0.2560638189315796, 0.08451597392559052, -0.8891673684120178, -0.36968880891799927]","[[-0.5955231177946883, -0.7007134168021985, 0.3928779645796556], [0.6141474846257644, -0.7123745768291556, -0.33962554870401185], [0.5178564035200406, 0.03903016420722771, 0.8545767415711683]]","[-0.16995273530483246, -0.16907899081707, -0.21757541596889496]",[0.0],"[-0.2560638189315796, 0.08451597392559052, -0.8891673684120178, -0.36968880891799927]",[0.44],"[0.055980682373046875, 2.534782886505127, -0.11000865459442188]","[486.1604309082031, 483.6474304199219, 465.5283203125, 461.6567077636719]"
17.036870241165,"[7.852336406707764, -157.71144104003906, -37.49652099609375]","[7.852336406707764, -157.71144104003906, -37.49652099609375]","[-9.852487564086914, -1.4738816022872925, 1.0484050512313843]","[-9.852487564086914, -1.4738816022872925, 1.0484050512313843]","[-0.25755542516708374, 0.08681564778089523, -0.8871479034423828, -0.3729569911956787]","[[-0.5891367185636636, -0.7064557077775797, 0.39222250534424674], [0.6170163434761227, -0.7067323992304253, -0.3461508327025058], [0.5217365164845127, 0.038077553043251555, 0.8522564925347725]]","[-0.16357336938381195, -0.1540975123643875, -0.20789076387882233]",[0.0],"[-0.25755542516708374, 0.08681564778089523, -0.8871479034423828, -0.3729569911956787]",[0.44],"[-0.07152557373046875, 2.6996731758117676, -0.42594605445861866]","[484.6229553222656, 482.6056213378906, 466.5590515136719, 463.3199462890625]"
17.067939043045,"[7.527134418487549, -157.75904846191406, -37.458614349365234]","[7.527134418487549, -157.75904846191406, -37.458614349365234]","[-9.856796264648438, -1.4108223915100098, 1.2478405237197876]","[-9.856796264648438, -1.4108223915100098, 1.2478405237197876]","[-0.2588561773300171, 0.08913692831993103, -0.885077953338623, -0.3764108717441559]","[[-0.5826167509527966, -0.712453217003123, 0.39111157349361925], [0.6201586389077747, -0.7007390080559901, -0.3526588188988953], [0.5253200090676255, 0.03708629856171086, 0.8500961749355564]]","[-0.15688440203666687, -0.11938027292490005, -0.19849278032779694]",[0.0],"[-0.2588561773300171, 0.08913692831993103, -0.885077953338623, -0.3764108717441559]",[0.44],"[-0.21543502807617188, 3.1529605388641357, 0.16177362442016552]","[483.632568359375, 481.718994140625, 467.4552001953125, 464.37298583984375]"
17.098975896835,"[7.2313361167907715, -157.80047607421875, -37.418540954589844]","[7.2313361167907715, -157.80047607421875, -37.418540954589844]","[-9.863016128540039, -1.3503003120422363, 1.4229916334152222]","[-9.863016128540039, -1.3503003120422363, 1.4229916334152222]","[-0.25970420241355896, 0.09104428440332413, -0.8833391070365906, -0.3794427812099457]","[[-0.5771540794854291, -0.7176424615815047, 0.3897215635327531], [0.6230641285203906, -0.695468501542928, -0.35793172348265845], [0.5279059494818195, 0.03623981594018755, 0.8485293310524477]]","[-0.15101546049118042, -0.10150624811649323, -0.1909554898738861]",[0.0],"[-0.25970420241355896, 0.09104428440332413, -0.8833391070365906, -0.3794427812099457]",[0.44],"[-0.3109931945800781, 3.026103973388672, -1.052444515228272]","[482.1839294433594, 481.1276550292969, 468.02166748046875, 465.91943359375]"
17.13098025322,"[6.905704975128174, -157.84388732910156, -37.36848831176758]","[6.905704975128174, -157.84388732910156, -37.36848831176758]","[-9.872163772583008, -1.2803882360458374, 1.609204888343811]","[-9.872163772583008, -1.2803882360458374, 1.609204888343811]","[-0.2603914439678192, 0.09297052770853043, -0.8815444707870483, -0.3826645314693451]","[[-0.5715283459952394, -0.723089063679184, 0.38794022848808796], [0.6262541438532865, -0.6898487161337261, -0.36320044910436167], [0.5302463221922582, 0.03536983051392539, 0.8471055537719029]]","[-0.14491024613380432, -0.08192990720272064, -0.18364256620407104]",[0.0],"[-0.2603914439678192, 0.09297052770853043, -0.8815444707870483, -0.3826645314693451]",[0.44],"[-0.4573822021484375, 3.4956037998199463, -0.49933725357055714]","[481.2318115234375, 480.28656005859375, 468.8524475097656, 466.9351806640625]"
17.1611328125,"[6.609384059906006, -157.88131713867188, -37.31774139404297]","[6.609384059906006, -157.88131713867188, -37.31774139404297]","[-9.882381439208984, -1.2139607667922974, 1.7729130983352661]","[-9.882381439208984, -1.2139607667922974, 1.7729130983352661]","[-0.2608169913291931, 0.09457599371671677, -0.8800103068351746, -0.3855019211769104]","[[-0.5667255174472849, -0.7278253801472099, 0.38612482658484115], [0.6291572756145589, -0.684887286204301, -0.36754660096575], [0.53196173568488, 0.03463520396619213, 0.8460597568929663]]","[-0.13967818021774292, -0.06870031356811523, -0.1777803748846054]",[0.0],"[-0.2608169913291931, 0.09457599371671677, -0.8800103068351746, -0.3855019211769104]",[0.44],"[-0.5108833312988281, 3.321373462677002, -1.6245895004272466]","[480.289794921875, 479.6539306640625, 469.4619140625, 467.94195556640625]"
17.193099737167,"[6.283047676086426, -157.92013549804688, -37.256343841552734]","[6.283047676086426, -157.92013549804688, -37.256343841552734]","[-9.89549732208252, -1.1379194259643555, 1.9471923112869263]","[-9.89549732208252, -1.1379194259643555, 1.9471923112869263]","[-0.2611219882965088, 0.09620781242847443, -0.8784096240997314, -0.38853052258491516]","[[-0.561718821766608, -0.7328218511321367, 0.3839847918882482], [0.6323339500482135, -0.6795763209659071, -0.3719274618440167], [0.5335034784465948, 0.03388798844100194, 0.8451187281116108]]","[-0.13430143892765045, -0.056299544870853424, -0.17209410667419434]",[0.0],"[-0.2611219882965088, 0.09620781242847443, -0.8784096240997314, -0.38853052258491516]",[0.44],"[-0.6557941436767578, 3.8020670413970947, -1.0960393524169927]","[479.73309326171875, 479.1875305175781, 469.91363525390625, 468.5370788574219]"
17.224148511887,"[5.985978126525879, -157.9532012939453, -37.19561767578125]","[5.985978126525879, -157.9532012939453, -37.19561767578125]","[-9.908951759338379, -1.0662530660629272, 2.1006476879119873]","[-9.908951759338379, -1.0662530660629272, 2.1006476879119873]","[-0.2612764835357666, 0.09758245199918747, -0.8770226240158081, -0.39120784401893616]","[[-0.5573820359474944, -0.7371882596203996, 0.3819407330469553], [0.6352042599678178, -0.6748681677687784, -0.3755908558542007], [0.5346408156896891, 0.033262783413304575, 0.8444245284260211]]","[-0.12976078689098358, -0.047299936413764954, -0.1675373613834381]",[0.0],"[-0.2612764835357666, 0.09758245199918747, -0.8770226240158081, -0.39120784401893616]",[0.44],"[-0.6727218627929688, 3.583317995071411, -2.1372311687469487]","[479.00994873046875, 478.6534729003906, 470.42291259765625, 469.3111267089844]"
17.255224227905,"[5.6884846687316895, -157.9840850830078, -37.13035202026367]","[5.6884846687316895, -157.9840850830078, -37.13035202026367]","[-9.923700332641602, -0.9923205971717834, 2.2496302127838135]","[-9.923700332641602, -0.9923205971717834, 2.2496302127838135]","[-0.26134011149406433, 0.09886737912893295, -0.8756899833679199, -0.39381933212280273]","[[-0.553215411253464, -0.7414033125625275, 0.37983406534063846], [0.6380512650238024, -0.6702632016932757, -0.3789959235010727], [0.5355776062097917, 0.03268722916089217, 0.8438531749368917]]","[-0.12554851174354553, -0.03983272984623909, -0.16349638998508453]",[0.0],"[-0.26134011149406433, 0.09886737912893295, -0.8756899833679199, -0.39381933212280273]",[0.44],"[-0.7374286651611328, 3.69662344455719, -2.360873756408692]","[478.4075622558594, 478.15283203125, 470.8995361328125, 469.9574890136719]"
17.286171197891,"[5.360710144042969, -158.0154266357422, -37.05347442626953]","[5.360710144042969, -158.0154266357422, -37.05347442626953]","[-9.941247940063477, -0.9085441827774048, 2.408643960952759]","[-9.941247940063477, -0.9085441827774048, 2.408643960952759]","[-0.2613255977630615, 0.1001894623041153, -0.8742774128913879, -0.3966232240200043]","[[-0.5487978460976923, -0.7458815946300668, 0.377467199965392], [0.6411533101253362, -0.6653041254765597, -0.38248237001192287], [0.5364170701729476, 0.032108834403038244, 0.8433420071939817]]","[-0.12128832936286926, -0.033146634697914124, -0.15957792103290558]",[0.0],"[-0.2613255977630615, 0.1001894623041153, -0.8742774128913879, -0.3966232240200043]",[0.44],"[-0.87738037109375, 4.188820719718933, -1.8593125915527349]","[477.8315124511719, 477.6795654296875, 471.3459167480469, 470.5769348144531]"
17.317011594772,"[5.062213897705078, -158.04151916503906, -36.97910690307617]","[5.062213897705078, -158.04151916503906, -36.97910690307617]","[-9.958258628845215, -0.8302997946739197, 2.5490362644195557]","[-9.958258628845215, -0.8302997946739197, 2.5490362644195557]","[-0.26125210523605347, 0.10131876170635223, -0.8730341792106628, -0.399115651845932]","[[-0.5449083390874887, -0.749822690630273, 0.37528822727832445], [0.6439437314474947, -0.6608826811206114, -0.38544909248471093], [0.5370398417689382, 0.03163012462492709, 0.8429636920720429]]","[-0.11774114519357681, -0.028189966455101967, -0.15643881261348724]",[0.0],"[-0.26125210523605347, 0.10131876170635223, -0.8730341792106628, -0.399115651845932]",[0.44],"[-0.8505344390869141, 3.9122194051742554, -2.7903848266601567]","[477.49749755859375, 477.3930358886719, 471.614990234375, 470.93701171875]"
17.348012447357,"[4.763193130493164, -158.06521606445312, -36.90057373046875]","[4.763193130493164, -158.06521606445312, -36.90057373046875]","[-9.976151466369629, -0.7502001523971558, 2.6856937408447266]","[-9.976151466369629, -0.7502001523971558, 2.6856937408447266]","[-0.2611331343650818, 0.10238724946975708, -0.8718236684799194, -0.40155932307243347]","[[-0.5411193155515335, -0.7536512510527587, 0.3730949851510026], [0.6467044375605298, -0.6565340455702326, -0.3882481442114347], [0.5375532035042987, 0.031193634458265507, 0.8426526745653717]]","[-0.11449343711137772, -0.024098528549075127, -0.15365572273731232]",[0.0],"[-0.2611331343650818, 0.10238724946975708, -0.8718236684799194, -0.40155932307243347]",[0.44],"[-0.8946418762207031, 4.004982113838196, -2.9771261787414556]","[477.0894470214844, 477.0392761230469, 471.9452209472656, 471.3780517578125]"
17.38002371788,"[4.433636665344238, -158.0885009765625, -36.80951690673828]","[4.433636665344238, -158.0885009765625, -36.80951690673828]","[-9.996716499328613, -0.6600877046585083, 2.8319547176361084]","[-9.996716499328613, -0.6600877046585083, 2.8319547176361084]","[-0.26096031069755554, 0.10350219905376434, -0.8705260157585144, -0.4041924774646759]","[[-0.5370564986427167, -0.757740066059676, 0.370675858568128], [0.6497002019678737, -0.651831655743516, -0.3911591029306294], [0.5380150996024602, 0.030753675072556774, 0.8423740220633404]]","[-0.11123988777399063, -0.020424680784344673, -0.15005487203598022]",[0.0],"[-0.26096031069755554, 0.10350219905376434, -0.8705260157585144, -0.4041924774646759]",[0.44],"[-1.0282516479492188, 4.505622386932373, -2.4969511604309087]","[478.144287109375, 478.1356201171875, 470.8110046386719, 470.3314208984375]"
17.411018848419,"[4.133440017700195, -158.10704040527344, -36.72260284423828]","[4.133440017700195, -158.10704040527344, -36.72260284423828]","[-10.016105651855469, -0.5764665007591248, 2.9614405632019043]","[-10.016105651855469, -0.5764665007591248, 2.9614405632019043]","[-0.2607719302177429, 0.10447078198194504, -0.8693785071372986, -0.40652787685394287]","[[-0.5334662659203939, -0.7613392923155304, 0.36847845240724375], [0.6523671024403752, -0.6476419765235306, -0.3936714232269063], [0.5383595931768088, 0.03037281331118802, 0.842167712245187]]","[-0.10843907296657562, -0.017688047140836716, -0.14679628610610962]",[0.0],"[-0.2607719302177429, 0.10447078198194504, -0.8693785071372986, -0.40652787685394287]",[0.44],"[-0.9694576263427734, 4.181060194969177, -3.3357077217102056]","[477.1452331542969, 477.170654296875, 471.7847595214844, 471.3492126464844]"
17.443023920059,"[3.8025407791137695, -158.12452697753906, -36.62257385253906]","[3.8025407791137695, -158.12452697753906, -36.62257385253906]","[-10.038080215454102, -0.48274052143096924, 3.100276231765747]","[-10.038080215454102, -0.48274052143096924, 3.100276231765747]","[-0.26053985953330994, 0.10548767447471619, -0.8681423664093018, -0.4090479910373688]","[[-0.5295976356416521, -0.7651912696085805, 0.36607233775221637], [0.6552562940480282, -0.6431043735207584, -0.3963032509455058], [0.5386704230445627, 0.02998997356352895, 0.8419826642565589]]","[-0.1055242195725441, -0.015212927013635635, -0.1446080058813095]",[0.0],"[-0.26053985953330994, 0.10548767447471619, -0.8681423664093018, -0.4090479910373688]",[0.44],"[-1.0987281799316406, 4.686298966407776, -2.868216571807862]","[476.33062744140625, 476.38006591796875, 472.55902099609375, 472.1964416503906]"
17.473021030426,"[3.5010855197906494, -158.13771057128906, -36.5277099609375]","[3.5010855197906494, -158.13771057128906, -36.5277099609375]","[-10.058551788330078, -0.39605578780174255, 3.223405599594116]","[-10.058551788330078, -0.39605578780174255, 3.223405599594116]","[-0.2603117823600769, 0.1063719317317009, -0.867036759853363, -0.4113028943538666]","[[-0.5261354615947038, -0.7686091919621001, 0.36389760185974884], [0.6578497233934462, -0.6390299339449967, -0.398590729094221], [0.5389019354567908, 0.029677228982232684, 0.8418455762083726]]","[-0.103178970515728, -0.013371219858527184, -0.14281107485294342]",[0.0],"[-0.2603117823600769, 0.1063719317317009, -0.867036759853363, -0.4113028943538666]",[0.44],"[-1.0235786437988281, 4.334236681461334, -3.6535316085815435]","[476.07843017578125, 476.142333984375, 472.7778015136719, 472.47149658203125]"
17.505019664764,"[3.1990103721618652, -158.1482696533203, -36.429195404052734]","[3.1990103721618652, -158.1482696533203, -36.429195404052734]","[-10.079412460327148, -0.3080545663833618, 3.3437633514404297]","[-10.079412460327148, -0.3080545663833618, 3.3437633514404297]","[-0.2600712478160858, 0.10722245275974274, -0.8659456968307495, -0.4135267734527588]","[[-0.5227172084710152, -0.7719544141576966, 0.3617364459686314], [0.6604125058251862, -0.6349980076006165, -0.4007904910963127], [0.5390938656943405, 0.029395204812562525, 0.8417325833671376]]","[-0.1010340228676796, -0.011845722794532776, -0.14121824502944946]",[0.0],"[-0.2600712478160858, 0.10722245275974274, -0.8659456968307495, -0.4135267734527588]",[0.44],"[-1.0430335998535156, 4.400061070919037, -3.7921124076843267]","[475.85858154296875, 475.93017578125, 472.9703369140625, 472.7139587402344]"
17.536012411118,"[2.8659989833831787, -158.1568145751953, -36.31670379638672]","[2.8659989833831787, -158.1568145751953, -36.31670379638672]","[-10.1027250289917, -0.20983144640922546, 3.473132371902466]","[-10.1027250289917, -0.20983144640922546, 3.473132371902466]","[-0.25979551672935486, 0.10812385380268097, -0.8647596836090088, -0.4159402549266815]","[[-0.519000156313393, -0.7755569114401686, 0.359375251071147], [0.6631965415624217, -0.630606041816451, -0.40312112612441986], [0.5392675043285164, 0.029116527704447392, 0.8416310434523679]]","[-0.098930723965168, -0.010466688312590122, -0.13943134248256683]",[0.0],"[-0.25979551672935486, 0.10812385380268097, -0.8647596836090088, -0.4159402549266815]",[0.44],"[-1.165628433227539, 4.911155998706818, -3.341548976898194]","[476.3782653808594, 476.4562072753906, 472.4236755371094, 472.2069396972656]"
17.567014455795,"[2.562588691711426, -158.1617431640625, -36.21078872680664]","[2.562588691711426, -158.1617431640625, -36.21078872680664]","[-10.124177932739258, -0.11932853609323502, 3.5881402492523193]","[-10.124177932739258, -0.11932853609323502, 3.5881402492523193]","[-0.25953614711761475, 0.1089179515838623, -0.8636956810951233, -0.41810014843940735]","[[-0.515666699439187, -0.7787588759567292, 0.35724327525724675], [0.6656862939326551, -0.6266584824060502, -0.4051681320239524], [0.5393977221569628, 0.028880274517113946, 0.8415557363242385]]","[-0.09717849642038345, -0.009435534477233887, -0.13732391595840454]",[0.0],"[-0.25953614711761475, 0.1089179515838623, -0.8636956810951233, -0.41810014843940735]",[0.44],"[-1.0726451873779297, 4.525145515799522, -4.059606132507325]","[476.5684509277344, 476.65313720703125, 472.2183532714844, 472.0216369628906]"
17.598598718643,"[2.2280914783477783, -158.16403198242188, -36.090328216552734]","[2.2280914783477783, -158.16403198242188, -36.090328216552734]","[-10.147991180419922, -0.01853412762284279, 3.711944818496704]","[-10.147991180419922, -0.01853412762284279, 3.711944818496704]","[-0.2592434883117676, 0.10976769775152206, -0.8625415563583374, -0.42043536901474]","[[-0.5120537678294648, -0.7821990768142442, 0.35491611874827367], [0.6683728333380188, -0.622370245354233, -0.4073486650589917], [0.5395170087885122, 0.028631861633114042, 0.8414877325965539]]","[-0.09532161802053452, -0.008494080044329166, -0.1350335031747818]",[0.0],"[-0.2592434883117676, 0.10976769775152206, -0.8625415563583374, -0.42043536901474]",[0.44],"[-1.1906623840332031, 5.039720423519611, -3.619771537780762]","[476.63226318359375, 476.72607421875, 472.1395263671875, 471.96240234375]"
17.629569530487,"[1.9233167171478271, -158.16319274902344, -35.97731399536133]","[1.9233167171478271, -158.16319274902344, -35.97731399536133]","[-10.169994354248047, 0.07440391182899475, 3.8216466903686523]","[-10.169994354248047, 0.07440391182899475, 3.8216466903686523]","[-0.2589721083641052, 0.11052114516496658, -0.8615079522132874, -0.42251935601234436]","[[-0.5088217505106147, -0.7852513583017169, 0.35281841535253866], [0.67076378237297, -0.6185250092745633, -0.40927114779699725], [0.5396077076759327, 0.028411766007645944, 0.841437047121749]]","[-0.09370552748441696, -0.007780434563755989, -0.13257715106010437]",[0.0],"[-0.2589721083641052, 0.11052114516496658, -0.8615079522132874, -0.42251935601234436]",[0.44],"[-1.10015869140625, 4.646901972591877, -4.324906406402588]","[477.66925048828125, 477.7710266113281, 472.9635009765625, 472.8031921386719]"
17.659576416016,"[1.617876648902893, -158.15956115722656, -35.86104965209961]","[1.617876648902893, -158.15956115722656, -35.86104965209961]","[-10.192390441894531, 0.16864892840385437, 3.928490161895752]","[-10.192390441894531, 0.16864892840385437, 3.928490161895752]","[-0.25869637727737427, 0.11125960201025009, -0.8604919910430908, -0.4245600402355194]","[[-0.5056503313775638, -0.788225940633942, 0.35073955930596545], [0.6730961167244454, -0.6147405645314805, -0.4111402816042542], [0.5396850837302041, 0.028188295778406314, 0.8413949706881664]]","[-0.09208182245492935, -0.00717828469350934, -0.12914495170116425]",[0.0],"[-0.25869637727737427, 0.11125960201025009, -0.8604919910430908, -0.4245600402355194]",[0.44],"[-1.1198043823242188, 4.712250828742981, -4.46782642364502]","[481.4533996582031, 481.5625915527344, 473.05572509765625, 472.90106201171875]"
17.690403938293,"[1.311738133430481, -158.15304565429688, -35.741668701171875]","[1.311738133430481, -158.15304565429688, -35.741668701171875]","[-10.216910362243652, 0.26623499393463135, 4.0283050537109375]","[-10.216910362243652, 0.26623499393463135, 4.0283050537109375]","[-0.25841495394706726, 0.11199009418487549, -0.8595048785209656, -0.4265340566635132]","[[-0.5025808347937541, -0.7910960351778797, 0.3486826488429422], [0.6753363750526304, -0.6110538492496094, -0.4129576218149609], [0.5397530055581576, 0.027933492623269274, 0.8413598607619956]]","[-0.0903441458940506, -0.0066604940220713615, -0.12289391458034515]",[0.0],"[-0.25841495394706726, 0.11199009418487549, -0.8595048785209656, -0.4265340566635132]",[0.44],"[-1.2259960174560547, 4.879303276538849, -4.819255409240723]","[493.95233154296875, 494.0838928222656, 476.396240234375, 476.22735595703125]"
17.721404075623,"[0.9740903973579407, -158.14247131347656, -35.60704040527344]","[0.9740903973579407, -158.14247131347656, -35.60704040527344]","[-10.246421813964844, 0.3775745630264282, 4.1297149658203125]","[-10.246421813964844, 0.3775745630264282, 4.1297149658203125]","[-0.2580942213535309, 0.11279916763305664, -0.8584843873977661, -0.42856550216674805]","[[-0.49943819124885636, -0.7940592118540337, 0.3464560551778746], [0.6776079584957131, -0.6072161410036063, -0.4148932078103087], [0.539823382860483, 0.027547910512538465, 0.8413274413704084]]","[-0.0878388062119484, -0.006151799112558365, -0.11167599260807037]",[0.0],"[-0.2580942213535309, 0.11279916763305664, -0.8584843873977661, -0.42856550216674805]",[0.44],"[-1.4755725860595703, 5.566978454589844, -4.7395043945312505]","[499.9983215332031, 500.19482421875, 480.1480407714844, 479.90966796875]"
17.752395391464,"[0.6662786602973938, -158.12965393066406, -35.4818229675293]","[0.6662786602973938, -158.12965393066406, -35.4818229675293]","[-10.273933410644531, 0.4804902970790863, 4.218193054199219]","[-10.273933410644531, 0.4804902970790863, 4.218193054199219]","[-0.2577958405017853, 0.11353486776351929, -0.8576267957687378, -0.430264413356781]","[[-0.4968277740372642, -0.7965502136436946, 0.34448521475648874], [0.6794749469982726, -0.6039648324011484, -0.41658184185474667], [0.5398852678517301, 0.02709966246252904, 0.8413022768437965]]","[-0.08466673642396927, -0.005696163512766361, -0.10217256098985672]",[0.0],"[-0.2577958405017853, 0.11353486776351929, -0.8576267957687378, -0.430264413356781]",[0.44],"[-1.375579833984375, 5.145786702632904, -5.386095581054688]","[499.7001953125, 499.938720703125, 481.7458801269531, 481.4603576660156]"
17.783427000046,"[0.3576422929763794, -158.1136474609375, -35.35396957397461]","[0.3576422929763794, -158.1136474609375, -35.35396957397461]","[-10.301348686218262, 0.5840866565704346, 4.304978847503662]","[-10.301348686218262, 0.5840866565704346, 4.304978847503662]","[-0.25749748945236206, 0.11425776034593582, -0.8568311929702759, -0.4318338930606842]","[[-0.4944290580922708, -0.7988596723914254, 0.34258301522347656], [0.6811753266333129, -0.6009293006422709, -0.4181915128537721], [0.5399445090737971, 0.02659306044049181, 0.8412804142529228]]","[-0.0810316726565361, -0.0052590398117899895, -0.09374994039535522]",[0.0],"[-0.25749748945236206, 0.11425776034593582, -0.8568311929702759, -0.4318338930606842]",[0.44],"[-1.3707637786865234, 5.179817974567413, -5.4707103347778325]","[498.6449890136719, 498.91534423828125, 482.99627685546875, 482.6778259277344]"
17.81443810463,"[0.017196524888277054, -158.09249877929688, -35.21034622192383]","[0.017196524888277054, -158.09249877929688, -35.21034622192383]","[-10.331238746643066, 0.6985723972320557, 4.398931503295898]","[-10.331238746643066, 0.6985723972320557, 4.398931503295898]","[-0.25717487931251526, 0.11502785980701447, -0.8560212254524231, -0.43342509865760803]","[[-0.4920074939137007, -0.8012067201163378, 0.34058238771889915], [0.6828776162625543, -0.5978225139489499, -0.4198646739029108], [0.5400062336598141, 0.025999515850230637, 0.8412593458376221]]","[-0.07667073607444763, -0.004804460797458887, -0.08558939397335052]",[0.0],"[-0.25717487931251526, 0.11502785980701447, -0.8560212254524231, -0.43342509865760803]",[0.44],"[-1.4945030212402344, 5.724287033081055, -5.112367210388184]","[497.57421875, 497.86358642578125, 484.1005554199219, 483.7617492675781]"
17.845395803452,"[-0.2931516766548157, -158.06996154785156, -35.077110290527344]","[-0.2931516766548157, -158.06996154785156, -35.077110290527344]","[-10.358159065246582, 0.8030588626861572, 4.483047008514404]","[-10.358159065246582, 0.8030588626861572, 4.483047008514404]","[-0.256890207529068, 0.1156986802816391, -0.8553387522697449, -0.4347606301307678]","[[-0.48998113150655387, -0.8031789458008971, 0.33885383686737036], [0.6842915138473389, -0.5951939197173832, -0.4212946266622293], [0.540058761445545, 0.02544836733681599, 0.8412424733135189]]","[-0.07259144634008408, -0.004410684108734131, -0.07905665040016174]",[0.0],"[-0.256890207529068, 0.1156986802816391, -0.8553387522697449, -0.4347606301307678]",[0.44],"[-1.3460159301757812, 5.224323272705078, -5.6042247390747075]","[496.7235412597656, 497.0181579589844, 484.97296142578125, 484.63067626953125]"
17.875972032547,"[-0.6043038964271545, -158.04432678222656, -34.94136428833008]","[-0.6043038964271545, -158.04432678222656, -34.94136428833008]","[-10.38483715057373, 0.9078685641288757, 4.5659966468811035]","[-10.38483715057373, 0.9078685641288757, 4.5659966468811035]","[-0.25661608576774597, 0.11633791029453278, -0.8547027707099915, -0.43600109219551086]","[[-0.48810267126206996, -0.8050110413965355, 0.33721404712457126], [0.6855943247318068, -0.5927372834681908, -0.4226384558740435], [0.5401078709332099, 0.024901118804653066, 0.8412273503070842]]","[-0.06850194185972214, -0.004045489709824324, -0.07326842099428177]",[0.0],"[-0.25661608576774597, 0.11633791029453278, -0.8547027707099915, -0.43600109219551086]",[0.44],"[-1.3339042663574219, 5.240485072135925, -5.66251808166504]","[496.1744079589844, 496.466552734375, 485.5342712402344, 485.1962585449219]"
17.907473087311,"[-0.9474911093711853, -158.01243591308594, -34.7891960144043]","[-0.9474911093711853, -158.01243591308594, -34.7891960144043]","[-10.413900375366211, 1.023459792137146, 4.655966758728027]","[-10.413900375366211, 1.023459792137146, 4.655966758728027]","[-0.2563283145427704, 0.11700231581926346, -0.8540515303611755, -0.4372667074203491]","[[-0.4861871168386731, -0.8068786141197886, 0.3355127438226173], [0.6869145884735777, -0.5902164426972067, -0.42401968999993667], [0.540157613417998, 0.02431566247496253, 0.8412125065131838]]","[-0.0641077309846878, -0.0036705685779452324, -0.06766030937433243]",[0.0],"[-0.2563283145427704, 0.11700231581926346, -0.8540515303611755, -0.4372667074203491]",[0.44],"[-1.4531612396240234, 5.779561400413513, -5.311494407653809]","[495.5030822753906, 495.78656005859375, 486.2188415527344, 485.8915710449219]"
17.938499689102,"[-1.2603079080581665, -157.9801483154297, -34.64830017089844]","[-1.2603079080581665, -157.9801483154297, -34.64830017089844]","[-10.440065383911133, 1.1287535429000854, 4.736662864685059]","[-10.440065383911133, 1.1287535429000854, 4.736662864685059]","[-0.2560800015926361, 0.11757038533687592, -0.8534994125366211, -0.4383366107940674]","[[-0.4845680854172376, -0.8084549285406881, 0.3340574533667464], [0.688025230683432, -0.5880764288320837, -0.4251909896139665], [0.5401990703200212, 0.02380597034705545, 0.841200474552108]]","[-0.06026238948106766, -0.0033586632926017046, -0.0631708949804306]",[0.0],"[-0.2560800015926361, 0.11757038533687592, -0.8534994125366211, -0.4383366107940674]",[0.44],"[-1.3082504272460938, 5.264687538146973, -5.775194702148438]","[494.9170837402344, 495.18817138671875, 486.8138122558594, 486.5029296875]"
17.969988822937,"[-1.5739059448242188, -157.94471740722656, -34.505001068115234]","[-1.5739059448242188, -157.94471740722656, -34.505001068115234]","[-10.465988159179688, 1.2341924905776978, 4.81636905670166]","[-10.465988159179688, 1.2341924905776978, 4.81636905670166]","[-0.2558441460132599, 0.11810564249753952, -0.8529833555221558, -0.43933388590812683]","[[-0.48305909517518586, -0.8099222588812647, 0.3326859745819415], [0.6890557099047432, -0.5860736636941812, -0.4262863001970061], [0.5402372180464217, 0.02331771122240056, 0.8411896603219783]]","[-0.05660543218255043, -0.003072205698117614, -0.057522885501384735]",[0.0],"[-0.2558441460132599, 0.11810564249753952, -0.8529833555221558, -0.43933388590812683]",[0.44],"[-1.2961387634277344, 5.271947383880615, -5.824690399169922]","[501.5505065917969, 501.80267333984375, 479.97625732421875, 479.677978515625]"
18.001106023788,"[-1.9197591543197632, -157.90208435058594, -34.344635009765625]","[-1.9197591543197632, -157.90208435058594, -34.344635009765625]","[-10.494430541992188, 1.350540280342102, 4.902445316314697]","[-10.494430541992188, 1.350540280342102, 4.902445316314697]","[-0.25558650493621826, 0.11868464201688766, -0.8525021076202393, -0.44026097655296326]","[[-0.48169177549525344, -0.8113152065140969, 0.33127163548244587], [0.6899784351432867, -0.584168610004923, -0.4274073434370571], [0.5402805010672211, 0.022691713590855755, 0.8411789884876234]]","[-0.05247541889548302, -0.0027814144268631935, -0.04037187248468399]",[0.0],"[-0.25558650493621826, 0.11868464201688766, -0.8525021076202393, -0.44026097655296326]",[0.44],"[-1.422119140625, 5.817389488220215, -5.506187019348145]","[510.4219055175781, 510.71234130859375, 473.453125, 473.10125732421875]"
18.03192615509,"[-2.234995126724243, -157.85995483398438, -34.19642639160156]","[-2.234995126724243, -157.85995483398438, -34.19642639160156]","[-10.521069526672363, 1.457656741142273, 4.977160930633545]","[-10.521069526672363, 1.457656741142273, 4.977160930633545]","[-0.2553419768810272, 0.1192292645573616, -0.8522091507911682, -0.44082245230674744]","[[-0.4809521084381867, -0.8122343276883224, 0.3300916649804244], [0.6904573832317316, -0.5829199236994302, -0.4283374934468638], [0.5403274121360488, 0.021904412255325134, 0.8411697146311993]]","[-0.04724007844924927, -0.002474612556397915, -0.017200594767928123]",[0.0],"[-0.2553419768810272, 0.1192292645573616, -0.8522091507911682, -0.44082245230674744]",[0.44],"[-1.331949234008789, 5.355823040008545, -6.074219284057618]","[520.8605346679688, 521.2802734375, 471.3976745605469, 470.872314453125]"
18.062590837479,"[-2.551057815551758, -157.8145751953125, -34.04606628417969]","[-2.551057815551758, -157.8145751953125, -34.04606628417969]","[-10.5497465133667, 1.5676323175430298, 5.045299530029297]","[-10.5497465133667, 1.5676323175430298, 5.045299530029297]","[-0.2550892233848572, 0.11978789418935776, -0.852091908454895, -0.44104403257369995]","[[-0.4808195200972518, -0.8127333046560752, 0.3290554545469879], [0.6905069010573923, -0.5822622646827895, -0.4291517502347073], [0.540382398174132, 0.020870568756295782, 0.8411606970371793]]","[-0.0401788167655468, -0.002102895174175501, 0.008157586678862572]",[0.0],"[-0.2550892233848572, 0.11978789418935776, -0.852091908454895, -0.44104403257369995]",[0.44],"[-1.4338493347167969, 5.498778820037842, -6.403070030212403]","[527.5498046875, 528.1018676757812, 480.0157165527344, 479.3290710449219]"
18.09384894371,"[-2.8997509479522705, -157.76080322265625, -33.878421783447266]","[-2.8997509479522705, -157.76080322265625, -33.878421783447266]","[-10.582796096801758, 1.690656065940857, 5.114950656890869]","[-10.582796096801758, 1.690656065940857, 5.114950656890869]","[-0.2548150420188904, 0.1203901469707489, -0.8521697521209717, -0.4408881366252899]","[[-0.4813741478351137, -0.8127775089201243, 0.32813416725590905], [0.6900686274840773, -0.5822479841380144, -0.42987554152334795], [0.5404485175198221, 0.019504174715866185, 0.8411510137465452]]","[-0.03044412098824978, -0.001628289232030511, 0.03414132446050644]",[0.0],"[-0.2548150420188904, 0.1203901469707489, -0.8521697521209717, -0.4408881366252899]",[0.44],"[-1.6524791717529297, 6.151187419891357, -6.327443656921387]","[526.7552490234375, 527.3861083984375, 483.7319030761719, 482.9551086425781]"
18.124845743179,"[-3.217705488204956, -157.7083740234375, -33.72406768798828]","[-3.217705488204956, -157.7083740234375, -33.72406768798828]","[-10.614481925964355, 1.8045539855957031, 5.172904968261719]","[-10.614481925964355, 1.8045539855957031, 5.172904968261719]","[-0.254582941532135, 0.1208973079919815, -0.8524150252342224, -0.44040897488594055]","[[-0.48245506864953613, -0.8123792394653844, 0.32753213010219806], [0.6892656702977238, -0.582847698728429, -0.4303505882926988], [0.5405091680190717, 0.01813186092176089, 0.841142733602275]]","[-0.020475253462791443, -0.001172924879938364, 0.05574125424027443]",[0.0],"[-0.254582941532135, 0.1208973079919815, -0.8524150252342224, -0.44040897488594055]",[0.44],"[-1.5842914581298828, 5.69489598274231, -6.91228443145752]","[534.637939453125, 535.3246459960938, 494.0648498535156, 493.23126220703125]"
18.156880140305,"[-3.5686793327331543, -157.6466064453125, -33.552616119384766]","[-3.5686793327331543, -157.6466064453125, -33.552616119384766]","[-10.657109260559082, 1.939737319946289, 5.215636730194092]","[-10.657109260559082, 1.939737319946289, 5.215636730194092]","[-0.254352867603302, 0.12139728665351868, -0.8528779149055481, -0.43950724601745605]","[[-0.48427607788094384, -0.8114475430976604, 0.32715391248134296], [0.6879365511793303, -0.5841922379833164, -0.430653986146428], [0.5405738610056616, 0.0165057272814515, 0.8411346350702811]]","[-0.00870310328900814, -0.000681473349686712, 0.08081697672605515]",[0.0],"[-0.254352867603302, 0.12139728665351868, -0.8528779149055481, -0.43950724601745605]",[0.44],"[-2.131366729736328, 6.759166717529297, -7.673411903381348]","[554.7784423828125, 555.4957885742188, 514.8231201171875, 513.9661865234375]"
18.187877178192,"[-3.889035701751709, -157.58648681640625, -33.39570999145508]","[-3.889035701751709, -157.58648681640625, -33.39570999145508]","[-10.699936866760254, 2.0675041675567627, 5.243239879608154]","[-10.699936866760254, 2.0675041675567627, 5.243239879608154]","[-0.2541714608669281, 0.12178873270750046, -0.8534747958183289, -0.43834367394447327]","[[-0.48650344502327414, -0.8101409954548253, 0.3270872302524013], [0.6863201150172364, -0.586044717232733, -0.4307161314975003], [0.54062851241259, 0.01494167637547239, 0.8411287461325453]]","[0.002789749763906002, -0.00024763625697232783, 0.10242712497711182]",[0.0],"[-0.2541714608669281, 0.12178873270750046, -0.8534747958183289, -0.43834367394447327]",[0.44],"[-2.1413803100585938, 6.388342380523682, -8.429842529296875]","[561.5828247070312, 562.3442993164062, 525.7531127929688, 524.8687133789062]"
18.218876123428,"[-4.210692405700684, -157.52255249023438, -33.23801040649414]","[-4.210692405700684, -157.52255249023438, -33.23801040649414]","[-10.743391990661621, 2.1954078674316406, 5.2687225341796875]","[-10.743391990661621, 2.1954078674316406, 5.2687225341796875]","[-0.2540232241153717, 0.12210644781589508, -0.8542291522026062, -0.4368692934513092]","[[-0.4892348581419985, -0.808408719455465, 0.3272989715853347], [0.6843372252175888, -0.5884704857255034, -0.4305636676714997], [0.5406772019180517, 0.013336118086524351, 0.8411244340236315]]","[0.01465284638106823, 0.00015253617311827838, 0.12236011773347855]",[0.0],"[-0.2540232241153717, 0.12210644781589508, -0.8542291522026062, -0.4368692934513092]",[0.44],"[-2.1727561950683594, 6.3951849937438965, -8.53586727142334]","[560.9844360351562, 561.7650756835938, 527.3118896484375, 526.42138671875]"
18.249876022339,"[-4.5660176277160645, -157.44781494140625, -33.06365966796875]","[-4.5660176277160645, -157.44781494140625, -33.06365966796875]","[-10.79096794128418, 2.334744691848755, 5.29701042175293]","[-10.79096794128418, 2.334744691848755, 5.29701042175293]","[-0.2539040744304657, 0.12235882133245468, -0.855225682258606, -0.4349139332771301]","[[-0.4927652975051311, -0.8060339371790541, 0.3278594580523668], [0.6817643240637756, -0.591756493214179, -0.43014165228010093], [0.5407216830797728, 0.011564026462471233, 0.8411220796594819]]","[0.027868665754795074, 0.000536630570422858, 0.14196321368217468]",[0.0],"[-0.2539040744304657, 0.12235882133245468, -0.855225682258606, -0.4349139332771301]",[0.44],"[-2.3787975311279297, 6.966841220855713, -8.395605621337891]","[559.2970581054688, 560.0924072265625, 529.9287109375, 529.0498657226562]"
18.280547857285,"[-4.890400409698486, -157.37588500976562, -32.90435791015625]","[-4.890400409698486, -157.37588500976562, -32.90435791015625]","[-10.834070205688477, 2.460019826889038, 5.323051452636719]","[-10.834070205688477, 2.460019826889038, 5.323051452636719]","[-0.2538399398326874, 0.12249135971069336, -0.8562664985656738, -0.432861328125]","[[-0.49639289953938714, -0.8034757063541349, 0.3286657276568974], [0.679102908838189, -0.5952540632403629, -0.429525482342342], [0.5407528182497288, 0.009984491606246593, 0.8411223034839264]]","[0.03971925377845764, 0.0008214956615120173, 0.15765662491321564]",[0.0],"[-0.2538399398326874, 0.12249135971069336, -0.8562664985656738, -0.432861328125]",[0.44],"[-2.1551132202148438, 6.26375675201416, -8.507948455810547]","[557.8582153320312, 558.64697265625, 532.2557983398438, 531.4141845703125]"
18.311537504196,"[-5.216073989868164, -157.3002166748047, -32.744266510009766]","[-5.216073989868164, -157.3002166748047, -32.744266510009766]","[-10.877080917358398, 2.5838239192962646, 5.349475383758545]","[-10.877080917358398, 2.5838239192962646, 5.349475383758545]","[-0.25381970405578613, 0.12252771854400635, -0.8574206233024597, -0.4305722713470459]","[[-0.5003663341519555, -0.8005629890692205, 0.3297464215629873], [0.6761631920313391, -0.5991891348626908, -0.4286910385875302], [0.5407745738688448, 0.008459867364209117, 0.8411250320428678]]","[0.05121426284313202, 0.0010395316639915109, 0.1715608388185501]",[0.0],"[-0.25381970405578613, 0.12252771854400635, -0.8574206233024597, -0.4305722713470459]",[0.44],"[-2.1505355834960938, 6.190204620361328, -8.488803443908692]","[556.6437377929688, 557.413818359375, 534.3187866210938, 533.5277709960938]"
18.343099355698,"[-5.575808048248291, -157.21273803710938, -32.5672492980957]","[-5.575808048248291, -157.21273803710938, -32.5672492980957]","[-10.924551010131836, 2.7184276580810547, 5.378528118133545]","[-10.924551010131836, 2.7184276580810547, 5.378528118133545]","[-0.2538487911224365, 0.12245576083660126, -0.8588048815727234, -0.4278079569339752]","[[-0.5050824759504207, -0.7969776172898015, 0.33123806427796243], [0.6726366298724038, -0.6039700667349237, -0.42752827576684815], [0.54078825971117, 0.0068658550341478275, 0.8411307557672134]]","[0.06327652931213379, 0.0012031635269522667, 0.1850316822528839]",[0.0],"[-0.2538487911224365, 0.12245576083660126, -0.8588048815727234, -0.4278079569339752]",[0.44],"[-2.373504638671875, 6.730186939239502, -8.35736328125]","[556.489501953125, 557.23583984375, 536.5527954101562, 535.8113403320312]"
18.374091863632,"[-5.904201030731201, -157.12936401367188, -32.405494689941406]","[-5.904201030731201, -157.12936401367188, -32.405494689941406]","[-10.967833518981934, 2.8391501903533936, 5.405142784118652]","[-10.967833518981934, 2.8391501903533936, 5.405142784118652]","[-0.2539210617542267, 0.1222902312874794, -0.8601541519165039, -0.4250929355621338]","[[-0.5096401314550905, -0.7933950376896619, 0.3328530842367563], [0.669186776206915, -0.6086821413231878, -0.42625699944582607], [0.540791937871024, 0.005503198722806246, 0.841138387458522]]","[0.07361951470375061, 0.0012860118877142668, 0.1958148181438446]",[0.0],"[-0.2539210617542267, 0.1222902312874794, -0.8601541519165039, -0.4250929355621338]",[0.44],"[-2.164125442504883, 6.036126613616943, -8.47926670074463]","[555.482666015625, 556.1958618164062, 538.0853881835938, 537.4068603515625]"
18.406096696854,"[-6.266931056976318, -157.0335235595703, -32.22662353515625]","[-6.266931056976318, -157.0335235595703, -32.22662353515625]","[-11.015312194824219, 2.9696004390716553, 5.435496807098389]","[-11.015312194824219, 2.9696004390716553, 5.435496807098389]","[-0.2540491223335266, 0.12200182676315308, -0.8617244958877563, -0.4219069480895996]","[[-0.5149071050931084, -0.789124018332636, 0.3348938669651744], [0.665146190283572, -0.614220126742886, -0.42463410506688604], [0.5407875405291662, 0.004106254407432175, 0.8411491954160368]]","[0.08424855768680573, 0.0013097460614517331, 0.2062617987394333]",[0.0],"[-0.2540491223335266, 0.12200182676315308, -0.8617244958877563, -0.4219069480895996]",[0.44],"[-2.373933792114258, 6.522512435913086, -8.292298851013184]","[554.3905639648438, 555.0671997070312, 539.1988525390625, 538.5855102539062]"
18.437094926834,"[-6.598045825958252, -156.94268798828125, -32.06313705444336]","[-6.598045825958252, -156.94268798828125, -32.06313705444336]","[-11.058808326721191, 3.0864923000335693, 5.463051795959473]","[-11.058808326721191, 3.0864923000335693, 5.463051795959473]","[-0.25420746207237244, 0.12164753675460815, -0.8632193207740784, -0.4188471734523773]","[[-0.5198914379122499, -0.7849613683228966, 0.33697013163740763], [0.6612665219799183, -0.6195380590618758, -0.4229651620213364], [0.5407770393458549, 0.002931145816726044, 0.8411608860565192]]","[0.09320797771215439, 0.001277389470487833, 0.21462436020374298]",[0.0],"[-0.25420746207237244, 0.12164753675460815, -0.8632193207740784, -0.4188471734523773]",[0.44],"[-2.174806594848633, 5.844593048095703, -8.432250556945801]","[558.0736083984375, 558.7059936523438, 544.9182739257812, 544.373779296875]"
18.468261241913,"[-6.963820457458496, -156.8386993408203, -31.88243293762207]","[-6.963820457458496, -156.8386993408203, -31.88243293762207]","[-11.109383583068848, 3.2159996032714844, 5.487574577331543]","[-11.109383583068848, 3.2159996032714844, 5.487574577331543]","[-0.2544243037700653, 0.12116322666406631, -0.8649274110794067, -0.4153171181678772]","[[-0.5255599078643458, -0.7800920587608835, 0.3394747844989636], [0.6567845804147248, -0.625662305570815, -0.42092832918046064], [0.5407594330031289, 0.0017387453541477527, 0.8411754923109392]]","[0.10228913277387619, 0.0011959064286202192, 0.22340357303619385]",[0.0],"[-0.2544243037700653, 0.12116322666406631, -0.8649274110794067, -0.4153171181678772]",[0.44],"[-2.5287628173828125, 6.475365161895752, -8.583860931396485]","[563.5702514648438, 564.16796875, 549.9329833984375, 549.4376831054688]"
18.499260425568,"[-7.297828197479248, -156.74046325683594, -31.717525482177734]","[-7.297828197479248, -156.74046325683594, -31.717525482177734]","[-11.157384872436523, 3.333845615386963, 5.505878925323486]","[-11.157384872436523, 3.333845615386963, 5.505878925323486]","[-0.2546559274196625, 0.12064539641141891, -0.8665346503257751, -0.4119621813297272]","[[-0.5308752237809635, -0.7754051401161228, 0.34193368869389085], [0.652512878867872, -0.6314638831703636, -0.4189040554822645], [0.540739051386042, 0.0007303899111308354, 0.8411900939095264]]","[0.10994306951761246, 0.0010841133771464229, 0.23119622468948364]",[0.0],"[-0.2546559274196625, 0.12064539641141891, -0.8665346503257751, -0.4119621813297272]",[0.44],"[-2.400064468383789, 5.892300605773926, -8.894782600402833]","[566.50537109375, 567.0717163085938, 553.4121704101562, 552.9676513671875]"
18.531267404556,"[-7.666904449462891, -156.6283416748047, -31.53548812866211]","[-7.666904449462891, -156.6283416748047, -31.53548812866211]","[-11.210427284240723, 3.4610044956207275, 5.526647567749023]","[-11.210427284240723, 3.4610044956207275, 5.526647567749023]","[-0.2549450993537903, 0.11999712884426117, -0.8683569431304932, -0.4081176221370697]","[[-0.5368861832276015, -0.7699689014640025, 0.3448208085075235], [0.6475981817225236, -0.6380815687348971, -0.41649585542281287], [0.5407125800563053, -0.0003055045277413626, 0.8412073707692396]]","[0.11780966073274612, 0.0009297819342464209, 0.23918595910072327]",[0.0],"[-0.2549450993537903, 0.11999712884426117, -0.8683569431304932, -0.4081176221370697]",[0.44],"[-2.652120590209961, 6.357944011688232, -8.771567878723145]","[566.5147094726562, 567.0548706054688, 555.023681640625, 554.6251220703125]"
18.562261104584,"[-8.003949165344238, -156.52279663085938, -31.3693904876709]","[-8.003949165344238, -156.52279663085938, -31.3693904876709]","[-11.258828163146973, 3.5742299556732178, 5.546237468719482]","[-11.258828163146973, 3.5742299556732178, 5.546237468719482]","[-0.25523748993873596, 0.11933965981006622, -0.8700554370880127, -0.40449416637420654]","[[-0.5424768360199903, -0.7647846078886511, 0.34759713931928005], [0.6429447870083953, -0.6442852797532783, -0.4141483911963917], [0.5406859241602966, -0.0011800883155359543, 0.8412237386523826]]","[0.12447528541088104, 0.0007647146703675389, 0.24564242362976074]",[0.0],"[-0.25523748993873596, 0.11933965981006622, -0.8700554370880127, -0.40449416637420654]",[0.44],"[-2.4200439453125, 5.661273002624512, -8.830504951477051]","[568.0621337890625, 568.57080078125, 557.6173706054688, 557.2681884765625]"
18.594259500504,"[-8.376404762268066, -156.40280151367188, -31.186054229736328]","[-8.376404762268066, -156.40280151367188, -31.186054229736328]","[-11.314723014831543, 3.698991060256958, 5.562689304351807]","[-11.314723014831543, 3.698991060256958, 5.562689304351807]","[-0.2555883824825287, 0.11854655295610428, -0.8719632029533386, -0.4003767967224121]","[[-0.5487462250448392, -0.7588259115544047, 0.35080075098415975], [0.6376294246786842, -0.6512904971293612, -0.4113997797449995], [0.540653907524355, -0.0020731483137295115, 0.8412425870443804]]","[0.1312548965215683, 0.00056288274936378, 0.25255656242370605]",[0.0],"[-0.2555883824825287, 0.11854655295610428, -0.8719632029533386, -0.4003767967224121]",[0.44],"[-2.7947425842285156, 6.238055229187012, -8.98740821838379]","[576.8514404296875, 577.3341064453125, 566.3466796875, 566.032470703125]"
18.62530875206,"[-8.716660499572754, -156.2901153564453, -31.019033432006836]","[-8.716660499572754, -156.2901153564453, -31.019033432006836]","[-11.368687629699707, 3.8133463859558105, 5.571333408355713]","[-11.368687629699707, 3.8133463859558105, 5.571333408355713]","[-0.25593090057373047, 0.11776834726333618, -0.8737313151359558, -0.396514356136322]","[[-0.5545515893326893, -0.7531751380629217, 0.3538360039077091], [0.6326129013661799, -0.6578140738353753, -0.4087563383843289], [0.5406233654611512, -0.0028352333588017586, 0.8412599810287631]]","[0.13701947033405304, 0.0003659369540400803, 0.2588393986225128]",[0.0],"[-0.25593090057373047, 0.11776834726333618, -0.8737313151359558, -0.396514356136322]",[0.44],"[-2.698230743408203, 5.717766284942627, -9.377794799804688]","[582.4994506835938, 582.95947265625, 572.7256469726562, 572.446044921875]"
18.656316518784,"[-9.05855941772461, -156.1739959716797, -30.851797103881836]","[-9.05855941772461, -156.1739959716797, -30.851797103881836]","[-11.424251556396484, 3.9268388748168945, 5.577404022216797]","[-11.424251556396484, 3.9268388748168945, 5.577404022216797]","[-0.2562938630580902, 0.11693863570690155, -0.8755274415016174, -0.39254361391067505]","[[-0.5604458906867191, -0.7473067213021531, 0.35697759105928917], [0.627424102557895, -0.6644696901272145, -0.40597900752220717], [0.5405916497239733, -0.0035529306104056246, 0.8412776224755389]]","[0.14246834814548492, 0.0001584424899192527, 0.2647435963153839]",[0.0],"[-0.2562938630580902, 0.11693863570690155, -0.8755274415016174, -0.39254361391067505]",[0.44],"[-2.778196334838867, 5.674624443054199, -9.506469306945801]","[585.6132202148438, 586.0531616210938, 575.9575805664062, 575.7106323242188]"
18.688348531723,"[-9.436573028564453, -156.04238891601562, -30.6676025390625]","[-9.436573028564453, -156.04238891601562, -30.6676025390625]","[-11.484930038452148, 4.04800271987915, 5.586538314819336]","[-11.484930038452148, 4.04800271987915, 5.586538314819336]","[-0.25671425461769104, 0.11597061902284622, -0.8775320649147034, -0.3880542814731598]","[[-0.5670234188600105, -0.7406027718802712, 0.3605441894215864], [0.6215175278002625, -0.6719294669547597, -0.402774004800281], [0.540555770369219, -0.00429774232193747, 0.8412972139990823]]","[0.14809420704841614, -7.745519542368129e-05, 0.27084434032440186]",[0.0],"[-0.25671425461769104, 0.11597061902284622, -0.8775320649147034, -0.3880542814731598]",[0.44],"[-3.033924102783203, 6.058192253112793, -9.353285369873047]","[584.1665649414062, 584.594970703125, 577.6154174804688, 577.3939208984375]"
18.719307899475,"[-9.781960487365723, -155.91932678222656, -30.499876022338867]","[-9.781960487365723, -155.91932678222656, -30.499876022338867]","[-11.540552139282227, 4.155757904052734, 5.595029354095459]","[-11.540552139282227, 4.155757904052734, 5.595029354095459]","[-0.2571165859699249, 0.11503756046295166, -0.8793686032295227, -0.38388580083847046]","[[-0.573045561326218, -0.7343103705750309, 0.3638779340933844], [0.6159981113568591, -0.678796158253343, -0.39972765075431127], [0.5405230781926811, -0.004914024698638997, 0.8413148418038059]]","[0.15289242565631866, -0.0003020130388904363, 0.2734740674495697]",[0.0],"[-0.2571165859699249, 0.11503756046295166, -0.8793686032295227, -0.38388580083847046]",[0.44],"[-2.7811050415039062, 5.387759208679199, -9.385448036193848]","[584.3291015625, 584.7362060546875, 581.2103271484375, 581.0198364257812]"
18.751341342926,"[-10.163817405700684, -155.7802734375, -30.315061569213867]","[-10.163817405700684, -155.7802734375, -30.315061569213867]","[-11.60207462310791, 4.271450519561768, 5.604935169219971]","[-11.60207462310791, 4.271450519561768, 5.604935169219971]","[-0.2575817108154297, 0.11395062506198883, -0.8813880085945129, -0.37923893332481384]","[[-0.5796591332924383, -0.7272164903532392, 0.3676298352915497], [0.6098101025454206, -0.6863863188816097, -0.3962394555102211], [0.5404878892923675, -0.005499402495724226, 0.8413338346027568]]","[0.15744462609291077, -0.0005479608662426472, 0.2750796377658844]",[0.0],"[-0.2575817108154297, 0.11395062506198883, -0.8813880085945129, -0.37923893332481384]",[0.44],"[-3.0761241912841797, 5.78463077545166, -9.314709243774415]","[586.906494140625, 587.2664794921875, 587.6361694335938, 587.4984741210938]"
18.78230881691,"[-10.512781143188477, -155.65052795410156, -30.146883010864258]","[-10.512781143188477, -155.65052795410156, -30.146883010864258]","[-11.662920951843262, 4.378969669342041, 5.603919506072998]","[-11.662920951843262, 4.378969669342041, 5.603919506072998]","[-0.25802910327911377, 0.11289739608764648, -0.8831934928894043, -0.37502583861351013]","[[-0.5855531358511143, -0.7207023884077728, 0.3711003686943002], [0.6041791329076034, -0.6932195280424196, -0.39295565286541745], [0.5404581312745051, -0.005885329489650815, 0.841350319635211]]","[0.16092848777770996, -0.0007831122493371367, 0.2642553448677063]",[0.0],"[-0.25802910327911377, 0.11289739608764648, -0.8831934928894043, -0.37502583861351013]",[0.44],"[-3.042316436767578, 5.375957489013672, -9.860783157348633]","[586.4998168945312, 586.8006591796875, 622.809326171875, 622.7381591796875]"
18.813321828842,"[-10.898887634277344, -155.50399780273438, -29.96221351623535]","[-10.898887634277344, -155.50399780273438, -29.96221351623535]","[-11.737966537475586, 4.50250244140625, 5.585845947265625]","[-11.737966537475586, 4.50250244140625, 5.585845947265625]","[-0.2585761845111847, 0.11160486936569214, -0.8850255608558655, -0.3706918954849243]","[[-0.5914517804687449, -0.7138603279994378, 0.3749510243009304], [0.5984268828256383, -0.700263773129203, -0.38925051613665573], [0.5404351065829935, -0.005842132281813406, 0.8413654198750091]]","[0.16214467585086823, -0.0010506154503673315, 0.23305819928646088]",[0.0],"[-0.2585761845111847, 0.11160486936569214, -0.8850255608558655, -0.3706918954849243]",[0.44],"[-3.752279281616211, 6.176638603210449, -10.713677940368653]","[592.9027099609375, 592.9273071289062, 646.5047607421875, 646.6627197265625]"
18.844341754913,"[-11.252118110656738, -155.36721801757812, -29.795000076293945]","[-11.252118110656738, -155.36721801757812, -29.795000076293945]","[-11.810450553894043, 4.616173267364502, 5.561243057250977]","[-11.810450553894043, 4.616173267364502, 5.561243057250977]","[-0.2591221332550049, 0.11031226068735123, -0.8864856362342834, -0.3671923875808716]","[[-0.5960511562153128, -0.7081902512770064, 0.37840445355943153], [0.5938528580230518, -0.7060021263846536, -0.3858758187696454], [0.5404277430843596, -0.00528511962982936, 0.8413738503988427]]","[0.15914060175418854, -0.0012201896170154214, 0.19989554584026337]",[0.0],"[-0.2591221332550049, 0.11031226068735123, -0.8864856362342834, -0.3671923875808716]",[0.44],"[-3.6242008209228516, 5.683541297912598, -11.040144500732422]","[601.126953125, 600.8804321289062, 649.2499389648438, 649.6168823242188]"
18.874954462051,"[-11.60753345489502, -155.22705078125, -29.628524780273438]","[-11.60753345489502, -155.22705078125, -29.628524780273438]","[-11.883115768432617, 4.72720193862915, 5.537546634674072]","[-11.883115768432617, 4.72720193862915, 5.537546634674072]","[-0.25969186425209045, 0.10895898938179016, -0.8877512216567993, -0.3641233742237091]","[[-0.5999485858404814, -0.703093466760949, 0.38173450975684453], [0.5899104144426257, -0.7110841918237316, -0.3825767076081821], [0.5404325692196554, -0.004337196128515686, 0.8413761485483455]]","[0.15286630392074585, -0.0012810961343348026, 0.17028990387916565]",[0.0],"[-0.25969186425209045, 0.10895898938179016, -0.8877512216567993, -0.3641233742237091]",[0.44],"[-3.633260726928711, 5.551433563232422, -10.994821128845215]","[603.7206420898438, 603.3165893554688, 647.2191162109375, 647.7052001953125]"
18.907032012939,"[-12.000986099243164, -155.06910705566406, -29.44615364074707]","[-12.000986099243164, -155.06910705566406, -29.44615364074707]","[-11.961772918701172, 4.845004081726074, 5.5156402587890625]","[-11.961772918701172, 4.845004081726074, 5.5156402587890625]","[-0.26032015681266785, 0.10746006667613983, -0.8889418840408325, -0.36120378971099854]","[[-0.6035306782642107, -0.6981263975132324, 0.38518901464967925], [0.5862303118803025, -0.7159685144900738, -0.37910876261827653], [0.5404489479537524, -0.0029942539026883708, 0.8413715000539752]]","[0.1434386670589447, -0.00125335983466357, 0.14160701632499695]",[0.0],"[-0.26032015681266785, 0.10746006667613983, -0.8889418840408325, -0.36120378971099854]",[0.44],"[-3.9328575134277344, 5.890107154846191, -10.905318794250489]","[606.9927978515625, 606.4508056640625, 644.8646850585938, 645.4497680664062]"
18.939038038254,"[-12.397017478942871, -154.9073028564453, -29.264450073242188]","[-12.397017478942871, -154.9073028564453, -29.264450073242188]","[-12.03963565826416, 4.959088325500488, 5.496682643890381]","[-12.03963565826416, 4.959088325500488, 5.496682643890381]","[-0.2609305679798126, 0.10599580407142639, -0.8899445533752441, -0.3587183952331543]","[[-0.606472837126022, -0.6937940547861761, 0.3883821860895864], [0.5831638733468392, -0.7201721387770608, -0.3758619662539786], [0.5404727650413861, -0.0014595878020031705, 0.8413602564259683]]","[0.13232482969760895, -0.0011462642578408122, 0.11650098860263824]",[0.0],"[-0.2609305679798126, 0.10599580407142639, -0.8899445533752441, -0.3587183952331543]",[0.44],"[-3.893136978149414, 5.704212188720703, -10.757880744934083]","[612.2171630859375, 611.583251953125, 644.6810302734375, 645.3272705078125]"
18.971073627472,"[-12.759269714355469, -154.7570037841797, -29.099782943725586]","[-12.759269714355469, -154.7570037841797, -29.099782943725586]","[-12.109835624694824, 5.059930801391602, 5.481560707092285]","[-12.109835624694824, 5.059930801391602, 5.481560707092285]","[-0.261458158493042, 0.10472270846366882, -0.8907111287117004, -0.356800377368927]","[[-0.6086663209576759, -0.6903733467167044, 0.3910371791265739], [0.5808509206874461, -0.7234533669068881, -0.3731321029478458], [0.5404975867223065, 2.137551816261407e-05, 0.8413455713789215]]","[0.12144333124160767, -0.0010098748607560992, 0.09640482068061829]",[0.0],"[-0.261458158493042, 0.10472270846366882, -0.8907111287117004, -0.356800377368927]",[0.44],"[-3.509998321533203, 5.042123794555664, -10.566096839904786]","[614.9552001953125, 614.2803955078125, 643.2293090820312, 643.8977661132812]"
19.00107216835,"[-13.123611450195312, -154.60372924804688, -28.935518264770508]","[-13.123611450195312, -154.60372924804688, -28.935518264770508]","[-12.178943634033203, 5.157750129699707, 5.469418048858643]","[-12.178943634033203, 5.157750129699707, 5.469418048858643]","[-0.2619527280330658, 0.10352198779582977, -0.8913547396659851, -0.35517698526382446]","[[-0.610460147764432, -0.6874131126994181, 0.39344835633373343], [0.5789416442413247, -0.7262650072979628, -0.3706287894117519], [0.5405228664690984, 0.0015295314859233855, 0.8413279326376695]]","[0.11023896932601929, -0.0008531819330528378, 0.07860048860311508]",[0.0],"[-0.2619527280330658, 0.10352198779582977, -0.8913547396659851, -0.35517698526382446]",[0.44],"[-3.4554004669189453, 4.890966415405273, -10.41713291168213]","[617.1705932617188, 616.4864501953125, 642.7305297851562, 643.40087890625]"
19.032162904739,"[-13.490015983581543, -154.4475555419922, -28.771589279174805]","[-13.490015983581543, -154.4475555419922, -28.771589279174805]","[-12.247292518615723, 5.2530837059021, 5.459344387054443]","[-12.247292518615723, 5.2530837059021, 5.459344387054443]","[-0.262410432100296, 0.1024041548371315, -0.8918884992599487, -0.3538206219673157]","[[-0.6119034120801414, -0.6848809241066562, 0.39561628943915306], [0.5773932500279471, -0.7286486599744553, -0.36835862054422286], [0.5405470964651977, 0.003026268641532326, 0.8413083083940575]]","[0.09904596209526062, -0.0006974733551032841, 0.06282664835453033]",[0.0],"[-0.262410432100296, 0.1024041548371315, -0.8918884992599487, -0.3538206219673157]",[0.44],"[-3.4174442291259766, 4.766678810119629, -10.313683090209961]","[620.06640625, 619.38818359375, 642.3181762695312, 642.9755859375]"
19.063163518906,"[-13.895410537719727, -154.2725067138672, -28.591567993164062]","[-13.895410537719727, -154.2725067138672, -28.591567993164062]","[-12.321240425109863, 5.354985237121582, 5.4512128829956055]","[-12.321240425109863, 5.354985237121582, 5.4512128829956055]","[-0.2628690004348755, 0.10127725452184677, -0.8923627734184265, -0.35260677337646484]","[[-0.6131368033330178, -0.6825516177585822, 0.39772692868083936], [0.5760610151067969, -0.7308228615453132, -0.3661308835867141], [0.5405711124143409, 0.004626676669437835, 0.841285612653773]]","[0.08700811117887497, -0.0005316239548847079, 0.04754509776830673]",[0.0],"[-0.2628690004348755, 0.10127725452184677, -0.8923627734184265, -0.35260677337646484]",[0.44],"[-3.6973953247070312, 5.095076560974121, -10.216575202941895]","[621.630126953125, 620.9727783203125, 641.0408325195312, 641.6747436523438]"
19.095161914825,"[-14.266045570373535, -154.11048889160156, -28.4281005859375]","[-14.266045570373535, -154.11048889160156, -28.4281005859375]","[-12.387131690979004, 5.444945335388184, 5.446756839752197]","[-12.387131690979004, 5.444945335388184, 5.446756839752197]","[-0.2632443904876709, 0.10034871846437454, -0.8927026987075806, -0.35173070430755615]","[[-0.6139759471544792, -0.6808143723640931, 0.3994065047722817], [0.5751494234506005, -0.7324314348060454, -0.3643454133124724], [0.5405894064596222, 0.006019126172494893, 0.8412650511586647]]","[0.07649035006761551, -0.00040228181751444936, 0.03531304746866226]",[0.0],"[-0.2632443904876709, 0.10034871846437454, -0.8927026987075806, -0.35173070430755615]",[0.44],"[-3.2945632934570312, 4.498004913330078, -10.03280216217041]","[623.9827270507812, 623.3579711914062, 640.8934936523438, 641.4953002929688]"
19.125242471695,"[-14.67601203918457, -153.92919921875, -28.2484073638916]","[-14.67601203918457, -153.92919921875, -28.2484073638916]","[-12.458535194396973, 5.541534900665283, 5.444072246551514]","[-12.458535194396973, 5.541534900665283, 5.444072246551514]","[-0.2636124789714813, 0.09943263232707977, -0.8929876685142517, -0.35099083185195923]","[[-0.6146276489800226, -0.6792843346075204, 0.40100550130858714], [0.574437603813915, -0.7338370303760176, -0.36263535559350224], [0.5406052706434341, 0.007466897529527117, 0.8412432251180362]]","[0.06551820039749146, -0.00028504279907792807, 0.023462830111384392]",[0.0],"[-0.2636124789714813, 0.09943263232707977, -0.8929876685142517, -0.35099083185195923]",[0.44],"[-3.5701751708984375, 4.8294782638549805, -9.94422966003418]","[625.4295043945312, 624.836181640625, 640.5475463867188, 641.1193237304688]"
19.156488418579,"[-15.050741195678711, -153.76165771484375, -28.08510398864746]","[-15.050741195678711, -153.76165771484375, -28.08510398864746]","[-12.522764205932617, 5.627636432647705, 5.44287109375]","[-12.522764205932617, 5.627636432647705, 5.44287109375]","[-0.26390784978866577, 0.09869326651096344, -0.8931750059127808, -0.35050052404403687]","[[-0.6150039040838, -0.678208470777987, 0.40224770732742066], [0.5740247597638746, -0.7348178887347458, -0.36130039709948747], [0.5406158738542626, 0.008698961501561797, 0.8412245719306379]]","[0.056154850870370865, -0.00020307800150476396, 0.013977422378957272]",[0.0],"[-0.26390784978866577, 0.09869326651096344, -0.8931750059127808, -0.35050052404403687]",[0.44],"[-3.2114505767822266, 4.305076599121094, -9.870057640075684]","[627.8394165039062, 627.2888793945312, 641.0089721679688, 641.5414428710938]"
19.187492609024,"[-15.427385330200195, -153.591552734375, -27.921815872192383]","[-15.427385330200195, -153.591552734375, -27.921815872192383]","[-12.586241722106934, 5.7121686935424805, 5.442938327789307]","[-12.586241722106934, 5.7121686935424805, 5.442938327789307]","[-0.2641676962375641, 0.09803952276706696, -0.8933017253875732, -0.35016536712646484]","[[-0.6151994412096191, -0.6774044029893007, 0.40330282671608586], [0.5738089035108755, -0.7355450886317545, -0.3601625063599485], [0.5406230086466195, 0.009847006983967788, 0.8412073604802877]]","[0.04741007089614868, -0.00014713431301061064, 0.005743882153183222]",[0.0],"[-0.2641676962375641, 0.09803952276706696, -0.8933017253875732, -0.35016536712646484]",[0.44],"[-3.1738758087158203, 4.2266130447387695, -9.806638298034668]","[630.2680053710938, 629.7617797851562, 640.2420654296875, 640.7350463867188]"
19.218460559845,"[-15.843877792358398, -153.4015350341797, -27.742168426513672]","[-15.843877792358398, -153.4015350341797, -27.742168426513672]","[-12.654901504516602, 5.8032355308532715, 5.444958209991455]","[-12.654901504516602, 5.8032355308532715, 5.444958209991455]","[-0.2644139230251312, 0.09741708636283875, -0.8933826684951782, -0.3499464988708496]","[[-0.6152453621659806, -0.6767891419333214, 0.40426409567319155], [0.5737554060338166, -0.7360946301142111, -0.3591229263744182], [0.54062716888469, 0.010999980086985772, 0.8411903771900704]]","[0.038553498685359955, -0.00010971463052555919, -0.001278802752494812]",[0.0],"[-0.2644139230251312, 0.09741708636283875, -0.8933826684951782, -0.3499464988708496]",[0.44],"[-3.4329891204833984, 4.553341865539551, -9.709005889892579]","[631.211181640625, 630.7409057617188, 640.07177734375, 640.53125]"
19.250489473343,"[-16.22445297241211, -153.22621154785156, -27.578760147094727]","[-16.22445297241211, -153.22621154785156, -27.578760147094727]","[-12.715985298156738, 5.884165287017822, 5.449021339416504]","[-12.715985298156738, 5.884165287017822, 5.449021339416504]","[-0.2646043002605438, 0.0969339981675148, -0.8934114575386047, -0.3498634397983551]","[[-0.6151604649239877, -0.6764423168925808, 0.4049737030689218], [0.5738457058662925, -0.7363989363552523, -0.358354630524949], [0.5406283511980985, 0.011946852173413625, 0.8411767285657764]]","[0.031295981258153915, -9.63496568147093e-05, -0.006867158226668835]",[0.0],"[-0.2646043002605438, 0.0969339981675148, -0.8934114575386047, -0.3498634397983551]",[0.44],"[-3.054189682006836, 4.046487808227539, -9.606843528747559]","[631.7759399414062, 631.3560180664062, 639.5194702148438, 639.9324951171875]"
19.280978441238,"[-16.60684585571289, -153.04847717285156, -27.415206909179688]","[-16.60684585571289, -153.04847717285156, -27.415206909179688]","[-12.776033401489258, 5.963644504547119, 5.454621315002441]","[-12.776033401489258, 5.963644504547119, 5.454621315002441]","[-0.2647658586502075, 0.09652262181043625, -0.8934022188186646, -0.3498785197734833]","[[-0.6149682822225468, -0.6762762814508587, 0.4055424270836663], [0.5740527020796211, -0.7365369689937893, -0.35773882240545696], [0.540627195258431, 0.012804724438902682, 0.8411648471441157]]","[0.024704372510313988, -0.00010053306323243305, -0.0121653126552701]",[0.0],"[-0.2647658586502075, 0.09652262181043625, -0.8934022188186646, -0.3498785197734833]",[0.44],"[-3.0024051666259766, 3.9739608764648438, -9.530001220703125]","[630.4571533203125, 630.0803833007812, 641.8656005859375, 642.2355346679688]"
19.313011884689,"[-17.0295352935791, -152.85025024414062, -27.235071182250977]","[-17.0295352935791, -152.85025024414062, -27.235071182250977]","[-12.8406982421875, 6.04934024810791, 5.462860584259033]","[-12.8406982421875, 6.04934024810791, 5.462860584259033]","[-0.26491937041282654, 0.09613006561994553, -0.8933322429656982, -0.3500489890575409]","[[-0.6145669716764406, -0.6763535300088557, 0.40602156617530794], [0.574486664161737, -0.7364495382841074, -0.35722168986295166], [0.5406224953284959, 0.013717341316128895, 0.8411534753279531]]","[0.018065016716718674, -0.00012166881060693413, -0.024742892012000084]",[0.0],"[-0.26491937041282654, 0.09613006561994553, -0.8933322429656982, -0.3500489890575409]",[0.44],"[-3.2332420349121094, 4.284787178039551, -9.39803653717041]","[626.5043334960938, 626.1341552734375, 645.7251586914062, 646.087890625]"
19.344267606735,"[-17.415630340576172, -152.6676025390625, -27.071046829223633]","[-17.415630340576172, -152.6676025390625, -27.071046829223633]","[-12.89821720123291, 6.125763893127441, 5.472184181213379]","[-12.89821720123291, 6.125763893127441, 5.472184181213379]","[-0.26504436135292053, 0.09580763429403305, -0.8931897878646851, -0.3504059910774231]","[[-0.6139341998695604, -0.6767446521623088, 0.4063266956879241], [0.5751715591855242, -0.7360730212614772, -0.35689506534051496], [0.54061297187826, 0.014597463136896138, 0.8411447674520066]]","[0.011622940190136433, -0.00017723131168168038, -0.03734094277024269]",[0.0],"[-0.26504436135292053, 0.09580763429403305, -0.8931897878646851, -0.3504059910774231]",[0.44],"[-2.875947952270508, 3.8211822509765625, -9.343820152282715]","[626.8618774414062, 626.4622802734375, 645.375732421875, 645.7720947265625]"
19.375294208527,"[-17.842308044433594, -152.4640655517578, -26.89026641845703]","[-17.842308044433594, -152.4640655517578, -26.89026641845703]","[-12.960155487060547, 6.208362102508545, 5.484273433685303]","[-12.960155487060547, 6.208362102508545, 5.484273433685303]","[-0.2651626765727997, 0.09550054371356964, -0.8929480910301208, -0.35101601481437683]","[[-0.6129532942478488, -0.6775245202694924, 0.40650857118235084], [0.5762318011285013, -0.7353350766431763, -0.35670674841893657], [0.5405974522501245, 0.015598635613454093, 0.8411368022063228]]","[0.00423349579796195, -0.00027696730103343725, -0.049924302846193314]",[0.0],"[-0.2651626765727997, 0.09550054371356964, -0.8929480910301208, -0.35101601481437683]",[0.44],"[-3.096914291381836, 4.129910469055176, -9.205537376403809]","[628.0392456054688, 627.63818359375, 644.2275390625, 644.6317749023438]"
19.406264781952,"[-18.231950759887695, -152.27670288085938, -26.725547790527344]","[-18.231950759887695, -152.27670288085938, -26.725547790527344]","[-13.015299797058105, 6.282258033752441, 5.496770858764648]","[-13.015299797058105, 6.282258033752441, 5.496770858764648]","[-0.2652502655982971, 0.09527221322059631, -0.8926575779914856, -0.3517497479915619]","[[-0.6118286923151519, -0.6785261159243277, 0.40653136531926215], [0.5774421964807246, -0.7343905098911847, -0.35669435436456354], [0.5405792732830346, 0.016512501951019942, 0.8411310039761641]]","[-0.002595440950244665, -0.00039725983515381813, -0.05999884381890297]",[0.0],"[-0.2652502655982971, 0.09527221322059631, -0.8926575779914856, -0.3517497479915619]",[0.44],"[-2.7572154998779297, 3.694796562194824, -9.185128746032715]","[629.0867919921875, 628.6858520507812, 643.2018432617188, 643.6128540039062]"
19.438310861588,"[-18.662450790405273, -152.06805419921875, -26.543903350830078]","[-18.662450790405273, -152.06805419921875, -26.543903350830078]","[-13.07473087310791, 6.362385272979736, 5.511998176574707]","[-13.07473087310791, 6.362385272979736, 5.511998176574707]","[-0.2653173506259918, 0.09509690850973129, -0.8922665119171143, -0.3527376651763916]","[[-0.6103659005936839, -0.6799337318945002, 0.40637905104185634], [0.5790102926204033, -0.7330656496638586, -0.35687841928135455], [0.5405560969347185, 0.01747127188103903, 0.8411265628973926]]","[-0.01990748569369316, -0.0005551081267185509, -0.06975866109132767]",[0.0],"[-0.2653173506259918, 0.09509690850973129, -0.8922665119171143, -0.3527376651763916]",[0.44],"[-2.9715538024902344, 4.006361961364746, -9.04863410949707]","[631.5845336914062, 628.0142822265625, 640.746826171875, 644.270751953125]"
19.469283103943,"[-19.055498123168945, -151.8760986328125, -26.37831687927246]","[-19.055498123168945, -151.8760986328125, -26.37831687927246]","[-13.12768268585205, 6.434431076049805, 5.526906490325928]","[-13.12768268585205, 6.434431076049805, 5.526906490325928]","[-0.26521995663642883, 0.09533929824829102, -0.8918163180351257, -0.35388195514678955]","[[-0.6088518538084102, -0.6817671736104813, 0.4055772558610151], [0.5806236354218441, -0.7313559410239154, -0.35776339745257957], [0.5405326849267276, 0.017662829741205144, 0.8411375856225884]]","[-0.040835533291101456, -0.0006802109419368207, -0.07757066935300827]",[0.0],"[-0.26521995663642883, 0.09533929824829102, -0.8918163180351257, -0.35388195514678955]",[0.44],"[-2.6475906372070312, 3.602290153503418, -9.064584312438965]","[629.691650390625, 631.236572265625, 642.601806640625, 641.1192626953125]"
19.501203775406,"[-19.489665985107422, -151.66246032714844, -26.195634841918945]","[-19.489665985107422, -151.66246032714844, -26.195634841918945]","[-13.18432331085205, 6.51270866394043, 5.545096397399902]","[-13.18432331085205, 6.51270866394043, 5.545096397399902]","[-0.26517242193222046, 0.09545920044183731, -0.8912859559059143, -0.3552190065383911]","[[-0.6070062282882285, -0.6838297183507889, 0.4048710664316939], [0.5825771288432877, -0.729414137097038, -0.35855145799191934], [0.5405067558152883, 0.018225679128650363, 0.8411422553952111]]","[-0.03593626618385315, -0.0009095949935726821, -0.08513861149549484]",[0.0],"[-0.26517242193222046, 0.09545920044183731, -0.8912859559059143, -0.3552190065383911]",[0.44],"[-2.83203125, 3.91387939453125, -8.90050464630127]","[630.46484375, 629.14697265625, 639.13525390625, 640.4683837890625]"
19.532204866409,"[-19.88595962524414, -151.4660186767578, -26.029008865356445]","[-19.88595962524414, -151.4660186767578, -26.029008865356445]","[-13.234469413757324, 6.583037853240967, 5.56310510635376]","[-13.234469413757324, 6.583037853240967, 5.56310510635376]","[-0.2650880515575409, 0.09567396342754364, -0.8907510042190552, -0.3565635681152344]","[[-0.6051817175903804, -0.685942761832739, 0.40402719671180165], [0.5844946636335591, -0.7274180531916574, -0.3594848410575473], [0.5404825958136072, 0.018598125054740677, 0.8411496352869832]]","[-0.04169920086860657, -0.0010485677048563957, -0.09119618684053421]",[0.0],"[-0.2650880515575409, 0.09567396342754364, -0.8907510042190552, -0.3565635681152344]",[0.44],"[-2.507305145263672, 3.5164594650268555, -8.90956455230713]","[630.1388549804688, 630.6339111328125, 639.3594360351562, 638.9120483398438]"
19.562953233719,"[-20.283740997314453, -151.26747131347656, -25.861835479736328]","[-20.283740997314453, -151.26747131347656, -25.861835479736328]","[-13.283720970153809, 6.652998924255371, 5.5816497802734375]","[-13.283720970153809, 6.652998924255371, 5.5816497802734375]","[-0.26501893997192383, 0.09585334360599518, -0.890184223651886, -0.35797932744026184]","[[-0.6032316310383199, -0.6881410023921184, 0.4032043277099566], [0.5865291963312167, -0.7253259811651063, -0.3603968723048414], [0.5404583896178545, 0.01908833525548026, 0.8411541959514177]]","[-0.04373246058821678, -0.001247123465873301, -0.09656272083520889]",[0.0],"[-0.26501893997192383, 0.09585334360599518, -0.890184223651886, -0.35797932744026184]",[0.44],"[-2.4625778198242188, 3.498053550720215, -8.882766304016114]","[631.2014770507812, 630.6698608398438, 638.3106079101562, 638.8760986328125]"
19.593960285187,"[-20.722993850708008, -151.04666137695312, -25.677288055419922]","[-20.722993850708008, -151.04666137695312, -25.677288055419922]","[-13.336899757385254, 6.729579448699951, 5.602604866027832]","[-13.336899757385254, 6.729579448699951, 5.602604866027832]","[-0.26491814851760864, 0.09611529111862183, -0.8895167708396912, -0.35963886976242065]","[[-0.6009564695837781, -0.6907349821337618, 0.40216468268285155], [0.5888842422642568, -0.7228434220381388, -0.3615420537931584], [0.5404318613420003, 0.019557400256545066, 0.8411604507983697]]","[-0.04773489013314247, -0.0014191920636221766, -0.1017615869641304]",[0.0],"[-0.26491814851760864, 0.09611529111862183, -0.8895167708396912, -0.35963886976242065]",[0.44],"[-2.6589393615722656, 3.829026222229004, -8.762245712280274]","[631.2713623046875, 631.3115234375, 638.2402954101562, 638.2431640625]"
19.624593734741,"[-21.123823165893555, -150.84371948242188, -25.5089168548584]","[-21.123823165893555, -150.84371948242188, -25.5089168548584]","[-13.38436222076416, 6.798932075500488, 5.622072696685791]","[-13.38436222076416, 6.798932075500488, 5.622072696685791]","[-0.2648234963417053, 0.09636391699314117, -0.8888784646987915, -0.36121684312820435]","[[-0.5987818590070835, -0.693194604724896, 0.40117526591330055], [0.591116887047674, -0.7204728184398519, -0.36262903584789896], [0.5404083454642237, 0.020005793490998514, 0.8411650225741876]]","[-0.05120927840471268, -0.0016014392022043467, -0.10592286288738251]",[0.0],"[-0.2648234963417053, 0.09636391699314117, -0.8888784646987915, -0.36121684312820435]",[0.44],"[-2.3731231689453125, 3.4676313400268555, -8.836608467102051]","[631.8748168945312, 631.5797119140625, 637.6412963867188, 637.9793701171875]"
19.655619859695,"[-21.526063919067383, -150.63870239257812, -25.339954376220703]","[-21.526063919067383, -150.63870239257812, -25.339954376220703]","[-13.43100643157959, 6.868084907531738, 5.6418776512146]","[-13.43100643157959, 6.868084907531738, 5.6418776512146]","[-0.26471397280693054, 0.09665147215127945, -0.8882096409797668, -0.3628617525100708]","[[-0.5965157467968316, -0.6957646041861252, 0.40010076036335995], [0.5934246235029108, -0.7179797074572694, -0.3638026909325598], [0.5403852506333262, 0.020415613413944378, 0.8411700110635242]]","[-0.054219648241996765, -0.001761557417921722, -0.10960943251848221]",[0.0],"[-0.26471397280693054, 0.09665147215127945, -0.8882096409797668, -0.3628617525100708]",[0.44],"[-2.3322105407714844, 3.4576416015625, -8.81975227355957]","[632.1571044921875, 632.0599365234375, 637.3607177734375, 637.5043334960938]"
19.685319185257,"[-21.929691314697266, -150.43162536621094, -25.170392990112305]","[-21.929691314697266, -150.43162536621094, -25.170392990112305]","[-13.476850509643555, 6.937094211578369, 5.6619553565979]","[-13.476850509643555, 6.937094211578369, 5.6619553565979]","[-0.2645966112613678, 0.09696049988269806, -0.8875144720077515, -0.36456185579299927]","[[-0.5941665531214011, -0.6984186853069199, 0.39897044392563963], [0.5957970065262392, -0.7153866094283945, -0.36503135699396694], [0.5403628430290528, 0.020815969557965275, 0.8411745895429958]]","[-0.05731098726391792, -0.0019279378466308117, -0.11287544667720795]",[0.0],"[-0.2645966112613678, 0.09696049988269806, -0.8875144720077515, -0.36456185579299927]",[0.44],"[-2.292203903198242, 3.450465202331543, -8.806114730834961]","[632.4803466796875, 632.2888793945312, 637.0393676757812, 637.2778930664062]"
19.716291904449,"[-22.37525749206543, -150.20144653320312, -24.983177185058594]","[-22.37525749206543, -150.20144653320312, -24.983177185058594]","[-13.526372909545898, 7.01289701461792, 5.6842875480651855]","[-13.526372909545898, 7.01289701461792, 5.6842875480651855]","[-0.2644541561603546, 0.09733545035123825, -0.8867207169532776, -0.3664917051792145]","[[-0.5914956395384259, -0.7014331039221342, 0.3976486875563432], [0.598470046373635, -0.7124192611692397, -0.36645922990671753], [0.5403392282507915, 0.021221788625036986, 0.8411796187888728]]","[-0.06031819432973862, -0.0020985088776797056, -0.11603941768407822]",[0.0],"[-0.2644541561603546, 0.09733545035123825, -0.8867207169532776, -0.3664917051792145]",[0.44],"[-2.4761199951171875, 3.790140151977539, -8.693390426635743]","[632.7427368164062, 632.6243286132812, 636.7781982421875, 636.9453735351562]"
19.747295379639,"[-22.781723022460938, -149.99002075195312, -24.812339782714844]","[-22.781723022460938, -149.99002075195312, -24.812339782714844]","[-13.570585250854492, 7.081761837005615, 5.7047576904296875]","[-13.570585250854492, 7.081761837005615, 5.7047576904296875]","[-0.2643149197101593, 0.09770181030035019, -0.8859753012657166, -0.36829301714897156]","[[-0.5889957563776855, -0.7042451259353881, 0.39638719224559926], [0.600948941355091, -0.7096292224685303, -0.3678134601452028], [0.540318770231329, 0.021567896884968185, 0.8411839589652929]]","[-0.0630280077457428, -0.0022491072304546833, -0.11857190728187561]",[0.0],"[-0.2643149197101593, 0.09770181030035019, -0.8859753012657166, -0.36829301714897156]",[0.44],"[-2.2106170654296875, 3.4432411193847656, -8.786492881774903]","[633.01220703125, 632.8779296875, 636.509765625, 636.6940307617188]"
19.778554677963,"[-23.189496994018555, -149.77655029296875, -24.6408748626709]","[-23.189496994018555, -149.77655029296875, -24.6408748626709]","[-13.613497734069824, 7.150116920471191, 5.726496696472168]","[-13.613497734069824, 7.150116920471191, 5.726496696472168]","[-0.2641656696796417, 0.09809377044439316, -0.8852087259292603, -0.3701346218585968]","[[-0.5864337525226029, -0.7071188071972023, 0.395067710522492], [0.6034667809538257, -0.7067559789971956, -0.36922064362315155], [0.5402993130429699, 0.021886797396437174, 0.8411882223254182]]","[-0.06541287153959274, -0.0023910650052130222, -0.12081550806760788]",[0.0],"[-0.2641656696796417, 0.09809377044439316, -0.8852087259292603, -0.3701346218585968]",[0.44],"[-2.1456241607666016, 3.4177541732788086, -8.723049697875977]","[631.6394653320312, 631.5296020507812, 634.7124633789062, 634.8736572265625]"
19.809590578079,"[-23.639514923095703, -149.5393524169922, -24.451488494873047]","[-23.639514923095703, -149.5393524169922, -24.451488494873047]","[-13.659504890441895, 7.225034236907959, 5.75120735168457]","[-13.659504890441895, 7.225034236907959, 5.75120735168457]","[-0.2639910876750946, 0.09855089336633682, -0.8843430876731873, -0.37220117449760437]","[[-0.5835499505972992, -0.7103401868438595, 0.39355587066811504], [0.6062739567193334, -0.7035079821744521, -0.3708211884442152], [0.54027890370307, 0.022209983114065857, 0.8411928540896348]]","[-0.06790993362665176, -0.002539973706007004, -0.12304568290710449]",[0.0],"[-0.2639910876750946, 0.09855089336633682, -0.8843430876731873, -0.37220117449760437]",[0.44],"[-2.3003578186035156, 3.745865821838379, -8.574467239379883]","[631.4935302734375, 631.3861083984375, 634.5242309570312, 634.683349609375]"
19.841124773026,"[-24.049924850463867, -149.32156372070312, -24.278608322143555]","[-24.049924850463867, -149.32156372070312, -24.278608322143555]","[-13.70046329498291, 7.293125152587891, 5.773905277252197]","[-13.70046329498291, 7.293125152587891, 5.773905277252197]","[-0.263823539018631, 0.09898833185434341, -0.8835360407829285, -0.37411579489707947]","[[-0.5808692504113564, -0.7133204804981745, 0.39212901334527617], [0.6088586723727203, -0.7004775902053755, -0.372320623645618], [0.5402614071741705, 0.02248158840444514, 0.8411969008327586]]","[-0.06994462013244629, -0.0026699500158429146, -0.12512530386447906]",[0.0],"[-0.263823539018631, 0.09898833185434341, -0.8835360407829285, -0.37411579489707947]",[0.44],"[-2.0479202270507812, 3.404545783996582, -8.675103721618653]","[631.8386840820312, 631.7470703125, 634.7496337890625, 634.8935546875]"
19.872158288956,"[-24.502792358398438, -149.0796356201172, -24.08767318725586]","[-24.502792358398438, -149.0796356201172, -24.08767318725586]","[-13.745317459106445, 7.368751525878906, 5.79749870300293]","[-13.745317459106445, 7.368751525878906, 5.79749870300293]","[-0.26363036036491394, 0.09949112683534622, -0.8826267719268799, -0.37625861167907715]","[[-0.5778570056820627, -0.716649610913414, 0.3905056413866994], [0.6117340844305592, -0.6970619708563977, -0.37401345100281347], [0.5402432144165168, 0.022759322546615834, 0.8412010975497973]]","[-0.07207430154085159, -0.0028026667423546314, -0.1271531730890274]",[0.0],"[-0.26363036036491394, 0.09949112683534622, -0.8826267719268799, -0.37625861167907715]",[0.44],"[-2.242708206176758, 3.7813186645507812, -8.63032871246338]","[632.7681274414062, 632.6851196289062, 635.3063354492188, 635.4429321289062]"
19.902978181839,"[-24.9157657623291, -148.85752868652344, -23.913427352905273]","[-24.9157657623291, -148.85752868652344, -23.913427352905273]","[-13.785482406616211, 7.4377875328063965, 5.818592071533203]","[-13.785482406616211, 7.4377875328063965, 5.818592071533203]","[-0.26344671845436096, 0.09996699541807175, -0.8817821145057678, -0.37823641300201416]","[[-0.5750661952703595, -0.7197161618732522, 0.3889828933855437], [0.6143722542867196, -0.6938877418532687, -0.37558850081172945], [0.5402275244476247, 0.02299206640958662, 0.8412048527254238]]","[-0.0738377645611763, -0.002919090911746025, -0.12877632677555084]",[0.0],"[-0.26344671845436096, 0.09996699541807175, -0.8817821145057678, -0.37823641300201416]",[0.44],"[-2.0082473754882812, 3.4518003463745117, -8.755331573486329]","[632.9459838867188, 632.8721313476562, 635.162841796875, 635.2901000976562]"
19.934971809387,"[-25.329933166503906, -148.63336181640625, -23.738550186157227]","[-25.329933166503906, -148.63336181640625, -23.738550186157227]","[-13.825185775756836, 7.5072340965271, 5.839067459106445]","[-13.825185775756836, 7.5072340965271, 5.839067459106445]","[-0.2632575035095215, 0.1004553809762001, -0.8809154033660889, -0.3802528977394104]","[[-0.572206462909425, -0.7228325352062583, 0.3874182803670463], [0.6170500039666891, -0.6906329220834095, -0.377194242028164], [0.5402120792059124, 0.023223472216390206, 0.8412084065577216]]","[-0.07548675686120987, -0.0030245082452893257, -0.13471758365631104]",[0.0],"[-0.2632575035095215, 0.1004553809762001, -0.8809154033660889, -0.3802528977394104]",[0.44],"[-1.98516845703125, 3.4723281860351562, -8.786230621337891]","[625.5587768554688, 625.48974609375, 645.3474731445312, 645.4683837890625]"
19.965982913971,"[-25.786916732788086, -148.3843231201172, -23.545562744140625]","[-25.786916732788086, -148.3843231201172, -23.545562744140625]","[-13.870927810668945, 7.586681842803955, 5.85520076751709]","[-13.870927810668945, 7.586681842803955, 5.85520076751709]","[-0.26305779814720154, 0.10096646845340729, -0.879875659942627, -0.3826555013656616]","[[-0.5687508094228524, -0.726498557345681, 0.38564555828132896], [0.6202584898334722, -0.6867611642510543, -0.37899690340136516], [0.5401870567099643, 0.02364515115129251, 0.8412127341639866]]","[-0.07792834937572479, -0.0031516754534095526, -0.1510322093963623]",[0.0],"[-0.26305779814720154, 0.10096646845340729, -0.879875659942627, -0.3826555013656616]",[0.44],"[-2.2871017456054688, 3.9723873138427734, -9.003334579467774]","[631.3258056640625, 631.1790771484375, 653.2827758789062, 653.4903564453125]"
19.995975732803,"[-26.20369529724121, -148.1555938720703, -23.369749069213867]","[-26.20369529724121, -148.1555938720703, -23.369749069213867]","[-13.913697242736816, 7.661079406738281, 5.865545272827148]","[-13.913697242736816, 7.661079406738281, 5.865545272827148]","[-0.26288098096847534, 0.10141436010599136, -0.878832221031189, -0.38504892587661743]","[[-0.5652618903166404, -0.7301066184055491, 0.3839575718882129], [0.6234669925297363, -0.6829049657551209, -0.38069649338341627], [0.5401555335973187, 0.02419166403779549, 0.8412174348186888]]","[-0.08179378509521484, -0.003349350532516837, -0.1646278351545334]",[0.0],"[-0.26288098096847534, 0.10141436010599136, -0.878832221031189, -0.38504892587661743]",[0.44],"[-2.1384716033935547, 3.7198781967163086, -9.29277473449707]","[633.8947143554688, 633.6859741210938, 653.01611328125, 653.3023071289062]"
20.027782201767,"[-26.621746063232422, -147.92465209960938, -23.19362449645996]","[-26.621746063232422, -147.92465209960938, -23.19362449645996]","[-13.955719947814941, 7.735774517059326, 5.875833511352539]","[-13.955719947814941, 7.735774517059326, 5.875833511352539]","[-0.2627002000808716, 0.10186802595853806, -0.8777008056640625, -0.3876246511936188]","[[-0.5614715979520675, -0.7339584388980835, 0.3821712384582612], [0.6269154356934781, -0.6787401987717487, -0.3824774437601164], [0.5401174705781044, 0.02483884993925045, 0.8412230203295613]]","[-0.08635056018829346, -0.0035921211820095778, -0.17667445540428162]",[0.0],"[-0.2627002000808716, 0.10186802595853806, -0.8777008056640625, -0.3876246511936188]",[0.44],"[-2.10113525390625, 3.734755516052246, -9.29558807373047]","[635.7863159179688, 635.5381469726562, 652.427001953125, 652.7662963867188]"
