t,p,p_d,v,v_d,q,R,w,T_sp,q_sp,hover_throttle,fa,pwm
0.34074234962463,"[-0.8556810021400452, -0.08199465274810791, -0.7598415613174438]","[-0.8556810021400452, -0.08199465274810791, -0.7598415613174438]","[-0.07970070838928223, 0.11809854209423065, -1.66486656665802]","[-0.07970070838928223, 0.11809854209423065, -1.66486656665802]","[0.010483107529580593, -0.010508504696190357, 0.687364935874939, 0.7261605858802795]","[[0.054838032517382396, -0.9984949726664234, -0.0008502827841420091], [0.9980543255276024, 0.05483909877232862, -0.029671194324329186], [0.029673164923503026, 0.0007784836977756671, 0.9995593515711468]]","[0.028452755883336067, -0.015496022067964077, 0.36831405758857727]",[0.0],"[0.010483107529580593, -0.010508504696190357, 0.687364935874939, 0.7261605858802795]",[0.44],"[0.22423863410949707, 0.6397057324647903, -17.2877364730835]","[653.6715698242188, 653.2596435546875, 627.8140258789062, 627.8104858398438]"
0.37176752090454,"[-0.8580095767974854, -0.07825717329978943, -0.8120012879371643]","[-0.8580095767974854, -0.07825717329978943, -0.8120012879371643]","[-0.07559243589639664, 0.1310928612947464, -1.8120133876800537]","[-0.07559243589639664, 0.1310928612947464, -1.8120133876800537]","[0.010859745554625988, -0.01044390257447958, 0.6914551258087158, 0.7222623229026794]","[[0.043561467783735486, -0.9990508069482474, -6.84212097766812e-05], [0.9985971344500227, 0.043543749838683476, -0.030130150037973924], [0.0301045281246749, 0.001244190163690928, 0.9995459816510072]]","[0.025200307369232178, -0.01261079590767622, 0.38403913378715515]",[0.0],"[0.010859745554625988, -0.01044390257447958, 0.6914551258087158, 0.7222623229026794]",[0.44],"[0.20541362464427948, 0.6497159600257874, -17.167341051101687]","[652.04833984375, 651.7120971679688, 629.42919921875, 629.4429321289062]"
0.40247988700867,"[-0.860434889793396, -0.07369257509708405, -0.8744359612464905]","[-0.860434889793396, -0.07369257509708405, -0.8744359612464905]","[-0.07145902514457703, 0.14557431638240814, -1.9714449644088745]","[-0.07145902514457703, 0.14557431638240814, -1.9714449644088745]","[0.011204383336007595, -0.010376399382948875, 0.6961122751235962, 0.7177705764770508]","[[0.030640061516192474, -0.9995303403290982, 0.0007032692170596544], [0.9990652957037619, 0.030604324432621066, -0.03053063133642331], [0.030494765884480968, 0.001638075408200823, 0.9995335842598106]]","[0.0225885808467865, -0.00999467447400093, 0.39926716685295105]",[0.0],"[0.011204383336007595, -0.010376399382948875, 0.6961122751235962, 0.7177705764770508]",[0.44],"[0.20667053759098053, 0.7240727543830872, -17.781578836441042]","[651.7176513671875, 651.4578247070312, 631.9871215820312, 631.9832763671875]"
0.43448114395142,"[-0.8625264763832092, -0.06912476569414139, -0.9357686638832092]","[-0.8625264763832092, -0.06912476569414139, -0.9357686638832092]","[-0.06802098453044891, 0.15897084772586823, -2.1173670291900635]","[-0.06802098453044891, 0.15897084772586823, -2.1173670291900635]","[0.011467404663562775, -0.01031566970050335, 0.7004669904708862, 0.7135181427001953]","[[0.018479164438579, -0.999828400044827, 0.0013442418955715851], [0.9993552242095016, 0.018428987781882955, -0.030815974773880317], [0.030785911837218904, 0.0019128303346671593, 0.9995241711778244]]","[0.020677629858255386, -0.008043988607823849, 0.41145142912864685]",[0.0],"[0.011467404663562775, -0.01031566970050335, 0.7004669904708862, 0.7135181427001953]",[0.44],"[0.17190203070640564, 0.6698265671730042, -17.10610323905945]","[652.910888671875, 652.7094116210938, 635.7285766601562, 635.7219848632812]"
0.4655179977417,"[-0.864713191986084, -0.06363286077976227, -1.0082929134368896]","[-0.864713191986084, -0.06363286077976227, -1.0082929134368896]","[-0.06456345319747925, 0.1738927811384201, -2.2778635025024414]","[-0.06456345319747925, 0.1738927811384201, -2.2778635025024414]","[0.011712413281202316, -0.010248798877000809, 0.7053674459457397, 0.708670973777771]","[[0.0047034566431254365, -0.99998694591518, 0.0019970575236119004], [0.9995067932428465, 0.004639171150228494, -0.03105883282631794], [0.031049162644478656, 0.0021421564747914346, 0.9995155629934183]]","[0.019135266542434692, -0.006279430817812681, 0.4232507348060608]",[0.0],"[0.011712413281202316, -0.010248798877000809, 0.7053674459457397, 0.708670973777771]",[0.44],"[0.17287656664848328, 0.746096670627594, -17.8348236656189]","[653.3448486328125, 653.1782836914062, 637.7937622070312, 637.7840576171875]"
0.49551796913147,"[-0.8666064143180847, -0.058211080729961395, -1.0788060426712036]","[-0.8666064143180847, -0.058211080729961395, -1.0788060426712036]","[-0.061695396900177, 0.18756550550460815, -2.422677993774414]","[-0.061695396900177, 0.18756550550460815, -2.422677993774414]","[0.011902958154678345, -0.010186911560595036, 0.7099053263664246, 0.7041229009628296]","[[-0.008138691141126309, -0.9999637043842446, 0.002554271347249726], [0.9994786868561201, -0.008214505632503588, -0.031225776404002814], [0.031245622226841574, 0.002298805299642326, 0.9995090928400492]]","[0.018047381192445755, -0.004961075261235237, 0.4326916038990021]",[0.0],"[0.011902958154678345, -0.010186911560595036, 0.7099053263664246, 0.7041229009628296]",[0.44],"[0.1434028148651123, 0.6836362183094025, -17.050724563598635]","[653.5482177734375, 653.4197387695312, 639.9766845703125, 639.9664916992188]"
0.52755856513977,"[-0.8684173822402954, -0.05237730219960213, -1.153666377067566]","[-0.8684173822402954, -0.05237730219960213, -1.153666377067566]","[-0.05908040702342987, 0.2013659030199051, -2.5680160522460938]","[-0.05908040702342987, 0.2013659030199051, -2.5680160522460938]","[0.012068931013345718, -0.01012348011136055, 0.7145070433616638, 0.6994508504867554]","[[-0.021245599725983277, -0.9997694774823435, 0.0030849188822092977], [0.9992807591500276, -0.02133194821846285, -0.03134984380929895], [0.031408425977316856, 0.0024166524377036147, 0.99950371210926]]","[0.017243772745132446, -0.003869138192385435, 0.4410526156425476]",[0.0],"[0.012068931013345718, -0.01012348011136055, 0.7145070433616638, 0.6994508504867554]",[0.44],"[0.13074949383735657, 0.6900198757648468, -17.076902923583987]","[655.57080078125, 655.4739990234375, 643.7581176757812, 643.7476196289062]"
0.55821347236633,"[-0.870153546333313, -0.04612833261489868, -1.2328782081604004]","[-0.870153546333313, -0.04612833261489868, -1.2328782081604004]","[-0.056705642491579056, 0.21523022651672363, -2.7124264240264893]","[-0.056705642491579056, 0.21523022651672363, -2.7124264240264893]","[0.012215133756399155, -0.010058123618364334, 0.7191599607467651, 0.6946642994880676]","[[-0.034584429984022114, -0.9993952233547091, 0.0035952314305061073], [0.9989037780533622, -0.03468051726795096, -0.031437634241222145], [0.0315433090205679, 0.002504035094946122, 0.999499249313182]]","[0.016633866354823112, -0.002963415114209056, 0.4484573006629944]",[0.0],"[0.012215133756399155, -0.010058123618364334, 0.7191599607467651, 0.6946642994880676]",[0.44],"[0.11873822659254074, 0.6932161748409271, -17.030518589019778]","[656.143310546875, 656.0732421875, 645.9620361328125, 645.9515380859375]"
0.58751606941223,"[-0.8718219995498657, -0.03946263715624809, -1.316409707069397]","[-0.8718219995498657, -0.03946263715624809, -1.316409707069397]","[-0.054566990584135056, 0.22916336357593536, -2.8565852642059326]","[-0.054566990584135056, 0.22916336357593536, -2.8565852642059326]","[0.012345387600362301, -0.009990605525672436, 0.7238531112670898, 0.689771294593811]","[[-0.04812627777963119, -0.9988328711040705, 0.004090028634202492], [0.9983395195137635, -0.04823147057209831, -0.03149444976112892], [0.031654960263079124, 0.0025675261883282285, 0.9994955584124544]]","[0.016193315386772156, -0.0022129956632852554, 0.45501506328582764]",[0.0],"[0.012345387600362301, -0.009990605525672436, 0.7238531112670898, 0.689771294593811]",[0.44],"[0.10693259537220001, 0.6966568529605865, -17.01794200897217]","[658.593017578125, 658.5372314453125, 649.3997802734375, 649.3903198242188]"
0.61817145347595,"[-0.8734298944473267, -0.03237706795334816, -1.4042946100234985]","[-0.8734298944473267, -0.03237706795334816, -1.4042946100234985]","[-0.05266962945461273, 0.24322116374969482, -3.002720355987549]","[-0.05266962945461273, 0.24322116374969482, -3.002720355987549]","[0.01246282085776329, -0.009920790791511536, 0.7285764813423157, 0.6847792267799377]","[[-0.0618442225101572, -0.9980753611640812, 0.004573133441784005], [0.9975807970104734, -0.06195802213776469, -0.031524671354977496], [0.03174733923081119, 0.00261245196692661, 0.9994925120126767]]","[0.015874922275543213, -0.0015936860581859946, 0.46082279086112976]",[0.0],"[0.01246282085776329, -0.009920790791511536, 0.7285764813423157, 0.6847792267799377]",[0.44],"[0.09486805647611618, 0.702890008687973, -17.116754589080813]","[662.2285766601562, 662.1891479492188, 654.2413940429688, 654.233154296875]"
0.64919686317444,"[-0.8751373291015625, -0.024093827232718468, -1.5060648918151855]","[-0.8751373291015625, -0.024093827232718468, -1.5060648918151855]","[-0.0508599728345871, 0.2588096559047699, -3.1656291484832764]","[-0.0508599728345871, 0.2588096559047699, -3.1656291484832764]","[0.012580152601003647, -0.009841269813477993, 0.733797013759613, 0.6791810393333435]","[[-0.07710981598813471, -0.997009646281998, 0.005094549101957724], [0.996514427577833, -0.0772326352839805, -0.031531391038508993], [0.031830564543069095, 0.0026454134355778924, 0.9994897783379876]]","[0.015639176592230797, -0.001031449413858354, 0.46667423844337463]",[0.0],"[0.012580152601003647, -0.009841269813477993, 0.733797013759613, 0.6791810393333435]",[0.44],"[0.09048283100128174, 0.7794246077537537, -17.95543962478638]","[665.789306640625, 665.759521484375, 657.6212768554688, 657.6141967773438]"
0.68050289154053,"[-0.8766417503356934, -0.016114547848701477, -1.6033124923706055]","[-0.8766417503356934, -0.016114547848701477, -1.6033124923706055]","[-0.049476757645606995, 0.2731378376483917, -3.3174593448638916]","[-0.049476757645606995, 0.2731378376483917, -3.3174593448638916]","[0.012678103521466255, -0.009766634553670883, 0.7385643720626831, 0.6739929914474487]","[[-0.09114543766170069, -0.9958220658139242, 0.005561904654149519], [0.9953267761982131, -0.09127613197849294, -0.03151648246922223], [0.031892477610960146, 0.0026633292040316725, 0.9994877570811881]]","[0.015503676608204842, -0.0006170471315272152, 0.4722297191619873]",[0.0],"[0.012678103521466255, -0.009766634553670883, 0.7385643720626831, 0.6739929914474487]",[0.44],"[0.06916075944900513, 0.7164090871810913, -17.401509819030764]","[669.840087890625, 669.8214111328125, 662.2056884765625, 662.2001342773438]"
0.71149778366089,"[-0.8782529234886169, -0.006841463968157768, -1.7155104875564575]","[-0.8782529234886169, -0.006841463968157768, -1.7155104875564575]","[-0.04820623993873596, 0.288836807012558, -3.4815516471862793]","[-0.04820623993873596, 0.288836807012558, -3.4815516471862793]","[0.012778234668076038, -0.009681995958089828, 0.7438259124755859, 0.6681811809539795]","[[-0.10674145823174097, -0.9942683908770324, 0.006070909137081415], [0.9937735156114011, -0.10688054270274083, -0.03147979081826646], [0.031948219110153886, 0.0026729129058220558, 0.9994859513460702]]","[0.015425438061356544, -0.00023968188907019794, 0.4775504767894745]",[0.0],"[0.012778234668076038, -0.009681995958089828, 0.7438259124755859, 0.6681811809539795]",[0.44],"[0.06352588534355164, 0.784948468208313, -18.014615116119387]","[669.857421875, 669.8480224609375, 663.249755859375, 663.2457275390625]"
0.74355006217957,"[-0.8796846866607666, 0.0020366411190479994, -1.8221495151519775]","[-0.8796846866607666, 0.0020366411190479994, -1.8221495151519775]","[-0.04727030172944069, 0.30300644040107727, -3.6269443035125732]","[-0.04727030172944069, 0.30300644040107727, -3.6269443035125732]","[0.01286375243216753, -0.00960273202508688, 0.7486171126365662, 0.6628082990646362]","[[-0.12103958758930955, -0.9926263244895296, 0.006530509447039035], [0.9921322158197569, -0.12118611491789055, -0.03142994278239353], [0.03198959136672441, 0.0026748646942206245, 0.9994846228220365]]","[0.01540063414722681, 3.83423175662756e-05, 0.48181891441345215]",[0.0],"[0.01286375243216753, -0.00960273202508688, 0.7486171126365662, 0.6628082990646362]",[0.44],"[0.04679691046476364, 0.7084816694259644, -17.0796328163147]","[669.857421875, 669.8546142578125, 664.0668334960938, 664.0643310546875]"
0.77450060844421,"[-0.8812308311462402, 0.012291530147194862, -1.9444217681884766]","[-0.8812308311462402, 0.012291530147194862, -1.9444217681884766]","[-0.04647748917341232, 0.3184646666049957, -3.7825474739074707]","[-0.04647748917341232, 0.3184646666049957, -3.7825474739074707]","[0.012953025288879871, -0.009513037279248238, 0.7538881301879883, 0.656806230545044]","[[-0.13687562143323517, -0.9905632873077522, 0.007033819717787715], [0.9900703968579435, -0.1370301874049511, -0.0313587872020098], [0.03202670834345778, 0.002671723654565472, 0.9994834425151785]]","[0.015410469844937325, 0.0002910190087277442, 0.4859621822834015]",[0.0],"[0.012953025288879871, -0.009513037279248238, 0.7538881301879883, 0.656806230545044]",[0.44],"[0.039640627801418304, 0.7729113101959229, -17.590158519744875]","[669.8564453125, 669.857421875, 664.5965576171875, 664.5950927734375]"
0.80510950088501,"[-0.8826171159744263, 0.02205485850572586, -2.059971809387207]","[-0.8826171159744263, 0.02205485850572586, -2.059971809387207]","[-0.045968495309352875, 0.3323881924152374, -3.919947385787964]","[-0.045968495309352875, 0.3323881924152374, -3.919947385787964]","[0.013030683621764183, -0.009429287165403366, 0.7586748003959656, 0.6512709856033325]","[[-0.15135272842461167, -0.9884515101282464, 0.007490060300031631], [0.9879600298969219, -0.15151450294301738, -0.0312805374470404], [0.032054144883028046, 0.0026654872146858466, 0.9994825796558037]]","[0.015442975796759129, 0.0004771857347805053, 0.4892841577529907]",[0.0],"[0.013030683621764183, -0.009429287165403366, 0.7586748003959656, 0.6512709856033325]",[0.44],"[0.025449693202972412, 0.696176290512085, -16.67999559402466]","[669.85205078125, 669.857421875, 665.2442626953125, 665.244384765625]"
0.83673620223999,"[-0.8839910626411438, 0.03223392367362976, -2.1795849800109863]","[-0.8839910626411438, 0.03223392367362976, -2.1795849800109863]","[-0.04565807804465294, 0.34617799520492554, -4.053393840789795]","[-0.04565807804465294, 0.34617799520492554, -4.053393840789795]","[0.013105679303407669, -0.009343523532152176, 0.7634510397911072, 0.6456651091575623]","[[-0.16588958318023717, -0.9861123043323117, 0.007945514700104184], [0.9856224914404068, -0.16605849797625294, -0.03119040522790595], [0.03207666326531733, 0.00265711420416892, 0.9994818794760008]]","[0.015491355210542679, 0.0006293518235906959, 0.4922313690185547]",[0.0],"[0.013105679303407669, -0.009343523532152176, 0.7634510397911072, 0.6456651091575623]",[0.44],"[0.015520863234996796, 0.6894901394844055, -16.482322750091555]","[669.8486938476562, 669.857421875, 665.812744140625, 665.814453125]"
0.86773467063904,"[-0.8854953050613403, 0.04390610381960869, -2.315708875656128]","[-0.8854953050613403, 0.04390610381960869, -2.315708875656128]","[-0.04554252699017525, 0.36118167638778687, -4.195542335510254]","[-0.04554252699017525, 0.36118167638778687, -4.195542335510254]","[0.013185681775212288, -0.009246966801583767, 0.7686877846717834, 0.6394214630126953]","[[-0.18193283339728739, -0.9832747908729023, 0.008445926944953053], [0.9827870806263757, -0.18210954501498255, -0.031078476714338055], [0.03209676310774712, 0.0026463550117662438, 0.9994812628021865]]","[0.01555586140602827, 0.0007670338964089751, 0.4950900375843048]",[0.0],"[0.013185681775212288, -0.009246966801583767, 0.7686877846717834, 0.6394214630126953]",[0.44],"[0.0057775527238845825, 0.7501840591430664, -16.91742473602295]","[669.8462524414062, 669.857421875, 666.3117065429688, 666.314697265625]"
0.89877820014954,"[-0.886862576007843, 0.054944396018981934, -2.443462371826172]","[-0.886862576007843, 0.054944396018981934, -2.443462371826172]","[-0.045639779418706894, 0.3746625781059265, -4.320502281188965]","[-0.045639779418706894, 0.3746625781059265, -4.320502281188965]","[0.013256548903882504, -0.009157280437648296, 0.7734286189079285, 0.633678674697876]","[[-0.19655136866167866, -0.9804532322778658, 0.008900441957298999], [0.9799676565340729, -0.19673512926933334, -0.030965790204645516], [0.03211153528356203, 0.0026357791572738654, 0.9994808162522905]]","[0.015620328485965729, 0.0008666125359013677, 0.49738064408302307]",[0.0],"[0.013256548903882504, -0.009157280437648296, 0.7734286189079285, 0.633678674697876]",[0.44],"[-0.004862621426582336, 0.6740450859069824, -16.05799728393555]","[669.8445434570312, 669.857421875, 666.6738891601562, 666.677978515625]"
0.92977905273438,"[-0.8882356286048889, 0.06638476252555847, -2.574903964996338]","[-0.8882356286048889, 0.06638476252555847, -2.574903964996338]","[-0.0459267795085907, 0.3879850208759308, -4.441373825073242]","[-0.0459267795085907, 0.3879850208759308, -4.441373825073242]","[0.013325953856110573, -0.009065872058272362, 0.7781468033790588, 0.6278756260871887]","[[-0.21118927529044917, -0.97740044550417, 0.00935461660099035], [0.9769171999333144, -0.21138005731044562, -0.03084324196520516], [0.03212357697944679, 0.0026249245172524915, 0.9994804578352957]]","[0.01568765565752983, 0.0009495382546447217, 0.4994116723537445]",[0.0],"[0.013325953856110573, -0.009065872058272362, 0.7781468033790588, 0.6278756260871887]",[0.44],"[-0.014350004494190216, 0.6661221385002136, -15.853577194213868]","[669.843017578125, 669.857421875, 667.0668334960938, 667.0722045898438]"
0.96181225776672,"[-0.8897594809532166, 0.07942777872085571, -2.723602056503296]","[-0.8897594809532166, 0.07942777872085571, -2.723602056503296]","[-0.04645821824669838, 0.4024491310119629, -4.569600582122803]","[-0.04645821824669838, 0.4024491310119629, -4.569600582122803]","[0.013400875963270664, -0.008963470347225666, 0.7833071947097778, 0.6214258074760437]","[[-0.22730101016953475, -0.9737748486572838, 0.009853741518261905], [0.9732943752399893, -0.22749948952136956, -0.030697601957822784], [0.03213426871151104, 0.0026129987076243255, 0.9994801454455029]]","[0.01576242595911026, 0.001021174481138587, 0.5013808608055115]",[0.0],"[0.013400875963270664, -0.008963470347225666, 0.7833071947097778, 0.6214258074760437]",[0.44],"[-0.026571936905384064, 0.7232055068016052, -16.22133785247803]","[669.8416137695312, 669.857421875, 667.4111328125, 667.417724609375]"
0.9927716255188,"[-0.8911629319190979, 0.09169651567935944, -2.8623874187469482]","[-0.8911629319190979, 0.09169651567935944, -2.8623874187469482]","[-0.047134336084127426, 0.41541916131973267, -4.681879043579102]","[-0.047134336084127426, 0.41541916131973267, -4.681879043579102]","[0.013467879965901375, -0.008868783712387085, 0.7879683375358582, 0.6155045628547668]","[[-0.24194551256712238, -0.9702351017057754, 0.010306972289835015], [0.9697573268478475, -0.24215096949960002, -0.03055572465761469], [0.03214207965762017, 0.0026024416263557004, 0.999479921769374]]","[0.01582888513803482, 0.0010766476625576615, 0.5029579997062683]",[0.0],"[0.013467879965901375, -0.008868783712387085, 0.7879683375358582, 0.6155045628547668]",[0.44],"[-0.03380589187145233, 0.6485015153884888, -15.423923072814942]","[669.8408813476562, 669.857421875, 667.7132568359375, 667.7207641601562]"
1.0237717628479,"[-0.8927334547042847, 0.10563834756612778, -3.0188682079315186]","[-0.8927334547042847, 0.10563834756612778, -3.0188682079315186]","[-0.04809004068374634, 0.4294925630092621, -4.801000595092773]","[-0.04809004068374634, 0.4294925630092621, -4.801000595092773]","[0.01354051474481821, -0.008762966841459274, 0.7930591702461243, 0.6089311242103577]","[[-0.25803927419867123, -0.9660741343700621, 0.010804772276086116], [0.9655995140431615, -0.2582523861020516, -0.03038958415626214], [0.03214894527683765, 0.0025913793075341696, 0.9994797297451616]]","[0.01589965634047985, 0.0011226561618968844, 0.5041341185569763]",[0.0],"[0.01354051474481821, -0.008762966841459274, 0.7930591702461243, 0.6089311242103577]",[0.44],"[-0.04778522998094559, 0.703670084476471, -15.766077575683594]","[669.7132568359375, 669.7303466796875, 669.2513427734375, 669.2594604492188]"
1.0557744503021,"[-0.8941906094551086, 0.11871015280485153, -3.1643807888031006]","[-0.8941906094551086, 0.11871015280485153, -3.1643807888031006]","[-0.04905850067734718, 0.44185885787010193, -4.897200584411621]","[-0.04905850067734718, 0.44185885787010193, -4.897200584411621]","[0.013606219552457333, -0.00866452045738697, 0.797613263130188, 0.6029534935951233]","[[-0.27252398287188595, -0.9620831898196263, 0.01125639659198674], [0.9616116243489865, -0.27274409346339246, -0.030229708098502228], [0.0321536081124183, 0.002585962356603466, 0.9994795937494677]]","[0.015954019501805305, 0.0011577876284718513, 0.4957970678806305]",[0.0],"[0.013606219552457333, -0.00866452045738697, 0.797613263130188, 0.6029534935951233]",[0.44],"[-0.04842299968004227, 0.6183147430419922, -14.619999465942383]","[651.517822265625, 651.5347290039062, 669.8468627929688, 669.8566284179688]"
1.0874257087708,"[-0.8958245515823364, 0.1334993690252304, -3.3272111415863037]","[-0.8958245515823364, 0.1334993690252304, -3.3272111415863037]","[-0.04983450099825859, 0.4539813995361328, -4.956327438354492]","[-0.04983450099825859, 0.4539813995361328, -4.956327438354492]","[0.013680742122232914, -0.008549864403903484, 0.8023450374603271, 0.5966424942016602]","[[-0.2876613186370778, -0.9576602257014878, 0.011750926255034155], [0.9571923517411284, -0.2878894436844577, -0.030044906755538836], [0.032155775947158016, 0.002605141653816201, 0.9994794742273196]]","[0.01593291200697422, 0.00118739390745759, 0.4466542601585388]",[0.0],"[0.013680742122232914, -0.008549864403903484, 0.8023450374603271, 0.5966424942016602]",[0.44],"[-0.038800016045570374, 0.6061270833015442, -12.766342697143555]","[559.2249755859375, 559.236083984375, 669.8413696289062, 669.857421875]"
1.118513584137,"[-0.8973243832588196, 0.14726242423057556, -3.476006269454956]","[-0.8973243832588196, 0.14726242423057556, -3.476006269454956]","[-0.05016949772834778, 0.4634891450405121, -4.961843013763428]","[-0.05016949772834778, 0.4634891450405121, -4.961843013763428]","[0.013756121508777142, -0.008431331254541874, 0.8059391379356384, 0.5917784571647644]","[[-0.2992179628063276, -0.9541068040669411, 0.012194233016927791], [0.9536428743980683, -0.2994542498708086, -0.0298714324119409], [0.03215215382355918, 0.0026908730401997705, 0.9994793635486239]]","[0.015633681789040565, 0.0011699945898726583, 0.35819098353385925]",[0.0],"[0.013756121508777142, -0.008431331254541874, 0.8059391379356384, 0.5917784571647644]",[0.44],"[-0.01674983650445938, 0.4753872752189636, -10.085778770446778]","[526.4164428710938, 526.3905029296875, 669.808349609375, 669.857421875]"
1.1495685577393,"[-0.8989890217781067, 0.1627306044101715, -3.6398849487304688]","[-0.8989890217781067, 0.1627306044101715, -3.6398849487304688]","[-0.050768282264471054, 0.4739844799041748, -4.971375465393066]","[-0.050768282264471054, 0.4739844799041748, -4.971375465393066]","[0.01384615059942007, -0.008288305252790451, 0.8089640736579895, 0.5876366496086121]","[[-0.30898313694658497, -0.950983398041719, 0.012661052927411265], [0.9505243535507426, -0.30922917671150185, -0.029682893458475523], [0.03214310064614423, 0.0028631287344024203, 0.9994791762192294]]","[0.01470280159264803, 0.0010950393043458462, 0.26447564363479614]",[0.0],"[0.01384615059942007, -0.008288305252790451, 0.8089640736579895, 0.5876366496086121]",[0.44],"[-0.029939226806163788, 0.524766743183136, -10.286622581481934]","[536.2174072265625, 536.1640625, 669.7882080078125, 669.857421875]"
1.1805725097656,"[-0.9005234241485596, 0.17709536850452423, -3.789245843887329]","[-0.9005234241485596, 0.17709536850452423, -3.789245843887329]","[-0.05155686289072037, 0.48366695642471313, -4.986868381500244]","[-0.05155686289072037, 0.48366695642471313, -4.986868381500244]","[0.013929812237620354, -0.008154213428497314, 0.8109428286552429, 0.5849027633666992]","[[-0.3153895250880083, -0.9488725761497274, 0.013053718742404685], [0.9484182295017096, -0.31564462203268406, -0.029520373148255175], [0.03213140661204439, 0.00306996953559846, 0.9994789382687743]]","[0.013504120521247387, 0.0010117186466231942, 0.18619513511657715]",[0.0],"[0.013929812237620354, -0.008154213428497314, 0.8109428286552429, 0.5849027633666992]",[0.44],"[-0.03942903131246567, 0.4841238260269165, -10.584645805358887]","[549.0099487304688, 548.9341430664062, 669.7727661132812, 669.857421875]"
1.2962074279785,"[-0.9068179726600647, 0.23594051599502563, -4.378570556640625]","[-0.9068179726600647, 0.23594051599502563, -4.378570556640625]","[-0.056503791362047195, 0.5225152373313904, -5.101440906524658]","[-0.056503791362047195, 0.5225152373313904, -5.101440906524658]","[0.014223366044461727, -0.007673805579543114, 0.8128294944763184, 0.5822774767875671]","[[-0.3215013487653997, -0.9468029088957925, 0.014185774562913478], [0.946366319512945, -0.3217881824645241, -0.02903888240344943], [0.03205891116377235, 0.004088900363731107, 0.9994776171325852]]","[0.007205575238913298, 0.0005439123488031328, -0.05947718396782875]",[0.0],"[0.014223366044461727, -0.007673805579543114, 0.8128294944763184, 0.5822774767875671]",[0.44],"[-0.2473464235663414, 1.9424140453338623, -15.538626251220704]","[594.6649169921875, 594.5638427734375, 669.7492065429688, 669.857421875]"
1.3192114830017,"[-0.9080168008804321, 0.2469891607761383, -4.486024379730225]","[-0.9080168008804321, 0.2469891607761383, -4.486024379730225]","[-0.0576779879629612, 0.5297236442565918, -5.132458209991455]","[-0.0576779879629612, 0.5297236442565918, -5.132458209991455]","[0.014265616424381733, -0.007603147998452187, 0.8123661279678345, 0.5829237103462219]","[[-0.3199930674578768, -0.9473118821351351, 0.014313696672360265], [0.9468780277632801, -0.3202844673628391, -0.028984611912691194], [0.03204191763863706, 0.00427845231321522, 0.9994773686570921]]","[0.005997549742460251, 0.0004389942914713174, -0.09162870794534683]",[0.0],"[0.014265616424381733, -0.007603147998452187, 0.8123661279678345, 0.5829237103462219]",[0.44],"[-0.05870983004570007, 0.3604203462600708, -11.360865173339844]","[602.7025756835938, 602.6060180664062, 669.7520141601562, 669.857421875]"
1.3501977920532,"[-0.9097734093666077, 0.26303648948669434, -4.640705585479736]","[-0.9097734093666077, 0.26303648948669434, -4.640705585479736]","[-0.059446122497320175, 0.5400881767272949, -5.179966449737549]","[-0.059446122497320175, 0.5400881767272949, -5.179966449737549]","[0.014319135807454586, -0.00751300947740674, 0.8113797903060913, 0.5842955708503723]","[[-0.31678721885712857, -0.9483863951127653, 0.014456878494822634], [0.9479560759006467, -0.3170844035348581, -0.028925023370093284], [0.03201615114044515, 0.0045414071527094535, 0.9994770340766401]]","[0.0043247719295322895, 0.00028099986957386136, -0.13303425908088684]",[0.0],"[0.014319135807454586, -0.00751300947740674, 0.8113797903060913, 0.5842955708503723]",[0.44],"[-0.08840672671794891, 0.5182266235351562, -12.185411987304688]","[611.005859375, 610.9151611328125, 669.7548828125, 669.857421875]"
1.3822062015533,"[-0.9117684364318848, 0.2810486853122711, -4.8125505447387695]","[-0.9117684364318848, 0.2810486853122711, -4.8125505447387695]","[-0.06147436425089836, 0.5515463352203369, -5.2351484298706055]","[-0.06147436425089836, 0.5515463352203369, -5.2351484298706055]","[0.014368698932230473, -0.007428822573274374, 0.8098952770233154, 0.5863514542579651]","[[-0.31197109429899617, -0.9499800319885097, 0.014562480965839175], [0.9495530619286043, -0.3122736385073559, -0.02888335166129463], [0.031986084642894486, 0.004817078397538199, 0.9994767061723394]]","[0.0025609226431697607, 9.817747923079878e-05, -0.1736181527376175]",[0.0],"[0.014368698932230473, -0.007428822573274374, 0.8098952770233154, 0.5863514542579651]",[0.44],"[-0.1014120876789093, 0.5729079246520996, -12.569099006652833]","[617.411865234375, 617.3273315429688, 669.7581176757812, 669.857421875]"
1.4133639335632,"[-0.9136420488357544, 0.29775431752204895, -4.97046422958374]","[-0.9136420488357544, 0.29775431752204895, -4.97046422958374]","[-0.06345663219690323, 0.5621770024299622, -5.2940354347229]","[-0.06345663219690323, 0.5621770024299622, -5.2940354347229]","[0.014263948425650597, -0.007263852749019861, 0.8082461357116699, 0.588627278804779]","[[-0.30662915889921316, -0.9517186693788439, 0.014506158635456956], [0.9513042244949098, -0.3069305522350736, -0.028534260123152633], [0.031608966144633655, 0.005050336464057059, 0.9994875524371019]]","[0.0010818602750077844, 0.02989143133163452, -0.19885891675949097]",[0.0],"[0.014263948425650597, -0.007263852749019861, 0.8082461357116699, 0.588627278804779]",[0.44],"[-0.09911339730024338, 0.5315333604812622, -12.754350242614747]","[639.2591552734375, 636.1409912109375, 669.8569946289062, 667.05126953125]"
1.4435422420502,"[-0.9155754446983337, 0.31477802991867065, -5.130226135253906]","[-0.9155754446983337, 0.31477802991867065, -5.130226135253906]","[-0.06540897488594055, 0.5726409554481506, -5.356715679168701]","[-0.06540897488594055, 0.5726409554481506, -5.356715679168701]","[0.013767655938863754, -0.006832957733422518, 0.806407630443573, 0.5911602973937988]","[[-0.3006799114980099, -0.9536204968895395, 0.014125938953304384], [0.9532442016450654, -0.30096562957533823, -0.027298081667929075], [0.030283432256381637, 0.005257484649007715, 0.9995275246771247]]","[-0.00020286644576117396, 0.042670462280511856, -0.21833978593349457]",[0.0],"[0.013767655938863754, -0.006832957733422518, 0.806407630443573, 0.5911602973937988]",[0.44],"[-0.09761713445186615, 0.5231976509094238, -12.94401222229004]","[640.951904296875, 642.7830810546875, 667.8967895507812, 669.8335571289062]"
1.4750525951385,"[-0.9177670478820801, 0.3338584899902344, -5.30813455581665]","[-0.9177670478820801, 0.3338584899902344, -5.30813455581665]","[-0.06738772988319397, 0.5836660861968994, -5.425724506378174]","[-0.06738772988319397, 0.5836660861968994, -5.425724506378174]","[0.013375804759562016, -0.006494130473583937, 0.8041841387748718, 0.5941942930221558]","[[-0.2935086055753804, -0.9558569800405279, 0.013795669530888732], [0.9555095231553368, -0.2937820824200965, -0.026340607149402173], [0.02923077059306811, 0.005450700261439179, 0.9995578282328523]]","[-0.0015781279653310776, 0.024839121848344803, -0.23726561665534973]",[0.0],"[0.013375804759562016, -0.006494130473583937, 0.8041841387748718, 0.5941942930221558]",[0.44],"[-0.0989377498626709, 0.551256537437439, -13.260441360473633]","[648.1470947265625, 647.9354858398438, 669.798828125, 669.7256469726562]"
1.5050475597382,"[-0.919815182685852, 0.3515174090862274, -5.471926212310791]","[-0.919815182685852, 0.3515174090862274, -5.471926212310791]","[-0.06913052499294281, 0.5935189127922058, -5.4932756423950195]","[-0.06913052499294281, 0.5935189127922058, -5.4932756423950195]","[0.013076464645564556, -0.006245475262403488, 0.8020298480987549, 0.5971081852912903]","[[-0.2865817664051302, -0.9579605117683206, 0.013516981106270975], [0.9576338368224663, -0.28684574233787696, -0.025634243301097537], [0.028433878707132543, 0.005598012997057533, 0.99958000022224]]","[-0.002517771441489458, 0.02397127076983452, -0.24038144946098328]",[0.0],"[0.013076464645564556, -0.006245475262403488, 0.8020298480987549, 0.5971081852912903]",[0.44],"[-0.08713975548744202, 0.4926413297653198, -13.187556800842286]","[668.3844604492188, 668.7069091796875, 650.3576049804688, 650.814208984375]"
1.535924911499,"[-0.921912431716919, 0.36946526169776917, -5.637633323669434]","[-0.921912431716919, 0.36946526169776917, -5.637633323669434]","[-0.07065416127443314, 0.602928876876831, -5.553159236907959]","[-0.07065416127443314, 0.602928876876831, -5.553159236907959]","[0.012826276943087578, -0.0060525331646203995, 0.7999415993690491, 0.5999101996421814]","[[-0.27988639111764213, -0.9599415120922975, 0.013258592225350974], [0.959630986225991, -0.2801421515626661, -0.025072574843068463], [0.027782497741864365, 0.005705882603305845, 0.9995977069241407]]","[-0.003340346273034811, 0.017482934519648552, -0.22543808817863464]",[0.0],"[0.012826276943087578, -0.0060525331646203995, 0.7999415993690491, 0.5999101996421814]",[0.44],"[-0.0761818140745163, 0.4704982042312622, -12.804179725646973]","[669.6458740234375, 669.8558959960938, 645.6392822265625, 645.946044921875]"
1.5663175582886,"[-0.924051821231842, 0.38768887519836426, -5.804992198944092]","[-0.924051821231842, 0.38768887519836426, -5.804992198944092]","[-0.07190586626529694, 0.6118353605270386, -5.600244045257568]","[-0.07190586626529694, 0.6118353605270386, -5.600244045257568]","[0.012619713321328163, -0.005909346975386143, 0.7980096340179443, 0.6024836301803589]","[[-0.27370859273425796, -0.9617246309735527, 0.013020735982476994], [0.9614263339145702, -0.273957266299532, -0.024637773021564335], [0.027261875253380863, 0.005774909753112567, 0.999611644908024]]","[-0.003827337408438325, 0.014851120300590992, -0.20053967833518982]",[0.0],"[0.012619713321328163, -0.005909346975386143, 0.7980096340179443, 0.6024836301803589]",[0.44],"[-0.06258524954319, 0.445324182510376, -12.16424041748047]","[669.6953735351562, 669.857421875, 623.2994384765625, 623.5337524414062]"
1.5974681377411,"[-0.926443338394165, 0.4080340564250946, -5.990450382232666]","[-0.926443338394165, 0.4080340564250946, -5.990450382232666]","[-0.07300013303756714, 0.6211352944374084, -5.638548851013184]","[-0.07300013303756714, 0.6211352944374084, -5.638548851013184]","[0.012425404042005539, -0.0057943700812757015, 0.7962010502815247, 0.6048768758773804]","[[-0.2679393743880836, -0.9633512025080129, 0.012776478551955406], [0.9630632129502978, -0.26818100627002006, -0.024258646245748083], [0.02679600044171304, 0.005804712068021856, 0.9996240692195083]]","[-0.004144373349845409, 0.011362582445144653, -0.16252422332763672]",[0.0],"[0.012425404042005539, -0.0057943700812757015, 0.7962010502815247, 0.6048768758773804]",[0.44],"[-0.05471333861351013, 0.46499669551849365, -11.725240287780762]","[669.6768798828125, 669.857421875, 616.8465576171875, 617.069091796875]"
1.6283013820648,"[-0.9286471009254456, 0.42679357528686523, -6.160121917724609]","[-0.9286471009254456, 0.42679357528686523, -6.160121917724609]","[-0.07390189170837402, 0.6294625401496887, -5.672845363616943]","[-0.07390189170837402, 0.6294625401496887, -5.672845363616943]","[0.012278340756893158, -0.005724363029003143, 0.7948803305625916, 0.6066150069236755]","[[-0.26373501649476516, -0.9645132458152125, 0.012574654082254], [0.9642321030956674, -0.2639709951340743, -0.023996818680016574], [0.026464592156143496, 0.005796084372999388, 0.9996329480323396]]","[-0.004148957319557667, 0.009171886369585991, -0.1289234608411789]",[0.0],"[0.012278340756893158, -0.005724363029003143, 0.7948803305625916, 0.6066150069236755]",[0.44],"[-0.04508793354034424, 0.41636228561401367, -11.524825630187989]","[669.7216186523438, 669.857421875, 621.2601318359375, 621.4004516601562]"
1.6603019237518,"[-0.9311015009880066, 0.44771671295166016, -6.347978115081787]","[-0.9311015009880066, 0.44771671295166016, -6.347978115081787]","[-0.07483473420143127, 0.6385728120803833, -5.712568759918213]","[-0.07483473420143127, 0.6385728120803833, -5.712568759918213]","[0.012141423299908638, -0.0056737386621534824, 0.7937602996826172, 0.6080830693244934]","[[-0.26017520932528937, -0.9654821732034516, 0.012374550753763314], [0.9652066241522906, -0.2604056550239717, -0.023773164893936327], [0.026174968434672652, 0.005758810890769128, 0.999640789059692]]","[-0.003973891958594322, 0.007152222562581301, -0.09550847113132477]",[0.0],"[0.012141423299908638, -0.0056737386621534824, 0.7937602996826172, 0.6080830693244934]",[0.44],"[-0.04664212465286255, 0.455513596534729, -11.796169815063477]","[669.73388671875, 669.857421875, 626.7493286132812, 626.8549194335938]"
1.6913135051727,"[-0.9333587288856506, 0.46699807047843933, -6.519922733306885]","[-0.9333587288856506, 0.46699807047843933, -6.519922733306885]","[-0.07563627511262894, 0.6468247175216675, -5.750372409820557]","[-0.07563627511262894, 0.6468247175216675, -5.750372409820557]","[0.012037059292197227, -0.005646061152219772, 0.7930155396461487, 0.609056293964386]","[[-0.257811048253614, -0.9661181352118151, 0.012213611978974415], [0.9658462873203886, -0.2580370738333526, -0.023617321908475875], [0.025968688302443477, 0.005707664982464999, 0.999646462394123]]","[-0.0036813081242144108, 0.005734628532081842, -0.06833096593618393]",[0.0],"[0.012037059292197227, -0.005646061152219772, 0.7930155396461487, 0.609056293964386]",[0.44],"[-0.04007704555988312, 0.412595272064209, -11.700182495117188]","[669.7515869140625, 669.857421875, 630.3988037109375, 630.4743041992188]"
1.7223408222198,"[-0.9356393814086914, 0.4865266978740692, -6.693020343780518]","[-0.9356393814086914, 0.4865266978740692, -6.693020343780518]","[-0.07639724016189575, 0.6550524234771729, -5.789402008056641]","[-0.07639724016189575, 0.6550524234771729, -5.789402008056641]","[0.011948512867093086, -0.00563058303669095, 0.792505145072937, 0.6097221970558167]","[[-0.2561922168648201, -0.966550510651546, 0.012072332926610085], [0.9662814022760935, -0.25641434385362416, -0.023495079086423343], [0.025804698765955758, 0.005646014981071423, 0.9996510591498636]]","[-0.0033154517877846956, 0.004605249967426062, -0.04392368718981743]",[0.0],"[0.011948512867093086, -0.00563058303669095, 0.792505145072937, 0.6097221970558167]",[0.44],"[-0.03804825246334076, 0.41138529777526855, -11.7614799118042]","[669.7653198242188, 669.857421875, 634.9495849609375, 635.0010375976562]"
1.753303527832,"[-0.9381735324859619, 0.5082924365997314, -6.8847761154174805]","[-0.9381735324859619, 0.5082924365997314, -6.8847761154174805]","[-0.07716657221317291, 0.6640357375144958, -5.830837249755859]","[-0.07716657221317291, 0.6640357375144958, -5.830837249755859]","[0.012047621421515942, -0.005762776359915733, 0.7921836376190186, 0.6101367473602295]","[[-0.2551762506053499, -0.9668195514335677, 0.012055693876699802], [0.9665418404418832, -0.25540012178643345, -0.023831747374268186], [0.026120020372713437, 0.005571038815936458, 0.9996432904534188]]","[-0.0028667235746979713, -0.049447495490312576, -0.020087098702788353]",[0.0],"[0.012047621421515942, -0.005762776359915733, 0.7921836376190186, 0.6101367473602295]",[0.44],"[-0.03846660256385803, 0.4491657018661499, -11.881762084960938]","[663.7922973632812, 669.857421875, 633.3604125976562, 639.6629028320312]"
1.7843897342682,"[-0.9404996037483215, 0.5283400416374207, -7.06026029586792]","[-0.9404996037483215, 0.5283400416374207, -7.06026029586792]","[-0.0779455304145813, 0.6725742220878601, -5.868097305297852]","[-0.0779455304145813, 0.6725742220878601, -5.868097305297852]","[0.013055073097348213, -0.0064453380182385445, 0.7920747995376587, 0.6102504730224609]","[[-0.2548480608895831, -0.9668963308919847, 0.012814647664223688], [0.9665597534561239, -0.2551058459923987, -0.026144108703496594], [0.02854772996190258, 0.005723349428501612, 0.9995760453685071]]","[0.013486226089298725, -0.10657087713479996, -0.0008204103214666247]",[0.0],"[0.013055073097348213, -0.0064453380182385445, 0.7920747995376587, 0.6102504730224609]",[0.44],"[-0.03894791007041931, 0.4269242286682129, -11.67300277709961]","[666.9370727539062, 669.857421875, 639.81640625, 643.2802124023438]"
1.8153874874115,"[-0.9428542256355286, 0.5486578345298767, -7.236893653869629]","[-0.9428542256355286, 0.5486578345298767, -7.236893653869629]","[-0.0790974348783493, 0.6821134686470032, -5.907245635986328]","[-0.0790974348783493, 0.6821134686470032, -5.907245635986328]","[0.0146440789103508, -0.007501477841287851, 0.7921225428581238, 0.6101402640342712]","[[-0.2550287901476469, -0.9668314193608121, 0.014045902707102986], [0.9663920104270038, -0.25534514390230534, -0.029754063751469884], [0.032353717390025405, 0.005985704940130676, 0.9994585575661282]]","[0.007487502880394459, -0.14285603165626526, 0.016498150303959846]",[0.0],"[0.0146440789103508, -0.007501477841287851, 0.7921225428581238, 0.6101402640342712]",[0.44],"[-0.05759522318840027, 0.4769623279571533, -11.767416534423829]","[667.8477783203125, 669.8529663085938, 644.0795288085938, 644.5587158203125]"
1.8463895320892,"[-0.9454923272132874, 0.5713611245155334, -7.432546138763428]","[-0.9454923272132874, 0.5713611245155334, -7.432546138763428]","[-0.08087948709726334, 0.6940496563911438, -5.949669361114502]","[-0.08087948709726334, 0.6940496563911438, -5.949669361114502]","[0.016457462683320045, -0.008541561663150787, 0.7923458814620972, 0.6097903251647949]","[[-0.2557699082911862, -0.9666108502641737, 0.015662882224913854], [0.9660485605348594, -0.25616568789584115, -0.03360694545220255], [0.036497128880865315, 0.006535460631994283, 0.9993123872927634]]","[0.01752234250307083, -0.10119462013244629, 0.03343122452497482]",[0.0],"[0.016457462683320045, -0.008541561663150787, 0.7923458814620972, 0.6097903251647949]",[0.44],"[-0.0891026109457016, 0.5968093872070312, -11.931186256408692]","[669.8536987304688, 666.196533203125, 647.3846435546875, 645.46826171875]"
1.8783955574036,"[-0.9479492902755737, 0.5923596620559692, -7.6116180419921875]","[-0.9479492902755737, 0.5923596620559692, -7.6116180419921875]","[-0.08297863602638245, 0.7059841156005859, -5.98851203918457]","[-0.08297863602638245, 0.7059841156005859, -5.98851203918457]","[0.01764344424009323, -0.009264024905860424, 0.7926932573318481, 0.6092949509620667]","[[-0.25689684475366414, -0.9662948973216694, 0.016682631369009493], [0.9656411000942078, -0.2573477826880577, -0.03618718314339886], [0.03926072577191986, 0.00681306282887939, 0.9992057734357807]]","[0.009344151243567467, -0.0868825688958168, 0.04711903631687164]",[0.0],"[0.01764344424009323, -0.009264024905860424, 0.7926932573318481, 0.6092949509620667]",[0.44],"[-0.1049574464559555, 0.5967229604721069, -11.752133903503418]","[669.857421875, 669.5653686523438, 651.1676025390625, 650.0990600585938]"
1.9093873500824,"[-0.9507306218147278, 0.6158865094184875, -7.80992317199707]","[-0.9507306218147278, 0.6158865094184875, -7.80992317199707]","[-0.08561354875564575, 0.7199454307556152, -6.027212142944336]","[-0.08561354875564575, 0.7199454307556152, -6.027212142944336]","[0.01912851072847843, -0.010174251161515713, 0.7932053804397583, 0.6085687279701233]","[[-0.25855658189055863, -0.9658292153315574, 0.017962213084433132], [0.9650507422415683, -0.2590813509625425, -0.0394225684105054], [0.0427291374340818, 0.007141485357466504, 0.9990611693812258]]","[0.018183188512921333, -0.16855724155902863, 0.060453541576862335]",[0.0],"[0.01912851072847843, -0.010174251161515713, 0.7932053804397583, 0.6085687279701233]",[0.44],"[-0.13174563646316528, 0.6980657577514648, -11.745005187988282]","[651.1212158203125, 669.8570556640625, 635.97802734375, 651.073974609375]"
1.9393954277039,"[-0.953339159488678, 0.6376868486404419, -7.9911088943481445]","[-0.953339159488678, 0.6376868486404419, -7.9911088943481445]","[-0.08849378675222397, 0.7338693141937256, -6.053041934967041]","[-0.08849378675222397, 0.7338693141937256, -6.053041934967041]","[0.022998051717877388, -0.012451439164578915, 0.7937197089195251, 0.607721209526062]","[[-0.26029202932913, -0.9652933207422334, 0.021374006491583497], [0.9641478853747574, -0.2610397734202279, -0.04771871295214025], [0.051642021169335806, 0.008186902274785246, 0.9986321025598253]]","[0.04816960543394089, -0.39706775546073914, 0.07131823897361755]",[0.0],"[0.022998051717877388, -0.012451439164578915, 0.7937197089195251, 0.607721209526062]",[0.44],"[-0.14401189982891083, 0.6961941719055176, -11.101489601135254]","[661.4989624023438, 669.857421875, 645.6585083007812, 654.617431640625]"
1.9713881015778,"[-0.9560546278953552, 0.6599544882774353, -8.17315673828125]","[-0.9560546278953552, 0.6599544882774353, -8.17315673828125]","[-0.09275907278060913, 0.7511696815490723, -6.08298921585083]","[-0.09275907278060913, 0.7511696815490723, -6.08298921585083]","[0.027562150731682777, -0.015226146206259727, 0.7942892909049988, 0.6067232489585876]","[[-0.2622546263493204, -0.9646668890553863, 0.025308528530209262], [0.9629882277081881, -0.2633102995986436, -0.05763312502719753], [0.062260756111730764, 0.009257265533654024, 0.9980169846374992]]","[0.058280616998672485, -0.281839519739151, 0.08115924894809723]",[0.0],"[0.027562150731682777, -0.015226146206259727, 0.7942892909049988, 0.6067232489585876]",[0.44],"[-0.21326430141925812, 0.865018367767334, -11.307364044189454]","[666.6220703125, 667.6985473632812, 660.78759765625, 646.0166625976562]"
2.0034208297729,"[-0.95920729637146, 0.6850845217704773, -8.374146461486816]","[-0.95920729637146, 0.6850845217704773, -8.374146461486816]","[-0.09844423085451126, 0.7715522646903992, -6.085471153259277]","[-0.09844423085451126, 0.7715522646903992, -6.085471153259277]","[0.03475269675254822, -0.015610004775226116, 0.7950302958488464, 0.6053721904754639]","[[-0.2646336871331738, -0.963663442909263, 0.03635916799322514], [0.961493483860226, -0.26656184249815773, -0.06689748574533916], [0.07415861912966948, 0.01725577888673946, 0.9970971556386857]]","[0.6075096130371094, -0.5565589070320129, 0.09048998355865479]",[0.0],"[0.03475269675254822, -0.015610004775226116, 0.7950302958488464, 0.6053721904754639]",[0.44],"[-0.2842579036951065, 1.0191291570663452, -9.934096870422364]","[595.4275512695312, 669.8545532226562, 630.63232421875, 613.7565307617188]"
2.0344243049622,"[-0.9623070359230042, 0.7085533738136292, -8.556807518005371]","[-0.9623070359230042, 0.7085533738136292, -8.556807518005371]","[-0.10972161591053009, 0.7937690019607544, -6.093739986419678]","[-0.10972161591053009, 0.7937690019607544, -6.093739986419678]","[0.049133338034152985, -0.012153884395956993, 0.7956602573394775, 0.6036248803138733]","[[-0.26644592403086786, -0.9617549770350047, 0.06351411474068702], [0.9593663333931863, -0.2709786600318038, -0.07865693615289615], [0.09285966279611979, 0.039975485008250544, 0.9948763963754227]]","[0.7406503558158875, -0.5660346150398254, 0.09923194348812103]",[0.0],"[0.049133338034152985, -0.012153884395956993, 0.7956602573394775, 0.6036248803138733]",[0.44],"[-0.5638692528009415, 1.1108368635177612, -10.22344165802002]","[669.5734252929688, 634.3063354492188, 643.003173828125, 640.7294921875]"
2.0654575824738,"[-0.9662637114524841, 0.7352052927017212, -8.758073806762695]","[-0.9662637114524841, 0.7352052927017212, -8.758073806762695]","[-0.131887286901474, 0.8223701119422913, -6.108790874481201]","[-0.131887286901474, 0.8223701119422913, -6.108790874481201]","[0.06142883002758026, -0.008312965743243694, 0.79638671875, 0.6016025543212891]","[[-0.26860182240167996, -0.9592378799744337, 0.08784000591439067], [0.9571952569357665, -0.2760106139198979, -0.08715215312980717], [0.10784441161487379, 0.06067081108443517, 0.9923147868839887]]","[0.6171632409095764, -0.39243030548095703, 0.10745247453451157]",[0.0],"[0.06142883002758026, -0.008312965743243694, 0.79638671875, 0.6016025543212891]",[0.44],"[-1.1082835495471954, 1.4300554990768433, -10.562544403076172]","[669.5847778320312, 667.3070678710938, 661.4288940429688, 656.4471435546875]"
2.0964496135712,"[-0.9706182479858398, 0.760301947593689, -8.941617965698242]","[-0.9706182479858398, 0.760301947593689, -8.941617965698242]","[-0.15927357971668243, 0.8508214354515076, -6.124660968780518]","[-0.15927357971668243, 0.8508214354515076, -6.124660968780518]","[0.07148245722055435, -0.005262160208076239, 0.7970327734947205, 0.5996677875518799]","[[-0.27057786470948364, -0.9566620640597583, 0.10763662632999105], [0.9551574554919122, -0.2807419674299494, -0.09411968223087658], [0.12025881820887352, 0.07734322565001034, 0.9897251359593123]]","[0.5110511779785156, -0.4797710180282593, 0.11399377137422562]",[0.0],"[0.07148245722055435, -0.005262160208076239, 0.7970327734947205, 0.5996677875518799]",[0.44],"[-1.3693146407604218, 1.4225661754608154, -10.60350471496582]","[666.017822265625, 668.1598510742188, 648.3839721679688, 669.2098388671875]"
2.1284487247467,"[-0.9764023423194885, 0.7888798117637634, -9.143399238586426]","[-0.9764023423194885, 0.7888798117637634, -9.143399238586426]","[-0.19294923543930054, 0.8821564316749573, -6.10596227645874]","[-0.19294923543930054, 0.8821564316749573, -6.10596227645874]","[0.08778956532478333, -0.0033137104474008083, 0.7973006963729858, 0.5971546769142151]","[[-0.27139876222755466, -0.9528054978917572, 0.13603176775225317], [0.9516418610925991, -0.2867908164335251, -0.11013194633050294], [0.14394695851867273, 0.09956385174133853, 0.9845640230863127]]","[0.9498730897903442, -0.8472073078155518, 0.12080390006303787]",[0.0],"[0.08778956532478333, -0.0033137104474008083, 0.7973006963729858, 0.5971546769142151]",[0.44],"[-1.6837827861309052, 1.5667498111724854, -8.875065383911133]","[649.819580078125, 668.9972534179688, 663.872802734375, 641.0582275390625]"
2.1594488620758,"[-0.9827878475189209, 0.8158482909202576, -9.326478958129883]","[-0.9827878475189209, 0.8158482909202576, -9.326478958129883]","[-0.2338762730360031, 0.9158869385719299, -6.094747066497803]","[-0.2338762730360031, 0.9158869385719299, -6.094747066497803]","[0.10550214350223541, 0.0014751023845747113, 0.797337532043457, 0.5942391157150269]","[[-0.2714986318643917, -0.9473070470088958, 0.16999476452393167], [0.9479295528627274, -0.2937556845774343, -0.12303469193196004], [0.16648851037753645, 0.1277393099112729, 0.9777342435787775]]","[0.8682623505592346, -0.624636173248291, 0.12713219225406647]",[0.0],"[0.10550214350223541, 0.0014751023845747113, 0.797337532043457, 0.5942391157150269]",[0.44],"[-2.046351879835129, 1.6865253448486328, -9.249239501953125]","[669.8223266601562, 637.9081420898438, 645.1377563476562, 651.5857543945312]"
2.1894574165344,"[-0.9905351996421814, 0.8438720703125, -9.50912857055664]","[-0.9905351996421814, 0.8438720703125, -9.50912857055664]","[-0.28454500436782837, 0.9532220363616943, -6.084722995758057]","[-0.28454500436782837, 0.9532220363616943, -6.084722995758057]","[0.11884520202875137, 0.0052071865648031235, 0.7975098490715027, 0.5914615392684937]","[[-0.27209814831594326, -0.9421551075486392, 0.19572013942739686], [0.944630504105821, -0.30029228282261133, -0.1322791671104342], [0.18340073710389015, 0.14889029739596737, 0.9716974063256492]]","[0.6839830279350281, -0.5296221375465393, 0.13197050988674164]",[0.0],"[0.11884520202875137, 0.0052071865648031235, 0.7975098490715027, 0.5914615392684937]",[0.44],"[-2.533436566591263, 1.8667548894882202, -9.308796463012696]","[669.857177734375, 665.339599609375, 661.6630249023438, 663.3424682617188]"
2.2214500904083,"[-1.0009393692016602, 0.8760361671447754, -9.709640502929688]","[-1.0009393692016602, 0.8760361671447754, -9.709640502929688]","[-0.3460232615470886, 0.995798647403717, -6.0612568855285645]","[-0.3460232615470886, 0.995798647403717, -6.0612568855285645]","[0.1307433694601059, 0.007152374368160963, 0.797721266746521, 0.588638961315155]","[[-0.27282075175755294, -0.9372693847042968, 0.21701386504687098], [0.9410098868024306, -0.3069060961549117, -0.14251008011325117], [0.20017320017082535, 0.16533248467811001, 0.9657100297662319]]","[0.29288047552108765, -0.45796290040016174, 0.13620717823505402]",[0.0],"[0.1307433694601059, 0.007152374368160963, 0.797721266746521, 0.588638961315155]",[0.44],"[-3.0739128589630127, 2.1288305521011353, -8.636694488525391]","[669.857421875, 631.7040405273438, 634.77734375, 658.7318725585938]"
2.2524490356445,"[-1.0121911764144897, 0.9065110087394714, -9.891027450561523]","[-1.0121911764144897, 0.9065110087394714, -9.891027450561523]","[-0.40434810519218445, 1.0363689661026, -6.030680179595947]","[-0.40434810519218445, 1.0363689661026, -6.030680179595947]","[0.13701826333999634, 0.003259415039792657, 0.7979540824890137, 0.586928129196167]","[[-0.27348268309457047, -0.9357901948629281, 0.22249464995856838], [0.9375765924159547, -0.31100944449918444, -0.15563801886064632], [0.21484248047225096, 0.1660414730107609, 0.9624307434497796]]","[-0.16750499606132507, -0.5828763842582703, 0.13889069855213165]",[0.0],"[0.13701826333999634, 0.003259415039792657, 0.7979540824890137, 0.586928129196167]",[0.44],"[-2.9162421822547913, 2.028515934944153, -8.281164703369141]","[650.4440307617188, 649.418701171875, 621.9251098632812, 669.8049926757812]"
2.2824554443359,"[-1.0252130031585693, 0.9382739067077637, -10.071521759033203]","[-1.0252130031585693, 0.9382739067077637, -10.071521759033203]","[-0.4647979438304901, 1.0830837488174438, -6.007065296173096]","[-0.4647979438304901, 1.0830837488174438, -6.007065296173096]","[0.14293017983436584, -0.007131625898182392, 0.7976540923118591, 0.5858908295631409]","[[-0.27260582213961504, -0.9367150848423358, 0.21966097729226364], [0.9326377865537814, -0.3133621745786801, -0.17886010443057587], [0.23637439414674388, 0.15610582210048618, 0.9590402072091284]]","[-0.3525451123714447, -0.7843337059020996, 0.14063021540641785]",[0.0],"[0.14293017983436584, -0.007131625898182392, 0.7976540923118591, 0.5858908295631409]",[0.44],"[-3.022491931915283, 2.3357391357421875, -8.629255828857422]","[664.7942504882812, 667.1527709960938, 665.3796997070312, 659.7754516601562]"
2.3134503364563,"[-1.04007089138031, 0.971568763256073, -10.251458168029785]","[-1.04007089138031, 0.971568763256073, -10.251458168029785]","[-0.5254654288291931, 1.1375832557678223, -5.987828731536865]","[-0.5254654288291931, 1.1375832557678223, -5.987828731536865]","[0.1483704149723053, -0.01715615577995777, 0.7973431348800659, 0.5847527980804443]","[[-0.27210081684303433, -0.937588190207507, 0.21654004340167976], [0.9274063263978997, -0.31553970955885013, -0.20087871667898893], [0.25666848378821694, 0.14616134455065977, 0.9553837725595995]]","[-0.3119869530200958, -0.5763196349143982, 0.142206072807312]",[0.0],"[0.1483704149723053, -0.01715615577995777, 0.7973431348800659, 0.5847527980804443]",[0.44],"[-3.03337424993515, 2.724975347518921, -8.848171768188477]","[669.8185424804688, 653.2504272460938, 660.980224609375, 656.0148315429688]"
2.3444535732269,"[-1.0585137605667114, 1.0102107524871826, -10.448783874511719]","[-1.0585137605667114, 1.0102107524871826, -10.448783874511719]","[-0.5923318862915039, 1.205826997756958, -5.972876071929932]","[-0.5923318862915039, 1.205826997756958, -5.972876071929932]","[0.15192896127700806, -0.0271909236907959, 0.7972820401191711, 0.5835406184196472]","[[-0.2727959956554926, -0.9387550870770482, 0.21052644754838212], [0.9222307319070282, -0.3174821215425965, -0.22067111026472475], [0.273994481252096, 0.13395576981303492, 0.9523564887882614]]","[-0.34209558367729187, -0.4925292134284973, 0.1438676416873932]",[0.0],"[0.15192896127700806, -0.0271909236907959, 0.7972820401191711, 0.5835406184196472]",[0.44],"[-3.3433228731155396, 3.412187099456787, -9.06236701965332]","[668.1854248046875, 666.2915649414062, 669.5880737304688, 659.198486328125]"
2.3764488697052,"[-1.077172875404358, 1.0473850965499878, -10.62775993347168]","[-1.077172875404358, 1.0473850965499878, -10.62775993347168]","[-0.6511901617050171, 1.2730536460876465, -5.95806360244751]","[-0.6511901617050171, 1.2730536460876465, -5.95806360244751]","[0.1543903648853302, -0.03509148210287094, 0.7973827123641968, 0.5823341012001038]","[[-0.27410120418691886, -0.9395218636866693, 0.20534648245001552], [0.9178507167817522, -0.31931114949341755, -0.23577623109904344], [0.28708634921063503, 0.12385086637877585, 0.949864406228797]]","[-0.2933875024318695, -0.3891940116882324, 0.1422431915998459]",[0.0],"[0.1543903648853302, -0.03509148210287094, 0.7973827123641968, 0.5823341012001038]",[0.44],"[-2.942913770675659, 3.361332416534424, -9.069376525878907]","[659.9222412109375, 656.392822265625, 669.8571166992188, 666.4913330078125]"
2.4079582691193,"[-1.0997000932693481, 1.0906769037246704, -10.824076652526855]","[-1.0997000932693481, 1.0906769037246704, -10.824076652526855]","[-0.7136703133583069, 1.3514058589935303, -5.939368724822998]","[-0.7136703133583069, 1.3514058589935303, -5.939368724822998]","[0.15624159574508667, -0.043084606528282166, 0.7975525856018066, 0.5810698866844177]","[[-0.275892820239648, -0.9403307964330683, 0.19915144246362892], [0.9134043657289563, -0.3210031260821964, -0.25029905134251607], [0.2992921121965555, 0.11285009399744439, 0.947464560878664]]","[-0.3208637535572052, -0.36365288496017456, 0.1334136575460434]",[0.0],"[0.15624159574508667, -0.043084606528282166, 0.7975525856018066, 0.5810698866844177]",[0.44],"[-3.1240075826644897, 3.9176106452941895, -8.875256118774415]","[653.3795776367188, 654.6915893554688, 669.6883544921875, 662.4797973632812]"
2.4395079612732,"[-1.121923804283142, 1.1323199272155762, -11.00192642211914]","[-1.121923804283142, 1.1323199272155762, -11.00192642211914]","[-0.7675450444221497, 1.4252430200576782, -5.9166259765625]","[-0.7675450444221497, 1.4252430200576782, -5.9166259765625]","[0.15775258839130402, -0.049503959715366364, 0.7977118492126465, 0.5799303650856018]","[[-0.2775896728035212, -0.940853403455437, 0.1942645191455865], [0.9096158923325655, -0.32246014703683246, -0.26195082285372173], [0.30909991686924787, 0.1039912418621487, 0.9453269576566864]]","[-0.2190992683172226, -0.2872851490974426, 0.1251906454563141]",[0.0],"[0.15775258839130402, -0.049503959715366364, 0.7977118492126465, 0.5799303650856018]",[0.44],"[-2.6937365531921387, 3.6918580532073975, -8.672862586975098]","[653.8621215820312, 652.1256103515625, 669.8560791015625, 659.0243530273438]"
2.4715437889099,"[-1.148227334022522, 1.1807656288146973, -11.1968412399292]","[-1.148227334022522, 1.1807656288146973, -11.1968412399292]","[-0.8264646530151367, 1.5115439891815186, -5.896681308746338]","[-0.8264646530151367, 1.5115439891815186, -5.896681308746338]","[0.15902549028396606, -0.05491868406534195, 0.7980327606201172, 0.5786523818969727]","[[-0.2797446977648681, -0.9410340568477773, 0.19025744735044725], [0.9061001742108123, -0.3242907871660421, -0.27169477557887944], [0.317372756730677, 0.09638713936172394, 0.9433896631609507]]","[-0.19029952585697174, -0.22762291133403778, 0.11704064905643463]",[0.0],"[0.15902549028396606, -0.05491868406534195, 0.7980327606201172, 0.5786523818969727]",[0.44],"[-2.945980429649353, 4.315048456192017, -8.812766609191895]","[657.6677856445312, 657.1276245117188, 669.857421875, 665.1679077148438]"
2.5025951862335,"[-1.1738123893737793, 1.227325201034546, -11.3734769821167]","[-1.1738123893737793, 1.227325201034546, -11.3734769821167]","[-0.879061222076416, 1.5928128957748413, -5.878995418548584]","[-0.879061222076416, 1.5928128957748413, -5.878995418548584]","[0.15993539988994598, -0.05900537595152855, 0.7983803153038025, 0.577518880367279]","[[-0.2817855245115606, -0.9410335083999831, 0.18722511267439534], [0.9032853148061258, -0.32598092000511203, -0.27894888746467084], [0.3235319872951039, 0.09051396483746776, 0.9418780669417237]]","[-0.15414613485336304, -0.1841028928756714, 0.11052846908569336]",[0.0],"[0.15993539988994598, -0.05900537595152855, 0.7983803153038025, 0.577518880367279]",[0.44],"[-2.629828453063965, 4.063445329666138, -8.925705490112305]","[659.8768310546875, 658.136474609375, 669.857421875, 665.68359375]"
2.5345928668976,"[-1.203765869140625, 1.2814010381698608, -11.567178726196289]","[-1.203765869140625, 1.2814010381698608, -11.567178726196289]","[-0.9360967874526978, 1.6848158836364746, -5.86026668548584]","[-0.9360967874526978, 1.6848158836364746, -5.86026668548584]","[0.16064871847629547, -0.06267514079809189, 0.798831045627594, 0.5763096809387207]","[[-0.2841184254650715, -0.9408854921582364, 0.1844217867260287], [0.900610767960097, -0.3278781004131024, -0.28530051989376926], [0.32890294831057965, 0.08503312685938358, 0.9405276319557266]]","[-0.12047219276428223, -0.1447422355413437, 0.10422287881374359]",[0.0],"[0.16064871847629547, -0.06267514079809189, 0.798831045627594, 0.5763096809387207]",[0.44],"[-2.851778268814087, 4.600149393081665, -8.873563346862793]","[660.0822143554688, 660.1907958984375, 669.857421875, 665.7802124023438]"
2.5655989646912,"[-1.2326202392578125, 1.3332271575927734, -11.742746353149414]","[-1.2326202392578125, 1.3332271575927734, -11.742746353149414]","[-0.9873996376991272, 1.770471215248108, -5.844142913818359]","[-0.9873996376991272, 1.770471215248108, -5.844142913818359]","[0.16114766895771027, -0.06539097428321838, 0.7992862462997437, 0.5752364993095398]","[[-0.286268966083286, -0.9406324506886827, 0.18237568057608655], [0.8984820383822258, -0.3296541494688765, -0.2899282546796851], [0.3328367811085613, 0.08086382917281831, 0.9395108985435754]]","[-0.108058400452137, -0.11597514897584915, 0.0991690382361412]",[0.0],"[0.16114766895771027, -0.06539097428321838, 0.7992862462997437, 0.5752364993095398]",[0.44],"[-2.565142512321472, 4.282766580581665, -9.003811416625977]","[662.2097778320312, 661.0255126953125, 669.857421875, 667.3599243164062]"
2.5967402458191,"[-1.266119122505188, 1.3932174444198608, -11.935275077819824]","[-1.266119122505188, 1.3932174444198608, -11.935275077819824]","[-1.0426554679870605, 1.865423560142517, -5.8239545822143555]","[-1.0426554679870605, 1.865423560142517, -5.8239545822143555]","[0.16132324934005737, -0.06765444576740265, 0.7998748421669006, 0.5741062760353088]","[[-0.28875377432723726, -0.9402548039085357, 0.1803951333739473], [0.8965978638145433, -0.33164990781831705, -0.29346355809325253], [0.3357585010409725, 0.0770032015728912, 0.9387953703805425]]","[-0.07202418148517609, -0.05556394159793854, 0.09429848939180374]",[0.0],"[0.16132324934005737, -0.06765444576740265, 0.7998748421669006, 0.5741062760353088]",[0.44],"[-2.7627915143966675, 4.747617244720459, -8.800583419799805]","[662.264892578125, 660.0504150390625, 669.857421875, 664.6854858398438]"
2.6287548542023,"[-1.2981507778167725, 1.4504947662353516, -12.109746932983398]","[-1.2981507778167725, 1.4504947662353516, -12.109746932983398]","[-1.092746615409851, 1.9532086849212646, -5.807717323303223]","[-1.092746615409851, 1.9532086849212646, -5.807717323303223]","[0.1611519455909729, -0.06900075823068619, 0.8005056381225586, 0.5731140375137329]","[[-0.2911407626048286, -0.9398012495061083, 0.1789154757977922], [0.8953228237615987, -0.33355845246752125, -0.29518787637846344], [0.3370966883621822, 0.07424589238488011, 0.938537891591669]]","[-0.058148715645074844, -0.03536003828048706, 0.0903833732008934]",[0.0],"[0.1611519455909729, -0.06900075823068619, 0.8005056381225586, 0.5731140375137329]",[0.44],"[-2.5045573711395264, 4.389256238937378, -8.99813705444336]","[663.4892578125, 664.8707275390625, 669.857421875, 669.2716674804688]"
2.6597476005554,"[-1.3351155519485474, 1.5165550708770752, -12.301119804382324]","[-1.3351155519485474, 1.5165550708770752, -12.301119804382324]","[-1.1473804712295532, 2.0503621101379395, -5.790042877197266]","[-1.1473804712295532, 2.0503621101379395, -5.790042877197266]","[0.161075621843338, -0.07020046561956406, 0.8011916279792786, 0.572030246257782]","[[-0.2936722602345805, -0.9392268558120462, 0.17779130011333688], [0.8939965211985936, -0.33570676139260947, -0.2967683059276238], [0.3384184586564176, 0.07179220458905622, 0.9382530773491567]]","[-0.03780709579586983, -0.031206583604216576, 0.08657944202423096]",[0.0],"[0.161075621843338, -0.07020046561956406, 0.8011916279792786, 0.572030246257782]",[0.44],"[-2.7316927909851074, 4.85767126083374, -8.926277694702149]","[664.4295654296875, 663.6580200195312, 669.857421875, 667.6558837890625]"
2.6907479763031,"[-1.3702744245529175, 1.5793896913528442, -12.474560737609863]","[-1.3702744245529175, 1.5793896913528442, -12.474560737609863]","[-1.196414589881897, 2.1385183334350586, -5.772313117980957]","[-1.196414589881897, 2.1385183334350586, -5.772313117980957]","[0.1608818918466568, -0.07092022895812988, 0.801851212978363, 0.5710710287094116]","[[-0.29599009326069137, -0.9386475553448506, 0.17700570403213867], [0.8930084329249226, -0.337696701758063, -0.29748491818473255], [0.3390076564618436, 0.07001503172561385, 0.9381746760007341]]","[-0.027074461802840233, 0.003890211461111903, 0.08353956043720245]",[0.0],"[0.1608818918466568, -0.07092022895812988, 0.801851212978363, 0.5710710287094116]",[0.44],"[-2.4517059326171875, 4.407811164855957, -8.92351203918457]","[664.982666015625, 663.5703125, 669.857421875, 667.1544799804688]"
2.7217564582825,"[-1.4068983793258667, 1.6448681354522705, -12.6474609375]","[-1.4068983793258667, 1.6448681354522705, -12.6474609375]","[-1.245003342628479, 2.2264435291290283, -5.753737449645996]","[-1.245003342628479, 2.2264435291290283, -5.753737449645996]","[0.16035301983356476, -0.0711880624294281, 0.8025838732719421, 0.570156455039978]","[[-0.29841722773729806, -0.9380271936872893, 0.17621682886589518], [0.8923663105406527, -0.339707929211873, -0.2971214004371916], [0.33857016212960467, 0.06858383693585068, 0.9384383375956005]]","[-0.01657743565738201, 0.04878095164895058, 0.0808463990688324]",[0.0],"[0.16035301983356476, -0.0711880624294281, 0.8025838732719421, 0.570156455039978]",[0.44],"[-2.4294376373291016, 4.396259784698486, -8.881216583251954]","[666.4619140625, 661.3945922851562, 669.857421875, 665.409912109375]"
2.7537891864777,"[-1.44886314868927, 1.719936490058899, -12.837013244628906]","[-1.44886314868927, 1.719936490058899, -12.837013244628906]","[-1.2982118129730225, 2.3230183124542236, -5.734275817871094]","[-1.2982118129730225, 2.3230183124542236, -5.734275817871094]","[0.15914157032966614, -0.07105830311775208, 0.8034844398498535, 0.5692429542541504]","[[-0.3012730550456144, -0.9373723723609846, 0.17483667420424354], [0.8921390525885027, -0.3418265689756499, -0.29536891703270385], [0.3366344277683879, 0.06699195352371135, 0.9392493563020672]]","[-0.02112741209566593, 0.06167208403348923, 0.0782298669219017]",[0.0],"[0.15914157032966614, -0.07105830311775208, 0.8034844398498535, 0.5692429542541504]",[0.44],"[-2.660423517227173, 4.828739166259766, -8.836918411254883]","[663.5693969726562, 667.929931640625, 668.1765747070312, 669.8378295898438]"
2.7847476005554,"[-1.4885317087173462, 1.790940761566162, -13.008790016174316]","[-1.4885317087173462, 1.790940761566162, -13.008790016174316]","[-1.346265435218811, 2.4104394912719727, -5.717264652252197]","[-1.346265435218811, 2.4104394912719727, -5.717264652252197]","[0.15840822458267212, -0.07097429782152176, 0.8042420148849487, 0.5683873295783997]","[[-0.3036851389149202, -0.9367277673682333, 0.17411531621047782], [0.891756117332597, -0.34379676824327277, -0.294235480077651], [0.33547888264038495, 0.06591343093755064, 0.9397389668666153]]","[-0.008413410745561123, 0.041171323508024216, 0.07612580060958862]",[0.0],"[0.15840822458267212, -0.07097429782152176, 0.8042420148849487, 0.5683873295783997]",[0.44],"[-2.4026811122894287, 4.371058940887451, -8.959441719055176]","[667.4136962890625, 664.8258056640625, 668.1328125, 669.8119506835938]"
2.8157532215118,"[-1.5338249206542969, 1.872063159942627, -13.197142601013184]","[-1.5338249206542969, 1.872063159942627, -13.197142601013184]","[-1.3986480236053467, 2.5059103965759277, -5.697868824005127]","[-1.3986480236053467, 2.5059103965759277, -5.697868824005127]","[0.1575564593076706, -0.07105924189090729, 0.805030882358551, 0.567496120929718]","[[-0.3062482748181954, -0.936095491041049, 0.17302394265689358], [0.8913121208273744, -0.34579751884111376, -0.29323512736738166], [0.3343273191740792, 0.06441559057071444, 0.9402530925446397]]","[-0.018199481070041656, 0.03923984244465828, 0.07408728450536728]",[0.0],"[0.1575564593076706, -0.07105924189090729, 0.805030882358551, 0.567496120929718]",[0.44],"[-2.6191294193267822, 4.773545265197754, -8.840208587646485]","[665.7633666992188, 667.8316040039062, 669.7488403320312, 669.0316162109375]"
2.8477535247803,"[-1.5764950513839722, 1.948539137840271, -13.367817878723145]","[-1.5764950513839722, 1.948539137840271, -13.367817878723145]","[-1.4459205865859985, 2.5923142433166504, -5.6802449226379395]","[-1.4459205865859985, 2.5923142433166504, -5.6802449226379395]","[0.15701884031295776, -0.0710117369890213, 0.8057282567024231, 0.5666607618331909]","[[-0.3084813808778475, -0.9354495367282976, 0.17254990298699724], [0.890848814365798, -0.3477058797239039, -0.2923851574469598], [0.3335081629121852, 0.06352050524865938, 0.9406048339931519]]","[-0.0024826060980558395, 0.030602537095546722, 0.07245098799467087]",[0.0],"[0.15701884031295776, -0.0710117369890213, 0.8057282567024231, 0.5666607618331909]",[0.44],"[-2.3636281490325928, 4.320192337036133, -8.928804931640625]","[667.2788696289062, 667.1716918945312, 669.1681518554688, 669.82470703125]"
2.8787615299225,"[-1.625065565109253, 2.035649061203003, -13.554945945739746]","[-1.625065565109253, 2.035649061203003, -13.554945945739746]","[-1.4976485967636108, 2.686870813369751, -5.66056489944458]","[-1.4976485967636108, 2.686870813369751, -5.66056489944458]","[0.15651275217533112, -0.07098160684108734, 0.8064674139022827, 0.5657524466514587]","[[-0.31085615639195696, -0.934740878400834, 0.17212883350394215], [0.8903027718387304, -0.3497718625594648, -0.2915836507582146], [0.3327609044543305, 0.06260623914317343, 0.9409307397935214]]","[-2.8102309443056583e-05, 0.02661087177693844, 0.07086342573165894]",[0.0],"[0.15651275217533112, -0.07098160684108734, 0.8064674139022827, 0.5657524466514587]",[0.44],"[-2.5864005088806152, 4.727828502655029, -8.825998840332032]","[667.0565185546875, 668.2006225585938, 669.8472900390625, 669.3892822265625]"
2.9097473621368,"[-1.6706972122192383, 2.1175386905670166, -13.724488258361816]","[-1.6706972122192383, 2.1175386905670166, -13.724488258361816]","[-1.5443623065948486, 2.772233247756958, -5.641843318939209]","[-1.5443623065948486, 2.772233247756958, -5.641843318939209]","[0.15611965954303741, -0.07084479928016663, 0.8071361780166626, 0.5649237632751465]","[[-0.3129755908967855, -0.9340613462094121, 0.17197582939801137], [0.8898202824333543, -0.35168431591835914, -0.29075421222727726], [0.33206347186930785, 0.062028610133872064, 0.941215332638238]]","[0.0056132846511900425, 0.03589684143662453, 0.06959208101034164]",[0.0],"[0.15611965954303741, -0.07084479928016663, 0.8071361780166626, 0.5649237632751465]",[0.44],"[-2.3356854915618896, 4.268121719360352, -8.873920974731446]","[668.0403442382812, 667.8656616210938, 669.7146606445312, 669.6343994140625]"
2.9417474269867,"[-1.7225078344345093, 2.210566520690918, -13.910333633422852]","[-1.7225078344345093, 2.210566520690918, -13.910333633422852]","[-1.595571517944336, 2.8656091690063477, -5.621012210845947]","[-1.595571517944336, 2.8656091690063477, -5.621012210845947]","[0.15567190945148468, -0.07063482701778412, 0.8078689575195312, 0.5640254616737366]","[[-0.31528306262305295, -0.9333090402649353, 0.17184532456939117], [0.8893256066824002, -0.35377199183193087, -0.2897332093308709], [0.331204688245192, 0.06147847306115217, 0.9415539556397929]]","[0.009235026314854622, 0.02532368153333664, 0.06835871934890747]",[0.0],"[0.15567190945148468, -0.07063482701778412, 0.8078689575195312, 0.5640254616737366]",[0.44],"[-2.5604605674743652, 4.668796062469482, -8.768444595336915]","[667.8494873046875, 668.6537475585938, 669.6614990234375, 669.857177734375]"
2.9727461338043,"[-1.7710728645324707, 2.297804594039917, -14.078683853149414]","[-1.7710728645324707, 2.297804594039917, -14.078683853149414]","[-1.6420120000839233, 2.950057029724121, -5.601882457733154]","[-1.6420120000839233, 2.950057029724121, -5.601882457733154]","[0.15540890395641327, -0.07046090811491013, 0.8085089921951294, 0.5632019639015198]","[[-0.3173030600655231, -0.9326082094764943, 0.17193154897469487], [0.8888071994688473, -0.355677435778635, -0.28898975545034844], [0.3306664362891025, 0.06111664421379004, 0.941766665997377]]","[0.011867167428135872, 0.023165011778473854, 0.06737016886472702]",[0.0],"[0.15540890395641327, -0.07046090811491013, 0.8085089921951294, 0.5632019639015198]",[0.44],"[-2.32202410697937, 4.222393035888672, -8.853512344360352]","[668.44091796875, 668.4908447265625, 669.85546875, 669.8139038085938]"
3.0037460327148,"[-1.8210293054580688, 2.387568712234497, -14.246450424194336]","[-1.8210293054580688, 2.387568712234497, -14.246450424194336]","[-1.6883224248886108, 3.0340077877044678, -5.582212448120117]","[-1.6883224248886108, 3.0340077877044678, -5.582212448120117]","[0.1551843285560608, -0.07027902454137802, 0.8091378808021545, 0.5623830556869507]","[[-0.3192865028789784, -0.931903274225216, 0.17208357233855587], [0.8882784612851014, -0.35757257195679415, -0.2882769157406768], [0.33017850262766935, 0.06081523181166393, 0.9419573657602339]]","[0.0141504080966115, 0.01933303475379944, 0.06649404019117355]",[0.0],"[0.1551843285560608, -0.07027902454137802, 0.8091378808021545, 0.5623830556869507]",[0.44],"[-2.315521240234375, 4.197537899017334, -8.826499519348145]","[668.3456420898438, 668.822265625, 669.706787109375, 669.857421875]"
3.0347473621368,"[-1.8775842189788818, 2.4892096519470215, -14.430301666259766]","[-1.8775842189788818, 2.4892096519470215, -14.430301666259766]","[-1.7391514778137207, 3.12581205368042, -5.559991836547852]","[-1.7391514778137207, 3.12581205368042, -5.559991836547852]","[0.15501411259174347, -0.07008181512355804, 0.8098129630088806, 0.5614821314811707]","[[-0.3214169917364704, -0.9311183579030113, 0.1723655017849346], [0.8876636763822234, -0.35965282031965673, -0.28758163341184684], [0.32976424951951344, 0.060568983978850355, 0.9421183281727634]]","[0.015907568857073784, 0.0164002925157547, 0.06564498692750931]",[0.0],"[0.15501411259174347, -0.07008181512355804, 0.8098129630088806, 0.5614821314811707]",[0.44],"[-2.541452646255493, 4.590213298797607, -8.69896942138672]","[668.6844482421875, 668.8707885742188, 669.7953491210938, 669.857421875]"
3.0657539367676,"[-1.930450677871704, 2.584230422973633, -14.596787452697754]","[-1.930450677871704, 2.584230422973633, -14.596787452697754]","[-1.7851718664169312, 3.2086093425750732, -5.538665294647217]","[-1.7851718664169312, 3.2086093425750732, -5.538665294647217]","[0.15483564138412476, -0.0698593482375145, 0.8104276061058044, 0.5606717467308044]","[[-0.32334646654911037, -0.9304011570104764, 0.1726298307699805], [0.8871342890463465, -0.3615339611624364, -0.28685582773452456], [0.3293024819771917, 0.06039205030956207, 0.9422911912419928]]","[0.0173192135989666, 0.027970656752586365, 0.06496582925319672]",[0.0],"[0.15483564138412476, -0.0698593482375145, 0.8104276061058044, 0.5606717467308044]",[0.44],"[-2.3010194301605225, 4.139864444732666, -8.743672904968262]","[668.8319702148438, 668.044677734375, 669.8565063476562, 668.8998413085938]"
3.0967488288879,"[-1.984696865081787, 2.681727170944214, -14.762628555297852]","[-1.984696865081787, 2.681727170944214, -14.762628555297852]","[-1.8311446905136108, 3.2909510135650635, -5.517065525054932]","[-1.8311446905136108, 3.2909510135650635, -5.517065525054932]","[0.15460941195487976, -0.06957866251468658, 0.8110485672950745, 0.5598705410957336]","[[-0.32528193757745116, -0.9296794326448312, 0.17288139725104834], [0.8866493682608203, -0.3634076975528533, -0.28598585935303156], [0.3287015709743084, 0.06025916116565533, 0.9425094789152673]]","[0.018331479281187057, 0.02025935798883438, 0.06436342000961304]",[0.0],"[0.15460941195487976, -0.06957866251468658, 0.8110485672950745, 0.5598705410957336]",[0.44],"[-2.2986412048339844, 4.117083549499512, -8.730011520385743]","[668.7008666992188, 669.03759765625, 669.5745849609375, 669.81005859375]"
3.1277470588684,"[-2.0459601879119873, 2.791818618774414, -14.944300651550293]","[-2.0459601879119873, 2.791818618774414, -14.944300651550293]","[-1.8816933631896973, 3.3810408115386963, -5.4930901527404785]","[-1.8816933631896973, 3.3810408115386963, -5.4930901527404785]","[0.15442393720149994, -0.06929342448711395, 0.8117157220840454, 0.5589895248413086]","[[-0.3273679843111492, -0.9288822984509104, 0.17322807852779576], [0.8860800447250106, -0.3654583317184721, -0.285135850747249], [0.32816527224251146, 0.060149602374313105, 0.9427033378840717]]","[0.01923539489507675, 0.022086337208747864, 0.06377949565649033]",[0.0],"[0.15442393720149994, -0.06929342448711395, 0.8117157220840454, 0.5589895248413086]",[0.44],"[-2.5274336338043213, 4.504489898681641, -8.611231384277344]","[668.8793334960938, 669.15234375, 669.6414184570312, 669.8310546875]"
3.1587529182434,"[-2.1031007766723633, 2.8944737911224365, -15.108766555786133]","[-2.1031007766723633, 2.8944737911224365, -15.108766555786133]","[-1.9275832176208496, 3.4624154567718506, -5.470804214477539]","[-1.9275832176208496, 3.4624154567718506, -5.470804214477539]","[0.15428683161735535, -0.06904084980487823, 0.8123129606246948, 0.5581904649734497]","[[-0.3292379698812735, -0.9281548863272446, 0.17358249784350122], [0.8855465104529872, -0.36731354481875833, -0.2844084307776349], [0.32773427406248956, 0.0600773223414528, 0.9428578692953962]]","[0.01982191391289234, 0.016638636589050293, 0.0633121132850647]",[0.0],"[0.15428683161735535, -0.06904084980487823, 0.8123129606246948, 0.5581904649734497]",[0.44],"[-2.294492721557617, 4.068732261657715, -8.695703086853028]","[669.05322265625, 669.25732421875, 669.7139892578125, 669.857421875]"
3.1907477378845,"[-2.1675450801849365, 3.0102062225341797, -15.288898468017578]","[-2.1675450801849365, 3.0102062225341797, -15.288898468017578]","[-1.9780538082122803, 3.5514533519744873, -5.445982456207275]","[-1.9780538082122803, 3.5514533519744873, -5.445982456207275]","[0.15418899059295654, -0.06878739595413208, 0.8129563331604004, 0.557311475276947]","[[-0.3312594109355089, -0.9273523050340913, 0.17402582257299315], [0.8849272684433487, -0.3693444888913575, -0.2837048860026954], [0.32736984305162053, 0.06002028927260028, 0.9429880986755492]]","[0.020303521305322647, 0.015006033703684807, 0.06285928934812546]",[0.0],"[0.15418899059295654, -0.06878739595413208, 0.8129563331604004, 0.557311475276947]",[0.44],"[-2.523529529571533, 4.451894760131836, -8.568912086486817]","[669.1893920898438, 669.3085327148438, 669.78466796875, 669.857421875]"
3.2217555046082,"[-2.227574110031128, 3.117957830429077, -15.451927185058594]","[-2.227574110031128, 3.117957830429077, -15.451927185058594]","[-2.0236377716064453, 3.631490468978882, -5.4215240478515625]","[-2.0236377716064453, 3.631490468978882, -5.4215240478515625]","[0.15404264628887177, -0.06850960850715637, 0.8135488629341125, 0.5565209984779358]","[[-0.33311063767838256, -0.9266208538026772, 0.17438836799987634], [0.8844072482400493, -0.3711817785141318, -0.28292776284384935], [0.32689651092681693, 0.05998410643961627, 0.9431545933330354]]","[0.02060571499168873, 0.045148953795433044, 0.06249766796827316]",[0.0],"[0.15404264628887177, -0.06850960850715637, 0.8135488629341125, 0.5565209984779358]",[0.44],"[-2.279198169708252, 4.001855850219727, -8.587079582214356]","[669.3418579101562, 663.3621215820312, 669.8553466796875, 663.8453979492188]"
3.252988576889,"[-2.2889506816864014, 3.228071451187134, -15.614117622375488]","[-2.2889506816864014, 3.228071451187134, -15.614117622375488]","[-2.06794810295105, 3.7089555263519287, -5.390560150146484]","[-2.06794810295105, 3.7089555263519287, -5.390560150146484]","[0.1526062935590744, -0.06734440475702286, 0.8143812417984009, 0.5558410882949829]","[[-0.3355041516903663, -0.9258874714603083, 0.17369383124833782], [0.8847787514526628, -0.37301097565388774, -0.27933773653347593], [0.32342498017122345, 0.05996165663668229, 0.9443521006281678]]","[0.02087460085749626, 0.2178858369588852, 0.06217604875564575]",[0.0],"[0.1526062935590744, -0.06734440475702286, 0.8143812417984009, 0.5558410882949829]",[0.44],"[-2.2155165672302246, 3.8732528686523438, -8.261805114746094]","[669.3746337890625, 660.568603515625, 669.857421875, 660.9558715820312]"
3.2839546203613,"[-2.3579978942871094, 3.3518612384796143, -15.791488647460938]","[-2.3579978942871094, 3.3518612384796143, -15.791488647460938]","[-2.1157548427581787, 3.791656255722046, -5.354755878448486]","[-2.1157548427581787, 3.791656255722046, -5.354755878448486]","[0.14971235394477844, -0.06529414653778076, 0.8154974579811096, 0.5552358627319336]","[[-0.3385988590914977, -0.9251375500296533, 0.17167278457216995], [0.8860361885217074, -0.37489978579467653, -0.2727457570535279], [0.31668739170916993, 0.05975691496310276, 0.9466457710084324]]","[0.00262651639059186, 0.18807202577590942, 0.054010793566703796]",[0.0],"[0.14971235394477844, -0.06529414653778076, 0.8154974579811096, 0.5552358627319336]",[0.44],"[-2.3903369903564453, 4.135036468505859, -8.019786415100098]","[622.3585205078125, 625.2724609375, 666.9860229492188, 669.8497924804688]"
3.3155546188354,"[-2.4220402240753174, 3.4665980339050293, -15.95123291015625]","[-2.4220402240753174, 3.4665980339050293, -15.95123291015625]","[-2.1523144245147705, 3.855119228363037, -5.287970542907715]","[-2.1523144245147705, 3.855119228363037, -5.287970542907715]","[0.14738881587982178, -0.06369545310735703, 0.8162224292755127, 0.5549778342247009]","[[-0.34055232959794157, -0.9247467069107405, 0.1699049854599748], [0.8871947172690522, -0.37588503419775066, -0.2675743665900363], [0.3113032439219028, 0.059615736713670486, 0.948438852413985]]","[0.013491087593138218, 0.2358892560005188, 0.010025771334767342]",[0.0],"[0.14738881587982178, -0.06369545310735703, 0.8162224292755127, 0.5549778342247009]",[0.44],"[-1.8279790878295898, 3.1731486320495605, -6.470733222961426]","[581.397705078125, 570.0514526367188, 669.830810546875, 658.635986328125]"
3.3465902805328,"[-2.493647813796997, 3.5948286056518555, -16.124120712280273]","[-2.493647813796997, 3.5948286056518555, -16.124120712280273]","[-2.187208414077759, 3.915710687637329, -5.189245223999023]","[-2.187208414077759, 3.915710687637329, -5.189245223999023]","[0.14318376779556274, -0.06064867600798607, 0.8167408108711243, 0.5556569695472717]","[[-0.34148762808788646, -0.9250232596337322, 0.16648833419055764], [0.890287635863189, -0.3751342870051104, -0.25819061464533055], [0.3012877722611651, 0.060053619361239985, 0.9516402934766894]]","[-0.0056368387304246426, 0.3706563115119934, -0.06731512397527695]",[0.0],"[0.14318376779556274, -0.06064867600798607, 0.8167408108711243, 0.5556569695472717]",[0.44],"[-1.744699478149414, 3.0295729637145996, -4.87373405456543]","[552.5599975585938, 546.7521362304688, 669.3792724609375, 666.00390625]"
3.377548456192,"[-2.559746503829956, 3.713124990463257, -16.278562545776367]","[-2.559746503829956, 3.713124990463257, -16.278562545776367]","[-2.2193713188171387, 3.970571517944336, -5.108285903930664]","[-2.2193713188171387, 3.970571517944336, -5.108285903930664]","[0.13863018155097961, -0.057321835309267044, 0.8166723847389221, 0.5572631359100342]","[[-0.3404791535967615, -0.9260959011329934, 0.16254419052693514], [0.8943097553899573, -0.3723442224640312, -0.24813329928501426], [0.29031757332917785, 0.0608806595264908, 0.9549917599198394]]","[0.00011647606152109802, 0.35240915417671204, -0.13832637667655945]",[0.0],"[0.13863018155097961, -0.057321835309267044, 0.8166723847389221, 0.5572631359100342]",[0.44],"[-1.6081452369689941, 2.743041515350342, -5.762033996582032]","[554.5709228515625, 562.6256713867188, 662.8917236328125, 669.826171875]"
3.4080877304077,"[-2.6268162727355957, 3.833063840866089, -16.430707931518555]","[-2.6268162727355957, 3.833063840866089, -16.430707931518555]","[-2.2520549297332764, 4.025362491607666, -5.036807537078857]","[-2.2520549297332764, 4.025362491607666, -5.036807537078857]","[0.13496476411819458, -0.054583840072155, 0.8158494830131531, 0.5596380829811096]","[[-0.3371795490597034, -0.927894671549228, 0.1591274748221858], [0.8984270911492134, -0.3676517329726181, -0.2401272391296887], [0.281316257301099, 0.06199844831472756, 0.957610233698995]]","[-0.02532929740846157, 0.2620465159416199, -0.20316962897777557]",[0.0],"[0.13496476411819458, -0.054583840072155, 0.8158494830131531, 0.5596380829811096]",[0.44],"[-1.6341805458068848, 2.739548683166504, -6.2360816574096685]","[568.8684692382812, 572.0446166992188, 665.567138671875, 669.857421875]"
3.4392340183258,"[-2.7017486095428467, 3.9669196605682373, -16.595842361450195]","[-2.7017486095428467, 3.9669196605682373, -16.595842361450195]","[-2.289340019226074, 4.087110996246338, -4.973275184631348]","[-2.289340019226074, 4.087110996246338, -4.973275184631348]","[0.13172554969787598, -0.052243903279304504, 0.8141566514968872, 0.5630878806114197]","[[-0.33116095721296235, -0.930647200509803, 0.15565464737239587], [0.9031197729984868, -0.3604053472396629, -0.23341556391351403], [0.27332628246204216, 0.06327667849349083, 0.9598379082538702]]","[-0.027826406061649323, 0.21368736028671265, -0.26860707998275757]",[0.0],"[0.13172554969787598, -0.052243903279304504, 0.8141566514968872, 0.5630878806114197]",[0.44],"[-1.8642544746398926, 3.0874252319335938, -6.633382377624512]","[577.4403076171875, 580.7636108398438, 666.7197265625, 669.857421875]"
3.4702258110046,"[-2.7709453105926514, 4.090383529663086, -16.744295120239258]","[-2.7709453105926514, 4.090383529663086, -16.744295120239258]","[-2.3237526416778564, 4.14377498626709, -4.924854755401611]","[-2.3237526416778564, 4.14377498626709, -4.924854755401611]","[0.1293552815914154, -0.05044344440102577, 0.8119960427284241, 0.5669082999229431]","[[-0.3237642289793201, -0.9337048441645279, 0.1528783389012145], [0.9076043403447855, -0.35214072456443013, -0.2285849200165342], [0.2672655681317866, 0.06474541107563736, 0.9614453400827325]]","[-0.038242045789957047, 0.16836240887641907, -0.3226059079170227]",[0.0],"[0.1293552815914154, -0.05044344440102577, 0.8119960427284241, 0.5669082999229431]",[0.44],"[-1.7206311225891113, 2.8331995010375977, -7.388978538513184]","[587.0096435546875, 589.3118896484375, 666.3339233398438, 669.857421875]"
3.5022552013397,"[-2.8482627868652344, 4.228171348571777, -16.906076431274414]","[-2.8482627868652344, 4.228171348571777, -16.906076431274414]","[-2.362145185470581, 4.206932067871094, -4.88149356842041]","[-2.362145185470581, 4.206932067871094, -4.88149356842041]","[0.12724976241588593, -0.048886653035879135, 0.8089867234230042, 0.5718024373054504]","[[-0.31369884703947726, -0.9376027903702951, 0.14997972199112342], [0.9127195304338013, -0.34130404141917525, -0.2246207551091124], [0.26179375142160977, 0.06642614207465991, 0.9628351862401003]]","[-0.047612786293029785, 0.13036255538463593, -0.3764951825141907]",[0.0],"[0.12724976241588593, -0.048886653035879135, 0.8089867234230042, 0.5718024373054504]",[0.44],"[-1.9196271896362305, 3.1578540802001953, -7.641940650939942]","[596.0760498046875, 597.8301391601562, 667.1658325195312, 669.857421875]"
3.5332329273224,"[-2.9196557998657227, 4.355251312255859, -17.05202865600586]","[-2.9196557998657227, 4.355251312255859, -17.05202865600586]","[-2.3973097801208496, 4.265039443969727, -4.849665641784668]","[-2.3973097801208496, 4.265039443969727, -4.849665641784668]","[0.1256871223449707, -0.047772061079740524, 0.8057302832603455, 0.5768183469772339]","[[-0.30296691836520595, -0.9415286859706633, 0.14742823877095912], [0.9175113544282603, -0.3299970841723123, -0.22198006890612243], [0.25765144398580464, 0.068014483683283, 0.9638411549136678]]","[-0.05789490416646004, 0.10128454118967056, -0.42078670859336853]",[0.0],"[0.1256871223449707, -0.047772061079740524, 0.8057302832603455, 0.5768183469772339]",[0.44],"[-1.7582297325134277, 2.9053688049316406, -8.218603668212891]","[604.0719604492188, 605.3721313476562, 667.3754272460938, 669.857421875]"
3.5648596286774,"[-2.992105484008789, 4.484085559844971, -17.197124481201172]","[-2.992105484008789, 4.484085559844971, -17.197124481201172]","[-2.43257474899292, 4.323853969573975, -4.82425594329834]","[-2.43257474899292, 4.323853969573975, -4.82425594329834]","[0.12438356876373291, -0.04693150520324707, 0.8020164966583252, 0.5823193788528442]","[[-0.2908660541854715, -0.9457345125368875, 0.1448570982063302], [0.9223844801183532, -0.31740346618099124, -0.22014160777601433], [0.25417359804066564, 0.06958224223197362, 0.9646523232819106]]","[-0.06763775646686554, 0.0770091563463211, -0.4609415531158447]",[0.0],"[0.12438356876373291, -0.04693150520324707, 0.8020164966583252, 0.5823193788528442]",[0.44],"[-1.7632484436035156, 2.9407262802124023, -8.539515075683594]","[609.4563598632812, 610.5342407226562, 667.6878662109375, 669.857421875]"
3.5959222316742,"[-3.073021411895752, 4.627854824066162, -17.355955123901367]","[-3.073021411895752, 4.627854824066162, -17.355955123901367]","[-2.471292018890381, 4.389403820037842, -4.802792072296143]","[-2.471292018890381, 4.389403820037842, -4.802792072296143]","[0.12318213284015656, -0.04627905413508415, 0.7974447011947632, 0.5888687372207642]","[[-0.27611960463048635, -0.9505820135802691, 0.14195730189390776], [0.9277790032035301, -0.30218377862931023, -0.21888618702014373], [0.2509664545671013, 0.07126624103482992, 0.965368822594624]]","[-0.07846878468990326, 0.055555716156959534, -0.5006752610206604]",[0.0],"[0.12318213284015656, -0.04627905413508415, 0.7974447011947632, 0.5888687372207642]",[0.44],"[-1.9358634948730469, 3.2774925231933594, -8.736806449890137]","[616.1707153320312, 616.9734497070312, 667.912109375, 669.857421875]"
3.6273305416107,"[-3.1476902961730957, 4.760448932647705, -17.49983787536621]","[-3.1476902961730957, 4.760448932647705, -17.49983787536621]","[-2.5064356327056885, 4.450070381164551, -4.789761066436768]","[-2.5064356327056885, 4.450070381164551, -4.789761066436768]","[0.12203481048345566, -0.04575046896934509, 0.7929170727729797, 0.5952285528182983]","[[-0.2616211794115717, -0.9551000630835706, 0.1390629985391305], [0.9327674638427577, -0.28721995852920745, -0.21782986314137354], [0.2479909402806575, 0.07272455140871692, 0.9660287992387041]]","[-0.08764564245939255, 0.08410285413265228, -0.5318613052368164]",[0.0],"[0.12203481048345566, -0.04575046896934509, 0.7929170727729797, 0.5952285528182983]",[0.44],"[-1.7571806907653809, 3.033328056335449, -9.15844970703125]","[626.5003051757812, 621.4423828125, 669.8548583984375, 666.2374267578125]"
3.6579630374908,"[-3.2234060764312744, 4.894869327545166, -17.643388748168945]","[-3.2234060764312744, 4.894869327545166, -17.643388748168945]","[-2.54109787940979, 4.5111870765686035, -4.781123161315918]","[-2.54109787940979, 4.5111870765686035, -4.781123161315918]","[0.12035270780324936, -0.04491608589887619, 0.7881404757499695, 0.6019405126571655]","[[-0.2463657285757268, -0.9596389091613041, 0.1356360572266544], [0.9380158189138917, -0.271300367581925, -0.21569071188786548], [0.24378330431674566, 0.07408997065119838, 0.9669955419039009]]","[-0.09601183980703354, 0.10784430056810379, -0.5596407651901245]",[0.0],"[0.12035270780324936, -0.04491608589887619, 0.7881404757499695, 0.6019405126571655]",[0.44],"[-1.7331123352050781, 3.0558347702026367, -9.37810474395752]","[628.7885131835938, 629.220703125, 668.218017578125, 669.7619018554688]"
3.6887764930725,"[-3.307880401611328, 5.0448503494262695, -17.80106544494629]","[-3.307880401611328, 5.0448503494262695, -17.80106544494629]","[-2.5783233642578125, 4.578450679779053, -4.775566577911377]","[-2.5783233642578125, 4.578450679779053, -4.775566577911377]","[0.11864684522151947, -0.04422348365187645, 0.7825046181678772, 0.6096341609954834]","[[-0.22853838792072612, -0.964577046383731, 0.13176311592895829], [0.9435891391037287, -0.25278110267014897, -0.21387250026089388], [0.239603701338595, 0.07545217950463412, 0.9679344192253461]]","[-0.10492078959941864, 0.06553768366575241, -0.5866690874099731]",[0.0],"[0.11864684522151947, -0.04422348365187645, 0.7825046181678772, 0.6096341609954834]",[0.44],"[-1.861274242401123, 3.363180160522461, -9.53217082977295]","[633.4671020507812, 635.2634887695312, 667.1428833007812, 669.8573608398438]"
3.720267534256,"[-3.385732650756836, 5.183133602142334, -17.944332122802734]","[-3.385732650756836, 5.183133602142334, -17.944332122802734]","[-2.611544609069824, 4.640275955200195, -4.775786876678467]","[-2.611544609069824, 4.640275955200195, -4.775786876678467]","[0.1173342913389206, -0.043878309428691864, 0.7770437598228455, 0.6168551445007324]","[[-0.21144462143588783, -0.9689437421817584, 0.12821463599012084], [0.9483500208138966, -0.23512868120726127, -0.21294725554380367], [0.23648087960245512, 0.07656578941123993, 0.9686147160753465]]","[-0.11197644472122192, 0.07188080251216888, -0.6078895926475525]",[0.0],"[0.1173342913389206, -0.043878309428691864, 0.7770437598228455, 0.6168551445007324]",[0.44],"[-1.661062240600586, 3.091263771057129, -9.821014938354493]","[640.8648681640625, 634.505126953125, 669.81494140625, 664.591064453125]"
3.7512686252594,"[-3.4724924564361572, 5.33737325668335, -18.101905822753906]","[-3.4724924564361572, 5.33737325668335, -18.101905822753906]","[-2.646327495574951, 4.707335948944092, -4.774791240692139]","[-2.646327495574951, 4.707335948944092, -4.774791240692139]","[0.11463883519172668, -0.042623184621334076, 0.7709169983863831, 0.6250825524330139]","[[-0.19225950853666962, -0.9735460746050193, 0.12346803537718021], [0.9540009856564127, -0.21491016187037282, -0.2090353465190793], [0.23004007152088857, 0.07759959631928925, 0.9700824031972396]]","[-0.12747253477573395, 0.23247511684894562, -0.6281145215034485]",[0.0],"[0.11463883519172668, -0.042623184621334076, 0.7709169983863831, 0.6250825524330139]",[0.44],"[-1.7391443252563477, 3.352999687194824, -9.760218200683594]","[645.80126953125, 639.6465454101562, 669.7720336914062, 667.668701171875]"
3.7832772731781,"[-3.5523478984832764, 5.479510307312012, -18.2452335357666]","[-3.5523478984832764, 5.479510307312012, -18.2452335357666]","[-2.676920175552368, 4.767920970916748, -4.780154705047607]","[-2.676920175552368, 4.767920970916748, -4.780154705047607]","[0.11128178238868713, -0.04107216000556946, 0.7651925086975098, 0.632779598236084]","[[-0.17441299538862332, -0.9775375827976891, 0.11832472266263494], [0.9592552501097966, -0.19580642091678335, -0.20368990140639198], [0.22228322229068453, 0.0779774647972431, 0.9718588851617476]]","[-0.1365758329629898, 0.17155279219150543, -0.6445155143737793]",[0.0],"[0.11128178238868713, -0.04107216000556946, 0.7651925086975098, 0.632779598236084]",[0.44],"[-1.5296339988708496, 3.0292510986328125, -10.078173217773438]","[638.7420043945312, 646.2398681640625, 662.4629516601562, 669.8394775390625]"
3.8132672309875,"[-3.6331024169921875, 5.623456001281738, -18.388795852661133]","[-3.6331024169921875, 5.623456001281738, -18.388795852661133]","[-2.7063591480255127, 4.8281025886535645, -4.791163444519043]","[-2.7063591480255127, 4.8281025886535645, -4.791163444519043]","[0.10853509604930878, -0.039988018572330475, 0.7591508626937866, 0.6405552625656128]","[[-0.15581814791612292, -0.9812363672325988, 0.113559952124616], [0.963875953486321, -0.1761797988063063, -0.19975933148809766], [0.216018095068927, 0.07833157630169829, 0.9732421825924525]]","[-0.13531078398227692, 0.17738355696201324, -0.6592687368392944]",[0.0],"[0.10853509604930878, -0.039988018572330475, 0.7591508626937866, 0.6405552625656128]",[0.44],"[-1.4719486236572266, 3.0090808868408203, -10.360436973571778]","[649.6873168945312, 644.3256225585938, 669.8364868164062, 665.5690307617188]"
3.8452746868134,"[-3.7229247093200684, 5.7838640213012695, -18.547149658203125]","[-3.7229247093200684, 5.7838640213012695, -18.547149658203125]","[-2.737036943435669, 4.893192768096924, -4.806646347045898]","[-2.737036943435669, 4.893192768096924, -4.806646347045898]","[0.1049095094203949, -0.03831925615668297, 0.7523341178894043, 0.6492449641227722]","[[-0.1349499806656591, -0.9849383834843917, 0.10809683827869199], [0.9688581660253834, -0.15402526021451202, -0.19388170891719625], [0.2076111746333198, 0.07856617380193143, 0.9750512588815412]]","[-0.14218588173389435, 0.21524947881698608, -0.6736574769020081]",[0.0],"[0.1049095094203949, -0.03831925615668297, 0.7523341178894043, 0.6492449641227722]",[0.44],"[-1.5338897705078125, 3.2545089721679688, -10.584145126342774]","[649.205078125, 650.38330078125, 666.3131713867188, 669.7783203125]"
3.8762683868408,"[-3.805436372756958, 5.931535243988037, -18.691612243652344]","[-3.805436372756958, 5.931535243988037, -18.691612243652344]","[-2.763370990753174, 4.951184272766113, -4.8248982429504395]","[-2.763370990753174, 4.951184272766113, -4.8248982429504395]","[0.1014975979924202, -0.036907412111759186, 0.745912492275238, 0.657229483127594]","[[-0.11549520640208844, -0.9879633908678601, 0.10290337378537551], [0.9729793361580205, -0.13337441706097586, -0.1884738272379245], [0.19992993132852988, 0.0783550282310781, 0.9766721610659637]]","[-0.14968501031398773, 0.20330801606178284, -0.6852759718894958]",[0.0],"[0.1014975979924202, -0.036907412111759186, 0.745912492275238, 0.657229483127594]",[0.44],"[-1.3167023658752441, 2.8995752334594727, -10.722594795227051]","[652.9871215820312, 653.9918823242188, 669.6783447265625, 669.540283203125]"
3.9078857898712,"[-3.897085189819336, 6.095966815948486, -18.85124969482422]","[-3.897085189819336, 6.095966815948486, -18.85124969482422]","[-2.790797233581543, 5.014138221740723, -4.851924896240234]","[-2.790797233581543, 5.014138221740723, -4.851924896240234]","[0.09794410318136215, -0.035409439355134964, 0.7386112809181213, 0.666037917137146]","[[-0.09360090538990584, -0.990822529796997, 0.09751718054814873], [0.9769499466698228, -0.11027934329501843, -0.18277659567493787], [0.19185329748850144, 0.07816135024018278, 0.9783062485131074]]","[-0.14310473203659058, 0.18024107813835144, -0.6931809782981873]",[0.0],"[0.09794410318136215, -0.035409439355134964, 0.7386112809181213, 0.666037917137146]",[0.44],"[-1.371312141418457, 3.1476974487304688, -11.161332664489747]","[663.4505004882812, 665.5214233398438, 667.1119995117188, 669.8548583984375]"
3.9395046234131,"[-3.9811675548553467, 6.247242450714111, -18.997255325317383]","[-3.9811675548553467, 6.247242450714111, -18.997255325317383]","[-2.8141074180603027, 5.07017183303833, -4.88008975982666]","[-2.8141074180603027, 5.07017183303833, -4.88008975982666]","[0.09465932846069336, -0.03408344089984894, 0.7318545579910278, 0.6739931702613831]","[[-0.07354554999163243, -0.992982578675651, 0.09260970920964517], [0.9800773161668133, -0.0891429650337443, -0.1774877249172171], [0.18449773475166786, 0.07771123861892804, 0.9797558611835941]]","[-0.15687836706638336, 0.24724528193473816, -0.691826581954956]",[0.0],"[0.09465932846069336, -0.03408344089984894, 0.7318545579910278, 0.6739931702613831]",[0.44],"[-1.1655092239379883, 2.801680564880371, -11.21824317932129]","[669.81982421875, 659.0957641601562, 666.4339599609375, 657.8526611328125]"
3.971470117569,"[-4.074426174163818, 6.415543079376221, -19.1588134765625]","[-4.074426174163818, 6.415543079376221, -19.1588134765625]","[-2.8375802040100098, 5.1293158531188965, -4.912689208984375]","[-2.8375802040100098, 5.1293158531188965, -4.912689208984375]","[0.08950003236532211, -0.031261518597602844, 0.7245252728462219, 0.6826972961425781]","[[-0.051828307075841185, -0.9948587033707079, 0.08700576229867263], [0.9836670756656096, -0.06589425357257195, -0.16750238078398816], [0.17237437917825016, 0.07690333961792639, 0.982024923323156]]","[-0.14167240262031555, 0.36437368392944336, -0.6900548338890076]",[0.0],"[0.08950003236532211, -0.031261518597602844, 0.7245252728462219, 0.6826972961425781]",[0.44],"[-1.1736392974853516, 2.9572010040283203, -11.439972457885743]","[669.1837768554688, 668.6371459960938, 667.5039672851562, 666.2113037109375]"
4.0024702548981,"[-4.159850120544434, 6.570188522338867, -19.306650161743164]","[-4.159850120544434, 6.570188522338867, -19.306650161743164]","[-2.8566155433654785, 5.178809642791748, -4.93877649307251]","[-2.8566155433654785, 5.178809642791748, -4.93877649307251]","[0.08454111963510513, -0.02735116146504879, 0.7179017663002014, 0.6904504299163818]","[[-0.03226206418087241, -0.9959757619865595, 0.0836151958375666], [0.9867265707322563, -0.045060293932212225, -0.15601379904758228], [0.15915368060658786, 0.07747201054310016, 0.9842094261147113]]","[0.03229144215583801, 0.512094259262085, -0.6858962178230286]",[0.0],"[0.08454111963510513, -0.02735116146504879, 0.7179017663002014, 0.6904504299163818]",[0.44],"[-0.9517669677734375, 2.474689483642578, -11.114364204406739]","[661.562255859375, 658.8131713867188, 669.805908203125, 620.8590087890625]"
4.0337812900543,"[-4.254422664642334, 6.741846084594727, -19.469663619995117]","[-4.254422664642334, 6.741846084594727, -19.469663619995117]","[-2.8756515979766846, 5.223219871520996, -4.941380023956299]","[-2.8756515979766846, 5.223219871520996, -4.941380023956299]","[0.08150393515825272, -0.012793037109076977, 0.7112424373626709, 0.6980885863304138]","[[-0.01205893300813421, -0.9951058210074403, 0.09807676861251335], [0.990935089539379, -0.025017392303746888, -0.13199183553944271], [0.13379946137390564, 0.09559603196051869, 0.9863868935104902]]","[0.8857933282852173, 0.8487715721130371, -0.6725016236305237]",[0.0],"[0.08150393515825272, -0.012793037109076977, 0.7112424373626709, 0.6980885863304138]",[0.44],"[-0.9518027305603027, 2.2205114364624023, -9.940176544189454]","[647.077392578125, 669.7725219726562, 657.6387939453125, 618.810302734375]"
4.0639677047729,"[-4.341053009033203, 6.899074077606201, -19.618118286132812]","[-4.341053009033203, 6.899074077606201, -19.618118286132812]","[-2.9013757705688477, 5.2569804191589355, -4.956310272216797]","[-2.9013757705688477, 5.2569804191589355, -4.956310272216797]","[0.08274725824594498, 0.009020160883665085, 0.7054020166397095, 0.703903079032898]","[[0.004653263236527705, -0.9915765157732928, 0.12943880371496075], [0.9945620901015353, -0.008878227653180026, -0.1037664203661981], [0.10404152763742491, 0.129217779077206, 0.9861430559008234]]","[1.0998343229293823, 1.0008587837219238, -0.6621852517127991]",[0.0],"[0.08274725824594498, 0.009020160883665085, 0.7054020166397095, 0.703903079032898]",[0.44],"[-1.2862086296081543, 1.6880273818969727, -10.556512413024903]","[669.6278686523438, 658.9979858398438, 647.2547607421875, 643.9314575195312]"
4.095409154892,"[-4.428609848022461, 7.057176113128662, -19.767024993896484]","[-4.428609848022461, 7.057176113128662, -19.767024993896484]","[-2.9370362758636475, 5.281167984008789, -4.967886924743652]","[-2.9370362758636475, 5.281167984008789, -4.967886924743652]","[0.08449508249759674, 0.031219642609357834, 0.6992508769035339, 0.7091785073280334]","[[0.020147090129965628, -0.986511573704887, 0.16244712015100005], [0.9970631988161797, 0.007817584366726305, -0.0761834680219926], [0.0738859219709238, 0.1635049179068262, 0.9837718298981366]]","[1.1214884519577026, 0.8041760325431824, -0.6531094312667847]",[0.0],"[0.08449508249759674, 0.031219642609357834, 0.6992508769035339, 0.7091785073280334]",[0.44],"[-1.7830252647399902, 1.2093782424926758, -10.388832626342774]","[650.47900390625, 669.8428344726562, 640.082275390625, 646.4839477539062]"
4.1264026165009,"[-4.52633810043335, 7.231765270233154, -19.931102752685547]","[-4.52633810043335, 7.231765270233154, -19.931102752685547]","[-2.987738847732544, 5.298325538635254, -4.974216938018799]","[-2.987738847732544, 5.298325538635254, -4.974216938018799]","[0.0895756185054779, 0.05396433174610138, 0.6918312907218933, 0.7144463658332825]","[[0.03691463215455171, -0.9788849260652279, 0.2010516729369609], [0.9982204796387952, 0.026691347494880446, -0.05332552364731491], [0.04683319013446585, 0.20266237678671395, 0.9781281189371156]]","[1.209373116493225, 0.6120597124099731, -0.6436902284622192]",[0.0],"[0.0895756185054779, 0.05396433174610138, 0.6918312907218933, 0.7144463658332825]",[0.44],"[-2.535128593444824, 0.8578777313232422, -10.126500663757325]","[649.7236938476562, 669.846435546875, 637.8719482421875, 651.0296630859375]"
4.1574356555939,"[-4.616771697998047, 7.390866279602051, -20.080217361450195]","[-4.616771697998047, 7.390866279602051, -20.080217361450195]","[-3.0425734519958496, 5.3074445724487305, -4.9645514488220215]","[-3.0425734519958496, 5.3074445724487305, -4.9645514488220215]","[0.09758078306913376, 0.07158451527357101, 0.6843907237052917, 0.7190013527870178]","[[0.05296998895838978, -0.970185166245943, 0.23650549212942806], [0.9981262584700207, 0.04417465616352334, -0.04233787363710384], [0.03062803884822607, 0.23830498649379095, 0.9707072958973251]]","[1.1354992389678955, 0.16408966481685638, -0.6353446245193481]",[0.0],"[0.09758078306913376, 0.07158451527357101, 0.6843907237052917, 0.7190013527870178]",[0.44],"[-2.741730213165283, 0.4559516906738281, -9.326725540161133]","[643.5692749023438, 669.857421875, 619.9332275390625, 664.4991455078125]"
4.188410282135,"[-4.709018230438232, 7.550207138061523, -20.22905158996582]","[-4.709018230438232, 7.550207138061523, -20.22905158996582]","[-3.108661413192749, 5.314962863922119, -4.956624984741211]","[-3.108661413192749, 5.314962863922119, -4.956624984741211]","[0.10802557319402695, 0.08523920923471451, 0.6763931512832642, 0.7235724329948425]","[[0.07045316421227177, -0.9604228473977888, 0.26948899976881524], [0.9972549051425313, 0.0616455608663945, -0.041018218949004925], [0.022782031718739937, 0.27163908833765316, 0.962129505490285]]","[1.1737765073776245, 0.1306602954864502, -0.6265555620193481]",[0.0],"[0.10802557319402695, 0.08523920923471451, 0.6763931512832642, 0.7235724329948425]",[0.44],"[-3.3043980598449707, 0.3759145736694336, -9.413676795959473]","[669.5400390625, 666.8867797851562, 662.09130859375, 648.7054443359375]"
4.2204101085663,"[-4.812930583953857, 7.725729942321777, -20.39232063293457]","[-4.812930583953857, 7.725729942321777, -20.39232063293457]","[-3.1901814937591553, 5.322385311126709, -4.935207366943359]","[-3.1901814937591553, 5.322385311126709, -4.935207366943359]","[0.11946935951709747, 0.10064053535461426, 0.6674078106880188, 0.7281245589256287]","[[0.0888765937523246, -0.9478651149609192, 0.306027258189447], [0.9959589561620135, 0.08058777273840034, -0.0396405906720414], [0.012911876528976407, 0.3083137081420144, 0.9511971095602223]]","[1.0530245304107666, 0.07348881661891937, -0.6180274486541748]",[0.0],"[0.11946935951709747, 0.10064053535461426, 0.6674078106880188, 0.7281245589256287]",[0.44],"[-4.0760040283203125, 0.3711223602294922, -8.739119110107422]","[669.8422241210938, 659.1622924804688, 641.3229370117188, 665.0113525390625]"
4.2514047622681,"[-4.90980863571167, 7.885496616363525, -20.539859771728516]","[-4.90980863571167, 7.885496616363525, -20.539859771728516]","[-3.2691142559051514, 5.328533172607422, -4.898987293243408]","[-3.2691142559051514, 5.328533172607422, -4.898987293243408]","[0.12810862064361572, 0.11144476383924484, 0.6592990159988403, 0.7324569225311279]","[[0.10580974423155165, -0.9372621866258246, 0.33218075257041235], [0.9943703265194213, 0.09782597763950207, -0.04071724577778646], [0.005666797554805925, 0.33461893832753553, 0.9423364918592102]]","[0.822525143623352, 0.044215042144060135, -0.6109699010848999]",[0.0],"[0.12810862064361572, 0.11144476383924484, 0.6592990159988403, 0.7324569225311279]",[0.44],"[-3.9466381072998047, 0.30739307403564453, -7.998996315002442]","[669.857421875, 662.5552978515625, 653.4209594726562, 659.0781860351562]"
4.2824025154114,"[-5.019176959991455, 8.061452865600586, -20.70069122314453]","[-5.019176959991455, 8.061452865600586, -20.70069122314453]","[-3.357673168182373, 5.335034370422363, -4.841122150421143]","[-3.357673168182373, 5.335034370422363, -4.841122150421143]","[0.1346387416124344, 0.12023741751909256, 0.6507324576377869, 0.7375382781028748]","[[0.12418046401005067, -0.9275029634446514, 0.3525869942065727], [0.9922574218026494, 0.1168393556674121, -0.042117670905105875], [-0.0021317973156991243, 0.35508723171398504, 0.9348307453707191]]","[0.32671478390693665, -0.004182306583970785, -0.6041321158409119]",[0.0],"[0.1346387416124344, 0.12023741751909256, 0.6507324576377869, 0.7375382781028748]",[0.44],"[-4.427945613861084, 0.3250598907470703, -6.916742858886719]","[669.857421875, 635.6193237304688, 622.437255859375, 664.9691772460938]"
4.3124341964722,"[-5.121102809906006, 8.22159481048584, -20.844966888427734]","[-5.121102809906006, 8.22159481048584, -20.844966888427734]","[-3.4388890266418457, 5.3410444259643555, -4.781576633453369]","[-3.4388890266418457, 5.3410444259643555, -4.781576633453369]","[0.13406123220920563, 0.12127550691366196, 0.6439555883407593, 0.7433982491493225]","[[0.1412269033350818, -0.9249142260176015, 0.352970958330558], [0.9899476015921678, 0.13469757252651204, -0.04312968979442644], [-0.007653039686693397, 0.35551385141807046, 0.9346396748827676]]","[0.001329958438873291, -0.04604056105017662, -0.5986166000366211]",[0.0],"[0.13406123220920563, 0.12127550691366196, 0.6439555883407593, 0.7433982491493225]",[0.44],"[-4.060792922973633, 0.3005027770996094, -6.832724151611329]","[646.28466796875, 668.3358154296875, 660.1753540039062, 638.5895385742188]"
4.3444657325745,"[-5.225522041320801, 8.381926536560059, -20.987619400024414]","[-5.225522041320801, 8.381926536560059, -20.987619400024414]","[-3.5219202041625977, 5.34760046005249, -4.7272820472717285]","[-3.5219202041625977, 5.34760046005249, -4.7272820472717285]","[0.13466031849384308, 0.12394873797893524, 0.637006938457489, 0.7488161325454712]","[[0.15771774142089212, -0.9206201910544292, 0.35718874364550324], [0.9873840971870425, 0.1521775179603071, -0.04375922559253986], [-0.014070514783609767, 0.359584050015064, 0.933006617953132]]","[0.15406431257724762, 0.10656902939081192, -0.5936416983604431]",[0.0],"[0.13466031849384308, 0.12394873797893524, 0.637006938457489, 0.7488161325454712]",[0.44],"[-4.151558876037598, 0.3278017044067383, -7.095270690917969]","[669.48974609375, 637.2233276367188, 647.5813598632812, 645.635009765625]"
4.3754897117615,"[-5.34329080581665, 8.558518409729004, -21.14269256591797]","[-5.34329080581665, 8.558518409729004, -21.14269256591797]","[-3.616501808166504, 5.354554176330566, -4.673488616943359]","[-3.616501808166504, 5.354554176330566, -4.673488616943359]","[0.13253694772720337, 0.12775500118732452, 0.6298949718475342, 0.7545494437217712]","[[0.17382196822564167, -0.9167092853928889, 0.35976364407190964], [0.9844383170499018, 0.17133256385670137, -0.0390668946077426], [-0.025826216242370137, 0.3609558261128285, 0.9322252343175665]]","[0.053409021347761154, 0.12753336131572723, -0.5887593626976013]",[0.0],"[0.13253694772720337, 0.12775500118732452, 0.6298949718475342, 0.7545494437217712]",[0.44],"[-4.7290802001953125, 0.3476858139038086, -7.1203284835815435]","[653.8228149414062, 669.5987548828125, 654.8783569335938, 656.2333374023438]"
4.4068982601166,"[-5.452973365783691, 8.719226837158203, -21.281890869140625]","[-5.452973365783691, 8.719226837158203, -21.281890869140625]","[-3.6860055923461914, 5.358078479766846, -4.581851959228516]","[-3.6860055923461914, 5.358078479766846, -4.581851959228516]","[0.1280035376548767, 0.12759064137935638, 0.6238342523574829, 0.7603726387023926]","[[0.1891029076359696, -0.9160288862195625, 0.35373884774278963], [0.9813571000924117, 0.18889183986683378, -0.03546995063435432], [-0.03432688289461794, 0.35385160012516437, 0.9346714451604821]]","[-1.2549104690551758, 0.0308692567050457, -0.5851663947105408]",[0.0],"[0.1280035376548767, 0.12759064137935638, 0.6238342523574829, 0.7603726387023926]",[0.44],"[-3.475189208984375, 0.17621517181396484, -5.228167114257813]","[663.8404541015625, 442.96563720703125, 422.5709228515625, 669.0244140625]"
4.4383587837219,"[-5.564337730407715, 8.879985809326172, -21.41750717163086]","[-5.564337730407715, 8.879985809326172, -21.41750717163086]","[-3.7432339191436768, 5.359274864196777, -4.4814300537109375]","[-3.7432339191436768, 5.359274864196777, -4.4814300537109375]","[0.09980057179927826, 0.10581464320421219, 0.6212784647941589, 0.7699716091156006]","[[0.20563266093315657, -0.9356128346998231, 0.2869564342579505], [0.9778542822858911, 0.20810583010310024, -0.02220649555258536], [-0.03894065012581116, 0.2851679318832039, 0.9576862143042048]]","[-2.4803168773651123, -0.08319389075040817, -0.5815333724021912]",[0.0],"[0.09980057179927826, 0.10581464320421219, 0.6212784647941589, 0.7699716091156006]",[0.44],"[-2.8614163398742676, 0.05981922149658203, -4.788904724121094]","[553.8079223632812, 666.04833984375, 651.8035888671875, 548.5025634765625]"
4.4693560600281,"[-5.688880443572998, 9.056838035583496, -21.56438446044922]","[-5.688880443572998, 9.056838035583496, -21.56438446044922]","[-3.8067140579223633, 5.358630180358887, -4.4389328956604]","[-3.8067140579223633, 5.358630180358887, -4.4389328956604]","[0.0791870504617691, 0.08902820199728012, 0.6163702011108398, 0.7783901691436768]","[[0.22432350886342867, -0.945453248747419, 0.23621443085943028], [0.9736527716437358, 0.22763437244349616, -0.013528181666650596], [-0.0409802779854509, 0.23302550474505068, 0.9716067805765934]]","[-1.1625977754592896, -0.10530373454093933, -0.5703585147857666]",[0.0],"[0.0791870504617691, 0.08902820199728012, 0.6163702011108398, 0.7783901691436768]",[0.44],"[-3.174006938934326, -0.03223419189453125, -7.685142097473145]","[661.6784057617188, 664.0552978515625, 630.2476806640625, 640.4459838867188]"
4.5013566017151,"[-5.815567970275879, 9.233648300170898, -21.7110652923584]","[-5.815567970275879, 9.233648300170898, -21.7110652923584]","[-3.8678689002990723, 5.356423854827881, -4.447348594665527]","[-3.8678689002990723, 5.356423854827881, -4.447348594665527]","[0.06379907578229904, 0.07554690539836884, 0.61067134141922, 0.7856863141059875]","[[0.24274635570796077, -0.9499525852543946, 0.19663287366768234], [0.9692318762249095, 0.24602038139714988, -0.007983461270140602], [-0.04079180491055023, 0.19252078150891183, 0.9804446860281087]]","[-1.1165891885757446, -0.12980400025844574, -0.5461276173591614]",[0.0],"[0.06379907578229904, 0.07554690539836884, 0.61067134141922, 0.7856863141059875]",[0.44],"[-3.057742118835449, -0.11031627655029297, -10.230784950256348]","[625.7169799804688, 669.6701049804688, 610.3209228515625, 561.0465087890625]"
4.5323569774628,"[-5.932165145874023, 9.394287109375, -21.843990325927734]","[-5.932165145874023, 9.394287109375, -21.843990325927734]","[-3.9027888774871826, 5.352467060089111, -4.407295227050781]","[-3.9027888774871826, 5.352467060089111, -4.407295227050781]","[0.05735459551215172, 0.06953407824039459, 0.6050108075141907, 0.7910988926887512]","[[0.2582538695085712, -0.9492705619148306, 0.17941696489113168], [0.9652229576419832, 0.2613447463293288, -0.006608576348596795], [-0.04061636430930493, 0.17488405165250098, 0.9837509246737923]]","[0.08259721100330353, -0.06714361160993576, -0.49784356355667114]",[0.0],"[0.05735459551215172, 0.06953407824039459, 0.6050108075141907, 0.7910988926887512]",[0.44],"[-1.7459988594055176, -0.19783973693847656, -7.807331619262696]","[585.7968139648438, 669.85595703125, 588.0823364257812, 476.4733581542969]"
4.5633625984192,"[-6.049727916717529, 9.55480670928955, -21.975507736206055]","[-6.049727916717529, 9.55480670928955, -21.975507736206055]","[-3.935816526412964, 5.348793983459473, -4.363926410675049]","[-3.935816526412964, 5.348793983459473, -4.363926410675049]","[0.06327556073665619, 0.07369174808263779, 0.5989305377006531, 0.7948887348175049]","[[0.27170347454826327, -0.9428405013496934, 0.19294881203042813], [0.9614920480760667, 0.27455682884613664, -0.01232158423118701], [-0.04135814956916484, 0.1888665374441283, 0.9811314593559736]]","[0.6814953088760376, -0.06715019047260284, -0.4223034083843231]",[0.0],"[0.06327556073665619, 0.07369174808263779, 0.5989305377006531, 0.7948887348175049]",[0.44],"[-1.6513824462890625, -0.1836538314819336, -7.641559181213379]","[664.2530517578125, 669.753662109375, 533.248779296875, 529.6278076171875]"
4.5943608283997,"[-6.168344497680664, 9.715238571166992, -22.105724334716797]","[-6.168344497680664, 9.715238571166992, -22.105724334716797]","[-3.9709479808807373, 5.346698760986328, -4.308424472808838]","[-3.9709479808807373, 5.346698760986328, -4.308424472808838]","[0.07328572869300842, 0.08052325993776321, 0.5933708548545837, 0.7975313663482666]","[[0.28285406643627187, -0.9346613256842793, 0.21541088200838487], [0.9582661488093813, 0.28508046115815056, -0.02133502350682992], [-0.04146842007553886, 0.21245564584662358, 0.9762904131578604]]","[1.1253409385681152, -0.06630781292915344, -0.3359062671661377]",[0.0],"[0.07328572869300842, 0.08052325993776321, 0.5933708548545837, 0.7975313663482666]",[0.44],"[-1.7565727233886719, -0.10476112365722656, -7.034903106689454]","[626.0906372070312, 669.8515625, 517.9317626953125, 435.2763977050781]"
4.6249997615814,"[-6.300033092498779, 9.891674995422363, -22.24641227722168]","[-6.300033092498779, 9.891674995422363, -22.24641227722168]","[-4.0115532875061035, 5.346740245819092, -4.21644926071167]","[-4.0115532875061035, 5.346740245819092, -4.21644926071167]","[0.09147151559591293, 0.09477889537811279, 0.5876513123512268, 0.7983207106590271]","[[0.29136579216557124, -0.9209292881783977, 0.25883462259285306], [0.9556075650053675, 0.29259779385293505, -0.03465332616687977], [-0.04382119786207728, 0.2574410951754702, 0.9652998456509828]]","[1.410842776298523, 0.07220853120088577, -0.2237403243780136]",[0.0],"[0.09147151559591293, 0.09477889537811279, 0.5876513123512268, 0.7983207106590271]",[0.44],"[-2.0302653312683105, 0.0020742416381835938, -5.211239395141602]","[669.7010498046875, 637.3502807617188, 462.27490234375, 500.6976623535156]"
4.6559998989105,"[-6.421014785766602, 10.052108764648438, -22.37147331237793]","[-6.421014785766602, 10.052108764648438, -22.37147331237793]","[-4.055257797241211, 5.349019527435303, -4.121521472930908]","[-4.055257797241211, 5.349019527435303, -4.121521472930908]","[0.104604072868824, 0.1060849279165268, 0.5839068293571472, 0.7980331182479858]","[[0.29559760539805735, -0.9097601445362289, 0.2914766367020354], [0.9541478066564861, 0.29622160513867424, -0.04306760110125296], [-0.04716050659531934, 0.29084245671053566, 0.9556079520163981]]","[0.9840143918991089, 0.06652053445577621, -0.12462867796421051]",[0.0],"[0.104604072868824, 0.1060849279165268, 0.5839068293571472, 0.7980331182479858]",[0.44],"[-2.185225486755371, 0.11396408081054688, -5.063610610961915]","[669.8561401367188, 650.1863403320312, 490.07110595703125, 500.44122314453125]"
4.6869759559631,"[-6.543399810791016, 10.212634086608887, -22.493633270263672]","[-6.543399810791016, 10.212634086608887, -22.493633270263672]","[-4.104371547698975, 5.352570056915283, -4.021615505218506]","[-4.104371547698975, 5.352570056915283, -4.021615505218506]","[0.11385615915060043, 0.11734995990991592, 0.5817690491676331, 0.796750009059906]","[[0.29554752067945855, -0.9003269589665291, 0.3194731421446573], [0.953771021813809, 0.2971630969081226, -0.0448886424762307], [-0.0545211843409632, 0.3179709408628373, 0.9465315238652285]]","[0.9657294750213623, 0.4572964906692505, -0.0327075757086277]",[0.0],"[0.11385615915060043, 0.11734995990991592, 0.5817690491676331, 0.796750009059906]",[0.44],"[-2.4556875228881836, 0.17752647399902344, -4.814701614379883]","[669.857421875, 643.1693725585938, 526.2116088867188, 486.8078918457031]"
4.7179672718048,"[-6.67988395690918, 10.389337539672852, -22.624637603759766]","[-6.67988395690918, 10.389337539672852, -22.624637603759766]","[-4.1693220138549805, 5.356210231781006, -3.91917085647583]","[-4.1693220138549805, 5.356210231781006, -3.91917085647583]","[0.12126526236534119, 0.13558600842952728, 0.58106529712677, 0.7932681441307068]","[[0.28795910958625326, -0.8889974339704692, 0.35603819396890835], [0.9547649255115731, 0.2953157132368869, -0.03482309069948286], [-0.07418605113901755, 0.3499603877968269, 0.9338223409232262]]","[1.0395010709762573, 0.7372295260429382, 0.06170729920268059]",[0.0],"[0.12126526236534119, 0.13558600842952728, 0.58106529712677, 0.7932681441307068]",[0.44],"[-3.247523307800293, 0.1820087432861328, -4.687767562866211]","[669.857421875, 653.845458984375, 521.6484985351562, 526.7891235351562]"
4.748997926712,"[-6.805950164794922, 10.550045013427734, -22.740787506103516]","[-6.805950164794922, 10.550045013427734, -22.740787506103516]","[-4.236748218536377, 5.357117652893066, -3.8250372409820557]","[-4.236748218536377, 5.357117652893066, -3.8250372409820557]","[0.12577693164348602, 0.15188905596733093, 0.5816928744316101, 0.7891408205032349]","[[0.2771262290256882, -0.8798669056000987, 0.38605079831281763], [0.9562834632392851, 0.29162712660368184, -0.021805858954358825], [-0.09339661869326754, 0.37521698519572055, 0.9222197562874057]]","[0.7325551509857178, 0.6733025312423706, 0.14089283347129822]",[0.0],"[0.12577693164348602, 0.15188905596733093, 0.5816928744316101, 0.7891408205032349]",[0.44],"[-3.371310234069824, 0.045371055603027344, -5.10331922531128]","[669.857421875, 664.4962768554688, 520.4580688476562, 556.4634399414062]"
4.7805750370026,"[-6.94708251953125, 10.726806640625, -22.865276336669922]","[-6.94708251953125, 10.726806640625, -22.865276336669922]","[-4.317734241485596, 5.354918003082275, -3.7201120853424072]","[-4.317734241485596, 5.354918003082275, -3.7201120853424072]","[0.12651456892490387, 0.16353335976600647, 0.5841004252433777, 0.7849061489105225]","[[0.2641670669482945, -0.8755493256782811, 0.40451110628170817], [0.9583067357408313, 0.2856415141605022, -0.007564316190237008], [-0.1089222522476323, 0.3896439361134476, 0.9145018081867753]]","[0.19320034980773926, 0.5261248350143433, 0.22143317759037018]",[0.0],"[0.12651456892490387, 0.16353335976600647, 0.5841004252433777, 0.7849061489105225]",[0.44],"[-4.0493011474609375, -0.10998249053955078, -4.563742218017579]","[669.857421875, 656.8153686523438, 532.3040161132812, 562.3389892578125]"
4.8115737438202,"[-7.077831268310547, 10.887391090393066, -22.975601196289062]","[-7.077831268310547, 10.887391090393066, -22.975601196289062]","[-4.399424076080322, 5.349946975708008, -3.635577440261841]","[-4.399424076080322, 5.349946975708008, -3.635577440261841]","[0.12527383863925934, 0.17067064344882965, 0.5875152349472046, 0.7810273766517639]","[[0.2513947603393869, -0.8749698320917854, 0.41379746733038125], [0.9604920986832544, 0.2782646281150316, 0.004858611257825274], [-0.11939631236685067, 0.39622780147989367, 0.9103559936346945]]","[0.2668498754501343, 0.46128785610198975, 0.28985530138015747]",[0.0],"[0.12527383863925934, 0.17067064344882965, 0.5875152349472046, 0.7810273766517639]",[0.44],"[-4.084491729736328, -0.2485513687133789, -5.58326774597168]","[662.1395874023438, 669.8399047851562, 560.0416259765625, 561.6388549804688]"
4.8435747623444,"[-7.224616050720215, 11.063809394836426, -23.09421157836914]","[-7.224616050720215, 11.063809394836426, -23.09421157836914]","[-4.497621536254883, 5.341268539428711, -3.554307699203491]","[-4.497621536254883, 5.341268539428711, -3.554307699203491]","[0.12494872510433197, 0.17767369747161865, 0.5919279456138611, 0.7761709094047546]","[[0.2361067288562353, -0.8744742997310944, 0.4237315950038596], [0.9632747076657004, 0.268018246592312, 0.016376922281599704], [-0.12788902637154642, 0.40430318465437587, 0.9056397466431316]]","[0.15691301226615906, 0.39576268196105957, 0.35941004753112793]",[0.0],"[0.12494872510433197, 0.17767369747161865, 0.5919279456138611, 0.7761709094047546]",[0.44],"[-4.909873008728027, -0.43392181396484375, -5.74651294708252]","[669.84521484375, 668.3333740234375, 569.0082397460938, 578.7704467773438]"
4.8743782043457,"[-7.360958576202393, 11.223897933959961, -23.199825286865234]","[-7.360958576202393, 11.223897933959961, -23.199825286865234]","[-4.592384338378906, 5.330585956573486, -3.487367630004883]","[-4.592384338378906, 5.330585956573486, -3.487367630004883]","[0.12428449839353561, 0.18254400789737701, 0.5967625379562378, 0.7714309096336365]","[[0.2211043169455844, -0.8753473540691739, 0.4299768455007751], [0.9660969158942583, 0.2568556735021942, 0.026117043584913624], [-0.133303514740998, 0.40962465818125526, 0.9024620972796592]]","[0.13630039989948273, 0.3564175069332123, 0.41724497079849243]",[0.0],"[0.12428449839353561, 0.18254400789737701, 0.5967625379562378, 0.7714309096336365]",[0.44],"[-4.738140106201172, -0.5341291427612305, -6.462996540069581]","[667.1190185546875, 669.844970703125, 579.2843627929688, 581.7626342773438]"
4.9058573246002,"[-7.500213146209717, 11.383625030517578, -23.303524017333984]","[-7.500213146209717, 11.383625030517578, -23.303524017333984]","[-4.6918110847473145, 5.317291259765625, -3.426673650741577]","[-4.6918110847473145, 5.317291259765625, -3.426673650741577]","[0.12379015982151031, 0.18670660257339478, 0.6021968126296997, 0.7662739157676697]","[[0.20499928682826152, -0.8766705390085558, 0.43522887826605583], [0.9691202996977228, 0.24406999037999055, 0.03515390093336812], [-0.13704471954831732, 0.41458258293310557, 0.8996332817737307]]","[0.09068449586629868, 0.328202486038208, 0.4701254069805145]",[0.0],"[0.12379015982151031, 0.18670660257339478, 0.6021968126296997, 0.7662739157676697]",[0.44],"[-4.97133731842041, -0.6647348403930664, -6.775301036834717]","[669.847900390625, 668.82958984375, 587.81005859375, 592.9696655273438]"
4.9370322227478,"[-7.656912326812744, 11.558818817138672, -23.415586471557617]","[-7.656912326812744, 11.558818817138672, -23.415586471557617]","[-4.805367469787598, 5.299724578857422, -3.365405559539795]","[-4.805367469787598, 5.299724578857422, -3.365405559539795]","[0.12308458983898163, 0.1904127597808838, 0.6088768839836121, 0.7601724863052368]","[[0.18602384212606893, -0.878829156627738, 0.43937980510887265], [0.9725766623786924, 0.22823824778915336, 0.04474481832469124], [-0.13960635899863227, 0.41900689305972705, 0.8971863293135942]]","[0.05986407399177551, 0.30790284276008606, 0.5238131880760193]",[0.0],"[0.12308458983898163, 0.1904127597808838, 0.6088768839836121, 0.7601724863052368]",[0.44],"[-5.67781925201416, -0.8783340454101562, -6.746595439910889]","[669.7913208007812, 669.7533569335938, 593.124755859375, 595.3649291992188]"
4.9690334796906,"[-7.802628993988037, 11.717543601989746, -23.515695571899414]","[-7.802628993988037, 11.717543601989746, -23.515695571899414]","[-4.908377647399902, 5.281459808349609, -3.3071820735931396]","[-4.908377647399902, 5.281459808349609, -3.3071820735931396]","[0.12241608649492264, 0.19325925409793854, 0.6155378818511963, 0.7541739344596863]","[[0.1675279534233023, -0.8811291691982015, 0.44220566123876814], [0.9757613354605914, 0.21225483554682067, 0.05327074064510828], [-0.14079870689637808, 0.42256282701724057, 0.8953303249455521]]","[0.031685248017311096, 0.2976047396659851, 0.5759401917457581]",[0.0],"[0.12241608649492264, 0.19325925409793854, 0.6155378818511963, 0.7541739344596863]",[0.44],"[-5.150508880615234, -0.913238525390625, -6.898825702667237]","[669.857421875, 669.1204833984375, 580.3485717773438, 582.3338012695312]"
4.9997081756592,"[-7.966421127319336, 11.891475677490234, -23.62364387512207]","[-7.966421127319336, 11.891475677490234, -23.62364387512207]","[-5.017778396606445, 5.259336471557617, -3.2338926792144775]","[-5.017778396606445, 5.259336471557617, -3.2338926792144775]","[0.12103398144245148, 0.1950112283229828, 0.6237591505050659, 0.7471585869789124]","[[0.14579028597832, -0.8848880402332364, 0.44240073449122264], [0.9792999817928907, 0.19255059499477367, 0.0624169191334385], [-0.14041652070406485, 0.4241432333373343, 0.8946427923282996]]","[-0.19209901988506317, 0.20852963626384735, 0.6409322619438171]",[0.0],"[0.12103398144245148, 0.1950112283229828, 0.6237591505050659, 0.7471585869789124]",[0.44],"[-5.470037460327148, -1.1061668395996094, -6.145530281066895]","[669.857421875, 661.7635498046875, 552.691650390625, 590.3792724609375]"
5.0311920642853,"[-8.118477821350098, 12.048927307128906, -23.719743728637695]","[-8.118477821350098, 12.048927307128906, -23.719743728637695]","[-5.119490623474121, 5.236766338348389, -3.174102306365967]","[-5.119490623474121, 5.236766338348389, -3.174102306365967]","[0.11893212050199509, 0.193181574344635, 0.6321939826011658, 0.7408554553985596]","[[0.12602329539321033, -0.8907777332029889, 0.4366155883101266], [0.9826797103178739, 0.17237183815155166, 0.06803343710815213], [-0.13586290463269446, 0.42047947829223986, 0.8970720600932544]]","[-0.19198469817638397, 0.1514103263616562, 0.6974959969520569]",[0.0],"[0.11893212050199509, 0.193181574344635, 0.6321939826011658, 0.7408554553985596]",[0.44],"[-5.085611343383789, -1.1285066604614258, -6.820481357574463]","[667.2890625, 669.6132202148438, 594.33203125, 572.3048706054688]"
5.0621907711029,"[-8.273597717285156, 12.205673217773438, -23.814130783081055]","[-8.273597717285156, 12.205673217773438, -23.814130783081055]","[-5.221625804901123, 5.212287902832031, -3.1187949180603027]","[-5.221625804901123, 5.212287902832031, -3.1187949180603027]","[0.11690499633550644, 0.19353710114955902, 0.6410762667655945, 0.7334151864051819]","[[0.1031292213370274, -0.8950992311783057, 0.4337761354658687], [0.9856010475810006, 0.15070888404336713, 0.07666428521298396], [-0.1339960609978208, 0.4196238839293942, 0.8977532246208412]]","[-0.13550938665866852, 0.3781479597091675, 0.7485247850418091]",[0.0],"[0.11690499633550644, 0.19353710114955902, 0.6410762667655945, 0.7334151864051819]",[0.44],"[-5.106759071350098, -1.223921775817871, -7.044630584716797]","[669.8539428710938, 659.260986328125, 591.2205810546875, 586.3787841796875]"
5.0931916236877,"[-8.447851181030273, 12.377177238464355, -23.91625213623047]","[-8.447851181030273, 12.377177238464355, -23.91625213623047]","[-5.339602470397949, 5.180787086486816, -3.072030782699585]","[-5.339602470397949, 5.180787086486816, -3.072030782699585]","[0.11352647095918655, 0.19489815831184387, 0.6516036987304688, 0.7242506742477417]","[[0.07485465537484792, -0.8995966360765517, 0.43025878189563826], [0.9881010365149057, 0.12504872038465098, 0.08954947538919278], [-0.13436170837234584, 0.4184359679378229, 0.8982528965564088]]","[-0.1518847495317459, 0.34962043166160583, 0.8000032901763916]",[0.0],"[0.11352647095918655, 0.19489815831184387, 0.6516036987304688, 0.7242506742477417]",[0.44],"[-5.898833274841309, -1.5750408172607422, -7.471793231964112]","[666.7232055664062, 669.8366088867188, 601.5015258789062, 598.7413940429688]"
5.1242914199829,"[-8.609735488891602, 12.532110214233398, -24.007984161376953]","[-8.609735488891602, 12.532110214233398, -24.007984161376953]","[-5.453524589538574, 5.146991729736328, -3.0459887981414795]","[-5.453524589538574, 5.146991729736328, -3.0459887981414795]","[0.11048117280006409, 0.19656991958618164, 0.6615011096000671, 0.7152416110038757]","[[0.04755309742352409, -0.9028316881162155, 0.427356808713764], [0.989700789128598, 0.10042038490920469, 0.10202097580227942], [-0.13502313512512742, 0.4181039038787411, 0.8983083543412089]]","[-0.11619635671377182, 0.5147104859352112, 0.8278982639312744]",[0.0],"[0.11048117280006409, 0.19656991958618164, 0.6615011096000671, 0.7152416110038757]",[0.44],"[-5.69610595703125, -1.689767837524414, -8.507900772094727]","[660.2499389648438, 639.843505859375, 652.44140625, 624.509033203125]"
5.1553313732147,"[-8.775055885314941, 12.685958862304688, -24.099002838134766]","[-8.775055885314941, 12.685958862304688, -24.099002838134766]","[-5.56670618057251, 5.10849142074585, -3.020040988922119]","[-5.56670618057251, 5.10849142074585, -3.020040988922119]","[0.1049703061580658, 0.20172585546970367, 0.6716480255126953, 0.7051077485084534]","[[0.01639121811982802, -0.9048180045015046, 0.4254831252694249], [0.9895189037361147, 0.07574032929995944, 0.12294679257145802], [-0.14347072979531283, 0.41900829751288526, 0.8965758281201963]]","[-0.07660035043954849, 0.8212746381759644, 0.8067764043807983]",[0.0],"[0.1049703061580658, 0.20172585546970367, 0.6716480255126953, 0.7051077485084534]",[0.44],"[-5.659079551696777, -1.9250154495239258, -8.512609539031983]","[607.6314697265625, 601.7560424804688, 669.8341064453125, 659.5888671875]"
5.1862988471985,"[-8.960786819458008, 12.853738784790039, -24.198148727416992]","[-8.960786819458008, 12.853738784790039, -24.198148727416992]","[-5.690034866333008, 5.05799674987793, -2.989867925643921]","[-5.690034866333008, 5.05799674987793, -2.989867925643921]","[0.09734509885311127, 0.20904231071472168, 0.6823704838752747, 0.6936827301979065]","[[-0.01865632986625343, -0.9059987517201193, 0.4228689260615024], [0.9873957293241489, 0.049788908930203046, 0.15023537753799765], [-0.15716723723236647, 0.42034183331324293, 0.8936504881206555]]","[-0.11153586208820343, 0.8233676552772522, 0.7600579857826233]",[0.0],"[0.09734509885311127, 0.20904231071472168, 0.6823704838752747, 0.6936827301979065]",[0.44],"[-6.166434288024902, -2.524733543395996, -8.301346836090088]","[606.6972045898438, 602.1766967773438, 668.7765502929688, 667.9380493164062]"
5.2172901630402,"[-9.133204460144043, 13.004677772521973, -24.287519454956055]","[-9.133204460144043, 13.004677772521973, -24.287519454956055]","[-5.8047027587890625, 5.002681255340576, -2.9694275856018066]","[-5.8047027587890625, 5.002681255340576, -2.9694275856018066]","[0.08915034681558609, 0.2156776487827301, 0.6916998028755188, 0.6834375262260437]","[[-0.04993093096495649, -0.9070117299578722, 0.41813495212988716], [0.9839226787152744, 0.02720719672925831, 0.17651098931566356], [-0.17147384285538703, 0.4202257592750156, 0.8910707349564281]]","[-0.2264707237482071, 0.9674187302589417, 0.7208364605903625]",[0.0],"[0.08915034681558609, 0.2156776487827301, 0.6916998028755188, 0.6834375262260437]",[0.44],"[-5.733394622802734, -2.765774726867676, -8.787982997894288]","[619.1666870117188, 591.7452392578125, 656.9514770507812, 669.4970092773438]"
5.2485594749451,"[-9.326837539672852, 13.168620109558105, -24.38518714904785]","[-9.326837539672852, 13.168620109558105, -24.38518714904785]","[-5.930812835693359, 4.930425643920898, -2.952415943145752]","[-5.930812835693359, 4.930425643920898, -2.952415943145752]","[0.07680889219045639, 0.22146272659301758, 0.7020888924598694, 0.6724029779434204]","[[-0.08394910437107939, -0.9101527107598528, 0.40567773382736316], [0.9781939375242032, 0.002343162329897619, 0.20767998518687314], [-0.189971053631095, 0.41426609655246516, 0.8901093096209224]]","[-0.34809353947639465, 0.8924403786659241, 0.6781428456306458]",[0.0],"[0.07680889219045639, 0.22146272659301758, 0.7020888924598694, 0.6724029779434204]",[0.44],"[-6.305503845214844, -3.6127805709838867, -8.959417877197266]","[595.33837890625, 614.6204833984375, 666.7802734375, 669.8544921875]"
5.2790811061859,"[-9.50643253326416, 13.315436363220215, -24.473522186279297]","[-9.50643253326416, 13.315436363220215, -24.473522186279297]","[-6.040738582611084, 4.856008052825928, -2.9354662895202637]","[-6.040738582611084, 4.856008052825928, -2.9354662895202637]","[0.06609868258237839, 0.22565551102161407, 0.7107850313186646, 0.6629444360733032]","[[-0.11227154080220147, -0.9125908995218304, 0.3931580393409906], [0.9722530275057586, -0.019168793171601806, 0.2331456112379282], [-0.20523022266323743, 0.40842462663698065, 0.8894211090128964]]","[-0.4306163191795349, 0.8796352744102478, 0.6254336833953857]",[0.0],"[0.06609868258237839, 0.22565551102161407, 0.7107850313186646, 0.6629444360733032]",[0.44],"[-5.4962873458862305, -3.720879554748535, -8.962517318725586]","[583.71240234375, 572.3599243164062, 663.2249755859375, 669.8511962890625]"
5.3110768795013,"[-9.689279556274414, 13.459885597229004, -24.5613956451416]","[-9.689279556274414, 13.459885597229004, -24.5613956451416]","[-6.148595333099365, 4.771829605102539, -2.924513101577759]","[-6.148595333099365, 4.771829605102539, -2.924513101577759]","[0.05415678024291992, 0.2287098467350006, 0.7190721035003662, 0.6539832949638367]","[[-0.1387457680519777, -0.9157499093094543, 0.37703009809302657], [0.9652946649455316, -0.039995293757442596, 0.25808248199017214], [-0.22125957854069256, 0.39975300034176087, 0.8895176983203452]]","[-0.4817388653755188, 0.8715890049934387, 0.5699723362922668]",[0.0],"[0.05415678024291992, 0.2287098467350006, 0.7190721035003662, 0.6539832949638367]",[0.44],"[-5.3928375244140625, -4.208922386169434, -9.262340602874756]","[584.6257934570312, 577.2618408203125, 668.0465087890625, 668.0502319335938]"
5.3425874710083,"[-9.894120216369629, 13.615660667419434, -24.657861709594727]","[-9.894120216369629, 13.615660667419434, -24.657861709594727]","[-6.264668941497803, 4.666947364807129, -2.9224483966827393]","[-6.264668941497803, 4.666947364807129, -2.9224483966827393]","[0.03969098627567291, 0.23145999014377594, 0.7276154160499573, 0.6445360779762268]","[[-0.16599584142181856, -0.919575022487432, 0.3561281754961847], [0.9563225236560879, -0.06199913613017616, 0.28566316880450415], [-0.24060908152655713, 0.387992259305026, 0.889701797142215]]","[-0.5855389833450317, 0.9733244180679321, 0.5122981071472168]",[0.0],"[0.03969098627567291, 0.23145999014377594, 0.7276154160499573, 0.6445360779762268]",[0.44],"[-5.803680419921875, -5.244112014770508, -9.706764755249024]","[586.0404052734375, 565.105712890625, 669.6495361328125, 640.3561401367188]"
5.3735942840576,"[-10.083513259887695, 13.75416088104248, -24.74540138244629]","[-10.083513259887695, 13.75416088104248, -24.74540138244629]","[-6.360121726989746, 4.564452648162842, -2.9134695529937744]","[-6.360121726989746, 4.564452648162842, -2.9134695529937744]","[0.023554202169179916, 0.23659558594226837, 0.7346936464309692, 0.6353683471679688]","[[-0.19150445078679867, -0.9224565350880664, 0.3352609381356464], [0.9447478161425454, -0.08065910909172125, 0.3177193585286098], [-0.26604044741385824, 0.3775817365329779, 0.8869354565456162]]","[-0.4681348502635956, 1.3697656393051147, 0.46115562319755554]",[0.0],"[0.023554202169179916, 0.23659558594226837, 0.7346936464309692, 0.6353683471679688]",[0.44],"[-4.772639274597168, -5.1247358322143555, -9.361057815551758]","[576.6473388671875, 552.273681640625, 669.8557739257812, 635.4318237304688]"
5.4045991897583,"[-10.29513168334961, 13.902640342712402, -24.841655731201172]","[-10.29513168334961, 13.902640342712402, -24.841655731201172]","[-6.464166641235352, 4.430436611175537, -2.921647071838379]","[-6.464166641235352, 4.430436611175537, -2.921647071838379]","[0.002384557854384184, 0.24587516486644745, 0.7414208054542542, 0.6243677139282227]","[[-0.2203188149170754, -0.9246658196094277, 0.31056895080887686], [0.927011033831749, -0.0994209937531918, 0.3616162436804151], [-0.3034971075886777, 0.3675716074255009, 0.8790794343714727]]","[-0.5850149989128113, 1.4229545593261719, 0.4031274914741516]",[0.0],"[0.002384557854384184, 0.24587516486644745, 0.7414208054542542, 0.6243677139282227]",[0.44],"[-5.202245712280273, -6.700801849365234, -10.218875942230225]","[570.2191162109375, 567.9082641601562, 634.5143432617188, 669.5714111328125]"
5.4355998039246,"[-10.490400314331055, 14.033509254455566, -24.929494857788086]","[-10.490400314331055, 14.033509254455566, -24.929494857788086]","[-6.553679943084717, 4.289403915405273, -2.9393062591552734]","[-6.553679943084717, 4.289403915405273, -2.9393062591552734]","[-0.016829388216137886, 0.25000256299972534, 0.7473911643028259, 0.6153225898742676]","[[-0.24218966796873076, -0.9281881141114219, 0.28250817697366437], [0.9113585533604145, -0.11775356157132655, 0.3944104187644175], [-0.3328207211871186, 0.35298840779180374, 0.8744309803716778]]","[-0.7194246649742126, 1.1349241733551025, 0.35530292987823486]",[0.0],"[-0.016829388216137886, 0.25000256299972534, 0.7473911643028259, 0.6153225898742676]",[0.44],"[-4.475665092468262, -7.051634788513184, -10.692959365844727]","[577.9274291992188, 599.6046142578125, 661.5853271484375, 669.8570556640625]"
5.4664597511292,"[-10.688328742980957, 14.15980052947998, -25.018239974975586]","[-10.688328742980957, 14.15980052947998, -25.018239974975586]","[-6.639471530914307, 4.128190040588379, -2.9765241146087646]","[-6.639471530914307, 4.128190040588379, -2.9765241146087646]","[-0.033206768333911896, 0.25203603506088257, 0.7525615096092224, 0.6074753403663635]","[[-0.25974197742904437, -0.9310637228491023, 0.2562310809531718], [0.8975865139368446, -0.1349030304169876, 0.4196898238349016], [-0.35619162377962166, 0.33900065225046117, 0.870750295135215]]","[-0.6270113587379456, 0.8788774609565735, 0.31009402871131897]",[0.0],"[-0.033206768333911896, 0.25203603506088257, 0.7525615096092224, 0.6074753403663635]",[0.44],"[-4.289579391479492, -8.060693740844727, -11.670892772674561]","[574.1893310546875, 604.4603881835938, 648.7830200195312, 669.8569946289062]"
5.4974603652954,"[-10.888671875, 14.28113842010498, -25.10805320739746]","[-10.888671875, 14.28113842010498, -25.10805320739746]","[-6.714892387390137, 3.9599409103393555, -3.0105104446411133]","[-6.714892387390137, 3.9599409103393555, -3.0105104446411133]","[-0.04494457691907883, 0.25115829706192017, 0.757114052772522, 0.6013965606689453]","[[-0.27260435817735384, -0.9332279815453708, 0.23403513051031588], [0.8880751679407135, -0.15048340780013625, 0.4343699803117005], [-0.37014781363571636, 0.326251924392281, 0.8697989896450425]]","[-0.6004238724708557, 0.38186678290367126, 0.26952385902404785]",[0.0],"[-0.04494457691907883, 0.25115829706192017, 0.757114052772522, 0.6013965606689453]",[0.44],"[-3.771042823791504, -8.412456512451172, -11.509316501617432]","[569.0274047851562, 607.818359375, 631.1004028320312, 669.857421875]"
5.5284698009491,"[-11.111495971679688, 14.408732414245605, -25.207977294921875]","[-11.111495971679688, 14.408732414245605, -25.207977294921875]","[-6.786916255950928, 3.7740938663482666, -3.0432512760162354]","[-6.786916255950928, 3.7740938663482666, -3.0432512760162354]","[-0.05294809490442276, 0.2432512789964676, 0.7625375986099243, 0.5971279740333557]","[[-0.28126954805441473, -0.936424446376263, 0.20975446053758873], [0.8849056791525542, -0.1685341800955955, 0.43421006956792585], [-0.37125411309514433, 0.3077429150111106, 0.8760506290251499]]","[-1.0000733137130737, -0.12748079001903534, 0.2294379472732544]",[0.0],"[-0.05294809490442276, 0.2432512789964676, 0.7625375986099243, 0.5971279740333557]",[0.44],"[-3.601193428039551, -9.292352199554443, -11.447041568756104]","[566.7936401367188, 579.9360961914062, 581.361572265625, 669.857421875]"
5.5604074001312,"[-11.315861701965332, 14.519668579101562, -25.29932975769043]","[-11.315861701965332, 14.519668579101562, -25.29932975769043]","[-6.833393096923828, 3.6271228790283203, -3.038745641708374]","[-6.833393096923828, 3.6271228790283203, -3.038745641708374]","[-0.056599538773298264, 0.2222527265548706, 0.7696670293807983, 0.5958296060562134]","[[-0.28356722115387356, -0.9423396094490615, 0.17772391127228016], [0.8920220021926069, -0.19118168781042555, 0.4095685534190556], [-0.3519751067601513, 0.2746738298580249, 0.8948004354991517]]","[-1.6796098947525024, -1.41542649269104, 0.1977241039276123]",[0.0],"[-0.056599538773298264, 0.2222527265548706, 0.7696670293807983, 0.5958296060562134]",[0.44],"[-2.3238420486450195, -7.3485493659973145, -9.584718284606934]","[470.2798767089844, 585.0498046875, 461.5206604003906, 669.857421875]"
5.5914309024811,"[-11.542047500610352, 14.63686466217041, -25.39980125427246]","[-11.542047500610352, 14.63686466217041, -25.39980125427246]","[-6.874147891998291, 3.4751322269439697, -3.0649540424346924]","[-6.874147891998291, 3.4751322269439697, -3.0649540424346924]","[-0.04718545824289322, 0.17841121554374695, 0.7792873382568359, 0.598877489566803]","[[-0.27823863479844313, -0.9502321194951064, 0.14015086143373523], [0.9165584596506933, -0.219030446074032, 0.3345838201056326], [-0.28723498206786857, 0.22155058499938018, 0.9318859413972217]]","[-1.6167651414871216, -2.1460540294647217, 0.15576863288879395]",[0.0],"[-0.04718545824289322, 0.17841121554374695, 0.7792873382568359, 0.598877489566803]",[0.44],"[-2.0377397537231445, -7.599532604217529, -11.120420036315918]","[579.279541015625, 583.5322265625, 664.2278442382812, 584.8304443359375]"
5.6224458217621,"[-11.748696327209473, 14.739347457885742, -25.492334365844727]","[-11.748696327209473, 14.739347457885742, -25.492334365844727]","[-6.901953220367432, 3.3573873043060303, -3.1151695251464844]","[-6.901953220367432, 3.3573873043060303, -3.1151695251464844]","[-0.038847196847200394, 0.14766846597194672, 0.7848691344261169, 0.6005541682243347]","[[-0.27565106803462003, -0.9541858723119331, 0.11638589398080557], [0.9312398484489878, -0.2350573257553743, 0.2784605341197035], [-0.23834575703817817, 0.18514115015803378, 0.9533698389092138]]","[-1.1589244604110718, -1.3573414087295532, 0.12306972593069077]",[0.0],"[-0.038847196847200394, 0.14766846597194672, 0.7848691344261169, 0.6005541682243347]",[0.44],"[-1.3902664184570312, -5.887246131896973, -12.3207741355896]","[620.56591796875, 595.5553588867188, 669.849853515625, 628.310302734375]"
5.6534583568573,"[-11.956144332885742, 14.838362693786621, -25.587255477905273]","[-11.956144332885742, 14.838362693786621, -25.587255477905273]","[-6.926039695739746, 3.2466864585876465, -3.2139334678649902]","[-6.926039695739746, 3.2466864585876465, -3.2139334678649902]","[-0.03352729603648186, 0.12324845790863037, 0.7887725234031677, 0.6012683510780334]","[[-0.2747045521053124, -0.9567922841132495, 0.09531997432410355], [0.9402635339758794, -0.2465723465106373, 0.23474779830820003], [-0.20110161391442682, 0.1541121902923579, 0.9673714760872534]]","[-1.0106779336929321, -1.215975046157837, 0.09345031529664993]",[0.0],"[-0.03352729603648186, 0.12324845790863037, 0.7887725234031677, 0.6012683510780334]",[0.44],"[-1.2043237686157227, -5.5350422859191895, -14.748197135925293]","[618.656005859375, 621.9179077148438, 669.857421875, 643.3160400390625]"
5.684490442276,"[-12.185002326965332, 14.943808555603027, -25.695056915283203]","[-12.185002326965332, 14.943808555603027, -25.695056915283203]","[-6.942427158355713, 3.1468894481658936, -3.320892572402954]","[-6.942427158355713, 3.1468894481658936, -3.320892572402954]","[-0.027964292094111443, 0.10109041631221771, 0.7917342185974121, 0.6017937660217285]","[[-0.27412469033646447, -0.9585752780553545, 0.07739059078294552], [0.9472675903366738, -0.25525014906075905, 0.1937309568401755], [-0.16595173858198997, 0.1264160102263876, 0.9779974521949955]]","[-0.7742912173271179, -0.9394728541374207, 0.06599811464548111]",[0.0],"[-0.027964292094111443, 0.10109041631221771, 0.7917342185974121, 0.6017937660217285]",[0.44],"[-0.8193731307983398, -4.9898505210876465, -15.157955226898194]","[630.8463745117188, 621.6942749023438, 669.857421875, 646.3001098632812]"
5.715478181839,"[-12.393425941467285, 15.037027359008789, -25.796295166015625]","[-12.393425941467285, 15.037027359008789, -25.796295166015625]","[-6.951254844665527, 3.069643020629883, -3.4290480613708496]","[-6.951254844665527, 3.069643020629883, -3.4290480613708496]","[-0.024246690794825554, 0.08499892801046371, 0.7935553789138794, 0.6020441651344299]","[[-0.2739099143321573, -0.9596326566230081, 0.06386403350057135], [0.9513888857215628, -0.26063608283530115, 0.16409787048292102], [-0.1408284011049532, 0.10570755561554734, 0.9843745604451443]]","[-0.6456102728843689, -0.7707352638244629, 0.044318366795778275]",[0.0],"[-0.024246690794825554, 0.08499892801046371, 0.7935553789138794, 0.6020441651344299]",[0.44],"[-0.44138431549072266, -3.862321376800537, -15.217774448394776]","[633.0927124023438, 631.5555419921875, 669.857421875, 652.2049560546875]"
5.7464489936829,"[-12.62289810180664, 15.137107849121094, -25.91147232055664]","[-12.62289810180664, 15.137107849121094, -25.91147232055664]","[-6.954943656921387, 2.9978749752044678, -3.5520448684692383]","[-6.954943656921387, 2.9978749752044678, -3.5520448684692383]","[-0.02081191912293434, 0.07062456756830215, 0.7948830127716064, 0.602279007434845]","[[-0.27365366707415095, -0.960422369494452, 0.05198530696311021], [0.9545430383411573, -0.2645442799408908, 0.13734570207311814], [-0.11815747085909845, 0.08720737410441748, 0.9891580689564216]]","[-0.509797990322113, -0.6151267290115356, 0.02357877790927887]",[0.0],"[-0.02081191912293434, 0.07062456756830215, 0.7948830127716064, 0.602279007434845]",[0.44],"[-0.18444061279296875, -3.588402271270752, -15.959840354919434]","[639.0270385742188, 635.0787963867188, 669.857421875, 654.7315673828125]"
5.7784497737885,"[-12.83154582977295, 15.226191520690918, -26.0197696685791]","[-12.83154582977295, 15.226191520690918, -26.0197696685791]","[-6.953993320465088, 2.9422078132629395, -3.6688730716705322]","[-6.953993320465088, 2.9422078132629395, -3.6688730716705322]","[-0.018289582803845406, 0.06000874936580658, 0.7956399917602539, 0.6025126576423645]","[[-0.2732880929774102, -0.9609614019050015, 0.043208215101673275], [0.9565712619430768, -0.26675501065479135, 0.11753013198653695], [-0.10141590914707344, 0.07345131141727701, 0.9921288823208262]]","[-0.42154958844184875, -0.5300118327140808, 0.007013832218945026]",[0.0],"[-0.018289582803845406, 0.06000874936580658, 0.7956399917602539, 0.6025126576423645]",[0.44],"[0.047516822814941406, -2.783358097076416, -15.651410160064698]","[642.9104614257812, 645.5963134765625, 669.857421875, 663.3206176757812]"
5.8094475269318,"[-13.040111541748047, 15.31372356414795, -26.131620407104492]","[-13.040111541748047, 15.31372356414795, -26.131620407104492]","[-6.9495086669921875, 2.895037889480591, -3.783932685852051]","[-6.9495086669921875, 2.895037889480591, -3.783932685852051]","[-0.014898491092026234, 0.05014736205339432, 0.7961024045944214, 0.602896511554718]","[[-0.2725875930438679, -0.961428965194281, 0.03674589012494445], [0.9584404850869165, -0.2680020072756779, 0.09780936764317183], [-0.08418878845770705, 0.0618803744159252, 0.9945265540845332]]","[-0.3510248064994812, -0.730626106262207, -0.007649437990039587]",[0.0],"[-0.014898491092026234, 0.05014736205339432, 0.7961024045944214, 0.602896511554718]",[0.44],"[0.22423267364501953, -2.3584961891174316, -15.562980709075928]","[615.4299926757812, 658.1253051757812, 642.7904052734375, 669.8169555664062]"
5.8395018577576,"[-13.248504638671875, 15.399994850158691, -26.246801376342773]","[-13.248504638671875, 15.399994850158691, -26.246801376342773]","[-6.942967414855957, 2.8579883575439453, -3.896752119064331]","[-6.942967414855957, 2.8579883575439453, -3.896752119064331]","[-0.007046692539006472, 0.03868794068694115, 0.7963157296180725, 0.6036016345024109]","[[-0.27123099598351885, -0.9618601960008732, 0.03548142424715367], [0.9607697079089206, -0.2683367942258048, 0.070122421699845], [-0.057926992689526335, 0.053108841162324005, 0.9969071747393289]]","[-0.24300220608711243, -0.9122602939605713, -0.020837027579545975]",[0.0],"[-0.007046692539006472, 0.03868794068694115, 0.7963157296180725, 0.6036016345024109]",[0.44],"[0.32706260681152344, -1.8524765968322754, -15.450971660614014]","[646.6118774414062, 648.9578247070312, 669.3836059570312, 661.77587890625]"
5.8714542388916,"[-13.477503776550293, 15.493825912475586, -26.377378463745117]","[-13.477503776550293, 15.493825912475586, -26.377378463745117]","[-6.935422897338867, 2.831303596496582, -4.012727737426758]","[-6.935422897338867, 2.831303596496582, -4.012727737426758]","[0.003389092395082116, 0.02649957500398159, 0.7961859107017517, 0.6044619679450989]","[[-0.2692284637507387, -0.9623485858496454, 0.0374326657432926], [0.962707823882121, -0.2678469806944803, 0.03810002159815071], [-0.026639275283169256, 0.046294331432867125, 0.998572573154692]]","[-0.16133743524551392, -1.1238056421279907, -0.0334848091006279]",[0.0],"[0.003389092395082116, 0.02649957500398159, 0.7961859107017517, 0.6044619679450989]",[0.44],"[0.3772258758544922, -1.334238052368164, -15.608780918121338]","[631.7459106445312, 659.2692260742188, 652.0679931640625, 669.7169799804688]"
5.9034616947174,"[-13.706273078918457, 15.587035179138184, -26.51171875]","[-13.706273078918457, 15.587035179138184, -26.51171875]","[-6.929498672485352, 2.820585250854492, -4.126527309417725]","[-6.929498672485352, 2.820585250854492, -4.126527309417725]","[0.01756494864821434, 0.013017171993851662, 0.7956353425979614, 0.6053812503814697]","[[-0.2664100903153859, -0.962868145184052, 0.04371129158701237], [0.9637827290145198, -0.2666882516239797, -0.0005531369531150965], [0.012189884154738095, 0.04198082534905412, 0.9990440516245361]]","[-0.09990941733121872, -1.2464429140090942, -0.044647932052612305]",[0.0],"[0.01756494864821434, 0.013017171993851662, 0.7956353425979614, 0.6053812503814697]",[0.44],"[0.29621124267578125, -0.5359172821044922, -15.49997859954834]","[636.0518798828125, 660.2537231445312, 653.7700805664062, 669.5205078125]"
5.9344470500946,"[-13.914105415344238, 15.67170238494873, -26.636802673339844]","[-13.914105415344238, 15.67170238494873, -26.636802673339844]","[-6.926000595092773, 2.8262882232666016, -4.207529067993164]","[-6.926000595092773, 2.8262882232666016, -4.207529067993164]","[0.034455154091119766, -0.001003504148684442, 0.7946274280548096, 0.6061180830001831]","[[-0.2628675128751561, -0.9633452585640422, 0.05354153693555061], [0.9632069550037462, -0.2652398141208887, -0.04336260773579376], [0.05597450497908399, 0.04017296005294796, 0.9976236706719616]]","[-0.009695475921034813, -1.7540147304534912, -0.05324422940611839]",[0.0],"[0.034455154091119766, -0.001003504148684442, 0.7946274280548096, 0.6061180830001831]",[0.44],"[0.17490386962890625, 0.28514862060546875, -13.860087928771973]","[605.5348510742188, 667.5203857421875, 634.4332885742188, 662.9430541992188]"
5.9644455909729,"[-14.121886253356934, 15.756794929504395, -26.764041900634766]","[-14.121886253356934, 15.756794929504395, -26.764041900634766]","[-6.9269256591796875, 2.850015640258789, -4.27500057220459]","[-6.9269256591796875, 2.850015640258789, -4.27500057220459]","[0.059502553194761276, -0.017257895320653915, 0.7927446365356445, 0.6063972115516663]","[[-0.2574837874138596, -0.9634900518042017, 0.0734103806112576], [0.9593824964668144, -0.26396922518545307, -0.09952657258169983], [0.11527093901003793, 0.04480215676833188, 0.992323222424812]]","[0.29744449257850647, -2.0686323642730713, -0.05991151183843613]",[0.0],"[0.059502553194761276, -0.017257895320653915, 0.7927446365356445, 0.6063972115516663]",[0.44],"[-0.046253204345703125, 1.186370849609375, -13.18357521057129]","[645.8247680664062, 648.9266967773438, 668.10400390625, 647.9745483398438]"
5.9964556694031,"[-14.350603103637695, 15.851572036743164, -26.90601921081543]","[-14.350603103637695, 15.851572036743164, -26.90601921081543]","[-6.93582010269165, 2.897324800491333, -4.327015399932861]","[-6.93582010269165, 2.897324800491333, -4.327015399932861]","[0.08546342700719833, -0.032065920531749725, 0.7900534868240356, 0.606204092502594]","[[-0.2504254706047302, -0.9633482409349169, 0.09616437249351772], [0.9523863870997816, -0.26297701879726265, -0.1542841430707833], [0.17391834151835628, 0.052948973773458086, 0.9833355587692736]]","[0.1494073122739792, -1.535923957824707, -0.0659041777253151]",[0.0],"[0.08546342700719833, -0.032065920531749725, 0.7900534868240356, 0.606204092502594]",[0.44],"[-0.44472217559814453, 2.3654580116271973, -12.410741386413575]","[664.26806640625, 641.1865234375, 669.5592041015625, 655.42822265625]"
6.0274512767792,"[-14.558895111083984, 15.939360618591309, -27.036540985107422]","[-14.558895111083984, 15.939360618591309, -27.036540985107422]","[-6.95070219039917, 2.9573028087615967, -4.372200965881348]","[-6.95070219039917, 2.9573028087615967, -4.372200965881348]","[0.10454881191253662, -0.043672382831573486, 0.7873941659927368, 0.6059478521347046]","[[-0.2437936993231702, -0.9633713988102528, 0.11171587597401356], [0.9451078158565309, -0.2618400534234411, -0.1954770149564382], [0.21756862227159957, 0.05792749713010892, 0.974324537810979]]","[0.17093972861766815, -1.4674488306045532, -0.07157541811466217]",[0.0],"[0.10454881191253662, -0.043672382831573486, 0.7873941659927368, 0.6059478521347046]",[0.44],"[-0.7441043853759766, 2.9989004135131836, -12.069278297424317]","[661.8324584960938, 653.7307739257812, 669.8567504882812, 663.3505249023438]"
6.0584812164307,"[-14.767685890197754, 16.029109954833984, -27.168121337890625]","[-14.767685890197754, 16.029109954833984, -27.168121337890625]","[-6.96879768371582, 3.0273892879486084, -4.395842552185059]","[-6.96879768371582, 3.0273892879486084, -4.395842552185059]","[0.12185071408748627, -0.05421813577413559, 0.7845197916030884, 0.6055919528007507]","[[-0.23682181932755153, -0.963410782336646, 0.12552046020385443], [0.9369847080943632, -0.2606377998811671, -0.23265402494607912], [0.2568567270865545, 0.0625132226315479, 0.9644255944590941]]","[0.1042267233133316, -1.21408212184906, -0.07666127383708954]",[0.0],"[0.12185071408748627, -0.05421813577413559, 0.7845197916030884, 0.6055919528007507]",[0.44],"[-0.9047746658325195, 3.504323959350586, -10.992079315185547]","[663.1295166015625, 644.3244018554688, 669.857421875, 653.0703125]"
6.0894486904144,"[-14.998029708862305, 16.130422592163086, -27.313371658325195]","[-14.998029708862305, 16.130422592163086, -27.313371658325195]","[-6.991718769073486, 3.114286422729492, -4.40537691116333]","[-6.991718769073486, 3.114286422729492, -4.40537691116333]","[0.136955127120018, -0.06360043585300446, 0.7815073132514954, 0.6053467392921448]","[[-0.22959739221252606, -0.9635866191737885, 0.13706223394081363], [0.9287449960652414, -0.2590207750200624, -0.26521909075309935], [0.2910634997855155, 0.06640226777267699, 0.9543965554296951]]","[0.10143120586872101, -0.9796254634857178, -0.08195164799690247]",[0.0],"[0.136955127120018, -0.06360043585300446, 0.7815073132514954, 0.6053467392921448]",[0.44],"[-1.1460542678833008, 4.3448567390441895, -10.286717948913575]","[662.7353515625, 650.2928466796875, 669.857421875, 658.2628173828125]"
6.1204562187195,"[-15.2081298828125, 16.22513771057129, -27.4455623626709]","[-15.2081298828125, 16.22513771057129, -27.4455623626709]","[-7.015008449554443, 3.2007672786712646, -4.405360221862793]","[-7.015008449554443, 3.2007672786712646, -4.405360221862793]","[0.14820913970470428, -0.07055824249982834, 0.7789172530174255, 0.6052632331848145]","[[-0.22338110526575328, -0.9638147027294732, 0.14547269197515966], [0.9219851970495714, -0.25735607228044133, -0.28932915102182566], [0.3162979319082968, 0.06949302131901103, 0.9461111706466537]]","[0.0605982169508934, -0.8063653707504272, -0.0866001769900322]",[0.0],"[0.14820913970470428, -0.07055824249982834, 0.7789172530174255, 0.6052632331848145]",[0.44],"[-1.1644840240478516, 4.324042797088623, -9.809165534973145]","[664.5636596679688, 652.150390625, 669.857421875, 660.4436645507812]"
6.1514480113983,"[-15.418953895568848, 16.322526931762695, -27.57762908935547]","[-15.418953895568848, 16.322526931762695, -27.57762908935547]","[-7.039931774139404, 3.2927756309509277, -4.3983001708984375]","[-7.039931774139404, 3.2927756309509277, -4.3983001708984375]","[0.15746872127056122, -0.0764772817492485, 0.7764661312103271, 0.6053555011749268]","[[-0.21749685508097372, -0.9641616475349732, 0.15194637113955523], [0.9159905284817629, -0.25539210219063735, -0.30941315153887317], [0.33713014402680486, 0.07188507519758858, 0.9387096543953207]]","[0.048504892736673355, -0.7032492160797119, -0.09085884690284729]",[0.0],"[0.15746872127056122, -0.0764772817492485, 0.7764661312103271, 0.6053555011749268]",[0.44],"[-1.2461662292480469, 4.600417613983154, -9.456997451782227]","[660.4891967773438, 661.36083984375, 665.4730224609375, 668.3709716796875]"
6.1834473609924,"[-15.65174388885498, 16.43292808532715, -27.7225341796875]","[-15.65174388885498, 16.43292808532715, -27.7225341796875]","[-7.068462371826172, 3.3987374305725098, -4.381733417510986]","[-7.068462371826172, 3.3987374305725098, -4.381733417510986]","[0.1671009212732315, -0.08291304111480713, 0.7736683487892151, 0.6055080890655518]","[[-0.21087457261027254, -0.964634578003416, 0.1581523535171545], [0.9092151957800176, -0.25297086361718657, -0.3306563102672655], [0.35897042185331607, 0.07406752781772497, 0.9304054194454632]]","[0.024115916341543198, -0.6891679167747498, -0.0950474962592125]",[0.0],"[0.1671009212732315, -0.08291304111480713, 0.7736683487892151, 0.6055080890655518]",[0.44],"[-1.426529884338379, 5.298089981079102, -8.981662330627442]","[665.2723388671875, 652.0774536132812, 669.786865234375, 658.0917358398438]"
6.2144541740417,"[-15.864198684692383, 16.536388397216797, -27.853652954101562]","[-15.864198684692383, 16.536388397216797, -27.853652954101562]","[-7.095147609710693, 3.499112129211426, -4.359349250793457]","[-7.095147609710693, 3.499112129211426, -4.359349250793457]","[0.17473053932189941, -0.08821545541286469, 0.7711870670318604, 0.6057703495025635]","[[-0.20502291786180438, -0.9651523864571274, 0.16262324976714382], [0.9034966500538602, -0.2505205074578498, -0.34775439640105077], [0.3763764787950592, 0.0756319230941429, 0.9233745441091581]]","[0.011674218811094761, -0.6014715433120728, -0.09845322370529175]",[0.0],"[0.17473053932189941, -0.08821545541286469, 0.7711870670318604, 0.6057703495025635]",[0.44],"[-1.3342618942260742, 5.018734931945801, -8.690791664123536]","[665.717529296875, 661.3812255859375, 669.8568725585938, 666.8858642578125]"
6.2454545497894,"[-16.098831176757812, 16.653728485107422, -27.99700164794922]","[-16.098831176757812, 16.653728485107422, -27.99700164794922]","[-7.124728679656982, 3.6126081943511963, -4.326344966888428]","[-7.124728679656982, 3.6126081943511963, -4.326344966888428]","[0.18182329833507538, -0.0933099314570427, 0.7685918211936951, 0.6062178611755371]","[[-0.19888026182871776, -0.965800018931984, 0.16636350585695148], [0.8979363409122267, -0.2475861988465735, -0.3638835623651966], [0.39262809415424904, 0.07701456174908738, 0.9164670897480723]]","[-0.003636846784502268, -0.4750640094280243, -0.10178264230489731]",[0.0],"[0.18182329833507538, -0.0933099314570427, 0.7685918211936951, 0.6062178611755371]",[0.44],"[-1.4790534973144531, 5.674803256988525, -8.159785804748536]","[666.2506713867188, 657.6621704101562, 669.857421875, 662.4003295898438]"
6.2754485607147,"[-16.312986373901367, 16.763694763183594, -28.126291275024414]","[-16.312986373901367, 16.763694763183594, -28.126291275024414]","[-7.152092456817627, 3.718996286392212, -4.292699337005615]","[-7.152092456817627, 3.718996286392212, -4.292699337005615]","[0.18687961995601654, -0.09700456261634827, 0.7664546370506287, 0.6068059206008911]","[[-0.1937251916495999, -0.9664347748601427, 0.16874361672929616], [0.8939220716771716, -0.24475340602263218, -0.37549851332264694], [0.40419538841289615, 0.07810012599317417, 0.9113322449534116]]","[-0.007892544381320477, -0.4001469910144806, -0.10447704046964645]",[0.0],"[0.18687961995601654, -0.09700456261634827, 0.7664546370506287, 0.6068059206008911]",[0.44],"[-1.3681888580322266, 5.319404602050781, -8.127718505859375]","[666.8868408203125, 663.3189697265625, 669.857421875, 667.6962280273438]"
6.3064794540405,"[-16.527969360351562, 16.876895904541016, -28.25454330444336]","[-16.527969360351562, 16.876895904541016, -28.25454330444336]","[-7.179823875427246, 3.8280720710754395, -4.256811618804932]","[-7.179823875427246, 3.8280720710754395, -4.256811618804932]","[0.19123612344264984, -0.10031398385763168, 0.7643989324569702, 0.6075032353401184]","[[-0.1887372465974897, -0.9671169639163282, 0.1704792377268065], [0.89038233431624, -0.24175396570145624, -0.3857129317531829], [0.41424351670027715, 0.07899332306806528, 0.9067316994664768]]","[-0.020912611857056618, -0.36125311255455017, -0.10688799619674683]",[0.0],"[0.19123612344264984, -0.10031398385763168, 0.7643989324569702, 0.6075032353401184]",[0.44],"[-1.386570930480957, 5.453789234161377, -8.01561408996582]","[666.635986328125, 665.4786987304688, 669.5116577148438, 669.2817993164062]"
6.3374545574188,"[-16.74378204345703, 16.993398666381836, -28.38167381286621]","[-16.74378204345703, 16.993398666381836, -28.38167381286621]","[-7.207373142242432, 3.938678741455078, -4.21692419052124]","[-7.207373142242432, 3.938678741455078, -4.21692419052124]","[0.19514866173267365, -0.10342824459075928, 0.762374997138977, 0.6082795262336731]","[[-0.18382607608356238, -0.9678419711786823, 0.1717263536225495], [0.887106437109697, -0.2385972728774175, -0.39511208635571116], [0.42337948809793957, 0.07970765565983307, 0.9024391960896412]]","[-0.02662832662463188, -0.3149859309196472, -0.10903313755989075]",[0.0],"[0.19514866173267365, -0.10342824459075928, 0.762374997138977, 0.6082795262336731]",[0.44],"[-1.3774633407592773, 5.530333518981934, -7.81562858581543]","[667.3397827148438, 661.0809326171875, 669.8569946289062, 664.3938598632812]"
6.3684504032135,"[-16.98212432861328, 17.12540054321289, -28.52004623413086]","[-16.98212432861328, 17.12540054321289, -28.52004623413086]","[-7.237346172332764, 4.061802387237549, -4.168997287750244]","[-7.237346172332764, 4.061802387237549, -4.168997287750244]","[0.1984737366437912, -0.10621706396341324, 0.7603241801261902, 0.6092891693115234]","[[-0.17874984712314212, -0.9686771713934055, 0.17237494884258986], [0.8843519810728007, -0.23496936604382457, -0.40337460040648576], [0.4312425755184979, 0.08033699211291268, 0.8986522223712864]]","[-0.034906528890132904, -0.24453724920749664, -0.11111253499984741]",[0.0],"[0.1984737366437912, -0.10621706396341324, 0.7603241801261902, 0.6092891693115234]",[0.44],"[-1.4986515045166016, 6.156182289123535, -7.413654861450196]","[667.546630859375, 664.7665405273438, 669.857421875, 667.5693969726562]"
6.3994882106781,"[-17.19965934753418, 17.24896240234375, -28.644454956054688]","[-17.19965934753418, 17.24896240234375, -28.644454956054688]","[-7.264594078063965, 4.175655364990234, -4.124570846557617]","[-7.264594078063965, 4.175655364990234, -4.124570846557617]","[0.200961634516716, -0.10843038558959961, 0.7585439085960388, 0.6103019714355469]","[[-0.1742920195745299, -0.9694623807119029, 0.17252589127061846], [0.8823009906344481, -0.23154887963157167, -0.4097929804483442], [0.4372270036260151, 0.08079614646550226, 0.8957145458665212]]","[-0.03947526216506958, -0.23495912551879883, -0.11278574168682098]",[0.0],"[0.200961634516716, -0.10843038558959961, 0.7585439085960388, 0.6103019714355469]",[0.44],"[-1.3623952865600586, 5.692648887634277, -7.588677940368653]","[664.829345703125, 667.1976928710938, 666.876953125, 669.7288818359375]"
6.4305710792542,"[-17.417999267578125, 17.375940322875977, -28.7674617767334]","[-17.417999267578125, 17.375940322875977, -28.7674617767334]","[-7.291018009185791, 4.289474964141846, -4.075489044189453]","[-7.291018009185791, 4.289474964141846, -4.075489044189453]","[0.2039257287979126, -0.11111441254615784, 0.7565890550613403, 0.611261785030365]","[[-0.16954682182817926, -0.9702661277793183, 0.17273596059668606], [0.8796297775456097, -0.22802540220874334, -0.4174399067812473], [0.44441593721894534, 0.08116811321327333, 0.8921357689175249]]","[-0.04460865259170532, -0.30767887830734253, -0.11426915973424911]",[0.0],"[0.2039257287979126, -0.11111441254615784, 0.7565890550613403, 0.611261785030365]",[0.44],"[-1.3211965560913086, 5.690979957580566, -7.355909881591797]","[667.2301635742188, 664.4654541015625, 669.0159301757812, 666.682861328125]"
6.4625306129456,"[-17.659080505371094, 17.51957893371582, -28.901020050048828]","[-17.659080505371094, 17.51957893371582, -28.901020050048828]","[-7.319655895233154, 4.416192054748535, -4.018641948699951]","[-7.319655895233154, 4.416192054748535, -4.018641948699951]","[0.20684708654880524, -0.1138889417052269, 0.7544751167297363, 0.6123814582824707]","[[-0.16440678561417155, -0.9711683360052923, 0.17263500713084312], [0.8769379528778807, -0.22403683795615636, -0.42519138617902996], [0.4516089119456197, 0.08148589582992116, 0.888487183487069]]","[-0.049497075378894806, -0.20777739584445953, -0.11570998281240463]",[0.0],"[0.20684708654880524, -0.1138889417052269, 0.7544751167297363, 0.6123814582824707]",[0.44],"[-1.431894302368164, 6.335854530334473, -6.967645225524903]","[668.296875, 665.8748168945312, 669.8563232421875, 667.8178100585938]"
6.4935336112976,"[-17.87906837463379, 17.653831481933594, -29.020828247070312]","[-17.87906837463379, 17.653831481933594, -29.020828247070312]","[-7.345768928527832, 4.53374719619751, -3.967649459838867]","[-7.345768928527832, 4.53374719619751, -3.967649459838867]","[0.2089693695306778, -0.11584823578596115, 0.7527036070823669, 0.6134723424911499]","[[-0.15996706769905167, -0.9719431556635827, 0.1724446192687772], [0.8751082244898483, -0.22046183503371042, -0.4307926271702103], [0.4567233735930998, 0.08199508736932426, 0.8858219777264628]]","[-0.019294362515211105, -0.19808028638362885, -0.11686188727617264]",[0.0],"[0.2089693695306778, -0.11584823578596115, 0.7527036070823669, 0.6134723424911499]",[0.44],"[-1.3056516647338867, 5.8777570724487305, -7.260375556945801]","[664.2424926757812, 666.013916015625, 669.857421875, 663.4334716796875]"
6.5245571136475,"[-18.121946334838867, 17.805583953857422, -29.150787353515625]","[-18.121946334838867, 17.805583953857422, -29.150787353515625]","[-7.374107837677002, 4.663670539855957, -3.9089701175689697]","[-7.374107837677002, 4.663670539855957, -3.9089701175689697]","[0.21146470308303833, -0.11725544929504395, 0.7508883476257324, 0.6145735383033752]","[[-0.1551643019789708, -0.9725429948823319, 0.17344857024116322], [0.873361439802153, -0.21710126250020068, -0.43601272274256786], [0.4616969556755919, 0.08382972045749426, 0.8830676779212396]]","[0.002997648436576128, -0.16859498620033264, -0.11795234680175781]",[0.0],"[0.21146470308303833, -0.11725544929504395, 0.7508883476257324, 0.6145735383033752]",[0.44],"[-1.416945457458496, 6.496167182922363, -6.8760328865051275]","[669.2295532226562, 667.1928100585938, 669.8458251953125, 669.357666015625]"
6.5551519393921,"[-18.34356117248535, 17.947275161743164, -29.267236709594727]","[-18.34356117248535, 17.947275161743164, -29.267236709594727]","[-7.399782657623291, 4.782223224639893, -3.8536767959594727]","[-7.399782657623291, 4.782223224639893, -3.8536767959594727]","[0.21356239914894104, -0.11819840222597122, 0.7493140697479248, 0.6155881285667419]","[[-0.15088487482194068, -0.9730231605196082, 0.17452755445111823], [0.8720522230998085, -0.21416094690489906, -0.4400684068679297], [0.4655736873545768, 0.08579750362935101, 0.8808404787619518]]","[0.02664894610643387, -0.14932671189308167, -0.11882209032773972]",[0.0],"[0.21356239914894104, -0.11819840222597122, 0.7493140697479248, 0.6155881285667419]",[0.44],"[-1.2837409973144531, 5.927634239196777, -7.045333919525147]","[667.02685546875, 667.7385864257812, 669.857421875, 667.3380126953125]"
6.5866746902466,"[-18.588226318359375, 18.10725212097168, -29.393390655517578]","[-18.588226318359375, 18.10725212097168, -29.393390655517578]","[-7.428110599517822, 4.9131035804748535, -3.7912302017211914]","[-7.428110599517822, 4.9131035804748535, -3.7912302017211914]","[0.2156820446252823, -0.11894766986370087, 0.7476503252983093, 0.6167266368865967]","[[-0.14625911416934345, -0.9735014946560248, 0.1757931088491187], [0.8708819880975605, -0.21099950658482003, -0.44389625217129414], [0.4692258944512684, 0.0881711959030067, 0.8786654149205075]]","[0.0031625160481780767, -0.12266282737255096, -0.11966371536254883]",[0.0],"[0.2156820446252823, -0.11894766986370087, 0.7476503252983093, 0.6167266368865967]",[0.44],"[-1.4163970947265625, 6.544017791748047, -6.687670288085938]","[668.8190307617188, 666.5689086914062, 669.542236328125, 667.95556640625]"
6.6174306869507,"[-18.81146240234375, 18.256427764892578, -29.506237030029297]","[-18.81146240234375, 18.256427764892578, -29.506237030029297]","[-7.453433036804199, 5.031347751617432, -3.7310872077941895]","[-7.453433036804199, 5.031347751617432, -3.7310872077941895]","[0.21745745837688446, -0.11962279677391052, 0.7461400032043457, 0.6178007125854492]","[[-0.14206903577958663, -0.9739573900370866, 0.1767013192035023], [0.86990591263553, -0.2080253011710309, -0.44720145342091655], [0.4723135155570475, 0.09018003754812298, 0.8768052805765065]]","[0.0227743498980999, -0.1622351109981537, -0.1203388050198555]",[0.0],"[0.21745745837688446, -0.11962279677391052, 0.7461400032043457, 0.6178007125854492]",[0.44],"[-1.2661218643188477, 5.912208557128906, -6.802850303649903]","[657.1361083984375, 669.40234375, 658.7367553710938, 665.5062866210938]"
6.6474330425262,"[-19.03542709350586, 18.40909194946289, -29.617141723632812]","[-19.03542709350586, 18.40909194946289, -29.617141723632812]","[-7.4773149490356445, 5.146119594573975, -3.661841630935669]","[-7.4773149490356445, 5.146119594573975, -3.661841630935669]","[0.22072967886924744, -0.12074239552021027, 0.744379460811615, 0.6185457706451416]","[[-0.1373590155082991, -0.9741683948584301, 0.17924388251044476], [0.8675626741021114, -0.2056447456238235, -0.4528191371897403], [0.47798267485680057, 0.09330650009199282, 0.87339936558064]]","[0.09248212724924088, -0.28593766689300537, -0.11791038513183594]",[0.0],"[0.22072967886924744, -0.12074239552021027, 0.744379460811615, 0.6185457706451416]",[0.44],"[-1.1940956115722656, 5.738592147827148, -6.347721157073975]","[657.6743774414062, 669.853759765625, 656.40234375, 658.742919921875]"
6.6784386634827,"[-19.260114669799805, 18.565202713012695, -29.725919723510742]","[-19.260114669799805, 18.565202713012695, -29.725919723510742]","[-7.501665115356445, 5.261390209197998, -3.5896553993225098]","[-7.501665115356445, 5.261390209197998, -3.5896553993225098]","[0.22547881305217743, -0.1219785064458847, 0.7424761652946472, 0.6188778281211853]","[[-0.13229922413082607, -0.9740112109211858, 0.18384570264694844], [0.863996935516004, -0.20422310233212615, -0.46021994364676644], [0.48580487523372895, 0.0979554087895309, 0.868561097659625]]","[0.11114723980426788, -0.31112274527549744, -0.11177852004766464]",[0.0],"[0.22547881305217743, -0.1219785064458847, 0.7424761652946472, 0.6188778281211853]",[0.44],"[-1.217508316040039, 5.763530731201172, -6.2006884193420415]","[669.7264404296875, 664.9638061523438, 656.9368286132812, 656.9419555664062]"
6.7104432582855,"[-19.508100509643555, 18.74087142944336, -29.842897415161133]","[-19.508100509643555, 18.74087142944336, -29.842897415161133]","[-7.527307987213135, 5.3841633796691895, -3.4977638721466064]","[-7.527307987213135, 5.3841633796691895, -3.4977638721466064]","[0.2299749255180359, -0.12339936196804047, 0.7405219078063965, 0.6192830801010132]","[[-0.1272001969506893, -0.973942894052394, 0.1877646672603639], [0.860427857742101, -0.20252232461650266, -0.46759902233495154], [0.4934412151086356, 0.1020792985482899, 0.8637682621977087]]","[0.07284391671419144, -0.24563302099704742, -0.09702608734369278]",[0.0],"[0.2299749255180359, -0.12339936196804047, 0.7405219078063965, 0.6192830801010132]",[0.44],"[-1.2821435928344727, 6.13865852355957, -5.2154236412048345]","[669.4379272460938, 668.6603393554688, 644.1209106445312, 638.7984008789062]"
6.7414660453796,"[-19.7342472076416, 18.90399932861328, -29.946395874023438]","[-19.7342472076416, 18.90399932861328, -29.946395874023438]","[-7.547770977020264, 5.487960338592529, -3.396388530731201]","[-7.547770977020264, 5.487960338592529, -3.396388530731201]","[0.23415623605251312, -0.12390156090259552, 0.7391114234924316, 0.619300901889801]","[[-0.12327458626221643, -0.9734893886158011, 0.1926704010717426], [0.8574400960478692, -0.20222967843857775, -0.4731804544441882], [0.49959979472186866, 0.10687221823758186, 0.8596385206472403]]","[0.24950993061065674, -0.2894805669784546, -0.07258792221546173]",[0.0],"[0.23415623605251312, -0.12390156090259552, 0.7391114234924316, 0.619300901889801]",[0.44],"[-1.0231494903564453, 5.189847946166992, -4.741232929229737]","[643.8536376953125, 669.84765625, 617.7655029296875, 609.2808837890625]"
6.7724497318268,"[-19.96096420288086, 19.07010269165039, -30.046558380126953]","[-19.96096420288086, 19.07010269165039, -30.046558380126953]","[-7.566746711730957, 5.585145950317383, -3.2800164222717285]","[-7.566746711730957, 5.585145950317383, -3.2800164222717285]","[0.240461066365242, -0.12337183952331543, 0.7380259037017822, 0.6182845234870911]","[[-0.11980569064439806, -0.9719522365652082, 0.20237519359580602], [0.8532877402003365, -0.2050075179446833, -0.4794499383807551], [0.5074907896414018, 0.11524348495857062, 0.853915729550248]]","[0.23957982659339905, -0.28896233439445496, -0.03746436908841133]",[0.0],"[0.240461066365242, -0.12337183952331543, 0.7380259037017822, 0.6182845234870911]",[0.44],"[-0.948786735534668, 4.859280586242676, -3.9913945770263677]","[669.6967163085938, 648.9192504882812, 604.9312133789062, 609.6342163085938]"
6.8034670352936,"[-20.21104621887207, 19.256196975708008, -30.152681350708008]","[-20.21104621887207, 19.256196975708008, -30.152681350708008]","[-7.590420246124268, 5.69484806060791, -3.1536712646484375]","[-7.590420246124268, 5.69484806060791, -3.1536712646484375]","[0.24521316587924957, -0.1234813928604126, 0.7372578382492065, 0.6173117160797119]","[[-0.11759354888528151, -0.970794329186635, 0.2091176361116105], [0.8496772761047104, -0.20735723356083513, -0.4848211699970548], [0.514023678233908, 0.12067067093997963, 0.8492456977934562]]","[0.18866032361984253, -0.20339985191822052, -0.0014807535335421562]",[0.0],"[0.24521316587924957, -0.1234813928604126, 0.7372578382492065, 0.6173117160797119]",[0.44],"[-1.1836767196655273, 5.485105514526367, -3.4927421188354497]","[667.2620849609375, 669.5971069335938, 624.1642456054688, 618.5953979492188]"
6.8344399929047,"[-20.43912124633789, 19.428590774536133, -30.24562644958496]","[-20.43912124633789, 19.428590774536133, -30.24562644958496]","[-7.614239692687988, 5.797382831573486, -3.0416500568389893]","[-7.614239692687988, 5.797382831573486, -3.0416500568389893]","[0.2490537017583847, -0.12324922531843185, 0.7370140552520752, 0.6161105036735535]","[[-0.11676017836140495, -0.9695555532005058, 0.21524187284034735], [0.8467728499828711, -0.21043492799732677, -0.48856202598147114], [0.5189824419936047, 0.12521638054701434, 0.845563764197704]]","[0.15498608350753784, -0.1782860904932022, 0.028084950521588326]",[0.0],"[0.2490537017583847, -0.12324922531843185, 0.7370140552520752, 0.6161105036735535]",[0.44],"[-1.1909723281860352, 5.126738548278809, -4.208939609527588]","[669.8529663085938, 663.1348876953125, 623.7014770507812, 624.7325439453125]"
6.8656620979309,"[-20.69084930419922, 19.621782302856445, -30.343963623046875]","[-20.69084930419922, 19.621782302856445, -30.343963623046875]","[-7.6421427726745605, 5.911474227905273, -2.91884708404541]","[-7.6421427726745605, 5.911474227905273, -2.91884708404541]","[0.25227075815200806, -0.12332304567098618, 0.7370914816856384, 0.6146926283836365]","[[-0.11702485193419587, -0.9683909969311371, 0.22028171965689847], [0.8439478040149995, -0.21388877558423758, -0.49193868370480676], [0.5235047879919934, 0.12833721786635532, 0.8423017819756858]]","[0.1392679065465927, -0.13637469708919525, 0.05808673053979874]",[0.0],"[0.25227075815200806, -0.12332304567098618, 0.7370914816856384, 0.6146926283836365]",[0.44],"[-1.3951539993286133, 5.7045698165893555, -3.6698513603210454]","[669.857421875, 668.2569580078125, 630.798095703125, 627.8998413085938]"
6.8966557979584,"[-20.920516967773438, 19.800701141357422, -30.429866790771484]","[-20.920516967773438, 19.800701141357422, -30.429866790771484]","[-7.668885231018066, 6.016316890716553, -2.80795955657959]","[-7.668885231018066, 6.016316890716553, -2.80795955657959]","[0.2546786069869995, -0.12333022803068161, 0.7375049591064453, 0.6132006049156189]","[[-0.11824781970539888, -0.9672961154531681, 0.2244011303968767], [0.8416578327561961, -0.21754951512687626, -0.49425146128770336], [0.5269058121280574, 0.1304248421662777, 0.839856923994123]]","[0.1100366860628128, -0.11189373582601547, 0.08261048793792725]",[0.0],"[0.2546786069869995, -0.12333022803068161, 0.7375049591064453, 0.6132006049156189]",[0.44],"[-1.337122917175293, 5.242133140563965, -4.265623626708985]","[669.857421875, 666.3772583007812, 632.88720703125, 633.117919921875]"
6.9276669025421,"[-21.1510066986084, 19.982786178588867, -30.512468338012695]","[-21.1510066986084, 19.982786178588867, -30.512468338012695]","[-7.697059154510498, 6.122684001922607, -2.6988887786865234]","[-7.697059154510498, 6.122684001922607, -2.6988887786865234]","[0.25656282901763916, -0.12345708161592484, 0.7381765246391296, 0.6115792989730835]","[[-0.12029246505884927, -0.9662559591576585, 0.2277697240957881], [0.8395579666710855, -0.22145813352367583, -0.49608326912498324], [0.5297849058075084, 0.13155079132765213, 0.837867727530689]]","[0.10193083435297012, -0.08819461613893509, 0.1046486496925354]",[0.0],"[0.25656282901763916, -0.12345708161592484, 0.7381765246391296, 0.6115792989730835]",[0.44],"[-1.408696174621582, 5.318355560302734, -4.35646110534668]","[669.857421875, 668.2227783203125, 638.572998046875, 637.302490234375]"
6.9582359790802,"[-21.382360458374023, 20.168079376220703, -30.59182357788086]","[-21.382360458374023, 20.168079376220703, -30.59182357788086]","[-7.726444721221924, 6.230179309844971, -2.5912587642669678]","[-7.726444721221924, 6.230179309844971, -2.5912587642669678]","[0.25811251997947693, -0.1235380470752716, 0.739105224609375, 0.6097866892814636]","[[-0.12307636424009338, -0.9651664891782499, 0.23088091065519123], [0.8376196226024835, -0.2257972120300611, -0.49740239010350606], [0.5322083375605011, 0.1321719259780174, 0.8362325559093442]]","[0.09200181066989899, -0.06931000202894211, 0.12425794452428818]",[0.0],"[0.25811251997947693, -0.1235380470752716, 0.739105224609375, 0.6097866892814636]",[0.44],"[-1.469278335571289, 5.374765396118164, -4.428499279022217]","[669.857421875, 668.2673950195312, 648.7294311523438, 647.9880981445312]"
6.9888644218445,"[-21.637920379638672, 20.375713348388672, -30.675518035888672]","[-21.637920379638672, 20.375713348388672, -30.675518035888672]","[-7.762518882751465, 6.354767322540283, -2.4832992553710938]","[-7.762518882751465, 6.354767322540283, -2.4832992553710938]","[0.25948259234428406, -0.12360026687383652, 0.7403400540351868, 0.6076910495758057]","[[-0.12676084316021363, -0.9639402842850395, 0.2339891610658924], [0.8356518136335658, -0.23086922267706633, -0.49838295428897705], [0.534432264683538, 0.13235804126441852, 0.834783516598013]]","[0.08940387517213821, -0.05125809088349342, 0.13356280326843262]",[0.0],"[0.25948259234428406, -0.12360026687383652, 0.7403400540351868, 0.6076910495758057]",[0.44],"[-1.8037080764770508, 6.229400634765625, -4.412024555206299]","[669.857421875, 668.8246459960938, 665.8193359375, 664.8314208984375]"
7.0190145969391,"[-21.871322631835938, 20.5681095123291, -30.74863052368164]","[-21.871322631835938, 20.5681095123291, -30.74863052368164]","[-7.797451972961426, 6.470973014831543, -2.3901302814483643]","[-7.797451972961426, 6.470973014831543, -2.3901302814483643]","[0.26053178310394287, -0.12354513257741928, 0.7415452003479004, 0.6057809591293335]","[[-0.13030536788515956, -0.9628027927774259, 0.23670960878059866], [0.8340530580405936, -0.23553218833265532, -0.4988789870830246], [0.5360747644146375, 0.1324217867265034, 0.8337195804182159]]","[0.08673878759145737, -0.0381736159324646, 0.13252341747283936]",[0.0],"[0.26053178310394287, -0.12354513257741928, 0.7415452003479004, 0.6057809591293335]",[0.44],"[-1.7466545104980469, 5.810284614562988, -5.151551303863526]","[665.424560546875, 664.5133056640625, 669.84912109375, 669.2182006835938]"
7.0505607128143,"[-22.105770111083984, 20.763952255249023, -30.818889617919922]","[-22.105770111083984, 20.763952255249023, -30.818889617919922]","[-7.831904411315918, 6.584593296051025, -2.292902946472168]","[-7.831904411315918, 6.584593296051025, -2.292902946472168]","[0.26143598556518555, -0.12339211255311966, 0.7427586317062378, 0.6039332151412964]","[[-0.13383199682888858, -0.9616714941531868, 0.23932647931977336], [0.8326349399280062, -0.240078319045125, -0.4990808639986266], [0.5374088603489025, 0.13247863726543763, 0.8328512240224767]]","[0.08582352101802826, -0.027486154809594154, 0.12724991142749786]",[0.0],"[0.26143598556518555, -0.12339211255311966, 0.7427586317062378, 0.6039332151412964]",[0.44],"[-1.7226219177246094, 5.681014060974121, -4.948633251190186]","[660.5081787109375, 659.7976684570312, 669.857421875, 669.3097534179688]"
7.0815227031708,"[-22.341251373291016, 20.96318244934082, -30.886199951171875]","[-22.341251373291016, 20.96318244934082, -30.886199951171875]","[-7.8665971755981445, 6.69714879989624, -2.194349527359009]","[-7.8665971755981445, 6.69714879989624, -2.194349527359009]","[0.2622312903404236, -0.1231398954987526, 0.743948221206665, 0.6021730303764343]","[[-0.13724477940000934, -0.9605533769923964, 0.2418699559215307], [0.8313888422363052, -0.2444484109403291, -0.49903663395937414], [0.5384760520524159, 0.1325978090958877, 0.8321426330059055]]","[0.08394715934991837, -0.01881047897040844, 0.12108560651540756]",[0.0],"[0.2622312903404236, -0.1231398954987526, 0.743948221206665, 0.6021730303764343]",[0.44],"[-1.7346382141113281, 5.627775192260742, -4.8823290443420415]","[661.3406982421875, 660.6963500976562, 669.857421875, 669.4682006835938]"
7.1135294437408,"[-22.601491928100586, 21.186222076416016, -30.956811904907227]","[-22.601491928100586, 21.186222076416016, -30.956811904907227]","[-7.9051103591918945, 6.81984281539917, -2.0847842693328857]","[-7.9051103591918945, 6.81984281539917, -2.0847842693328857]","[0.26314857602119446, -0.1225934624671936, 0.7452535629272461, 0.6002673506736755]","[[-0.14086406019089992, -0.9592233537524102, 0.24504712186786293], [0.8301821734414112, -0.24930009223547422, -0.4986454265141127], [0.5394025335682429, 0.1331925677330581, 0.8314473397966449]]","[0.12130434066057205, -0.01129807811230421, 0.1150929182767868]",[0.0],"[0.26314857602119446, -0.1225934624671936, 0.7452535629272461, 0.6002673506736755]",[0.44],"[-1.9256591796875, 6.134700775146484, -4.331737098693848]","[660.33203125, 661.8907470703125, 669.857421875, 667.5198974609375]"
7.1441504955292,"[-22.83918571472168, 21.392492294311523, -31.017868041992188]","[-22.83918571472168, 21.392492294311523, -31.017868041992188]","[-7.940971851348877, 6.931021213531494, -1.9854062795639038]","[-7.940971851348877, 6.931021213531494, -1.9854062795639038]","[0.26403680443763733, -0.12187100946903229, 0.7464366555213928, 0.5985518097877502]","[[-0.14404044730992682, -0.957918885896075, 0.24828127192127347], [0.8292051583209057, -0.2537662296072032, -0.49801739171960513], [0.5400657250346708, 0.1341414368672833, 0.8308640459067198]]","[0.09436074644327164, -0.005914997309446335, 0.11027369648218155]",[0.0],"[0.26403680443763733, -0.12187100946903229, 0.7464366555213928, 0.5985518097877502]",[0.44],"[-1.793074607849121, 5.558919906616211, -4.841100511550904]","[663.4446411132812, 662.49658203125, 669.373291015625, 669.7313842773438]"
7.1756947040558,"[-23.101903915405273, 21.623228073120117, -31.081581115722656]","[-23.101903915405273, 21.623228073120117, -31.081581115722656]","[-7.980918884277344, 7.052175045013428, -1.875207781791687]","[-7.980918884277344, 7.052175045013428, -1.875207781791687]","[0.2648340165615082, -0.1211630329489708, 0.7476796507835388, 0.5967893600463867]","[[-0.14741068149837577, -0.9565907059709287, 0.25140439224682964], [0.8282383352723275, -0.2583238330477915, -0.4972825148508351], [0.5406396278264118, 0.1349179781981915, 0.8303649262370109]]","[0.1050763800740242, -0.0012740339152514935, 0.10422787815332413]",[0.0],"[0.2648340165615082, -0.1211630329489708, 0.7476796507835388, 0.5967893600463867]",[0.44],"[-1.9973516464233398, 6.05769157409668, -4.300075111389161]","[658.0047607421875, 657.1317749023438, 669.3214111328125, 669.7208251953125]"
7.2073149681091,"[-23.34187889099121, 21.836421966552734, -31.13629722595215]","[-23.34187889099121, 21.836421966552734, -31.13629722595215]","[-8.01717758178711, 7.160280704498291, -1.7726547718048096]","[-8.01717758178711, 7.160280704498291, -1.7726547718048096]","[0.2655127942562103, -0.12047118693590164, 0.7487525939941406, 0.5952808260917664]","[[-0.1502875077893986, -0.955409408323797, 0.2541784115170218], [0.8274628424409429, -0.26225498185339013, -0.4965155784451589], [0.5410351622348584, 0.1357031235659214, 0.8299792984090287]]","[0.08855435997247696, 0.0019997593481093645, 0.09619928151369095]",[0.0],"[0.2655127942562103, -0.12047118693590164, 0.7487525939941406, 0.5952808260917664]",[0.44],"[-1.8129348754882812, 5.405282974243164, -4.682349500656128]","[658.6066284179688, 657.7875366210938, 669.4080810546875, 669.8563232421875]"
7.238486289978,"[-23.60712242126465, 22.07468032836914, -31.19294548034668]","[-23.60712242126465, 22.07468032836914, -31.19294548034668]","[-8.057958602905273, 7.2790327072143555, -1.6607569456100464]","[-8.057958602905273, 7.2790327072143555, -1.6607569456100464]","[0.2661566436290741, -0.1197473555803299, 0.7498465776443481, 0.5937603116035461]","[[-0.1532186383468468, -0.9542013836833574, 0.2569508423589806], [0.8267151667044859, -0.26621849790567076, -0.49565079284084845], [0.5413557510112899, 0.13648221378536363, 0.8296424237672482]]","[0.08799722790718079, 0.004660062026232481, 0.08802977949380875]",[0.0],"[0.2661566436290741, -0.1197473555803299, 0.7498465776443481, 0.5937603116035461]",[0.44],"[-2.039051055908203, 5.937600135803223, -4.215108690261841]","[658.4546508789062, 658.0335083007812, 669.6646118164062, 669.8204345703125]"
7.269522190094,"[-23.849393844604492, 22.294599533081055, -31.241130828857422]","[-23.849393844604492, 22.294599533081055, -31.241130828857422]","[-8.09243392944336, 7.380348205566406, -1.5490411520004272]","[-8.09243392944336, 7.380348205566406, -1.5490411520004272]","[0.2666681706905365, -0.11906007677316666, 0.7507398128509521, 0.5925391316413879]","[[-0.15557113696142988, -0.9531844993413929, 0.25930131610637996], [0.8261863678398922, -0.26944435971783953, -0.4947889321041501], [0.5414923341236966, 0.13725637308532157, 0.8294255697186611]]","[0.08029921352863312, 0.01756877452135086, 0.06958089023828506]",[0.0],"[0.2666681706905365, -0.11906007677316666, 0.7507398128509521, 0.5925391316413879]",[0.44],"[-1.7237663269042969, 5.065774917602539, -4.2242103195190435]","[633.9983520507812, 632.3784790039062, 669.8343505859375, 666.8427734375]"
7.3005163669586,"[-24.09267234802246, 22.517480850219727, -31.285850524902344]","[-24.09267234802246, 22.517480850219727, -31.285850524902344]","[-8.125983238220215, 7.478423118591309, -1.433114767074585]","[-8.125983238220215, 7.478423118591309, -1.433114767074585]","[0.26707923412323, -0.11801449209451675, 0.7515230178833008, 0.5915695428848267]","[[-0.15742853350550146, -0.9521946966413903, 0.26180482580022435], [0.8261178159852083, -0.27223632741655024, -0.49337309539428986], [0.5410599423687774, 0.13861066638294517, 0.8294825247116443]]","[0.10241886973381042, 0.026688652113080025, 0.04581069573760033]",[0.0],"[0.26707923412323, -0.11801449209451675, 0.7515230178833008, 0.5915695428848267]",[0.44],"[-1.6774654388427734, 4.903745651245117, -4.013680753707886]","[634.6712036132812, 636.9465942382812, 669.612060546875, 669.6854858398438]"
7.3314776420593,"[-24.361452102661133, 22.76604461669922, -31.331039428710938]","[-24.361452102661133, 22.76604461669922, -31.331039428710938]","[-8.163107872009277, 7.584632873535156, -1.3044264316558838]","[-8.163107872009277, 7.584632873535156, -1.3044264316558838]","[0.2682000696659088, -0.11591443419456482, 0.7522865533828735, 0.5905061960220337]","[[-0.15874242891065826, -0.9506362605658278, 0.2666302288514686], [0.8262832232607611, -0.27573267153896275, -0.4911493461976306], [0.5404229952525839, 0.14234586544741035, 0.8292651331531111]]","[0.24645748734474182, 0.051738664507865906, 0.022355033084750175]",[0.0],"[0.2682000696659088, -0.11591443419456482, 0.7522865533828735, 0.5905061960220337]",[0.44],"[-1.856231689453125, 5.310487747192383, -3.375583229064942]","[626.7709350585938, 634.151123046875, 669.8563842773438, 651.3753662109375]"
7.3624784946442,"[-24.60685920715332, 22.994993209838867, -31.368370056152344]","[-24.60685920715332, 22.994993209838867, -31.368370056152344]","[-8.197972297668457, 7.679439544677734, -1.186619758605957]","[-8.197972297668457, 7.679439544677734, -1.186619758605957]","[0.2701885998249054, -0.11119456589221954, 0.7533757090568542, 0.589117169380188]","[[-0.1598783809617541, -0.947740138531846, 0.27609380012656715], [0.8275661222656181, -0.28115367694452154, -0.48588805609992924], [0.5381203117620998, 0.15080291641064925, 0.829267778081396]]","[0.38902097940444946, 0.12667898833751678, 0.003385608084499836]",[0.0],"[0.2701885998249054, -0.11119456589221954, 0.7533757090568542, 0.589117169380188]",[0.44],"[-1.7432212829589844, 4.740333557128906, -3.9196663475036626]","[644.2877197265625, 637.4573364257812, 667.8422241210938, 667.9898681640625]"
7.3944821357727,"[-24.87810516357422, 23.25017738342285, -31.405500411987305]","[-24.87810516357422, 23.25017738342285, -31.405500411987305]","[-8.240729331970215, 7.785061359405518, -1.0631012916564941]","[-8.240729331970215, 7.785061359405518, -1.0631012916564941]","[0.2719425857067108, -0.10522805899381638, 0.7546119093894958, 0.5878224968910217]","[[-0.16102415638413348, -0.9443876944254233, 0.2867113869274336], [0.8299237326187163, -0.2867838074266249, -0.47852063251958743], [0.5341330684503971, 0.16089524644489028, 0.8299485713590843]]","[0.3918319642543793, 0.15011584758758545, -0.015549710020422935]",[0.0],"[0.2719425857067108, -0.10522805899381638, 0.7546119093894958, 0.5878224968910217]",[0.44],"[-2.1378517150878906, 5.28109073638916, -3.634076652526856]","[635.6351928710938, 645.6884155273438, 669.8019409179688, 658.9692993164062]"
7.4255132675171,"[-25.125930786132812, 23.48512840270996, -31.43568229675293]","[-25.125930786132812, 23.48512840270996, -31.43568229675293]","[-8.281227111816406, 7.877689361572266, -0.9489589333534241]","[-8.281227111816406, 7.877689361572266, -0.9489589333534241]","[0.2740066647529602, -0.0988173857331276, 0.7557202577590942, 0.5865512490272522]","[[-0.16175596742120302, -0.9406905667762695, 0.2982218525748861], [0.8323840776389053, -0.2923855206330259, -0.4707945033399188], [0.5300676966843811, 0.17208130247064268, 0.8303109438956583]]","[0.4028160274028778, 0.16675060987472534, -0.030826272442936897]",[0.0],"[0.2740066647529602, -0.0988173857331276, 0.7557202577590942, 0.5865512490272522]",[0.44],"[-2.0248889923095703, 4.631400108337402, -4.102882084846497]","[649.2639770507812, 637.5006713867188, 658.816162109375, 669.7722778320312]"
7.4564867019653,"[-25.375001907348633, 23.722816467285156, -31.462425231933594]","[-25.375001907348633, 23.722816467285156, -31.462425231933594]","[-8.324057579040527, 7.9682464599609375, -0.8352482318878174]","[-8.324057579040527, 7.9682464599609375, -0.8352482318878174]","[0.2750747799873352, -0.0935043916106224, 0.756537675857544, 0.585868239402771]","[[-0.16218465248481362, -0.9379041922933302, 0.3066463628986025], [0.8350213924927639, -0.2960307791540302, -0.46379434433371713], [0.5257713760559728, 0.1808359638874215, 0.831181588328893]]","[0.29788917303085327, 0.15753266215324402, -0.044456981122493744]",[0.0],"[0.2750747799873352, -0.0935043916106224, 0.756537675857544, 0.585868239402771]",[0.44],"[-2.1415233612060547, 4.527854919433594, -4.124464926719666]","[647.8240356445312, 650.8449096679688, 668.5355224609375, 668.506103515625]"
7.4875452518463,"[-25.65047264099121, 23.98733901977539, -31.48784065246582]","[-25.65047264099121, 23.98733901977539, -31.48784065246582]","[-8.370767593383789, 8.061901092529297, -0.7040356397628784]","[-8.370767593383789, 8.061901092529297, -0.7040356397628784]","[0.2767384946346283, -0.08623263239860535, 0.757536768913269, 0.5849084854125977]","[[-0.16259604629189717, -0.933907146055569, 0.3184027733000576], [0.8384515905420837, -0.30089230133639155, -0.4543821669484558], [0.5201555669376958, 0.1930846080599551, 0.8319594773939336]]","[0.5364731550216675, 0.25926125049591064, -0.05762872099876404]",[0.0],"[0.2767384946346283, -0.08623263239860535, 0.757536768913269, 0.5849084854125977]",[0.44],"[-2.335500717163086, 4.682731628417969, -3.2493703937530523]","[644.6179809570312, 644.067626953125, 669.8556518554688, 652.12744140625]"
7.5191061496735,"[-25.90230941772461, 24.230493545532227, -31.507272720336914]","[-25.90230941772461, 24.230493545532227, -31.507272720336914]","[-8.418082237243652, 8.14718246459961, -0.5906153321266174]","[-8.418082237243652, 8.14718246459961, -0.5906153321266174]","[0.27831369638442993, -0.07762620598077774, 0.7587592601776123, 0.583780825138092]","[[-0.16348288552049528, -0.9291070866209283, 0.3317128075722975], [0.8426893413296908, -0.3063482570008844, -0.4427476038858096], [0.5129795698914892, 0.20714919340433013, 0.8330313170997304]]","[0.48349183797836304, 0.2410004884004593, -0.06860233843326569]",[0.0],"[0.27831369638442993, -0.07762620598077774, 0.7587592601776123, 0.583780825138092]",[0.44],"[-2.365732192993164, 4.264068603515625, -4.138984618186951]","[648.2132568359375, 649.7935180664062, 657.2281494140625, 669.8370971679688]"
7.5507102012634,"[-26.181007385253906, 24.500852584838867, -31.524703979492188]","[-26.181007385253906, 24.500852584838867, -31.524703979492188]","[-8.473337173461914, 8.237879753112793, -0.46658265590667725]","[-8.473337173461914, 8.237879753112793, -0.46658265590667725]","[0.28009575605392456, -0.06986839324235916, 0.7595058679580688, 0.5829371809959412]","[[-0.1634615116740168, -0.9246281000936873, 0.34401097223138155], [0.8463487383757213, -0.31060559204431826, -0.43268737019075054], [0.5069265090210484, 0.22042555158125587, 0.8333295501326229]]","[0.3956593871116638, 0.18200141191482544, -0.07917357981204987]",[0.0],"[0.28009575605392456, -0.06986839324235916, 0.7595058679580688, 0.5829371809959412]",[0.44],"[-2.762746810913086, 4.53486442565918, -3.608366189002991]","[655.98291015625, 652.1668701171875, 663.958251953125, 669.857421875]"
7.5824062824249,"[-26.435983657836914, 24.749187469482422, -31.536985397338867]","[-26.435983657836914, 24.749187469482422, -31.536985397338867]","[-8.523213386535645, 8.314750671386719, -0.3479191064834595]","[-8.523213386535645, 8.314750671386719, -0.3479191064834595]","[0.28134626150131226, -0.06399597972631454, 0.7598313093185425, 0.5825849175453186]","[[-0.16287820808372278, -0.9213425806696138, 0.3529852113526646], [0.8493224620811644, -0.3129986749629907, -0.42506847524998825], [0.502117581641012, 0.23056387898371433, 0.8334975914362087]]","[0.31592631340026855, 0.15131409466266632, -0.0955837070941925]",[0.0],"[0.28134626150131226, -0.06399597972631454, 0.7598313093185425, 0.5825849175453186]",[0.44],"[-2.4938106536865234, 3.843545913696289, -3.876822528839112]","[623.2127075195312, 621.9945678710938, 663.1688842773438, 669.857421875]"
7.6134157180786,"[-26.71805763244629, 25.02478790283203, -31.546009063720703]","[-26.71805763244629, 25.02478790283203, -31.546009063720703]","[-8.571510314941406, 8.387189865112305, -0.19805698096752167]","[-8.571510314941406, 8.387189865112305, -0.19805698096752167]","[0.2825254499912262, -0.05866963416337967, 0.7596141695976257, 0.5828580856323242]","[[-0.16091162525271052, -0.9186458510073785, 0.3608285288641291], [0.8523431918360607, -0.31366863309247073, -0.4184770567198184], [0.4976128114769942, 0.24021191497736982, 0.8334744882687807]]","[0.23853923380374908, 0.1141001358628273, -0.13689304888248444]",[0.0],"[0.2825254499912262, -0.05866963416337967, 0.7596141695976257, 0.5828580856323242]",[0.44],"[-2.414846420288086, 3.621959686279297, -2.3168937242031102]","[608.8865356445312, 604.474609375, 662.2967529296875, 669.857421875]"
7.6434516906738,"[-26.975872039794922, 25.277366638183594, -31.54988670349121]","[-26.975872039794922, 25.277366638183594, -31.54988670349121]","[-8.615318298339844, 8.450374603271484, -0.05958687514066696]","[-8.615318298339844, 8.450374603271484, -0.05958687514066696]","[0.28299617767333984, -0.05544876679778099, 0.7587694525718689, 0.5840440988540649]","[[-0.15761129579121658, -0.9176932204516035, 0.36468865955230445], [0.8549260642097138, -0.31163583746786827, -0.41471015599461625], [0.49422675970022123, 0.24641883427886624, 0.8336771953657696]]","[0.04547164589166641, 0.04179956018924713, -0.1731213480234146]",[0.0],"[0.28299617767333984, -0.05544876679778099, 0.7587694525718689, 0.5840440988540649]",[0.44],"[-2.190399169921875, 3.1592369079589844, -2.886494708657265]","[609.1281127929688, 604.9033203125, 649.2415771484375, 669.857421875]"
7.6754171848297,"[-27.235034942626953, 25.53186798095703, -31.549694061279297]","[-27.235034942626953, 25.53186798095703, -31.549694061279297]","[-8.662092208862305, 8.516172409057617, 0.07195805758237839]","[-8.662092208862305, 8.516172409057617, 0.07195805758237839]","[0.2831270396709442, -0.05444931611418724, 0.7571390867233276, 0.5861866474151611]","[[-0.15244864933907465, -0.9184817931136833, 0.36489817235222866], [0.8568174983796142, -0.30684103447413413, -0.4143819913053912], [0.49256802062032357, 0.24947916940376924, 0.8337487027637298]]","[0.025494791567325592, 0.005096793174743652, -0.21085551381111145]",[0.0],"[0.2831270396709442, -0.05444931611418724, 0.7571390867233276, 0.5861866474151611]",[0.44],"[-2.338695526123047, 3.2898902893066406, -3.232753363847733]","[598.9332885742188, 600.2533569335938, 669.7827758789062, 665.2241821289062]"
7.7064259052277,"[-27.5217227935791, 25.814077377319336, -31.544904708862305]","[-27.5217227935791, 25.814077377319336, -31.544904708862305]","[-8.71214485168457, 8.586982727050781, 0.21884606778621674]","[-8.71214485168457, 8.586982727050781, 0.21884606778621674]","[0.28344547748565674, -0.05293364077806473, 0.7549200057983398, 0.5890267491340637]","[[-0.1454123709611732, -0.9193437559141149, 0.3655986623193028], [0.8593285515725437, -0.3004911077232748, -0.4138352651264654], [0.49031598370863794, 0.25399260751404995, 0.8337133819338137]]","[-0.004250701051205397, 0.0043774377554655075, -0.2627304792404175]",[0.0],"[0.28344547748565674, -0.05293364077806473, 0.7549200057983398, 0.5890267491340637]",[0.44],"[-2.5026321411132812, 3.540515899658203, -2.465599489808083]","[592.9606323242188, 590.244384765625, 664.0484008789062, 669.8311157226562]"
7.7384152412415,"[-27.783788681030273, 26.072673797607422, -31.536378860473633]","[-27.783788681030273, 26.072673797607422, -31.536378860473633]","[-8.759173393249512, 8.653301239013672, 0.3477233052253723]","[-8.759173393249512, 8.653301239013672, 0.3477233052253723]","[0.2835615575313568, -0.05212313309311867, 0.7523125410079956, 0.592369794845581]","[[-0.13738196072270004, -0.9208546847599262, 0.3649014924430407], [0.8617342175467304, -0.2927626325350321, -0.41437237672705063], [0.4884061710713592, 0.2575208299167224, 0.8337520441738961]]","[-0.039056818932294846, -0.025300998240709305, -0.30937668681144714]",[0.0],"[0.2835615575313568, -0.05212313309311867, 0.7523125410079956, 0.592369794845581]",[0.44],"[-2.3514270782470703, 3.3159255981445312, -3.3661381280422216]","[599.9097290039062, 600.623046875, 668.3009643554688, 669.857421875]"
7.7694189548492,"[-28.073749542236328, 26.359508514404297, -31.522706985473633]","[-28.073749542236328, 26.359508514404297, -31.522706985473633]","[-8.814321517944336, 8.731000900268555, 0.4797194302082062]","[-8.814321517944336, 8.731000900268555, 0.4797194302082062]","[0.28375160694122314, -0.05144630745053291, 0.7488632202148438, 0.596692681312561]","[[-0.12688569028168062, -0.9228783504332698, 0.3635870139577042], [0.8644864607921461, -0.2826221940645439, -0.41567750927615066], [0.4863775545028597, 0.2615725194138747, 0.8336766060159577]]","[-0.061848826706409454, -0.03430704027414322, -0.35607314109802246]",[0.0],"[0.28375160694122314, -0.05144630745053291, 0.7488632202148438, 0.596692681312561]",[0.44],"[-2.757406234741211, 3.8849830627441406, -3.2101937508583074]","[607.7311401367188, 606.572021484375, 667.1350708007812, 669.857421875]"
7.8004250526428,"[-28.338958740234375, 26.622547149658203, -31.5065975189209]","[-28.338958740234375, 26.622547149658203, -31.5065975189209]","[-8.866394996643066, 8.805008888244629, 0.5930722951889038]","[-8.866394996643066, 8.805008888244629, 0.5930722951889038]","[0.2838185727596283, -0.05108113959431648, 0.7452534437179565, 0.6011946797370911]","[[-0.11602395639145491, -0.9250803631071507, 0.3616141187624353], [0.8670892585687737, -0.2719113552335717, -0.41739722229073006], [0.4844529561984783, 0.265123641523922, 0.8336754698688671]]","[-0.08876172453165054, -0.0495624840259552, -0.3943161368370056]",[0.0],"[0.2838185727596283, -0.05108113959431648, 0.7452534437179565, 0.6011946797370911]",[0.44],"[-2.6036739349365234, 3.700399398803711, -4.142356750965119]","[613.346435546875, 613.2713012695312, 667.6939697265625, 669.857421875]"
7.8304152488708,"[-28.605754852294922, 26.88785171508789, -31.487178802490234]","[-28.605754852294922, 26.88785171508789, -31.487178802490234]","[-8.920060157775879, 8.882381439208984, 0.7001445889472961]","[-8.920060157775879, 8.882381439208984, 0.7001445889472961]","[0.28384020924568176, -0.05093100294470787, 0.7412126064300537, 0.6061722040176392]","[[-0.10398018998357506, -0.9275174916365658, 0.35902596599364234], [0.8696924255048926, -0.2599227846309322, -0.4196134933360529], [0.4825177992249321, 0.26861068757307827, 0.8336815371088275]]","[-0.11161166429519653, -0.05081138759851456, -0.42944177985191345]",[0.0],"[0.28384020924568176, -0.05093100294470787, 0.7412126064300537, 0.6061722040176392]",[0.44],"[-2.683258056640625, 3.8686275482177734, -4.456385312080384]","[619.8832397460938, 616.3687744140625, 669.4880981445312, 669.0643310546875]"
7.8614158630371,"[-28.87417984008789, 27.15552520751953, -31.464628219604492]","[-28.87417984008789, 27.15552520751953, -31.464628219604492]","[-8.973889350891113, 8.961786270141602, 0.8037247657775879]","[-8.973889350891113, 8.961786270141602, 0.8037247657775879]","[0.2836432158946991, -0.05053286626935005, 0.7369041442871094, 0.6115269660949707]","[[-0.09116257688182583, -0.9299401207114435, 0.3562313017878971], [0.8726069019233826, -0.2469623835812076, -0.4213867076921929], [0.47984014337901115, 0.27243519338583155, 0.8339859110070342]]","[-0.044970061630010605, -0.020592927932739258, -0.46095842123031616]",[0.0],"[0.2836432158946991, -0.05053286626935005, 0.7369041442871094, 0.6115269660949707]",[0.44],"[-2.6914596557617188, 3.9702415466308594, -4.630991158485413]","[610.4199829101562, 623.1670532226562, 669.830078125, 653.5720825195312]"
7.8924160003662,"[-29.171279907226562, 27.452707290649414, -31.436214447021484]","[-29.171279907226562, 27.452707290649414, -31.436214447021484]","[-9.032628059387207, 9.049833297729492, 0.9163498282432556]","[-9.032628059387207, 9.049833297729492, 0.9163498282432556]","[0.28514364361763, -0.04733593016862869, 0.732077419757843, 0.6168591380119324]","[[-0.07635607760846064, -0.9301723714242702, 0.3590952435982624], [0.8761822130150203, -0.23448849202967814, -0.42109405566248004], [0.4758936479215157, 0.2824797931837315, 0.8329048244390654]]","[0.16190789639949799, -0.01944216899573803, -0.49169203639030457]",[0.0],"[0.28514364361763, -0.04733593016862869, 0.732077419757843, 0.6168591380119324]",[0.44],"[-2.9369354248046875, 4.402351379394531, -4.178746876716614]","[630.7380981445312, 623.5264892578125, 664.597900390625, 669.2984008789062]"
7.9234480857849,"[-29.4431095123291, 27.725448608398438, -31.407276153564453]","[-29.4431095123291, 27.725448608398438, -31.407276153564453]","[-9.08903694152832, 9.132828712463379, 1.0125235319137573]","[-9.08903694152832, 9.132828712463379, 1.0125235319137573]","[0.2865670621395111, -0.04384975507855415, 0.7274810075759888, 0.6218746304512024]","[[-0.06230283480845, -0.9299357564699695, 0.36240608973698185], [0.879672174516376, -0.2226985949740925, -0.42021729974800426], [0.47148229067638825, 0.29261784372197663, 0.8319130357525608]]","[0.103191077709198, 0.03708440810441971, -0.5170188546180725]",[0.0],"[0.2865670621395111, -0.04384975507855415, 0.7274810075759888, 0.6218746304512024]",[0.44],"[-2.820444107055664, 4.149770736694336, -5.001314816474915]","[632.1578979492188, 628.5763549804688, 669.6981811523438, 663.9708251953125]"
7.9551093578339,"[-29.744081497192383, 28.028337478637695, -31.372114181518555]","[-29.744081497192383, 28.028337478637695, -31.372114181518555]","[-9.151485443115234, 9.223812103271484, 1.1177289485931396]","[-9.151485443115234, 9.223812103271484, 1.1177289485931396]","[0.28740158677101135, -0.03883115202188492, 0.7225006818771362, 0.6276029348373413]","[[-0.04703018736054698, -0.9292073661506142, 0.3665545948851534], [0.8845668273216698, -0.20921381478284395, -0.41685922629656424], [0.46403677477335314, 0.3046370910410179, 0.8317849391083162]]","[0.1589234471321106, 0.13291895389556885, -0.5418357849121094]",[0.0],"[0.28740158677101135, -0.03883115202188492, 0.7225006818771362, 0.6276029348373413]",[0.44],"[-3.122425079345703, 4.549169540405273, -4.549729166030884]","[638.1392822265625, 630.3948974609375, 669.4274291992188, 663.7018432617188]"
7.9860746860504,"[-30.019521713256836, 28.30632209777832, -31.337223052978516]","[-30.019521713256836, 28.30632209777832, -31.337223052978516]","[-9.210755348205566, 9.307851791381836, 1.208173155784607]","[-9.210755348205566, 9.307851791381836, 1.208173155784607]","[0.2874874174594879, -0.033613238483667374, 0.7179646492004395, 0.6330466270446777]","[[-0.033206174605739935, -0.9283369652755458, 0.3702541111594151], [0.8896834327790681, -0.19624450539807192, -0.41225211383386196], [0.45536910014395104, 0.3157196459281941, 0.8324422700022285]]","[0.1316024512052536, 0.10870864987373352, -0.5621212124824524]",[0.0],"[0.2874874174594879, -0.033613238483667374, 0.7179646492004395, 0.6330466270446777]",[0.44],"[-2.9634952545166016, 4.201984405517578, -5.287789640426636]","[633.1715698242188, 642.8560180664062, 663.3182373046875, 669.84228515625]"
8.0170741081238,"[-30.296749114990234, 28.58681869506836, -31.299638748168945]","[-30.296749114990234, 28.58681869506836, -31.299638748168945]","[-9.271139144897461, 9.391716003417969, 1.2964502573013306]","[-9.271139144897461, 9.391716003417969, 1.2964502573013306]","[0.2883852422237396, -0.02839984931051731, 0.71300208568573, 0.6384789943695068]","[[-0.018357051266122193, -0.9268539041490341, 0.37497314391697234], [0.8940935144589092, -0.18307604424929202, -0.4087541424751584], [0.44750397282907084, 0.32775753530892127, 0.8320548012533899]]","[0.1828474998474121, 0.10900942981243134, -0.5802718997001648]",[0.0],"[0.2883852422237396, -0.02839984931051731, 0.71300208568573, 0.6384789943695068]",[0.44],"[-3.0191898345947266, 4.193210601806641, -5.396144924163819]","[648.4892578125, 638.5042114257812, 669.17724609375, 668.4759521484375]"
8.0480811595917,"[-30.60386848449707, 28.89832305908203, -31.255395889282227]","[-30.60386848449707, 28.89832305908203, -31.255395889282227]","[-9.342323303222656, 9.487289428710938, 1.384048581123352]","[-9.342323303222656, 9.487289428710938, 1.384048581123352]","[0.28874218463897705, -0.02234184928238392, 0.7075111269950867, 0.6446369886398315]","[[-0.002142306102428826, -0.9250777534119128, 0.3797718520458102], [0.8992736159292316, -0.16788808802389354, -0.4038819987277804], [0.437381381813974, 0.34065357086804515, 0.8322575851611083]]","[0.1657172590494156, 0.12994669377803802, -0.5838325023651123]",[0.0],"[0.28874218463897705, -0.02234184928238392, 0.7075111269950867, 0.6446369886398315]",[0.44],"[-3.5592079162597656, 4.7786712646484375, -5.430083808898926]","[663.8776245117188, 668.776611328125, 655.07568359375, 654.2418212890625]"
8.0790810585022,"[-30.88507652282715, 29.184192657470703, -31.21259117126465]","[-30.88507652282715, 29.184192657470703, -31.21259117126465]","[-9.403511047363281, 9.56877326965332, 1.4720414876937866]","[-9.403511047363281, 9.56877326965332, 1.4720414876937866]","[0.2895514667034149, -0.01718716509640217, 0.7023612260818481, 0.6500410437583923]","[[0.012786618905504032, -0.9230803867196115, 0.3843947208581897], [0.9031741112710635, -0.1543026875465916, -0.4005838719752828], [0.429084171812242, 0.3522974785753621, 0.8317290989717004]]","[0.14751823246479034, 0.06305674463510513, -0.5656599998474121]",[0.0],"[0.2895514667034149, -0.01718716509640217, 0.7023612260818481, 0.6500410437583923]",[0.44],"[-3.05938720703125, 4.074192047119141, -5.410354671478272]","[669.6431274414062, 668.011962890625, 620.8201293945312, 625.6616821289062]"
8.1101093292236,"[-31.167987823486328, 29.47234344482422, -31.16683578491211]","[-31.167987823486328, 29.47234344482422, -31.16683578491211]","[-9.455677032470703, 9.639847755432129, 1.5800009965896606]","[-9.455677032470703, 9.639847755432129, 1.5800009965896606]","[0.29030442237854004, -0.013065666891634464, 0.6972669959068298, 0.6552643775939941]","[[0.02729604953548359, -0.9213744899393785, 0.3877164528135095], [0.9062024064195131, -0.14091584246694566, -0.3986728098914146], [0.4219623171478988, 0.36223177667921747, 0.8311052613922781]]","[0.08692680299282074, 0.031644657254219055, -0.52336585521698]",[0.0],"[0.29030442237854004, -0.013065666891634464, 0.6972669959068298, 0.6552643775939941]",[0.44],"[-2.6082992553710938, 3.5537242889404297, -4.412024555206299]","[669.857177734375, 669.6185302734375, 596.6641845703125, 605.52685546875]"
8.1410756111145,"[-31.480945587158203, 29.79171371459961, -31.112674713134766]","[-31.480945587158203, 29.79171371459961, -31.112674713134766]","[-9.509531021118164, 9.714189529418945, 1.7056384086608887]","[-9.509531021118164, 9.714189529418945, 1.7056384086608887]","[0.29093852639198303, -0.010075381025671959, 0.6918911337852478, 0.6607117056846619]","[[0.04237029137310366, -0.9201437753195848, 0.38928172940852757], [0.9084185092857978, -0.12671713429954856, -0.39839511364599933], [0.41590941814010596, 0.37051084644131715, 0.8305065211160978]]","[0.022988324984908104, -0.023298323154449463, -0.46629631519317627]",[0.0],"[0.29093852639198303, -0.010075381025671959, 0.6918911337852478, 0.6607117056846619]",[0.44],"[-2.692699432373047, 3.7170886993408203, -3.528129396438599]","[669.756103515625, 669.8555297851562, 572.78076171875, 578.8359985351562]"
8.1731071472168,"[-31.766828536987305, 30.08401870727539, -31.05950355529785]","[-31.766828536987305, 30.08401870727539, -31.05950355529785]","[-9.547250747680664, 9.77082347869873, 1.8423309326171875]","[-9.547250747680664, 9.77082347869873, 1.8423309326171875]","[0.29148051142692566, -0.008476926013827324, 0.6874679923057556, 0.6650978326797485]","[[0.05463180256089928, -0.9194086608981894, 0.3894910737346806], [0.909525225978835, -0.1151462579732172, -0.39938134345216647], [0.41204301421301315, 0.37607088222156526, 0.8299345063673079]]","[-0.0042215753346681595, -0.050454508513212204, -0.38630983233451843]",[0.0],"[0.29148051142692566, -0.008476926013827324, 0.6874679923057556, 0.6650978326797485]",[0.44],"[-1.885986328125, 2.831697463989258, -2.975373802185059]","[669.7830200195312, 669.6746215820312, 515.7553100585938, 520.30517578125]"
8.2041118144989,"[-32.08240509033203, 30.407323837280273, -30.995878219604492]","[-32.08240509033203, 30.407323837280273, -30.995878219604492]","[-9.577219009399414, 9.822286605834961, 2.015153169631958]","[-9.577219009399414, 9.822286605834961, 2.015153169631958]","[0.2919723689556122, -0.007855757139623165, 0.6835472583770752, 0.6689197421073914]","[[0.06540286528989447, -0.9190638396276065, 0.3886440825631471], [0.9098891835396237, -0.10496943733673625, -0.40135172599907554], [0.4096635667227272, 0.37987260097801334, 0.8293808456924223]]","[-0.04048973321914673, -0.07327911257743835, -0.267647922039032]",[0.0],"[0.2919723689556122, -0.007855757139623165, 0.6835472583770752, 0.6689197421073914]",[0.44],"[-1.4984130859375, 2.5731563568115234, -1.168888149261475]","[669.8573608398438, 669.6246948242188, 476.39862060546875, 479.8740539550781]"
8.2351052761078,"[-32.3701286315918, 30.702709197998047, -30.933082580566406]","[-32.3701286315918, 30.702709197998047, -30.933082580566406]","[-9.604704856872559, 9.870379447937012, 2.1696219444274902]","[-9.604704856872559, 9.870379447937012, 2.1696219444274902]","[0.2923181653022766, -0.008214553818106651, 0.6810672283172607, 0.67128986120224]","[[0.07215990323562727, -0.919189576934748, 0.3871479518736265], [0.909584523731205, -0.09860495850688977, -0.40364976802683916], [0.4092053386432071, 0.3812711144237957, 0.8289652226797606]]","[-0.053874898701906204, -0.08231229335069656, -0.15647539496421814]",[0.0],"[0.2923181653022766, -0.008214553818106651, 0.6810672283172607, 0.67128986120224]",[0.44],"[-1.3742923736572266, 2.404642105102539, -2.086561260223389]","[669.857421875, 669.6572265625, 481.7099914550781, 482.6390075683594]"
8.2660801410675,"[-32.65869140625, 30.99956703186035, -30.865705490112305]","[-32.65869140625, 30.99956703186035, -30.865705490112305]","[-9.632314682006836, 9.91962718963623, 2.321808338165283]","[-9.632314682006836, 9.91962718963623, 2.321808338165283]","[0.29259932041168213, -0.009184958413243294, 0.6796929240226746, 0.6725465059280396]","[[0.07586633114490748, -0.9196252274903736, 0.3854007519394851], [0.9088751771314754, -0.09519366654374295, -0.40605920364143944], [0.4101099986911696, 0.38108739867774344, 0.8286025484671375]]","[-0.0580967515707016, -0.0807548239827156, -0.042436860501766205]",[0.0],"[0.29259932041168213, -0.009184958413243294, 0.6796929240226746, 0.6725465059280396]",[0.44],"[-1.3804912567138672, 2.4623870849609375, -2.200680313110352]","[669.857421875, 669.4859008789062, 474.30413818359375, 473.87091064453125]"
8.2970795631409,"[-32.97708511352539, 31.32785415649414, -30.786394119262695]","[-32.97708511352539, 31.32785415649414, -30.786394119262695]","[-9.663519859313965, 9.97573471069336, 2.4852840900421143]","[-9.663519859313965, 9.97573471069336, 2.4852840900421143]","[0.2928259074687958, -0.010752161033451557, 0.67954421043396, 0.6725749373435974]","[[0.07620811419759332, -0.9203858321333922, 0.3835130321042174], [0.9077917868859078, -0.09505469203847561, -0.408507870296686], [0.4124395682377452, 0.3792815951769435, 0.828274757896374]]","[-0.051757507026195526, -0.06936045736074448, 0.08483060449361801]",[0.0],"[0.2928259074687958, -0.010752161033451557, 0.67954421043396, 0.6725749373435974]",[0.44],"[-1.5602588653564453, 2.8053760528564453, -1.6362124061584478]","[669.857421875, 669.4629516601562, 464.7650146484375, 462.61871337890625]"
8.3280854225159,"[-33.26741027832031, 31.627899169921875, -30.70960807800293]","[-33.26741027832031, 31.627899169921875, -30.70960807800293]","[-9.691439628601074, 10.026986122131348, 2.6332449913024902]","[-9.691439628601074, 10.026986122131348, 2.6332449913024902]","[0.29296550154685974, -0.012464161030948162, 0.680729866027832, 0.6712843775749207]","[[0.07290298837504894, -0.9212297872018897, 0.38212674007823366], [0.9066235104507196, -0.09844387119774645, -0.4102957820511097], [0.41559472639684814, 0.37635687537612306, 0.8280317191863831]]","[-0.03740113601088524, -0.05114535614848137, 0.20532624423503876]",[0.0],"[0.29296550154685974, -0.012464161030948162, 0.680729866027832, 0.6712843775749207]",[0.44],"[-1.3959884643554688, 2.562570571899414, -2.4119549369812017]","[669.857421875, 669.380126953125, 461.54168701171875, 457.8910827636719]"
8.3600747585297,"[-33.58773422241211, 31.959718704223633, -30.620014190673828]","[-33.58773422241211, 31.959718704223633, -30.620014190673828]","[-9.721161842346191, 10.082648277282715, 2.796912431716919]","[-9.721161842346191, 10.082648277282715, 2.796912431716919]","[0.2930443286895752, -0.014505128376185894, 0.6835722923278809, 0.6683140397071838]","[[0.06503704482479311, -0.9221832114502031, 0.3812460051489156], [0.9051806290199811, -0.10629211483103518, -0.41152188594885875], [0.420021928915156, 0.3718606705303804, 0.8278292453473332]]","[-0.013354208320379257, -0.023924829438328743, 0.34483200311660767]",[0.0],"[0.2930443286895752, -0.014505128376185894, 0.6835722923278809, 0.6683140397071838]",[0.44],"[-1.4861106872558594, 2.7831077575683594, -1.626627979278565]","[669.857421875, 669.4020385742188, 451.107666015625, 446.0901794433594]"
8.3901085853577,"[-33.87982177734375, 32.26300811767578, -30.533967971801758]","[-33.87982177734375, 32.26300811767578, -30.533967971801758]","[-9.751809120178223, 10.13698959350586, 2.9372994899749756]","[-9.751809120178223, 10.13698959350586, 2.9372994899749756]","[0.29304933547973633, -0.016373399645090103, 0.6875989437103271, 0.6641247272491455]","[[0.05387920878500907, -0.9228993496679188, 0.38125286791488655], [0.9037064941257675, -0.11734044083334538, -0.41175928459386846], [0.42474878620863343, 0.36672595539022446, 0.8277079975178943]]","[0.016249025240540504, 0.007092051208019257, 0.4673692286014557]",[0.0],"[0.29304933547973633, -0.016373399645090103, 0.6875989437103271, 0.6641247272491455]",[0.44],"[-1.5323638916015625, 2.7170658111572266, -2.7906470870971685]","[669.857421875, 669.4444580078125, 465.7502746582031, 459.9615173339844]"
8.4215912818909,"[-34.17290496826172, 32.567996978759766, -30.443878173828125]","[-34.17290496826172, 32.567996978759766, -30.443878173828125]","[-9.787516593933105, 10.196033477783203, 3.066873073577881]","[-9.787516593933105, 10.196033477783203, 3.066873073577881]","[0.2929924428462982, -0.01809336058795452, 0.6929261088371277, 0.6585450172424316]","[[0.03905207598894267, -0.9232485084196821, 0.3822136417596038], [0.9020436367478272, -0.1319823277464085, -0.410972150548232], [0.429874811601076, 0.3608227027562385, 0.8276561174751859]]","[0.05158057436347008, 0.04218336194753647, 0.5818504095077515]",[0.0],"[0.2929924428462982, -0.01809336058795452, 0.6929261088371277, 0.6585450172424316]",[0.44],"[-1.7853736877441406, 2.9521942138671875, -3.331320819854737]","[669.857421875, 669.598876953125, 484.2144775390625, 477.8898620605469]"
8.4525830745697,"[-34.46713638305664, 32.87483215332031, -30.350055694580078]","[-34.46713638305664, 32.87483215332031, -30.350055694580078]","[-9.828372955322266, 10.259175300598145, 3.18618106842041]","[-9.828372955322266, 10.259175300598145, 3.18618106842041]","[0.29287758469581604, -0.019548336043953896, 0.6994591355323792, 0.6516114473342896]","[[0.020749560556418967, -0.9230016982016399, 0.3842359653311376], [0.9001006204201384, -0.1500407237939161, -0.4090312981716242], [0.435187643501449, 0.35433824925002244, 0.8276811658813155]]","[0.09132596105337143, 0.07934068888425827, 0.6881400942802429]",[0.0],"[0.29287758469581604, -0.019548336043953896, 0.6994591355323792, 0.6516114473342896]",[0.44],"[-2.042818069458008, 3.1570911407470703, -3.8446002578735357]","[669.8236694335938, 669.8488159179688, 503.8576354980469, 497.27490234375]"
8.484189748764,"[-34.792301177978516, 33.2145881652832, -30.24288558959961]","[-34.792301177978516, 33.2145881652832, -30.24288558959961]","[-9.879064559936523, 10.332159042358398, 3.306966543197632]","[-9.879064559936523, 10.332159042358398, 3.306966543197632]","[0.2926919460296631, -0.02073218859732151, 0.7079137563705444, 0.6424638032913208]","[[-0.003143420205378833, -0.921754217892139, 0.38776194847295065], [0.8974816393881229, -0.1736209234585715, -0.4054411646933356], [0.44104067142010317, 0.3467347586624858, 0.8278032021706678]]","[0.13913115859031677, 0.12128604203462601, 0.7961273193359375]",[0.0],"[0.2926919460296631, -0.02073218859732151, 0.7079137563705444, 0.6424638032913208]",[0.44],"[-2.5345802307128906, 3.6491870880126953, -3.7707262611389165]","[669.5068359375, 669.857421875, 519.0982666015625, 512.4918212890625]"
8.5152213573456,"[-35.08943557739258, 33.52558517456055, -30.142135620117188]","[-35.08943557739258, 33.52558517456055, -30.142135620117188]","[-9.930840492248535, 10.401201248168945, 3.4071731567382812]","[-9.930840492248535, 10.401201248168945, 3.4071731567382812]","[0.29247593879699707, -0.021353960037231445, 0.7166326642036438, 0.6328029632568359]","[[-0.02803673402576834, -0.9194655859672594, 0.3921699240934515], [0.8944835079315681, -0.19820910035759454, -0.4007651720496881], [0.446221320848764, 0.33955339095857084, 0.8280036672310871]]","[0.18531450629234314, 0.1591825932264328, 0.885219931602478]",[0.0],"[0.29247593879699707, -0.021353960037231445, 0.7166326642036438, 0.6328029632568359]",[0.44],"[-2.588796615600586, 3.4521102905273438, -4.79966932296753]","[669.2276611328125, 669.857421875, 538.9049072265625, 532.4706420898438]"
8.5458540916443,"[-35.388370513916016, 33.838844299316406, -30.038860321044922]","[-35.388370513916016, 33.838844299316406, -30.038860321044922]","[-10.003791809082031, 10.487641334533691, 3.4660556316375732]","[-10.003791809082031, 10.487641334533691, 3.4660556316375732]","[0.2922302484512329, -0.02140773832798004, 0.7260786890983582, 0.6220554709434509]","[[-0.05529710804621901, -0.9158344191588945, 0.3977307099258258], [0.8908104643974362, -0.2251775617453191, -0.39465425481198757], [0.450997912915609, 0.33247944448502587, 0.8282863812596228]]","[0.23572082817554474, 0.19732680916786194, 0.9282175302505493]",[0.0],"[0.2922302484512329, -0.02140773832798004, 0.7260786890983582, 0.6220554709434509]",[0.44],"[-3.6475658416748047, 4.322004318237305, -6.865876255035401]","[668.7967529296875, 669.857421875, 655.0818481445312, 649.7373046875]"
8.5766198635101,"[-35.72011947631836, 34.18671417236328, -29.92393684387207]","[-35.72011947631836, 34.18671417236328, -29.92393684387207]","[-10.101839065551758, 10.594128608703613, 3.4987010955810547]","[-10.101839065551758, 10.594128608703613, 3.4987010955810547]","[0.29195457696914673, -0.020576415583491325, 0.7366852760314941, 0.6096178293228149]","[[-0.08625716959972651, -0.9102077151512356, 0.40506977663984367], [0.8861782003223573, -0.2558853418696643, -0.38627811573330995], [0.45524477585285217, 0.32564474615785777, 0.8286782722170041]]","[0.282512903213501, 0.23062898218631744, 0.9367278218269348]",[0.0],"[0.29195457696914673, -0.020576415583491325, 0.7366852760314941, 0.6096178293228149]",[0.44],"[-4.902362823486328, 5.324363708496094, -8.177726802825928]","[668.5640258789062, 669.857421875, 661.3129272460938, 657.5245361328125]"
8.6082136631012,"[-36.02454376220703, 34.50593566894531, -29.818517684936523]","[-36.02454376220703, 34.50593566894531, -29.818517684936523]","[-10.192930221557617, 10.686079025268555, 3.529524803161621]","[-10.192930221557617, 10.686079025268555, 3.529524803161621]","[0.29170575737953186, -0.01913502812385559, 0.7463502883911133, 0.5979154706001282]","[[-0.11480980456559742, -0.9036723635745236, 0.41254709359987984], [0.8813451720891319, -0.28426200373972854, -0.3773936379179226], [0.45831161098236706, 0.32026790288347584, 0.8290832036206659]]","[0.32067978382110596, 0.2544001638889313, 0.9428189992904663]",[0.0],"[0.29170575737953186, -0.01913502812385559, 0.7463502883911133, 0.5979154706001282]",[0.44],"[-4.554557800292969, 4.59752082824707, -8.26881462097168]","[668.34619140625, 669.857421875, 662.1380615234375, 658.8400268554688]"
8.6402592658997,"[-36.36250686645508, 34.8600959777832, -29.701276779174805]","[-36.36250686645508, 34.8600959777832, -29.701276779174805]","[-10.28727912902832, 10.774124145507812, 3.580782175064087]","[-10.28727912902832, 10.774124145507812, 3.580782175064087]","[0.29144003987312317, -0.016851434484124184, 0.756862461566925, 0.5847545862197876]","[[-0.1462495131466357, -0.8949799565536593, 0.4214521447571218], [0.8753352256017694, -0.31555616514078544, -0.36635023621694907], [0.46086795915301737, 0.3153333634785971, 0.8295574646291592]]","[0.35517606139183044, 0.27493834495544434, 0.9222742915153503]",[0.0],"[0.29144003987312317, -0.016851434484124184, 0.756862461566925, 0.5847545862197876]",[0.44],"[-4.717445373535156, 4.402256011962891, -7.2471314048767095]","[613.386474609375, 615.0773315429688, 669.8228149414062, 667.3204345703125]"
8.6712212562561,"[-36.67226028442383, 35.1843147277832, -29.592802047729492]","[-36.67226028442383, 35.1843147277832, -29.592802047729492]","[-10.363362312316895, 10.838717460632324, 3.6511480808258057]","[-10.363362312316895, 10.838717460632324, 3.6511480808258057]","[0.2912096381187439, -0.014120638370513916, 0.7659805417060852, 0.5729497671127319]","[[-0.17385116540067713, -0.8859608779465376, 0.42994099978071887], [0.8695126139870055, -0.34305848721119503, -0.3553292571387985], [0.4623026656441951, 0.31206472022567056, 0.8299951084775188]]","[0.3809822201728821, 0.2878907322883606, 0.873989999294281]",[0.0],"[0.2912096381187439, -0.014120638370513916, 0.7659805417060852, 0.5729497671127319]",[0.44],"[-3.804159164428711, 3.229665756225586, -6.291704711914063]","[594.9893188476562, 596.8363647460938, 669.857421875, 668.1223754882812]"
8.7022621631622,"[-37.01569747924805, 35.543121337890625, -29.471086502075195]","[-37.01569747924805, 35.543121337890625, -29.471086502075195]","[-10.451663970947266, 10.906120300292969, 3.724198579788208]","[-10.451663970947266, 10.906120300292969, 3.724198579788208]","[0.29098114371299744, -0.010486745275557041, 0.7753980159759521, 0.5603374242782593]","[[-0.20270411001183475, -0.8750719443930921, 0.43950017136940756], [0.8628661638566582, -0.371824218351934, -0.3423580521247902], [0.4630046347164789, 0.3098324462019417, 0.830440004354003]]","[0.4000227749347687, 0.2951274514198303, 0.8241280317306519]",[0.0],"[0.29098114371299744, -0.010486745275557041, 0.7753980159759521, 0.5603374242782593]",[0.44],"[-4.415082931518555, 3.3701419830322266, -6.157475051879883]","[603.3680419921875, 605.017333984375, 669.857421875, 669.148193359375]"
8.7342212200165,"[-37.33051681518555, 35.871192932128906, -29.358423233032227]","[-37.33051681518555, 35.871192932128906, -29.358423233032227]","[-10.53645133972168, 10.96412467956543, 3.785918951034546]","[-10.53645133972168, 10.96412467956543, 3.785918951034546]","[0.29078638553619385, -0.006785416975617409, 0.7834279537200928, 0.5492157936096191]","[[-0.22761080110716958, -0.8644882244300729, 0.44816704964209286], [0.85659579692329, -0.3966321613665116, -0.3300407216789578], [0.46307368231903645, 0.3087771803335757, 0.8307944722065261]]","[0.4100216329097748, 0.29683664441108704, 0.7826845645904541]",[0.0],"[0.29078638553619385, -0.006785416975617409, 0.7834279537200928, 0.5492157936096191]",[0.44],"[-4.239368438720703, 2.900218963623047, -6.723981437683106]","[604.2957153320312, 605.8129272460938, 669.857421875, 669.7344360351562]"
8.7652177810669,"[-37.67979049682617, 36.233985900878906, -29.23236656188965]","[-37.67979049682617, 36.233985900878906, -29.23236656188965]","[-10.632155418395996, 11.02234935760498, 3.8531341552734375]","[-10.632155418395996, 11.02234935760498, 3.8531341552734375]","[0.2905789613723755, -0.0024051759392023087, 0.7916882038116455, 0.537389874458313]","[[-0.2535519938516162, -0.8522882359655974, 0.4575108375966628], [0.8494926618602725, -0.4224126896935161, -0.3161166819825718], [0.4626809063807351, 0.30850008430593956, 0.8311161646729059]]","[0.41474926471710205, 0.2951638698577881, 0.7365129590034485]",[0.0],"[0.2905789613723755, -0.0024051759392023087, 0.7916882038116455, 0.537389874458313]",[0.44],"[-4.78520393371582, 2.911233901977539, -6.44923978805542]","[606.8931274414062, 608.275390625, 669.5797729492188, 669.8564453125]"
8.7962262630463,"[-38.00011444091797, 36.565406799316406, -29.115903854370117]","[-38.00011444091797, 36.565406799316406, -29.115903854370117]","[-10.72315502166748, 11.071518898010254, 3.910071611404419]","[-10.72315502166748, 11.071518898010254, 3.910071611404419]","[0.2903890907764435, 0.0017592569347470999, 0.7986924052238464, 0.5270309448242188]","[[-0.2758253062944307, -0.8408494878546564, 0.4657174884150237], [0.8428929639415499, -0.4444707644084449, -0.3032778634518699], [0.4620087570369904, 0.3088982840623494, 0.8313421619461361]]","[0.4141859710216522, 0.29089465737342834, 0.6982373595237732]",[0.0],"[0.2903890907764435, 0.0017592569347470999, 0.7986924052238464, 0.5270309448242188]",[0.44],"[-4.549980163574219, 2.458477020263672, -6.963127193450928]","[613.6195678710938, 614.819091796875, 669.1588745117188, 669.857421875]"
8.8272342681885,"[-38.32322692871094, 36.898250579833984, -28.997798919677734]","[-38.32322692871094, 36.898250579833984, -28.997798919677734]","[-10.817977905273438, 11.1171293258667, 3.962789297103882]","[-10.817977905273438, 11.1171293258667, 3.962789297103882]","[0.2901920974254608, 0.006011835299432278, 0.8052527904510498, 0.5170302391052246]","[[-0.29693639738573974, -0.8291909113842739, 0.47357259372204386], [0.8361692597639485, -0.46528701987478094, -0.29039408473546535], [0.46113939115273705, 0.3097582733378652, 0.8315048088562887]]","[0.4100243151187897, 0.284995436668396, 0.6636910438537598]",[0.0],"[0.2901920974254608, 0.006011835299432278, 0.8052527904510498, 0.5170302391052246]",[0.44],"[-4.741144180297852, 2.2805213928222656, -7.174115715026856]","[620.3062133789062, 621.310791015625, 668.8546142578125, 669.857421875]"
8.8582592010498,"[-38.6820068359375, 37.26589584350586, -28.86612892150879]","[-38.6820068359375, 37.26589584350586, -28.86612892150879]","[-10.926416397094727, 11.163055419921875, 4.016146183013916]","[-10.926416397094727, 11.163055419921875, 4.016146183013916]","[0.28996047377586365, 0.010716120712459087, 0.8120003342628479, 0.5064222812652588]","[[-0.31891875617220133, -0.8162156204534403, 0.4817497678530649], [0.8286446262087361, -0.48684323839060006, -0.2762819020116206], [0.4600422386629952, 0.31108787641369184, 0.8316161768091054]]","[0.4024285674095154, 0.27728861570358276, 0.6296314597129822]",[0.0],"[0.28996047377586365, 0.010716120712459087, 0.8120003342628479, 0.5064222812652588]",[0.44],"[-5.421924591064453, 2.296304702758789, -7.1421557044982915]","[624.3718872070312, 625.2631225585938, 668.7169799804688, 669.857421875]"
8.8892505168915,"[-39.011329650878906, 37.601375579833984, -28.744964599609375]","[-39.011329650878906, 37.601375579833984, -28.744964599609375]","[-11.028482437133789, 11.200870513916016, 4.060665607452393]","[-11.028482437133789, 11.200870513916016, 4.060665607452393]","[0.2897321879863739, 0.014965048991143703, 0.8177457451820374, 0.4971148669719696]","[[-0.3378641129092659, -0.8043554218910707, 0.48873322461320173], [0.8216988474411799, -0.5053056890373941, -0.2635851458987909], [0.4589758312593561, 0.3125355664545849, 0.8316626131066424]]","[0.39356619119644165, 0.269663542509079, 0.6019343733787537]",[0.0],"[0.2897321879863739, 0.014965048991143703, 0.8177457451820374, 0.4971148669719696]",[0.44],"[-5.103302001953125, 1.8907546997070312, -7.584028778076172]","[629.4855346679688, 630.2376708984375, 668.5969848632812, 669.857421875]"
8.9202218055725,"[-39.3437614440918, 37.93792724609375, -28.62251853942871]","[-39.3437614440918, 37.93792724609375, -28.62251853942871]","[-11.133206367492676, 11.234683990478516, 4.102274417877197]","[-11.133206367492676, 11.234683990478516, 4.102274417877197]","[0.2894839644432068, 0.019151702523231506, 0.8231545686721802, 0.4881073832511902]","[[-0.3559004632708427, -0.792487423507156, 0.49527627058436074], [0.814663866596204, -0.5227688191912776, -0.2510688978954114], [0.45788392097068176, 0.31412814361480557, 0.8316644932414117]]","[0.3834846615791321, 0.2618100941181183, 0.5763079524040222]",[0.0],"[0.2894839644432068, 0.019151702523231506, 0.8231545686721802, 0.4881073832511902]",[0.44],"[-5.236196517944336, 1.690673828125, -7.729559478759766]","[627.8638916015625, 628.5010375976562, 668.5498046875, 669.857421875]"
8.952219247818,"[-39.7130241394043, 38.3091926574707, -28.486303329467773]","[-39.7130241394043, 38.3091926574707, -28.486303329467773]","[-11.245645523071289, 11.264551162719727, 4.1541266441345215]","[-11.245645523071289, 11.264551162719727, 4.1541266441345215]","[0.2891828417778015, 0.023684047162532806, 0.8287074565887451, 0.47859835624694824]","[[-0.3746339653915678, -0.7795380129394038, 0.5019662466801016], [0.8069340931924467, -0.5407655291689437, -0.23755057248777334], [0.456625662515048, 0.3160591584309351, 0.8316246998626359]]","[0.37150734663009644, 0.2532072961330414, 0.5395970344543457]",[0.0],"[0.2891828417778015, 0.023684047162532806, 0.8287074565887451, 0.47859835624694824]",[0.44],"[-5.621957778930664, 1.4933586120605469, -7.21738868713379]","[615.2492065429688, 615.7945556640625, 668.4732055664062, 669.857421875]"
8.9826560020447,"[-40.05194091796875, 38.64748764038086, -28.36097526550293]","[-40.05194091796875, 38.64748764038086, -28.36097526550293]","[-11.349180221557617, 11.287249565124512, 4.200058937072754]","[-11.349180221557617, 11.287249565124512, 4.200058937072754]","[0.28888195753097534, 0.02774565853178501, 0.8333636522293091, 0.47040683031082153]","[[-0.3905295968486704, -0.768009467983582, 0.5075909409519783], [0.8000703485821743, -0.5558955244878021, -0.22553964529715165], [0.45538395181268476, 0.31802853860737423, 0.8315547860914188]]","[0.3589392900466919, 0.2444123923778534, 0.505642831325531]",[0.0],"[0.28888195753097534, 0.02774565853178501, 0.8333636522293091, 0.47040683031082153]",[0.44],"[-5.176734924316406, 1.1349201202392578, -7.513385353088379]","[619.960205078125, 620.4131469726562, 668.3345336914062, 669.857421875]"
9.0146477222443,"[-40.42835998535156, 39.02031707763672, -28.221538543701172]","[-40.42835998535156, 39.02031707763672, -28.221538543701172]","[-11.461040496826172, 11.306138038635254, 4.254617691040039]","[-11.461040496826172, 11.306138038635254, 4.254617691040039]","[0.28852394223213196, 0.032119061797857285, 0.8380691409111023, 0.46191170811653137]","[[-0.4067830381564952, -0.7556936601345721, 0.513278366193832], [0.7927621334574331, -0.5712119003772873, -0.21270918492231727], [0.4539336834012373, 0.3203811630335207, 0.8314446012561096]]","[0.3440884053707123, 0.23452119529247284, 0.46155694127082825]",[0.0],"[0.28852394223213196, 0.032119061797857285, 0.8380691409111023, 0.46191170811653137]",[0.44],"[-5.593013763427734, 0.9444236755371094, -7.082062301635743]","[588.4531860351562, 588.8099975585938, 668.3604125976562, 669.857421875]"
9.0454647541046,"[-40.773616790771484, 39.35966873168945, -28.092981338500977]","[-40.773616790771484, 39.35966873168945, -28.092981338500977]","[-11.556011199951172, 11.316130638122559, 4.3154988288879395]","[-11.556011199951172, 11.316130638122559, 4.3154988288879395]","[0.28816667199134827, 0.036065421998500824, 0.841874361038208, 0.4548701047897339]","[[-0.4201063088748418, -0.7451012523879368, 0.5180104302779345], [0.786672662913023, -0.5835849412401206, -0.2014317003701045], [0.4523901011429583, 0.32288191677234934, 0.8313185089790015]]","[0.32891249656677246, 0.2244843691587448, 0.40607452392578125]",[0.0],"[0.28816667199134827, 0.036065421998500824, 0.841874361038208, 0.4548701047897339]",[0.44],"[-4.74853515625, 0.4996299743652344, -6.765943107604981]","[583.172119140625, 583.4136962890625, 668.0076293945312, 669.857421875]"
9.0764648914337,"[-41.121761322021484, 39.699275970458984, -27.962650299072266]","[-41.121761322021484, 39.699275970458984, -27.962650299072266]","[-11.653834342956543, 11.323424339294434, 4.371955871582031]","[-11.653834342956543, 11.323424339294434, 4.371955871582031]","[0.2877858877182007, 0.03995692357420921, 0.8452042937278748, 0.44856706261634827]","[[-0.43193370775510154, -0.7352635372538918, 0.5223224556251604], [0.7812596921390602, -0.5943820306115768, -0.19063901389422666], [0.45062901626968466, 0.32572606737053933, 0.831165454177464]]","[0.31065061688423157, 0.21223266422748566, 0.35280656814575195]",[0.0],"[0.2877858877182007, 0.03995692357420921, 0.8452042937278748, 0.44856706261634827]",[0.44],"[-4.891157150268555, 0.36468505859375, -6.987147865295411]","[590.9880981445312, 591.1107788085938, 667.7929077148438, 669.857421875]"
9.1074631214142,"[-41.508079528808594, 40.07301712036133, -27.81728172302246]","[-41.508079528808594, 40.07301712036133, -27.81728172302246]","[-11.756537437438965, 11.325623512268066, 4.441867828369141]","[-11.756537437438965, 11.325623512268066, 4.441867828369141]","[0.28734636306762695, 0.04413903132081032, 0.8483221530914307, 0.44253066182136536]","[[-0.44319745902324037, -0.725450747451827, 0.5265903202861468], [0.7761835079292787, -0.6044368155877464, -0.17943091626967878], [0.44845882131593817, 0.3292073886114384, 0.8309676270917361]]","[0.2892223596572876, 0.1979972869157791, 0.2822926938533783]",[0.0],"[0.28734636306762695, 0.04413903132081032, 0.8483221530914307, 0.44253066182136536]",[0.44],"[-5.135154724121094, 0.10995864868164062, -6.314402160644532]","[558.4814453125, 558.5184936523438, 667.753662109375, 669.857421875]"
9.1384670734406,"[-41.8620491027832, 40.41273498535156, -27.682859420776367]","[-41.8620491027832, 40.41273498535156, -27.682859420776367]","[-11.839632034301758, 11.320841789245605, 4.521509647369385]","[-11.839632034301758, 11.320841789245605, 4.521509647369385]","[0.28691989183425903, 0.04790974408388138, 0.8505428433418274, 0.4381307065486908]","[[-0.45143694387636657, -0.717805356625866, 0.5300567812761563], [0.7727903909872831, -0.6114923053803665, -0.16991824995066818], [0.44609386117200467, 0.3329154097782032, 0.8307632641832682]]","[0.26699692010879517, 0.18308642506599426, 0.19663432240486145]",[0.0],"[0.28691989183425903, 0.04790974408388138, 0.8505428433418274, 0.4381307065486908]",[0.44],"[-4.154729843139648, -0.23908615112304688, -5.8279090499877935]","[516.8919067382812, 516.78271484375, 667.36328125, 669.857421875]"
9.169468164444,"[-42.21846008300781, 40.75225067138672, -27.545976638793945]","[-42.21846008300781, 40.75225067138672, -27.545976638793945]","[-11.921709060668945, 11.313013076782227, 4.6025590896606445]","[-11.921709060668945, 11.313013076782227, 4.6025590896606445]","[0.2864713668823242, 0.05164497345685959, 0.8520900011062622, 0.4349822998046875]","[[-0.4574491465372592, -0.7116985243659855, 0.5331280733025778], [0.7708777489211371, -0.6162464280573943, -0.16120761700935482], [0.44326947599211053, 0.3372322789693083, 0.8305339053464261]]","[0.24017702043056488, 0.1645297408103943, 0.10575741529464722]",[0.0],"[0.2864713668823242, 0.05164497345685959, 0.8520900011062622, 0.4349822998046875]",[0.44],"[-4.103851318359375, -0.3914356231689453, -5.757527885437012]","[524.2286987304688, 523.99072265625, 666.798583984375, 669.857421875]"
9.1997909545898,"[-42.57741165161133, 41.091514587402344, -27.40677833557129]","[-42.57741165161133, 41.091514587402344, -27.40677833557129]","[-12.008097648620605, 11.304061889648438, 4.676752090454102]","[-12.008097648620605, 11.304061889648438, 4.676752090454102]","[0.286018431186676, 0.05525718629360199, 0.8529773950576782, 0.4330931603908539]","[[-0.4612475862329366, -0.7072282040640037, 0.5357975316365939], [0.7704464990059474, -0.6187539589157396, -0.15347899093947603], [0.4400714938517849, 0.3420115142312099, 0.8302802007688537]]","[0.20966380834579468, 0.14289027452468872, 0.019400274381041527]",[0.0],"[0.286018431186676, 0.05525718629360199, 0.8529773950576782, 0.4330931603908539]",[0.44],"[-4.319429397583008, -0.4475593566894531, -6.100349960327149]","[521.1926879882812, 520.8763427734375, 666.5223388671875, 669.857421875]"
9.2304813861847,"[-42.97522735595703, 41.4643440246582, -27.251052856445312]","[-42.97522735595703, 41.4643440246582, -27.251052856445312]","[-12.10032844543457, 11.290976524353027, 4.762611389160156]","[-12.10032844543457, 11.290976524353027, 4.762611389160156]","[0.2855270802974701, 0.05903645604848862, 0.8531907796859741, 0.432498037815094]","[[-0.462839619367851, -0.7042936623389582, 0.5382844473219732], [0.7717196900454977, -0.6189204402487167, -0.1462410840116437], [0.43615184171985977, 0.3477185238752707, 0.8299779665480739]]","[0.17417237162590027, 0.11722732335329056, -0.08357039093971252]",[0.0],"[0.2855270802974701, 0.05903645604848862, 0.8531907796859741, 0.432498037815094]",[0.44],"[-4.611539840698242, -0.6542682647705078, -5.517035064697266]","[501.12091064453125, 500.7492980957031, 666.3507080078125, 669.857421875]"
9.2621119022369,"[-43.33945846557617, 41.8028678894043, -27.1069393157959]","[-43.33945846557617, 41.8028678894043, -27.1069393157959]","[-12.182279586791992, 11.276738166809082, 4.8435845375061035]","[-12.182279586791992, 11.276738166809082, 4.8435845375061035]","[0.2850867211818695, 0.06229197978973389, 0.8526263236999512, 0.43344393372535706]","[[-0.46170387722443706, -0.7036141829362279, 0.5401450475531462], [0.774648648032958, -0.6164921729206458, -0.14091465631564226], [0.4321447245147354, 0.3533617832120921, 0.8296905413192928]]","[0.1392674595117569, 0.09087994694709778, -0.18318568170070648]",[0.0],"[0.2850867211818695, 0.06229197978973389, 0.8526263236999512, 0.43344393372535706]",[0.44],"[-4.097557067871094, -0.7119178771972656, -5.761342582702637]","[507.5506286621094, 508.28668212890625, 666.6652221679688, 669.857421875]"
9.2941074371338,"[-43.74305725097656, 42.17475128173828, -26.945762634277344]","[-43.74305725097656, 42.17475128173828, -26.945762634277344]","[-12.279001235961914, 11.261219024658203, 4.922704219818115]","[-12.279001235961914, 11.261219024658203, 4.922704219818115]","[0.2847009003162384, 0.06586389243602753, 0.8511672616004944, 0.4360295534133911]","[[-0.4576475190946181, -0.7047651429617874, 0.5420933786046334], [0.7797711808612631, -0.6110806197227223, -0.1361536349163135], [0.4272189641848385, 0.36039839076880575, 0.8292146900645974]]","[0.13187868893146515, 0.07127721607685089, -0.2856338322162628]",[0.0],"[0.2847009003162384, 0.06586389243602753, 0.8511672616004944, 0.4360295534133911]",[0.44],"[-4.836082458496094, -0.7759571075439453, -5.854015884399415]","[523.1015625, 522.5558471679688, 667.7017822265625, 669.8561401367188]"
9.3241021633148,"[-44.11281204223633, 42.51238250732422, -26.797082901000977]","[-44.11281204223633, 42.51238250732422, -26.797082901000977]","[-12.37143611907959, 11.247038841247559, 4.988163948059082]","[-12.37143611907959, 11.247038841247559, 4.988163948059082]","[0.2844144105911255, 0.06918944418430328, 0.8491331338882446, 0.43965235352516174]","[[-0.4516285165068088, -0.7072898115667137, 0.5438500035258942], [0.7860037115139384, -0.6038372720375378, -0.13258483084131356], [0.4221727956269872, 0.3675890291301265, 0.8286425277231397]]","[0.10332956910133362, 0.04301271587610245, -0.37130606174468994]",[0.0],"[0.2844144105911255, 0.06918944418430328, 0.8491331338882446, 0.43965235352516174]",[0.44],"[-4.621744155883789, -0.7090091705322266, -6.537013587951661]","[531.4853515625, 531.9104614257812, 664.9053344726562, 669.857421875]"
9.3551092147827,"[-44.48540115356445, 42.84959030151367, -26.64652442932129]","[-44.48540115356445, 42.84959030151367, -26.64652442932129]","[-12.468073844909668, 11.233076095581055, 5.047749996185303]","[-12.468073844909668, 11.233076095581055, 5.047749996185303]","[0.2840263843536377, 0.07220447063446045, 0.8464801907539368, 0.4445074498653412]","[[-0.4434843978368477, -0.7115175524501716, 0.5450362662348383], [0.7935494513640684, -0.594399400695643, -0.13026437945512725], [0.41665456579243454, 0.3747429957589077, 0.828231054822794]]","[0.06044932082295418, 0.033529143780469894, -0.45092540979385376]",[0.0],"[0.2840263843536377, 0.07220447063446045, 0.8464801907539368, 0.4445074498653412]",[0.44],"[-4.831886291503906, -0.6981372833251953, -6.830697593688965]","[546.4161376953125, 544.5618896484375, 667.7185668945312, 669.857421875]"
9.386127948761,"[-44.898681640625, 43.22004318237305, -26.478960037231445]","[-44.898681640625, 43.22004318237305, -26.478960037231445]","[-12.57900619506836, 11.218342781066895, 5.106658935546875]","[-12.57900619506836, 11.218342781066895, 5.106658935546875]","[0.2833450436592102, 0.0755833312869072, 0.8429458737373352, 0.451048880815506]","[[-0.43254117203845155, -0.7175872612677532, 0.5458726247634469], [0.8032519104813423, -0.5816843196340784, -0.12817961519097398], [0.40950551682237846, 0.3830302441174558, 0.8280054925306678]]","[0.06615104526281357, 0.03960174694657326, -0.531669557094574]",[0.0],"[0.2833450436592102, 0.0755833312869072, 0.8429458737373352, 0.451048880815506]",[0.44],"[-5.54661750793457, -0.7366657257080078, -6.864553031921387]","[556.9886474609375, 557.90576171875, 668.3345947265625, 669.26708984375]"
9.4169404506683,"[-45.27760696411133, 43.55640411376953, -26.325000762939453]","[-45.27760696411133, 43.55640411376953, -26.325000762939453]","[-12.682437896728516, 11.205286026000977, 5.156684875488281]","[-12.682437896728516, 11.205286026000977, 5.156684875488281]","[0.2827884554862976, 0.07875991612672806, 0.8391143679618835, 0.4579460024833679]","[[-0.42063209381672095, -0.7239933507975893, 0.5467192896769246], [0.8130829309404204, -0.568164466152794, -0.1268265309939709], [0.4024481346922828, 0.3911808399596124, 0.8276551301107701]]","[0.030543167144060135, -0.0045842500403523445, -0.5985680818557739]",[0.0],"[0.2827884554862976, 0.07875991612672806, 0.8391143679618835, 0.4579460024833679]",[0.44],"[-5.1715850830078125, -0.6528377532958984, -7.308703002929688]","[566.384765625, 566.957763671875, 664.5452880859375, 669.856689453125]"
9.448947429657,"[-45.65967559814453, 43.89238357543945, -26.169593811035156]","[-45.65967559814453, 43.89238357543945, -26.169593811035156]","[-12.788881301879883, 11.193171501159668, 5.202574729919434]","[-12.788881301879883, 11.193171501159668, 5.202574729919434]","[0.28235793113708496, 0.08138106763362885, 0.8346499800682068, 0.46584391593933105]","[[-0.4065269347940945, -0.7316760505257989, 0.5471618336508826], [0.8235904100888334, -0.5527331810077456, -0.12722003571817986], [0.3955183327317897, 0.3989188616315307, 0.8273022411095918]]","[-0.01537666842341423, -0.03167713060975075, -0.6600933074951172]",[0.0],"[0.28235793113708496, 0.08138106763362885, 0.8346499800682068, 0.46584391593933105]",[0.44],"[-5.322170257568359, -0.6057262420654297, -7.515507278442383]","[575.9569091796875, 573.7871704101562, 666.3196411132812, 669.857421875]"
9.4799518585205,"[-46.08369064331055, 44.26156997680664, -25.99712562561035]","[-46.08369064331055, 44.26156997680664, -25.99712562561035]","[-12.908666610717773, 11.181519508361816, 5.249100208282471]","[-12.908666610717773, 11.181519508361816, 5.249100208282471]","[0.28170841932296753, 0.0837063416838646, 0.8291296362876892, 0.475581556558609]","[[-0.38892541081730325, -0.7414759636230057, 0.546763983048542], [0.8357990884352846, -0.5336311745760014, -0.12914383984393307], [0.3875272139611856, 0.4067574743851958, 0.8272672296889184]]","[-0.05530637130141258, -0.05688829720020294, -0.7217181921005249]",[0.0],"[0.28170841932296753, 0.0837063416838646, 0.8291296362876892, 0.475581556558609]",[0.44],"[-5.989265441894531, -0.5825996398925781, -7.483726081848145]","[584.1220703125, 585.2274780273438, 667.7999267578125, 668.9527587890625]"
9.5119867324829,"[-46.472618103027344, 44.596885681152344, -25.839059829711914]","[-46.472618103027344, 44.596885681152344, -25.839059829711914]","[-13.019526481628418, 11.172896385192871, 5.2881646156311035]","[-13.019526481628418, 11.172896385192871, 5.2881646156311035]","[0.2811630666255951, 0.08597640693187714, 0.823558509349823, 0.48508429527282715]","[[-0.37128112174283645, -0.7506438177869645, 0.546520081602079], [0.8473373787086311, -0.5146025767136226, -0.13116237299750644], [0.37969686253552126, 0.41438877912578853, 0.8271107748335509]]","[-0.020450130105018616, -0.04647468402981758, -0.772600531578064]",[0.0],"[0.2811630666255951, 0.08597640693187714, 0.823558509349823, 0.48508429527282715]",[0.44],"[-5.542993545532227, -0.4311561584472656, -7.85677963256836]","[594.341796875, 593.140625, 669.8546752929688, 667.59912109375]"
9.5445466041565,"[-46.90430450439453, 44.96546936035156, -25.663869857788086]","[-46.90430450439453, 44.96546936035156, -25.663869857788086]","[-13.142849922180176, 11.165438652038574, 5.328749179840088]","[-13.142849922180176, 11.165438652038574, 5.328749179840088]","[0.2800627052783966, 0.08905508369207382, 0.8170354962348938, 0.4960716664791107]","[[-0.35095562007840275, -0.7607343050644695, 0.5459977503191706], [0.8604983356948543, -0.4919642419913064, -0.13234001685901742], [0.3692869352169157, 0.42338467484539155, 0.8272681463614874]]","[-0.052688535302877426, -0.023256655782461166, -0.8232150077819824]",[0.0],"[0.2800627052783966, 0.08905508369207382, 0.8170354962348938, 0.4960716664791107]",[0.44],"[-6.166172027587891, -0.37288665771484375, -7.780771789550782]","[598.9337158203125, 600.9708251953125, 663.702392578125, 669.8233642578125]"
9.5761036872864,"[-47.34005355834961, 45.33383560180664, -25.487350463867188]","[-47.34005355834961, 45.33383560180664, -25.487350463867188]","[-13.26572322845459, 11.159918785095215, 5.368960380554199]","[-13.26572322845459, 11.159918785095215, 5.368960380554199]","[0.2790529131889343, 0.09139444679021835, 0.8098371624946594, 0.507878303527832]","[[-0.3283783493229828, -0.7715896751909588, 0.5448093519809518], [0.8736052216953647, -0.46741351623326466, -0.13542060137707157], [0.3591403256302286, 0.43147907920250983, 0.8275530534733581]]","[-0.10143431276082993, -0.10811692476272583, -0.86839359998703]",[0.0],"[0.2790529131889343, 0.09139444679021835, 0.8098371624946594, 0.507878303527832]",[0.44],"[-6.143665313720703, -0.27599334716796875, -7.799439964294434]","[605.5972290039062, 607.8108520507812, 662.69482421875, 669.857421875]"
9.6070375442505,"[-47.73971939086914, 45.668601989746094, -25.325761795043945]","[-47.73971939086914, 45.668601989746094, -25.325761795043945]","[-13.378209114074707, 11.157876014709473, 5.4029717445373535]","[-13.378209114074707, 11.157876014709473, 5.4029717445373535]","[0.27852028608322144, 0.09257199615240097, 0.8026041984558105, 0.519310474395752]","[[-0.3054861477010684, -0.7820351764008953, 0.5432303164063441], [0.8851678918075416, -0.44349409827754727, -0.14067965824673223], [0.3509358874556838, 0.43787434933214087, 0.8277137515369607]]","[-0.1421060860157013, -0.16093429923057556, -0.9055346846580505]",[0.0],"[0.27852028608322144, 0.09257199615240097, 0.8026041984558105, 0.519310474395752]",[0.44],"[-5.624294281005859, -0.10213851928710938, -8.109431800842286]","[611.8683471679688, 613.8663330078125, 664.4326171875, 669.857421875]"
9.6388638019562,"[-48.18324661254883, 46.03683090209961, -25.1468563079834]","[-48.18324661254883, 46.03683090209961, -25.1468563079834]","[-13.501072883605957, 11.159541130065918, 5.439572334289551]","[-13.501072883605957, 11.159541130065918, 5.439572334289551]","[0.27820733189582825, 0.09304578602313995, 0.7939580678939819, 0.5325164198875427]","[[-0.27805386374121754, -0.7938193759641718, 0.5408667291292328], [0.8973634554587635, -0.4155374661890807, -0.14855103974204553], [0.34267309369457344, 0.4440488497284818, 0.827886324365481]]","[-0.17995207011699677, -0.21900109946727753, -0.9423308968544006]",[0.0],"[0.27820733189582825, 0.09304578602313995, 0.7939580678939819, 0.5325164198875427]",[0.44],"[-6.1431884765625, 0.08325576782226562, -7.979970512390137]","[617.6829833984375, 620.0615234375, 664.4232177734375, 669.857421875]"
9.6698815822601,"[-48.58993911743164, 46.37169647216797, -24.9831600189209]","[-48.58993911743164, 46.37169647216797, -24.9831600189209]","[-13.610589027404785, 11.165061950683594, 5.473577976226807]","[-13.610589027404785, 11.165061950683594, 5.473577976226807]","[0.27817684412002563, 0.09277848899364471, 0.7854729890823364, 0.5450156331062317]","[[-0.2511513291957681, -0.8045724623241544, 0.538132248323917], [0.9078077714060608, -0.3887003463650345, -0.15747146348237706], [0.33586934065387375, 0.4489714517719001, 0.8280195907509582]]","[-0.2037443071603775, -0.26547959446907043, -0.9737822413444519]",[0.0],"[0.27817684412002563, 0.09277848899364471, 0.7854729890823364, 0.5450156331062317]",[0.44],"[-5.475807189941406, 0.27604103088378906, -8.109717903137208]","[619.0509643554688, 622.4201049804688, 666.273681640625, 669.857421875]"
9.7008576393127,"[-48.9998664855957, 46.706787109375, -24.818410873413086]","[-48.9998664855957, 46.706787109375, -24.818410873413086]","[-13.716681480407715, 11.174661636352539, 5.509755611419678]","[-13.716681480407715, 11.174661636352539, 5.509755611419678]","[0.2783931791782379, 0.09202016890048981, 0.7763894200325012, 0.5578969717025757]","[[-0.22249648604575656, -0.8150550378586514, 0.5349585849766783], [0.9175261873335545, -0.3605665875027402, -0.1677424520844948], [0.32960749071610707, 0.45351639434027113, 0.8280590526051177]]","[-0.23006920516490936, -0.3082110583782196, -1.0041327476501465]",[0.0],"[0.2783931791782379, 0.09202016890048981, 0.7763894200325012, 0.5578969717025757]",[0.44],"[-5.304622650146484, 0.4799842834472656, -8.001118240356446]","[623.7127685546875, 625.6095581054688, 665.2000122070312, 669.857421875]"
9.732887506485,"[-49.45441436767578, 47.075809478759766, -24.63592529296875]","[-49.45441436767578, 47.075809478759766, -24.63592529296875]","[-13.830710411071777, 11.190973281860352, 5.5492448806762695]","[-13.830710411071777, 11.190973281860352, 5.5492448806762695]","[0.27870795130729675, 0.09054747968912125, 0.7657561302185059, 0.572486400604248]","[[-0.18916259409054614, -0.8262973363384725, 0.5305190459704292], [0.9272425465792486, -0.3281211461782636, -0.1804384484318362], [0.3231702430463841, 0.4577875990229572, 0.8282460636000754]]","[-0.25692957639694214, -0.34175121784210205, -1.0336748361587524]",[0.0],"[0.27870795130729675, 0.09054747968912125, 0.7657561302185059, 0.572486400604248]",[0.44],"[-5.701446533203125, 0.815582275390625, -7.835536537170411]","[627.896484375, 630.1605224609375, 666.8150024414062, 669.857421875]"
9.7628555297852,"[-49.870906829833984, 47.41184997558594, -24.468976974487305]","[-49.870906829833984, 47.41184997558594, -24.468976974487305]","[-13.930679321289062, 11.211067199707031, 5.585941791534424]","[-13.930679321289062, 11.211067199707031, 5.585941791534424]","[0.279131144285202, 0.08868899196386337, 0.7555994391441345, 0.5859091877937317]","[[-0.15759249946099363, -0.8359135877479296, 0.5257500626347023], [0.9349370269974266, -0.29768941628979384, -0.19306429889984766], [0.3178952816435343, 0.46111770924446294, 0.828440133988935]]","[-0.2771395742893219, -0.3820415437221527, -1.0240132808685303]",[0.0],"[0.279131144285202, 0.08868899196386337, 0.7555994391441345, 0.5859091877937317]",[0.44],"[-4.998445510864258, 1.0046958923339844, -7.975154457092286]","[667.3780517578125, 669.6319580078125, 587.4649047851562, 591.2044677734375]"
9.7948546409607,"[-50.33174514770508, 47.78203582763672, -24.282957077026367]","[-50.33174514770508, 47.78203582763672, -24.282957077026367]","[-13.9884672164917, 11.22103214263916, 5.702503681182861]","[-13.9884672164917, 11.22103214263916, 5.702503681182861]","[0.27983391284942627, 0.08577313274145126, 0.7446244359016418, 0.5998920202255249]","[[-0.12364516168424178, -0.8453840516198685, 0.5196515747659891], [0.9413929770294427, -0.26554513864491724, -0.208002721447472], [0.31383310324062386, 0.4634778037799512, 0.8286719018381942]]","[-0.2910844385623932, -0.4093214273452759, -0.9132969379425049]",[0.0],"[0.27983391284942627, 0.08577313274145126, 0.7446244359016418, 0.5998920202255249]",[0.44],"[-2.889394760131836, 0.4982471466064453, -3.9819055175781255]","[667.2533569335938, 669.857177734375, 407.36187744140625, 409.3778381347656]"
9.8248612880707,"[-50.751773834228516, 48.11871337890625, -24.10968780517578]","[-50.751773834228516, 48.11871337890625, -24.10968780517578]","[-14.012550354003906, 11.224342346191406, 5.848328590393066]","[-14.012550354003906, 11.224342346191406, 5.848328590393066]","[0.2807880640029907, 0.08227422833442688, 0.7356045842170715, 0.6109622716903687]","[[-0.0957663059383922, -0.8526500530954948, 0.51363087303762], [0.9450565382609497, -0.2399120824154366, -0.2220592278421627], [0.31256507525852584, 0.46414442594506866, 0.828778028930854]]","[-0.29106539487838745, -0.4272533357143402, -0.7648381590843201]",[0.0],"[0.2807880640029907, 0.08227422833442688, 0.7356045842170715, 0.6109622716903687]",[0.44],"[-1.2041568756103516, 0.1655101776123047, -2.5187545394897466]","[668.0152587890625, 669.857421875, 393.8741149902344, 395.8168029785156]"
9.8564159870148,"[-51.17237854003906, 48.45549774169922, -23.93187713623047]","[-51.17237854003906, 48.45549774169922, -23.93187713623047]","[-14.024158477783203, 11.226659774780273, 6.009424209594727]","[-14.024158477783203, 11.226659774780273, 6.009424209594727]","[0.28198638558387756, 0.07796754688024521, 0.7278419733047485, 0.6202022433280945]","[[-0.07166575294134692, -0.8588468757887004, 0.5071943496207192], [0.946790022739108, -0.2185405195176191, -0.2362810715041075], [0.3137717596930534, 0.46327328420430014, 0.828809479957635]]","[-0.2922879457473755, -0.43039318919181824, -0.5939726829528809]",[0.0],"[0.28198638558387756, 0.07796754688024521, 0.7278419733047485, 0.6202022433280945]",[0.44],"[-0.5804061889648438, 0.11587142944335938, -1.7552190399169927]","[669.1217041015625, 669.857421875, 305.5770568847656, 304.409912109375]"
9.8884148597717,"[-51.635250091552734, 48.82602310180664, -23.730464935302734]","[-51.635250091552734, 48.82602310180664, -23.730464935302734]","[-14.027554512023926, 11.229341506958008, 6.196655750274658]","[-14.027554512023926, 11.229341506958008, 6.196655750274658]","[0.28349167108535767, 0.07245638221502304, 0.7211595773696899, 0.6279423236846924]","[[-0.05064212671143853, -0.8646116797721151, 0.49988232544326294], [0.9467748032718601, -0.20087732721359686, -0.25152760942134655], [0.3178886093877118, 0.4605380653250375, 0.8287650902030838]]","[-0.27968472242355347, -0.41536134481430054, -0.38768142461776733]",[0.0],"[0.28349167108535767, 0.07245638221502304, 0.7211595773696899, 0.6279423236846924]",[0.44],"[-0.1698017120361328, 0.13408660888671875, -0.44842296600341847]","[669.810546875, 669.7872314453125, 288.32574462890625, 282.8361511230469]"
9.9184157848358,"[-52.056156158447266, 49.16300582885742, -23.54210662841797]","[-52.056156158447266, 49.16300582885742, -23.54210662841797]","[-14.03288459777832, 11.236454010009766, 6.358827114105225]","[-14.03288459777832, 11.236454010009766, 6.358827114105225]","[0.28495556116104126, 0.06700051575899124, 0.7169420123100281, 0.6326969265937805]","[[-0.036989836254246455, -0.8690296763366652, 0.49337526767728423], [0.9453983546013953, -0.19041104170351275, -0.26451004633667186], [0.32381118607363657, 0.45665198471291557, 0.8286225181028505]]","[-0.25981569290161133, -0.3852010667324066, -0.2031102478504181]",[0.0],"[0.28495556116104126, 0.06700051575899124, 0.7169420123100281, 0.6326969265937805]",[0.44],"[-0.26650428771972656, 0.3556251525878906, -1.7014318084716802]","[669.857421875, 668.8775024414062, 309.199951171875, 300.6854553222656]"
9.9494154453278,"[-52.47727584838867, 49.500282287597656, -23.349031448364258]","[-52.47727584838867, 49.500282287597656, -23.349031448364258]","[-14.042258262634277, 11.24874210357666, 6.510583400726318]","[-14.042258262634277, 11.24874210357666, 6.510583400726318]","[0.2864591181278229, 0.061316993087530136, 0.7145175933837891, 0.6353314518928528]","[[-0.028590329792515856, -0.8727813764828121, 0.48727338786307817], [0.9430406235472268, -0.1851884352270634, -0.27636883418732694], [0.33144693088706, 0.4516171155250568, 0.8283628000002676]]","[-0.2376689612865448, -0.36643967032432556, -0.02535700425505638]",[0.0],"[0.2864591181278229, 0.061316993087530136, 0.7145175933837891, 0.6353314518928528]",[0.44],"[-0.46868324279785156, 0.6144046783447266, -2.222185668945313]","[667.9862060546875, 669.7950439453125, 326.45916748046875, 329.156005859375]"
9.9804501533508,"[-52.9409294128418, 49.87180709838867, -23.131607055664062]","[-52.9409294128418, 49.87180709838867, -23.131607055664062]","[-14.058493614196777, 11.268797874450684, 6.663870334625244]","[-14.058493614196777, 11.268797874450684, 6.663870334625244]","[0.28843921422958374, 0.05390913039445877, 0.7136306762695312, 0.6361037492752075]","[[-0.02434987290559043, -0.8767872831241457, 0.48026174295478263], [0.9389853119672571, -0.18493184483657643, -0.2900121128578661], [0.34309454309845755, 0.4438969495798659, 0.8277932507094671]]","[-0.27422451972961426, -0.412334680557251, 0.16040194034576416]",[0.0],"[0.28843921422958374, 0.05390913039445877, 0.7136306762695312, 0.6361037492752075]",[0.44],"[-0.811767578125, 1.0027885437011719, -2.1456533050537114]","[669.2054443359375, 669.8349609375, 351.23895263671875, 358.5224304199219]"
10.011420726776,"[-53.36297607421875, 50.21022033691406, -22.92974281311035]","[-53.36297607421875, 50.21022033691406, -22.92974281311035]","[-14.078004837036133, 11.292885780334473, 6.792067527770996]","[-14.078004837036133, 11.292885780334473, 6.792067527770996]","[0.2904127538204193, 0.0461985319852829, 0.7143809795379639, 0.6349693536758423]","[[-0.024948976566431913, -0.8803867719184586, 0.47359999908003303], [0.9340533435036855, -0.18935950301436044, -0.3027996921194216], [0.3562613910981618, 0.434813102250871, 0.8270522561216906]]","[-0.24048066139221191, -0.37309402227401733, 0.32033056020736694]",[0.0],"[0.2904127538204193, 0.0461985319852829, 0.7143809795379639, 0.6349693536758423]",[0.44],"[-0.9755611419677734, 1.2043952941894531, -3.400140342712403]","[669.8561401367188, 666.3096313476562, 386.4773254394531, 370.5672302246094]"
10.042415618896,"[-53.78565979003906, 50.549434661865234, -22.724157333374023]","[-53.78565979003906, 50.549434661865234, -22.724157333374023]","[-14.101163864135742, 11.32179069519043, 6.911686897277832]","[-14.101163864135742, 11.32179069519043, 6.911686897277832]","[0.2921047508716583, 0.03905590623617172, 0.7168662548065186, 0.6318641901016235]","[[-0.030845182184505937, -0.8831073994866423, 0.46815613466232087], [0.9287410625313774, -0.19844482552423592, -0.31314534120551585], [0.3694440204119065, 0.42513678613191175, 0.8262989014125556]]","[-0.19232730567455292, -0.28641337156295776, 0.47190412878990173]",[0.0],"[0.2921047508716583, 0.03905590623617172, 0.7168662548065186, 0.6318641901016235]",[0.44],"[-1.1579513549804688, 1.4452457427978516, -3.8290315246582036]","[668.8311157226562, 669.2498168945312, 399.7945251464844, 393.622802734375]"
10.073421478271,"[-54.2514762878418, 50.923641204833984, -22.493999481201172]","[-54.2514762878418, 50.923641204833984, -22.493999481201172]","[-14.129570007324219, 11.357430458068848, 7.036515712738037]","[-14.129570007324219, 11.357430458068848, 7.036515712738037]","[0.2936609983444214, 0.03097807615995407, 0.7213505506515503, 0.6264639496803284]","[[-0.04261251625573337, -0.8856061245866567, 0.4624783416105904], [0.9219943356743432, -0.21316679774787417, -0.3232439531876121], [0.38485174983193904, 0.41262816237204625, 0.8256071536975716]]","[-0.2571723461151123, -0.29097315669059753, 0.6333909034729004]",[0.0],"[0.2936609983444214, 0.03097807615995407, 0.7213505506515503, 0.6264639496803284]",[0.44],"[-1.4203071594238281, 1.7819881439208984, -3.5685592269897466]","[669.8279418945312, 663.674560546875, 394.3810729980469, 408.1981506347656]"
10.104415416718,"[-54.675804138183594, 51.2649040222168, -22.281299591064453]","[-54.675804138183594, 51.2649040222168, -22.281299591064453]","[-14.159515380859375, 11.394216537475586, 7.14118766784668]","[-14.159515380859375, 11.394216537475586, 7.14118766784668]","[0.29446378350257874, 0.022807670757174492, 0.7268975377082825, 0.6199926137924194]","[[-0.05780044034346332, -0.8879101426779862, 0.4563711731590936], [0.9147742747741411, -0.230177900242035, -0.33197306217343514], [0.3998088235300634, 0.3982884210304405, 0.8255417807199575]]","[-0.19820460677146912, -0.20390868186950684, 0.7743443846702576]",[0.0],"[0.29446378350257874, 0.022807670757174492, 0.7268975377082825, 0.6199926137924194]",[0.44],"[-1.4972686767578125, 1.839303970336914, -4.576402244567872]","[669.857421875, 667.2776489257812, 433.6374816894531, 410.2142639160156]"
10.135415792465,"[-55.101112365722656, 51.60734939575195, -22.06562042236328]","[-55.101112365722656, 51.60734939575195, -22.06562042236328]","[-14.19469928741455, 11.435437202453613, 7.235489845275879]","[-14.19469928741455, 11.435437202453613, 7.235489845275879]","[0.2949540913105011, 0.015821220353245735, 0.7340104579925537, 0.611539363861084]","[[-0.07804332691180882, -0.8884195097508688, 0.4523493733598567], [0.907085644441728, -0.25153853684648375, -0.3375261923415218], [0.413648177238537, 0.38397795713146987, 0.8255035460114613]]","[-0.14522749185562134, -0.1326242983341217, 0.907427191734314]",[0.0],"[0.2949540913105011, 0.015821220353245735, 0.7340104579925537, 0.611539363861084]",[0.44],"[-1.759195327758789, 2.061033248901367, -5.09489112854004]","[669.857421875, 666.0321655273438, 442.5869140625, 444.60186767578125]"
10.166450500488,"[-55.57026290893555, 51.98552322387695, -21.825275421142578]","[-55.57026290893555, 51.98552322387695, -21.825275421142578]","[-14.239493370056152, 11.48481559753418, 7.327890396118164]","[-14.239493370056152, 11.48481559753418, 7.327890396118164]","[0.2949850559234619, 0.007794607430696487, 0.7432036399841309, 0.6004760265350342]","[[-0.1048248127813205, -0.887953351870399, 0.44782888440324875], [0.8971505227057808, -0.2787356674076591, -0.34267694730678855], [0.42910698480970844, 0.3658488697657525, 0.8258461217536668]]","[-0.16490085422992706, -0.10388725996017456, 1.0435185432434082]",[0.0],"[0.2949850559234619, 0.007794607430696487, 0.7432036399841309, 0.6004760265350342]",[0.44],"[-2.239704132080078, 2.4689197540283203, -5.189972457885743]","[669.857421875, 669.0374145507812, 476.8271484375, 459.0576171875]"
10.197415113449,"[-55.99815368652344, 52.33080291748047, -21.604339599609375]","[-55.99815368652344, 52.33080291748047, -21.604339599609375]","[-14.287050247192383, 11.533855438232422, 7.399090766906738]","[-14.287050247192383, 11.533855438232422, 7.399090766906738]","[0.294742614030838, 0.0013461895287036896, 0.7528058290481567, 0.5885646939277649]","[[-0.13343685695025953, -0.8853563058801892, 0.44535255507847227], [0.8869434235628735, -0.3071796495492283, -0.3449233541806356], [0.44218327656675127, 0.3489770314774825, 0.8262499584960425]]","[-0.027848301455378532, 0.0007859524339437485, 1.1575062274932861]",[0.0],"[0.294742614030838, 0.0013461895287036896, 0.7528058290481567, 0.5885646939277649]",[0.44],"[-2.3778438568115234, 2.4519920349121094, -6.24998146057129]","[668.6361083984375, 669.8507080078125, 492.2741394042969, 472.56170654296875]"
10.228897571564,"[-56.4276008605957, 52.6776237487793, -21.38149642944336]","[-56.4276008605957, 52.6776237487793, -21.38149642944336]","[-14.3469820022583, 11.589757919311523, 7.448296070098877]","[-14.3469820022583, 11.589757919311523, 7.448296070098877]","[0.2944384515285492, -0.003357464913278818, 0.7635325789451599, 0.5747283697128296]","[[-0.16598654336258156, -0.8796248021798228, 0.44576743980047173], [0.8756705350993137, -0.33935200169835333, -0.3435713301434535], [0.4534859611443788, 0.3333171947676388, 0.8265894513816525]]","[0.06902708113193512, 0.08374065160751343, 1.2488086223602295]",[0.0],"[0.2944384515285492, -0.003357464913278818, 0.7635325789451599, 0.5747283697128296]",[0.44],"[-2.9965877532958984, 2.795124053955078, -7.349734840393067]","[669.7362060546875, 669.7353515625, 583.3400268554688, 570.3208618164062]"
10.258892059326,"[-56.85931396484375, 53.02641296386719, -21.158023834228516]","[-56.85931396484375, 53.02641296386719, -21.158023834228516]","[-14.43498706817627, 11.66279125213623, 7.4473700523376465]","[-14.43498706817627, 11.66279125213623, 7.4473700523376465]","[0.29393327236175537, -0.0064524500630795956, 0.7748405337333679, 0.5596282482147217]","[[-0.20083897365605408, -0.8710384806015129, 0.44828088062656746], [0.8634521215543457, -0.37354924263500067, -0.33898596430918865], [0.4627247739285443, 0.31898748490613066, 0.8271231945737871]]","[0.17428717017173767, 0.1626618653535843, 1.2597914934158325]",[0.0],"[0.29393327236175537, -0.0064524500630795956, 0.7748405337333679, 0.5596282482147217]",[0.44],"[-4.4002532958984375, 3.6516666412353516, -9.856300888061524]","[618.551513671875, 620.3662109375, 669.25390625, 660.3121948242188]"
10.290887832642,"[-57.33721160888672, 53.4124755859375, -20.912113189697266]","[-57.33721160888672, 53.4124755859375, -20.912113189697266]","[-14.525883674621582, 11.731616973876953, 7.460191249847412]","[-14.525883674621582, 11.731616973876953, 7.460191249847412]","[0.29330724477767944, -0.00789071898907423, 0.7870643138885498, 0.5426217317581177]","[[-0.23906499528603642, -0.8587852121064398, 0.45313997953363416], [0.8495275919224387, -0.41099874807185444, -0.3307307768513792], [0.47026668194430665, 0.30588876354248695, 0.8278171934295238]]","[0.26171639561653137, 0.21616846323013306, 1.2134701013565063]",[0.0],"[0.29330724477767944, -0.00789071898907423, 0.7870643138885498, 0.5426217317581177]",[0.44],"[-4.544830322265625, 3.441286087036133, -9.16894012451172]","[588.0325927734375, 590.81494140625, 669.85595703125, 662.6213989257812]"
10.321888208389,"[-57.77412796020508, 53.765201568603516, -20.68789291381836]","[-57.77412796020508, 53.765201568603516, -20.68789291381836]","[-14.597402572631836, 11.77894115447998, 7.494826316833496]","[-14.597402572631836, 11.77894115447998, 7.494826316833496]","[0.2927340865135193, -0.007633887231349945, 0.7976412773132324, 0.5272731184959412]","[[-0.2725797670162917, -0.8456190054705006, 0.45894329430609115], [0.8366802094496348, -0.4438497053615791, -0.3208798364962462], [0.4750438684129721, 0.2965234222479296, 0.8284969567176689]]","[0.3314455449581146, 0.2577663064002991, 1.1445856094360352]",[0.0],"[0.2927340865135193, -0.007633887231349945, 0.7976412773132324, 0.5272731184959412]",[0.44],"[-3.5759449005126953, 2.366209030151367, -8.078246650695801]","[507.5142517089844, 510.32275390625, 669.857421875, 664.7352905273438]"
10.352883815765,"[-58.25687026977539, 54.154476165771484, -20.43939971923828]","[-58.25687026977539, 54.154476165771484, -20.43939971923828]","[-14.656204223632812, 11.80926513671875, 7.571163654327393]","[-14.656204223632812, 11.80926513671875, 7.571163654327393]","[0.29204827547073364, -0.005745574366301298, 0.8083246946334839, 0.5111615061759949]","[[-0.30684364715822743, -0.8297249069467398, 0.4662658332823832], [0.8230129666056711, -0.477362014319489, -0.3078562520217131], [0.4780134990700822, 0.2892790934411752, 0.8293495863395436]]","[0.3866828382015228, 0.29661282896995544, 1.0223240852355957]",[0.0],"[0.29204827547073364, -0.005745574366301298, 0.8083246946334839, 0.5111615061759949]",[0.44],"[-2.940082550048828, 1.5161991119384766, -5.993133125305176]","[446.7533874511719, 447.67889404296875, 669.857421875, 664.3658447265625]"
10.383009433746,"[-58.697288513183594, 54.50904083251953, -20.21106719970703]","[-58.697288513183594, 54.50904083251953, -20.21106719970703]","[-14.705862998962402, 11.82752513885498, 7.648770809173584]","[-14.705862998962402, 11.82752513885498, 7.648770809173584]","[0.2912542223930359, -0.002628832357004285, 0.8169735074043274, 0.49771320819854736]","[[-0.3349052451201797, -0.8147683278147368, 0.47327715805707554], [0.811705693718973, -0.5045494677246012, -0.2942175196393817], [0.47851077640195855, 0.28562677407506265, 0.8303281343573335]]","[0.42315205931663513, 0.31882721185684204, 0.8966621160507202]",[0.0],"[0.2912542223930359, -0.002628832357004285, 0.8169735074043274, 0.49771320819854736]",[0.44],"[-2.482938766479492, 0.9130001068115234, -5.92964225769043]","[453.8381042480469, 457.8310546875, 669.857421875, 668.2636108398438]"
10.413608789444,"[-59.13930892944336, 54.8641242980957, -19.98058319091797]","[-59.13930892944336, 54.8641242980957, -19.98058319091797]","[-14.762545585632324, 11.843923568725586, 7.714995384216309]","[-14.762545585632324, 11.843923568725586, 7.714995384216309]","[0.29055115580558777, 0.001393835642375052, 0.824526309967041, 0.4855249226093292]","[[-0.35969115721132594, -0.7998461845584166, 0.48048762859086874], [0.801466106785997, -0.5285272199356559, -0.27984114655530223], [0.4777806608212916, 0.2844381631909344, 0.8311561661644782]]","[0.4412418007850647, 0.31258097290992737, 0.7775879502296448]",[0.0],"[0.29055115580558777, 0.001393835642375052, 0.824526309967041, 0.4855249226093292]",[0.44],"[-2.8341293334960938, 0.8199214935302734, -6.49877124786377]","[472.6334228515625, 475.5022888183594, 669.6033935546875, 669.8460693359375]"
10.444753646851,"[-59.5831298828125, 55.21966552734375, -19.748260498046875]","[-59.5831298828125, 55.21966552734375, -19.748260498046875]","[-14.825461387634277, 11.857844352722168, 7.771310329437256]","[-14.825461387634277, 11.857844352722168, 7.771310329437256]","[0.2899478077888489, 0.005982901901006699, 0.8310406804084778, 0.4746219217777252]","[[-0.38132881521788553, -0.7853907910410549, 0.4875960797317098], [0.7923297082027054, -0.5493966874706899, -0.2652871017627043], [0.4762376141394562, 0.28517524122922344, 0.8317889472865674]]","[0.4433401823043823, 0.3042302429676056, 0.6662272214889526]",[0.0],"[0.2899478077888489, 0.005982901901006699, 0.8310406804084778, 0.4746219217777252]",[0.44],"[-3.1457901000976562, 0.6960391998291016, -6.994252738952637]","[486.6230163574219, 488.6152648925781, 668.7360229492188, 669.857421875]"
10.475754261017,"[-60.07355880737305, 55.61116409301758, -19.490829467773438]","[-60.07355880737305, 55.61116409301758, -19.490829467773438]","[-14.894342422485352, 11.866559982299805, 7.834066390991211]","[-14.894342422485352, 11.866559982299805, 7.834066390991211]","[0.28677403926849365, 0.009323508478701115, 0.837518572807312, 0.4650123119354248]","[[-0.4030485752150985, -0.7735654152867888, 0.4890282606387344], [0.7842603760331535, -0.5673534187911287, -0.2510896949773278], [0.47168607570661303, 0.2823241410358823, 0.8353474451825601]]","[-0.29318666458129883, 0.6427419781684875, 0.5584676265716553]",[0.0],"[0.28677403926849365, 0.009323508478701115, 0.837518572807312, 0.4650123119354248]",[0.44],"[-3.444051742553711, 0.43578147888183594, -6.672196922302247]","[597.8171997070312, 337.0428161621094, 604.9537963867188, 637.0326538085938]"
10.506742954254,"[-60.521087646484375, 55.967124938964844, -19.25464630126953]","[-60.521087646484375, 55.967124938964844, -19.25464630126953]","[-14.945667266845703, 11.8668851852417, 7.896111011505127]","[-14.945667266845703, 11.8668851852417, 7.896111011505127]","[0.2543487250804901, -0.0008993824012577534, 0.8481841087341309, 0.46463924646377563]","[[-0.4388341823956312, -0.7886567638237909, 0.4306333166577096], [0.7877417367553119, -0.5682191125183653, -0.23788648364168585], [0.43230487010252233, 0.23483511619999797, 0.8706118343224512]]","[-2.323892116546631, 2.661268711090088, 0.4924284815788269]",[0.0],"[0.2543487250804901, -0.0008993824012577534, 0.8481841087341309, 0.46463924646377563]",[0.44],"[-2.566242218017578, 0.016260147094726562, -6.7077689743042]","[521.6176147460938, 442.05474853515625, 668.2951049804688, 584.2037353515625]"
10.537725925446,"[-60.97039031982422, 56.32328796386719, -19.017820358276367]","[-60.97039031982422, 56.32328796386719, -19.017820358276367]","[-15.007424354553223, 11.877335548400879, 7.878795623779297]","[-15.007424354553223, 11.877335548400879, 7.878795623779297]","[0.2068818211555481, -0.006716549396514893, 0.8605943918228149, 0.46533021330833435]","[[-0.4813356385453531, -0.8037002077797979, 0.3498318433863581], [0.7981420798956691, -0.5668455903230338, -0.204097173421939], [0.36233349683986305, 0.1809762744497725, 0.914309600079136]]","[-1.198272466659546, 2.541651487350464, 0.41105493903160095]",[0.0],"[0.2068818211555481, -0.006716549396514893, 0.8605943918228149, 0.46533021330833435]",[0.44],"[-3.0878543853759766, 0.5225181579589844, -10.675769386291504]","[423.8390808105469, 520.9724731445312, 669.8553466796875, 656.6275024414062]"
10.569732904434,"[-61.466670989990234, 56.71537780761719, -18.759050369262695]","[-61.466670989990234, 56.71537780761719, -18.759050369262695]","[-15.064793586730957, 11.882762908935547, 7.8010993003845215]","[-15.064793586730957, 11.882762908935547, 7.8010993003845215]","[0.166010320186615, -0.004563352093100548, 0.8703480362892151, 0.46358832716941833]","[[-0.515053056909637, -0.8084815074812106, 0.2847424788300773], [0.8054512533128111, -0.5701302613619106, -0.1618643023225974], [0.2932045458825795, 0.14597748419009204, 0.9448394988184239]]","[-0.990917980670929, 2.088944673538208, 0.30032461881637573]",[0.0],"[0.166010320186615, -0.004563352093100548, 0.8703480362892151, 0.46358832716941833]",[0.44],"[-2.8684616088867188, 0.27136802673339844, -13.69481616973877]","[455.8754577636719, 492.45751953125, 640.200439453125, 669.7496948242188]"
10.60008430481,"[-61.919158935546875, 57.07178497314453, -18.526315689086914]","[-61.919158935546875, 57.07178497314453, -18.526315689086914]","[-15.098045349121094, 11.875597953796387, 7.710192680358887]","[-15.098045349121094, 11.875597953796387, 7.710192680358887]","[0.13505664467811584, -0.003793815616518259, 0.8762854337692261, 0.462459921836853]","[[-0.5357811089461058, -0.811518546430767, 0.23318736558340103], [0.8094690263999895, -0.5722329174156631, -0.1315655014091005], [0.2402053162773149, 0.11826763995645584, 0.9634906193827141]]","[-0.7561126947402954, 1.6957383155822754, 0.19999879598617554]",[0.0],"[0.13505664467811584, -0.003793815616518259, 0.8762854337692261, 0.462459921836853]",[0.44],"[-1.662588119506836, -0.3582477569580078, -14.355331001281739]","[462.8381042480469, 520.1248168945312, 664.1620483398438, 669.8572998046875]"
10.631753921509,"[-62.37242889404297, 57.42784118652344, -18.29661750793457]","[-62.37242889404297, 57.42784118652344, -18.29661750793457]","[-15.116971969604492, 11.859663963317871, 7.598864555358887]","[-15.116971969604492, 11.859663963317871, 7.598864555358887]","[0.11030711978673935, -0.0020116129890084267, 0.880131721496582, 0.46173202991485596]","[[-0.5492717875427091, -0.8132138031880332, 0.19231193816482928], [0.8123262222482608, -0.5735990157203661, -0.10540562947238641], [0.19602724276010108, 0.09832369186038292, 0.9756565854750727]]","[-0.5833839774131775, 1.386069416999817, 0.10469543933868408]",[0.0],"[0.11030711978673935, -0.0020116129890084267, 0.880131721496582, 0.46173202991485596]",[0.44],"[-0.9463310241699219, -0.7966995239257812, -15.37640625]","[492.9608154296875, 525.1073608398438, 656.191650390625, 669.857421875]"
10.662752866745,"[-62.87147903442383, 57.81882095336914, -18.048290252685547]","[-62.87147903442383, 57.81882095336914, -18.048290252685547]","[-15.126139640808105, 11.834527969360352, 7.444101333618164]","[-15.126139640808105, 11.834527969360352, 7.444101333618164]","[0.08826660364866257, -0.0003348490281496197, 0.882584273815155, 0.4617942273616791]","[[-0.5579102250193924, -0.8152037575889759, 0.1554961698702956], [0.8150855336431766, -0.5734919874109892, -0.08211308104024168], [0.15611469526324426, 0.0809309510948531, 0.9844177891129166]]","[-0.4637487828731537, 1.1013761758804321, 0.010969764553010464]",[0.0],"[0.08826660364866257, -0.0003348490281496197, 0.882584273815155, 0.4617942273616791]",[0.44],"[-0.45838356018066406, -1.2567996978759766, -17.548161087036135]","[523.9595336914062, 551.3929443359375, 660.955810546875, 669.857421875]"
10.693802833557,"[-63.3253059387207, 58.17345428466797, -17.82753562927246]","[-63.3253059387207, 58.17345428466797, -17.82753562927246]","[-15.126830101013184, 11.806617736816406, 7.264604568481445]","[-15.126830101013184, 11.806617736816406, 7.264604568481445]","[0.07226152718067169, 0.001118665561079979, 0.8836052417755127, 0.46262165904045105]","[[-0.5615189494115995, -0.8173881728103569, 0.12873636622664686], [0.8177115187377493, -0.5719599032072904, -0.06488257767110994], [0.1266662905555339, 0.068836412685366, 0.989554040553759]]","[-0.36879241466522217, 0.8907367587089539, -0.05712781846523285]",[0.0],"[0.07226152718067169, 0.001118665561079979, 0.8836052417755127, 0.46262165904045105]",[0.44],"[-0.03452301025390625, -1.3955116271972656, -18.78483825683594]","[567.7933959960938, 588.035400390625, 660.6970825195312, 669.857421875]"
10.724801301956,"[-63.77906799316406, 58.527198791503906, -17.61290168762207]","[-63.77906799316406, 58.527198791503906, -17.61290168762207]","[-15.122434616088867, 11.775053024291992, 7.038045406341553]","[-15.122434616088867, 11.775053024291992, 7.038045406341553]","[0.059310633689165115, 0.0023217268753796816, 0.8838621973991394, 0.4639660120010376]","[[-0.5624355488138382, -0.8198886315870413, 0.10699925876193289], [0.820439443955969, -0.5694602705196912, -0.05093206312836521], [0.10269044932463073, 0.0591404095997001, 0.9929537166314116]]","[-0.3023802638053894, 0.7191489934921265, -0.09546691179275513]",[0.0],"[0.059310633689165115, 0.0023217268753796816, 0.8838621973991394, 0.4639660120010376]",[0.44],"[0.2197742462158203, -1.5782356262207031, -21.13795810699463]","[611.5266723632812, 626.21875, 663.1317138671875, 669.857421875]"
10.7568359375,"[-64.27796173095703, 58.91515350341797, -17.385467529296875]","[-64.27796173095703, 58.91515350341797, -17.385467529296875]","[-15.111215591430664, 11.735997200012207, 6.743864059448242]","[-15.111215591430664, 11.735997200012207, 6.743864059448242]","[0.0478777214884758, 0.003392330603674054, 0.883677065372467, 0.46562978625297546]","[[-0.56179332754444, -0.8226078920123978, 0.08777602919108955], [0.823257560251756, -0.5663548641604468, -0.03859113694066116], [0.08145774849553684, 0.05058203595117275, 0.9953924317562947]]","[-0.24205198884010315, 0.5718201398849487, -0.0966176986694336]",[0.0],"[0.0478777214884758, 0.003392330603674054, 0.883677065372467, 0.46562978625297546]",[0.44],"[0.5609512329101562, -1.9527912139892578, -24.51906734466553]","[659.92138671875, 669.800048828125, 628.794921875, 634.3242797851562]"
10.787802457809,"[-64.73101043701172, 59.266632080078125, -17.186826705932617]","[-64.73101043701172, 59.266632080078125, -17.186826705932617]","[-15.090132713317871, 11.694507598876953, 6.505261421203613]","[-15.090132713317871, 11.694507598876953, 6.505261421203613]","[0.039415936917066574, 0.004143362399190664, 0.883480429649353, 0.466788649559021]","[[-0.5611096740507528, -0.8244706443137882, 0.07351456684294722], [0.8251239023575924, -0.5641825713129112, -0.02947666474398225], [0.06577826868713987, 0.04411898311450202, 0.9968584329299576]]","[-0.20242248475551605, 0.4727458357810974, -0.05366086959838867]",[0.0],"[0.039415936917066574, 0.004143362399190664, 0.883480429649353, 0.466788649559021]",[0.44],"[1.0541439056396484, -2.0744800567626953, -21.740131912231448]","[661.4183959960938, 669.857421875, 555.3192749023438, 560.1784057617188]"
10.818808555603,"[-65.22846221923828, 59.651729583740234, -16.975854873657227]","[-65.22846221923828, 59.651729583740234, -16.975854873657227]","[-15.056601524353027, 11.643546104431152, 6.289278030395508]","[-15.056601524353027, 11.643546104431152, 6.289278030395508]","[0.03182173892855644, 0.004767807200551033, 0.8836665749549866, 0.4670097529888153]","[[-0.561778695356357, -0.8250583779564062, 0.06069283902227374], [0.8256652576203967, -0.5637584775222282, -0.021295821155486117], [0.051786389170163205, 0.03814842859131273, 0.9979292898921224]]","[-0.16354107856750488, 0.3800685703754425, 0.04279858618974686]",[0.0],"[0.03182173892855644, 0.004767807200551033, 0.8836665749549866, 0.4670097529888153]",[0.44],"[1.6765594482421875, -2.548074722290039, -20.609169540405276]","[662.845458984375, 669.857421875, 485.90264892578125, 490.5345153808594]"
10.849804401398,"[-65.67962646484375, 60.00030517578125, -16.789644241333008]","[-65.67962646484375, 60.00030517578125, -16.789644241333008]","[-15.019088745117188, 11.593727111816406, 6.130923748016357]","[-15.019088745117188, 11.593727111816406, 6.130923748016357]","[0.0261435117572546, 0.005212871823459864, 0.8845546841621399, 0.46567413210868835]","[[-0.5649283266116618, -0.8235559041481475, 0.051105730695022084], [0.8241010352513702, -0.5662409449603696, -0.015126573916909136], [0.04139573244628805, 0.03357085467442217, 0.998578685520701]]","[-0.1247214823961258, 0.3318536877632141, 0.17108435928821564]",[0.0],"[0.0261435117572546, 0.005212871823459864, 0.8845546841621399, 0.46567413210868835]",[0.44],"[1.8756389617919922, -2.4909496307373047, -17.727714118957522]","[661.9423217773438, 669.857421875, 403.5282897949219, 395.39105224609375]"
10.881806850433,"[-66.17451477050781, 60.38196563720703, -16.58980369567871]","[-66.17451477050781, 60.38196563720703, -16.58980369567871]","[-14.972824096679688, 11.535920143127441, 5.979665756225586]","[-14.972824096679688, 11.535920143127441, 5.979665756225586]","[0.021313004195690155, 0.007001602556556463, 0.886606752872467, 0.4619796574115753]","[[-0.5722411133548397, -0.8188901175322942, 0.04426170278861616], [0.8194870182709519, -0.5730515567738106, -0.007277012538328631], [0.0313233109869763, 0.03210768496861699, 0.998993466827589]]","[0.054608821868896484, 0.288165420293808, 0.33193421363830566]",[0.0],"[0.021313004195690155, 0.007001602556556463, 0.886606752872467, 0.4619796574115753]",[0.44],"[2.313232421875, -2.890348434448242, -17.372899589538576]","[658.2900390625, 669.857421875, 404.33172607421875, 398.8212585449219]"
10.912802934647,"[-66.62305450439453, 60.72722244262695, -16.4125919342041]","[-66.62305450439453, 60.72722244262695, -16.4125919342041]","[-14.929435729980469, 11.48031997680664, 5.832881927490234]","[-14.929435729980469, 11.48031997680664, 5.832881927490234]","[0.018689410760998726, 0.009761156514286995, 0.8894427418708801, 0.4565601050853729]","[[-0.582407342486571, -0.8118032828647866, 0.042159430790262964], [0.8125330039191784, -0.582915370282765, 0.0002983009457458996], [0.024333212214592392, 0.03442965830984701, 0.9991108514978205]]","[0.0912899300456047, 0.18162581324577332, 0.47192347049713135]",[0.0],"[0.018689410760998726, 0.009761156514286995, 0.8894427418708801, 0.4565601050853729]",[0.44],"[2.1694183349609375, -2.780008316040039, -17.14919143676758]","[659.6115112304688, 669.857421875, 410.8446350097656, 432.7065734863281]"
10.94380235672,"[-67.0702896118164, 61.07076644897461, -16.23989486694336]","[-67.0702896118164, 61.07076644897461, -16.23989486694336]","[-14.8858003616333, 11.422056198120117, 5.6789631843566895]","[-14.8858003616333, 11.422056198120117, 5.6789631843566895]","[0.017761772498488426, 0.0114818774163723, 0.8931233882904053, 0.4493143856525421]","[[-0.5956024404406772, -0.8021784960541902, 0.042044854266736875], [0.8029942500322909, -0.5959697345472441, 0.004548226727573934], [0.021408963476836407, 0.036470706320608115, 0.9991053718574147]]","[0.09558136761188507, 0.0849788710474968, 0.6046804785728455]",[0.0],"[0.017761772498488426, 0.0114818774163723, 0.8931233882904053, 0.4493143856525421]",[0.44],"[2.1817684173583984, -2.913188934326172, -17.50593715667725]","[668.8828735351562, 669.564697265625, 439.1225891113281, 440.7405700683594]"
10.975802898407,"[-67.56072998046875, 61.446617126464844, -16.05487060546875]","[-67.56072998046875, 61.446617126464844, -16.05487060546875]","[-14.83772087097168, 11.355237007141113, 5.539095878601074]","[-14.83772087097168, 11.355237007141113, 5.539095878601074]","[0.021479662507772446, 0.02004249580204487, 0.8978896737098694, 0.43923914432525635]","[[-0.6132151355855815, -0.7879155718663305, 0.05617963173346929], [0.789637596048896, -0.613334484112527, 0.01712248287144047], [0.02096583690853837, 0.054861317192677506, 0.9982738449211545]]","[1.1613759994506836, -0.02839960902929306, 0.7301013469696045]",[0.0],"[0.021479662507772446, 0.02004249580204487, 0.8978896737098694, 0.43923914432525635]",[0.44],"[2.4039745330810547, -3.3409595489501953, -16.803365287780764]","[588.841552734375, 669.8570556640625, 469.0556945800781, 388.94671630859375]"
11.006810665131,"[-68.00533294677734, 61.78628158569336, -15.890726089477539]","[-68.00533294677734, 61.78628158569336, -15.890726089477539]","[-14.804224014282227, 11.286323547363281, 5.399397850036621]","[-14.804224014282227, 11.286323547363281, 5.399397850036621]","[0.032029327005147934, 0.038409288972616196, 0.9023553133010864, 0.42808160185813904]","[[-0.6314407698441675, -0.7701029685731857, 0.09068828670836582], [0.7750238632793423, -0.630541978462209, 0.041895320747510345], [0.02491904690984703, 0.09673998319071786, 0.9949976974644308]]","[1.4960492849349976, -0.07610655575990677, 0.8437357544898987]",[0.0],"[0.032029327005147934, 0.038409288972616196, 0.9023553133010864, 0.42808160185813904]",[0.44],"[1.6748428344726562, -3.4456729888916016, -16.79490142822266]","[667.6119384765625, 667.064697265625, 476.5315246582031, 472.7515563964844]"
11.038813591003,"[-68.4935073852539, 62.157310485839844, -15.715112686157227]","[-68.4935073852539, 62.157310485839844, -15.715112686157227]","[-14.78377914428711, 11.197408676147461, 5.245166301727295]","[-14.78377914428711, 11.197408676147461, 5.245166301727295]","[0.043971478939056396, 0.06031562015414238, 0.9073693752288818, 0.4136536419391632]","[[-0.6539143142756603, -0.7453689592523722, 0.12969629863080345], [0.7559776273375882, -0.6505053481266785, 0.07307916834242967], [0.0298971948604827, 0.14583501796079723, 0.9888570700106667]]","[1.5561096668243408, -0.014490069821476936, 0.9631322026252747]",[0.0],"[0.043971478939056396, 0.06031562015414238, 0.9073693752288818, 0.4136536419391632]",[0.44],"[1.0222434997558594, -4.445743560791016, -17.52157741546631]","[666.7745361328125, 667.9752197265625, 491.76904296875, 492.8557434082031]"
11.069800615311,"[-68.93694305419922, 62.49186706542969, -15.559778213500977]","[-68.93694305419922, 62.49186706542969, -15.559778213500977]","[-14.779364585876465, 11.103482246398926, 5.110057830810547]","[-14.779364585876465, 11.103482246398926, 5.110057830810547]","[0.05450195074081421, 0.08060358464717865, 0.9119119644165039, 0.3986842632293701]","[[-0.676160737407884, -0.7183437941269357, 0.163672723446588], [0.73591600452683, -0.6691077869610425, 0.1035486062779114], [0.035131200411761654, 0.19046488658057115, 0.9810651990149419]]","[1.5275903940200806, 0.008508657105267048, 1.0618232488632202]",[0.0],"[0.05450195074081421, 0.08060358464717865, 0.9119119644165039, 0.3986842632293701]",[0.44],"[0.22072792053222656, -4.696321487426758, -16.565423545837405]","[669.2825927734375, 667.7665405273438, 514.9955444335938, 519.89111328125]"
11.101838350296,"[-69.4248275756836, 62.856361389160156, -15.393689155578613]","[-69.4248275756836, 62.856361389160156, -15.393689155578613]","[-14.790959358215332, 10.983884811401367, 4.954179763793945]","[-14.790959358215332, 10.983884811401367, 4.954179763793945]","[0.06491348147392273, 0.10121317207813263, 0.9169020652770996, 0.3805691599845886]","[[-0.7019070070230566, -0.6847490988000589, 0.1960758342098341], [0.7110294962825021, -0.6898463147729519, 0.1361969947909607], [0.04200138670123188, 0.23501327125578442, 0.971084267441634]]","[1.2810832262039185, 0.04959142580628395, 1.1413332223892212]",[0.0],"[0.06491348147392273, 0.10121317207813263, 0.9169020652770996, 0.3805691599845886]",[0.44],"[-0.5797386169433594, -5.97987174987793, -17.60390335083008]","[669.856689453125, 652.5005493164062, 557.9182739257812, 578.8676147460938]"
11.132808923721,"[-69.86895751953125, 63.18402099609375, -15.2476167678833]","[-69.86895751953125, 63.18402099609375, -15.2476167678833]","[-14.820694923400879, 10.856283187866211, 4.775544166564941]","[-14.820694923400879, 10.856283187866211, 4.775544166564941]","[0.07229235023260117, 0.11618597060441971, 0.9215576648712158, 0.3633265793323517]","[[-0.7255354188963583, -0.6528540743122383, 0.217670041469042], [0.686451501828436, -0.7089894271700823, 0.16161267887819486], [0.048816236404590096, 0.26667560816582414, 0.9625492726651117]]","[1.035117268562317, 0.08195557445287704, 1.1606166362762451]",[0.0],"[0.07229235023260117, 0.11618597060441971, 0.9215576648712158, 0.3633265793323517]",[0.44],"[-1.4867782592773438, -6.3800811767578125, -18.741779861450198]","[656.7064208984375, 646.6233520507812, 658.6956787109375, 668.3409423828125]"
11.164811849594,"[-70.3586196899414, 63.53986740112305, -15.092818260192871]","[-70.3586196899414, 63.53986740112305, -15.092818260192871]","[-14.853787422180176, 10.709739685058594, 4.617929458618164]","[-14.853787422180176, 10.709739685058594, 4.617929458618164]","[0.07895231246948242, 0.1297103762626648, 0.9263748526573181, 0.34463241696357727]","[[-0.7499902986921398, -0.6180357406566905, 0.23568367461505701], [0.6589994772855867, -0.7288076705602933, 0.18590180885446017], [0.05687407270842826, 0.2947399139393454, 0.9538835012910383]]","[0.8634523749351501, 0.06216070055961609, 1.1054635047912598]",[0.0],"[0.07895231246948242, 0.1297103762626648, 0.9263748526573181, 0.34463241696357727]",[0.44],"[-1.6546249389648438, -7.327175140380859, -17.69073539733887]","[551.1923828125, 547.789306640625, 653.8839721679688, 669.8554077148438]"
11.19583773613,"[-70.8046646118164, 63.859134674072266, -14.955981254577637]","[-70.8046646118164, 63.859134674072266, -14.955981254577637]","[-14.88249683380127, 10.573136329650879, 4.50525426864624]","[-14.88249683380127, 10.573136329650879, 4.50525426864624]","[0.08460986614227295, 0.1394699364900589, 0.9302355051040649, 0.328711599111557]","[[-0.7695799162815118, -0.5879573355516179, 0.2491049748385583], [0.6351594661807987, -0.7449938488096564, 0.20385528483484094], [0.06572343143202009, 0.31510426243580625, 0.9467786147336912]]","[0.709112286567688, 0.019177939742803574, 1.0328501462936401]",[0.0],"[0.08460986614227295, 0.1394699364900589, 0.9302355051040649, 0.328711599111557]",[0.44],"[-1.4354705810546875, -6.830167770385742, -15.443759498596192]","[549.738525390625, 541.9042358398438, 661.8661499023438, 669.857421875]"
11.226814985275,"[-71.29637908935547, 64.20548248291016, -14.809316635131836]","[-71.29637908935547, 64.20548248291016, -14.809316635131836]","[-14.918554306030273, 10.415824890136719, 4.3833770751953125]","[-14.918554306030273, 10.415824890136719, 4.3833770751953125]","[0.09007889032363892, 0.14805130660533905, 0.9339842200279236, 0.31247416138648987]","[[-0.7884914252974338, -0.557019276982933, 0.26078893998716435], [0.6103644666228281, -0.7608814594862139, 0.2202605168227958], [0.07574010849245472, 0.33284981967281446, 0.9399332082610274]]","[0.5890780687332153, 0.008405778557062149, 0.9529185891151428]",[0.0],"[0.09007889032363892, 0.14805130660533905, 0.9339842200279236, 0.31247416138648987]",[0.44],"[-1.8028736114501953, -7.865571975708008, -15.903859672546387]","[554.3392944335938, 552.4612426757812, 661.9125366210938, 669.857421875]"
11.25777721405,"[-71.74447631835938, 64.5157470703125, -14.67945384979248]","[-71.74447631835938, 64.5157470703125, -14.67945384979248]","[-14.954608917236328, 10.267706871032715, 4.274080276489258]","[-14.954608917236328, 10.267706871032715, 4.274080276489258]","[0.09513681381940842, 0.1545993834733963, 0.9368698000907898, 0.2988695204257965]","[[-0.8032519833850214, -0.5305874701848847, 0.27067170268216323], [0.5894198412333, -0.7735520713317303, 0.23281199913567052], [0.08585152829489218, 0.34654597481985006, 0.934096034571874]]","[0.5571428537368774, -0.0785214826464653, 0.8837006688117981]",[0.0],"[0.09513681381940842, 0.1545993834733963, 0.9368698000907898, 0.2988695204257965]",[0.44],"[-1.8027305603027344, -7.405900955200195, -15.274839935302735]","[555.4288330078125, 562.9852905273438, 661.1756591796875, 669.857421875]"
11.28977060318,"[-72.23870086669922, 64.85186004638672, -14.540397644042969]","[-72.23870086669922, 64.85186004638672, -14.540397644042969]","[-14.99875545501709, 10.099903106689453, 4.15361213684082]","[-14.99875545501709, 10.099903106689453, 4.15361213684082]","[0.10149312019348145, 0.1607181876897812, 0.9394344091415405, 0.2851875424385071]","[[-0.8167346898668062, -0.5032064001695389, 0.28236190874662803], [0.5684535615314488, -0.7856757250514477, 0.24407924433650763], [0.09902260885695036, 0.3598575384260876, 0.9277376213982076]]","[0.4587748646736145, -0.12328911572694778, 0.8124614357948303]",[0.0],"[0.10149312019348145, 0.1607181876897812, 0.9394344091415405, 0.2851875424385071]",[0.44],"[-2.207326889038086, -8.390188217163086, -15.833406982421875]","[568.250732421875, 563.5921630859375, 660.9544067382812, 669.857421875]"
11.320770740509,"[-72.68933868408203, 65.15251159667969, -14.417460441589355]","[-72.68933868408203, 65.15251159667969, -14.417460441589355]","[-15.043919563293457, 9.943304061889648, 4.040955066680908]","[-15.043919563293457, 9.943304061889648, 4.040955066680908]","[0.1069437637925148, 0.16485068202018738, 0.941493809223175, 0.2738187313079834]","[[-0.8271726803361705, -0.48033777595361693, 0.29165219230340345], [0.5508567855496245, -0.795695122839347, 0.25184538169051507], [0.11109537387930946, 0.3689782045823833, 0.9227745680467397]]","[0.3870314955711365, -0.11988375335931778, 0.7514821290969849]",[0.0],"[0.1069437637925148, 0.16485068202018738, 0.941493809223175, 0.2738187313079834]",[0.44],"[-2.2582054138183594, -7.829952239990234, -15.442853507995606]","[579.7169799804688, 575.3753051757812, 667.6195068359375, 669.8275146484375]"
11.351769924164,"[-73.14138793945312, 65.44841766357422, -14.297980308532715]","[-73.14138793945312, 65.44841766357422, -14.297980308532715]","[-15.093971252441406, 9.78313159942627, 3.9235966205596924]","[-15.093971252441406, 9.78313159942627, 3.9235966205596924]","[0.1118272989988327, 0.1685372143983841, 0.943284273147583, 0.2632577121257782]","[[-0.8363800252094618, -0.45895959633220373, 0.2997073078494834], [0.5343478422000376, -0.8045811295378766, 0.25907820978892016], [0.12223242196720197, 0.37683580533947225, 0.9181797251229176]]","[0.38084331154823303, -0.1068703755736351, 0.6952323317527771]",[0.0],"[0.1118272989988327, 0.1685372143983841, 0.943284273147583, 0.2632577121257782]",[0.44],"[-2.502584457397461, -8.008623123168945, -15.677922306060792]","[584.23291015625, 586.0745239257812, 669.8381958007812, 669.1979370117188]"
11.382779598236,"[-73.64045715332031, 65.76832580566406, -14.170624732971191]","[-73.64045715332031, 65.76832580566406, -14.170624732971191]","[-15.15097713470459, 9.605888366699219, 3.7999234199523926]","[-15.15097713470459, 9.605888366699219, 3.7999234199523926]","[0.11717752367258072, 0.17253433167934418, 0.9448447227478027, 0.2525269091129303]","[[-0.8449992914248203, -0.4367631433849539, 0.3085682527230871], [0.5176317263237109, -0.8129242443168208, 0.2668553498190067], [0.1342900067436874, 0.38521726130118283, 0.9130026646758477]]","[0.3360472023487091, -0.15287211537361145, 0.6334787011146545]",[0.0],"[0.11717752367258072, 0.17253433167934418, 0.9448447227478027, 0.2525269091129303]",[0.44],"[-2.8502941131591797, -8.862161636352539, -15.99366003036499]","[551.8721923828125, 555.1284790039062, 657.2374877929688, 669.8565673828125]"
11.413709402084,"[-74.09566497802734, 66.05419921875, -14.057873725891113]","[-74.09566497802734, 66.05419921875, -14.057873725891113]","[-15.195602416992188, 9.45230484008789, 3.719330310821533]","[-15.195602416992188, 9.45230484008789, 3.719330310821533]","[0.12282872200012207, 0.1750098615884781, 0.9458822011947632, 0.2441137731075287]","[[-0.8506431803805374, -0.4188132708251544, 0.3178076391576097], [0.5047982213704785, -0.8195600669704675, 0.27110906067334994], [0.14691836858405072, 0.391045791767052, 0.9085693067971969]]","[0.2865689992904663, -0.2738478481769562, 0.5501004457473755]",[0.0],"[0.12282872200012207, 0.1750098615884781, 0.9458822011947632, 0.2441137731075287]",[0.44],"[-2.231264114379883, -7.679176330566406, -13.83965545654297]","[504.34246826171875, 523.9511108398438, 654.5883178710938, 669.857421875]"
11.443716526031,"[-74.55223083496094, 66.33549499511719, -13.947376251220703]","[-74.55223083496094, 66.33549499511719, -13.947376251220703]","[-15.242255210876465, 9.300239562988281, 3.6454222202301025]","[-15.242255210876465, 9.300239562988281, 3.6454222202301025]","[0.13128802180290222, 0.17731973528862, 0.9460250735282898, 0.23739801347255707]","[[-0.8528114565340648, -0.4026090317563771, 0.3325942267729447], [0.49572886084700585, -0.8243999688262509, 0.27316280009136573], [0.16421281514495245, 0.3978328623663687, 0.9026423336165088]]","[0.4421667158603668, -0.5643085241317749, 0.461648553609848]",[0.0],"[0.13128802180290222, 0.17731973528862, 0.9460250735282898, 0.23739801347255707]",[0.44],"[-2.332639694213867, -7.603263854980469, -13.505404529571534]","[502.74432373046875, 544.1121215820312, 666.9688110351562, 668.66357421875]"
11.474710464478,"[-75.01033782958984, 66.61219024658203, -13.839218139648438]","[-75.01033782958984, 66.61219024658203, -13.839218139648438]","[-15.29916000366211, 9.145551681518555, 3.564995765686035]","[-15.29916000366211, 9.145551681518555, 3.564995765686035]","[0.1429370492696762, 0.18159633874893188, 0.9448532462120056, 0.23204362392425537]","[[-0.8514497742487634, -0.3865806530173632, 0.35438561508219557], [0.49040803229315877, -0.8263573138625735, 0.2768285185231356], [0.18583252494348024, 0.40949904214543764, 0.8931835393981227]]","[0.552753210067749, -0.6263975501060486, 0.3782481253147125]",[0.0],"[0.1429370492696762, 0.18159633874893188, 0.9448532462120056, 0.23204362392425537]",[0.44],"[-2.8452396392822266, -7.734394073486328, -13.83132272720337]","[535.2948608398438, 537.9329223632812, 666.5135498046875, 668.2269287109375]"
11.505709171295,"[-75.51634979248047, 66.91120910644531, -13.722885131835938]","[-75.51634979248047, 66.91120910644531, -13.722885131835938]","[-15.369120597839355, 8.977055549621582, 3.4877922534942627]","[-15.369120597839355, 8.977055549621582, 3.4877922534942627]","[0.15708550810813904, 0.18592457473278046, 0.9428094029426575, 0.22774267196655273]","[[-0.846915035533311, -0.3710237525793252, 0.38088930708853397], [0.48784797774607913, -0.827130854269365, 0.27903272790481815], [0.21151746935298021, 0.4221330212799028, 0.881512391305685]]","[0.4305734634399414, -0.8484599590301514, 0.2963050603866577]",[0.0],"[0.15708550810813904, 0.18592457473278046, 0.9428094029426575, 0.22774267196655273]",[0.44],"[-3.4980297088623047, -8.424806594848633, -13.670175609588624]","[544.0499877929688, 543.8428344726562, 648.0922241210938, 669.855224609375]"
11.537114620209,"[-75.97857666015625, 67.17820739746094, -13.619357109069824]","[-75.97857666015625, 67.17820739746094, -13.619357109069824]","[-15.44717788696289, 8.82230281829834, 3.412867307662964]","[-15.44717788696289, 8.82230281829834, 3.412867307662964]","[0.17094266414642334, 0.18715907633304596, 0.9406735897064209, 0.2255733460187912]","[[-0.8397906444500056, -0.36039483602806044, 0.40603869720565333], [0.4883687205382792, -0.8281763935932815, 0.27499098290293844], [0.2371663008607272, 0.4292314178184391, 0.8715001714413684]]","[0.2674577236175537, -0.7684547901153564, 0.23192282021045685]",[0.0],"[0.17094266414642334, 0.18715907633304596, 0.9406735897064209, 0.2255733460187912]",[0.44],"[-3.902864456176758, -7.737636566162109, -13.556247291564942]","[580.7139892578125, 557.3836059570312, 669.7197265625, 654.5079956054688]"
11.567788600922,"[-76.44345092773438, 67.44049072265625, -13.51837158203125]","[-76.44345092773438, 67.44049072265625, -13.51837158203125]","[-15.547480583190918, 8.661518096923828, 3.3144609928131104]","[-15.547480583190918, 8.661518096923828, 3.3144609928131104]","[0.1816122978925705, 0.18791790306568146, 0.9389752149581909, 0.2236725240945816]","[[-0.8339751851967674, -0.35178950840207834, 0.42512303630797854], [0.48830231716572525, -0.8293149621032012, 0.27165714469868485], [0.256994749502931, 0.4341438690036781, 0.8634076699231548]]","[0.22690638899803162, -0.5849277973175049, 0.21886856853961945]",[0.0],"[0.1816122978925705, 0.18791790306568146, 0.9389752149581909, 0.2236725240945816]",[0.44],"[-5.015134811401367, -8.039236068725586, -14.730315742492676]","[668.259521484375, 660.264404296875, 646.7280883789062, 644.5956420898438]"
11.599411487579,"[-76.9581527709961, 67.72364807128906, -13.410101890563965]","[-76.9581527709961, 67.72364807128906, -13.410101890563965]","[-15.64162540435791, 8.503202438354492, 3.2595596313476562]","[-15.64162540435791, 8.503202438354492, 3.2595596313476562]","[0.19327537715435028, 0.18558183312416077, 0.9375718832015991, 0.22172744572162628]","[[-0.8269633059118338, -0.3440340401052753, 0.44471629033212157], [0.48750763526554675, -0.8327928151686987, 0.26228370614581253], [0.2801219470082925, 0.43370152893508473, 0.8564080236002396]]","[-0.12835603952407837, -0.8286730051040649, 0.29389530420303345]",[0.0],"[0.19327537715435028, 0.18558183312416077, 0.9375718832015991, 0.22172744572162628]",[0.44],"[-4.707241058349609, -7.915782928466797, -12.555068073272706]","[669.6488037109375, 669.0216064453125, 493.96197509765625, 546.5839233398438]"
11.630098581314,"[-77.42840576171875, 67.97687530517578, -13.312312126159668]","[-77.42840576171875, 67.97687530517578, -13.312312126159668]","[-15.70476245880127, 8.382487297058105, 3.268650770187378]","[-15.70476245880127, 8.382487297058105, 3.268650770187378]","[0.2063455879688263, 0.17742781341075897, 0.9367138147354126, 0.22024545073509216]","[[-0.817826799375784, -0.3393910197118446, 0.46472886319539075], [0.48583680563290965, -0.840022544780739, 0.24150481382152655], [0.308418188245013, 0.4232915219390936, 0.8518817387081525]]","[-0.44178855419158936, -0.9860033988952637, 0.40536776185035706]",[0.0],"[0.2063455879688263, 0.17742781341075897, 0.9367138147354126, 0.22024545073509216]",[0.44],"[-3.1568527221679688, -6.035757064819336, -9.355443058013917]","[669.8572998046875, 655.0308227539062, 441.6435852050781, 462.6507263183594]"
11.661097049713,"[-77.900390625, 68.22675323486328, -13.213746070861816]","[-77.900390625, 68.22675323486328, -13.213746070861816]","[-15.760634422302246, 8.277131080627441, 3.3034329414367676]","[-15.760634422302246, 8.277131080627441, 3.3034329414367676]","[0.21948140859603882, 0.16513127088546753, 0.9365093111991882, 0.2179679274559021]","[[-0.8086360531740553, -0.3357714993360901, 0.4830794073167368], [0.48074447508487594, -0.8504435573641587, 0.21361413001523033], [0.3391061238244788, 0.4049737610023527, 0.849119149312898]]","[-0.6093273162841797, -0.9723929166793823, 0.5221917629241943]",[0.0],"[0.21948140859603882, 0.16513127088546753, 0.9365093111991882, 0.2179679274559021]",[0.44],"[-2.793598175048828, -5.267810821533203, -8.070891437530518]","[669.857421875, 664.8250122070312, 461.3149108886719, 472.49737548828125]"
11.692105054855,"[-78.4215316772461, 68.49817657470703, -13.103960037231445]","[-78.4215316772461, 68.49817657470703, -13.103960037231445]","[-15.814371109008789, 8.177268981933594, 3.365626096725464]","[-15.814371109008789, 8.177268981933594, 3.365626096725464]","[0.23331208527088165, 0.15098702907562256, 0.9365792870521545, 0.21351242065429688]","[[-0.79995568776841, -0.3294884242213847, 0.5015057450979814], [0.47039681863133964, -0.8632305801371385, 0.18319259190336368], [0.3725553208366339, 0.38245270427971434, 0.8455367758349399]]","[-0.4538647532463074, -0.8078012466430664, 0.6119006872177124]",[0.0],"[0.23331208527088165, 0.15098702907562256, 0.9365792870521545, 0.21351242065429688]",[0.44],"[-2.6868343353271484, -4.993104934692383, -6.700342235565186]","[496.4431457519531, 484.2672424316406, 552.8690185546875, 511.600830078125]"
11.723102807999,"[-78.89582824707031, 68.7425765991211, -13.000567436218262]","[-78.89582824707031, 68.7425765991211, -13.000567436218262]","[-15.801713943481445, 8.117362022399902, 3.532252311706543]","[-15.801713943481445, 8.117362022399902, 3.532252311706543]","[0.2429763227701187, 0.1410907655954361, 0.9368378520011902, 0.2083044797182083]","[[-0.7951435301570204, -0.32173161188046384, 0.5140385096630138], [0.4588584734852632, -0.8734053087381857, 0.1631322265583175], [0.3964791555814098, 0.3655844525522096, 0.8421118048736096]]","[-0.3791409432888031, -0.6050418019294739, 0.5474503040313721]",[0.0],"[0.2429763227701187, 0.1410907655954361, 0.9368378520011902, 0.2083044797182083]",[0.44],"[0.6328582763671875, -2.9953479766845703, -1.4786892509460454]","[400.7227783203125, 390.2911071777344, 534.5724487304688, 521.84814453125]"
11.754133224487,"[-79.36959838867188, 68.98528289794922, -12.8919095993042]","[-79.36959838867188, 68.98528289794922, -12.8919095993042]","[-15.781928062438965, 8.06358814239502, 3.7126433849334717]","[-15.781928062438965, 8.06358814239502, 3.7126433849334717]","[0.25075477361679077, 0.13277360796928406, 0.9370793700218201, 0.2034095823764801]","[[-0.7914931533873446, -0.3146346146022623, 0.5239690988768739], [0.4478090786367517, -0.8819914044241983, 0.14682697026216118], [0.4159394022862717, 0.35085066538336207, 0.8389864250704218]]","[-0.28391024470329285, -0.5003747940063477, 0.4876269996166229]",[0.0],"[0.25075477361679077, 0.13277360796928406, 0.9370793700218201, 0.2034095823764801]",[0.44],"[0.9892940521240234, -2.6886940002441406, -0.790446338653565]","[409.49468994140625, 400.4339294433594, 527.3580932617188, 514.1560668945312]"
11.785094976425,"[-79.89000701904297, 69.25048065185547, -12.766027450561523]","[-79.89000701904297, 69.25048065185547, -12.766027450561523]","[-15.75720500946045, 8.008528709411621, 3.9172420501708984]","[-15.75720500946045, 8.008528709411621, 3.9172420501708984]","[0.25755247473716736, 0.12532570958137512, 0.9373442530632019, 0.19835811853408813]","[[-0.7886415644653741, -0.30730379161096444, 0.5325494080272009], [0.4364155782144632, -0.8898950519877022, 0.1327714186490141], [0.4331119202011564, 0.3371219158996652, 0.8359203785493712]]","[-0.23740966618061066, -0.36453819274902344, 0.42989128828048706]",[0.0],"[0.25755247473716736, 0.12532570958137512, 0.9373442530632019, 0.19835811853408813]",[0.44],"[1.2361526489257812, -2.752971649169922, 0.4199332618713374]","[415.31781005859375, 408.3033752441406, 523.2922973632812, 507.4053039550781]"
11.817094087601,"[-80.36238098144531, 69.49002075195312, -12.645684242248535]","[-80.36238098144531, 69.49002075195312, -12.645684242248535]","[-15.733588218688965, 7.9610161781311035, 4.105634689331055]","[-15.733588218688965, 7.9610161781311035, 4.105634689331055]","[0.2621781826019287, 0.12007050216197968, 0.9376649260520935, 0.19398491084575653]","[[-0.7872648780754159, -0.30082596208495893, 0.5382543037180132], [0.42674542624867406, -0.8959058259614565, 0.12345457430602558], [0.4450868410896258, 0.32688901981697605, 0.8336913501562395]]","[-0.15894943475723267, -0.2750632166862488, 0.3838326334953308]",[0.0],"[0.2621781826019287, 0.12007050216197968, 0.9376649260520935, 0.19398491084575653]",[0.44],"[1.1808395385742188, -2.375626564025879, -0.390368041992188]","[421.1402282714844, 417.01202392578125, 514.724365234375, 504.2779235839844]"
11.848097801208,"[-80.88117980957031, 69.75190734863281, -12.506776809692383]","[-80.88117980957031, 69.75190734863281, -12.506776809692383]","[-15.7078857421875, 7.910534381866455, 4.31257438659668]","[-15.7078857421875, 7.910534381866455, 4.31257438659668]","[0.26607853174209595, 0.11566615104675293, 0.938048779964447, 0.18944159150123596]","[[-0.7866283441815156, -0.29385834827895607, 0.5430132436250474], [0.4169634668500741, -0.9014665972936342, 0.11618830271011049], [0.45536532467657054, 0.31781366478024964, 0.8316471128960004]]","[-0.10932495445013046, -0.19546768069267273, 0.339316189289093]",[0.0],"[0.26607853174209595, 0.11566615104675293, 0.938048779964447, 0.18944159150123596]",[0.44],"[1.2851238250732422, -2.524089813232422, 0.5369848632812495]","[426.5442199707031, 424.0747985839844, 509.2081298828125, 499.42291259765625]"
11.880094528198,"[-81.35208892822266, 69.98855590820312, -12.374602317810059]","[-81.35208892822266, 69.98855590820312, -12.374602317810059]","[-15.6860990524292, 7.86558723449707, 4.498074531555176]","[-15.6860990524292, 7.86558723449707, 4.498074531555176]","[0.2687321603298187, 0.11271515488624573, 0.9384335279464722, 0.1855287402868271]","[[-0.786724385030185, -0.287632406416682, 0.5461983399765371], [0.4087931547146457, -0.9057489207391871, 0.1118362825447674], [0.462550737187418, 0.31126643926696307, 0.8301566397268765]]","[-0.06358063966035843, -0.1399511992931366, 0.31001174449920654]",[0.0],"[0.2687321603298187, 0.11271515488624573, 0.9384335279464722, 0.1855287402868271]",[0.44],"[1.089334487915039, -2.2473573684692383, -0.5349927520751958]","[454.974365234375, 452.8233337402344, 485.3991394042969, 478.479736328125]"
11.91010093689,"[-81.8223876953125, 70.22386169433594, -12.236929893493652]","[-81.8223876953125, 70.22386169433594, -12.236929893493652]","[-15.667082786560059, 7.821008682250977, 4.6789326667785645]","[-15.667082786560059, 7.821008682250977, 4.6789326667785645]","[0.27076831459999084, 0.11047612875699997, 0.9388858675956726, 0.1815844178199768]","[[-0.7874232947920241, -0.28114721695939915, 0.5485625749879501], [0.400800957707657, -0.909644305124397, 0.10911433845178298], [0.4683196008945716, 0.30578356553472563, 0.8289590895670943]]","[-0.031253695487976074, -0.09610947221517563, 0.31601637601852417]",[0.0],"[0.27076831459999084, 0.11047612875699997, 0.9388858675956726, 0.1815844178199768]",[0.44],"[0.9508132934570312, -2.2289276123046875, -0.7670932388305669]","[508.3848876953125, 507.1831359863281, 432.33203125, 425.07904052734375]"
11.941093921661,"[-82.3391342163086, 70.48115539550781, -12.079354286193848]","[-82.3391342163086, 70.48115539550781, -12.079354286193848]","[-15.65102481842041, 7.771928310394287, 4.8697662353515625]","[-15.65102481842041, 7.771928310394287, 4.8697662353515625]","[0.2726304531097412, 0.10816588997840881, 0.9396910667419434, 0.17593613266944885]","[[-0.7894383213388654, -0.2716725931815489, 0.5504373793571649], [0.38962985556487695, -0.9146933297548685, 0.10735394594171055], [0.4743162258789635, 0.2992161362139001, 0.8279455525647119]]","[-0.028775062412023544, -0.06548737734556198, 0.4752121567726135]",[0.0],"[0.2726304531097412, 0.10816588997840881, 0.9396910667419434, 0.17593613266944885]",[0.44],"[0.8028984069824219, -2.4540185928344727, -0.26832157135009815]","[646.5143432617188, 642.9258422851562, 171.8369598388672, 168.0307159423828]"
11.972102880478,"[-82.80848693847656, 70.71366119384766, -11.930717468261719]","[-82.80848693847656, 70.71366119384766, -11.930717468261719]","[-15.639655113220215, 7.727729320526123, 5.037295341491699]","[-15.639655113220215, 7.727729320526123, 5.037295341491699]","[0.2741589844226837, 0.10543205589056015, 0.9410363435745239, 0.1678437441587448]","[[-0.7933306366748392, -0.25808383585290295, 0.5513793585485056], [0.37370441732710935, -0.9214250973355735, 0.10639905186107068], [0.48059491448840297, 0.2904625336221196, 0.8274418657020249]]","[0.012893138453364372, -0.024125121533870697, 0.6958531141281128]",[0.0],"[0.2741589844226837, 0.10543205589056015, 0.9410363435745239, 0.1678437441587448]",[0.44],"[0.5684852600097656, -2.209949493408203, -1.4335446929931646]","[668.3020629882812, 669.6895751953125, 99.10617065429688, 11.11262035369873]"
12.003101110458,"[-83.2775650024414, 70.94483947753906, -11.777177810668945]","[-83.2775650024414, 70.94483947753906, -11.777177810668945]","[-15.632231712341309, 7.684072971343994, 5.197393417358398]","[-15.632231712341309, 7.684072971343994, 5.197393417358398]","[0.2755526006221771, 0.10279136896133423, 0.9429243206977844, 0.15620014071464539]","[[-0.7993446801926467, -0.2379209650748919, 0.5517625501083714], [0.35121868123012945, -0.9300710205460465, 0.1077662535199817], [0.48753844492432563, 0.2799316734858639, 0.8270093975148196]]","[0.08394933491945267, 0.024593524634838104, 0.9235517978668213]",[0.0],"[0.2755526006221771, 0.10279136896133423, 0.9429243206977844, 0.15620014071464539]",[0.44],"[0.3711700439453125, -2.1828174591064453, -1.8050962066650396]","[669.5694580078125, 669.856689453125, 98.41313934326172, 0.74678635597229]"
12.033364534378,"[-83.7464828491211, 71.17472839355469, -11.618934631347656]","[-83.7464828491211, 71.17472839355469, -11.618934631347656]","[-15.62883472442627, 7.641096591949463, 5.3496527671813965]","[-15.62883472442627, 7.641096591949463, 5.3496527671813965]","[0.276661217212677, 0.10031912475824356, 0.945268452167511, 0.1409335881471634]","[[-0.807192746910844, -0.2109313271219131, 0.5513149095627379], [0.32194897178321735, -0.9401477515455241, 0.11167529148015998], [0.4947615727148891, 0.2676387236519373, 0.8267892881962798]]","[0.16141168773174286, 0.0797126442193985, 1.149276852607727]",[0.0],"[0.276661217212677, 0.10031912475824356, 0.945268452167511, 0.1409335881471634]",[0.44],"[0.16984939575195312, -2.1488189697265625, -2.197032508850098]","[668.0723266601562, 669.857421875, 161.20193481445312, 121.02287292480469]"
12.064902067184,"[-84.26244354248047, 71.42608642578125, -11.44003963470459]","[-84.26244354248047, 71.42608642578125, -11.44003963470459]","[-15.64688491821289, 7.591019630432129, 5.482222557067871]","[-15.64688491821289, 7.591019630432129, 5.482222557067871]","[0.277473509311676, 0.09806954860687256, 0.9481425285339355, 0.12006933987140656]","[[-0.817183781557361, -0.17326229139302995, 0.549719161365342], [0.2821090986272736, -0.9519316055689231, 0.11933569738689265], [0.502618577514486, 0.25259994176631473, 0.826781630532615]]","[0.26098206639289856, 0.13860009610652924, 1.3660353422164917]",[0.0],"[0.277473509311676, 0.09806954860687256, 0.9481425285339355, 0.12006933987140656]",[0.44],"[-0.9025096893310547, -2.503848075866699, -3.18151050567627]","[667.234619140625, 669.857421875, 363.7154846191406, 347.5378112792969]"
12.095951557159,"[-84.73252868652344, 71.65306091308594, -11.274434089660645]","[-84.73252868652344, 71.65306091308594, -11.274434089660645]","[-15.695265769958496, 7.539489269256592, 5.552676200866699]","[-15.695265769958496, 7.539489269256592, 5.552676200866699]","[0.27773135900497437, 0.09673228859901428, 0.9507384300231934, 0.09800340980291367]","[[-0.826521395961139, -0.1326200360013523, 0.5470599406986802], [0.2400823958904148, -0.962076540195433, 0.1294969680069853], [0.5091395642157086, 0.23837144877372385, 0.8270163131352941]]","[0.35760533809661865, 0.19073708355426788, 1.5132219791412354]",[0.0],"[0.27773135900497437, 0.09673228859901428, 0.9507384300231934, 0.09800340980291367]",[0.44],"[-2.4190425872802734, -2.5765180587768555, -6.287317810058594]","[666.052978515625, 669.857421875, 437.7115173339844, 424.8115539550781]"
12.126780986786,"[-85.2515869140625, 71.90087890625, -11.090289115905762]","[-85.2515869140625, 71.90087890625, -11.090289115905762]","[-15.764899253845215, 7.4786248207092285, 5.603292465209961]","[-15.764899253845215, 7.4786248207092285, 5.603292465209961]","[0.27741825580596924, 0.09624569863080978, 0.9532842636108398, 0.07088780403137207]","[[-0.8360282435059876, -0.08175182844409967, 0.5425622078432006], [0.18855308381604452, -0.9714235518049747, 0.14416787798536745], [0.5152716229495873, 0.22283016179456183, 0.8275517536812823]]","[0.4657849669456482, 0.24132664501667023, 1.6515552997589111]",[0.0],"[0.27741825580596924, 0.09624569863080978, 0.9532842636108398, 0.07088780403137207]",[0.44],"[-3.4816741943359375, -3.043222427368164, -7.279186782836915]","[665.3043823242188, 669.857421875, 464.9947204589844, 453.71685791015625]"
12.158391952515,"[-85.72562408447266, 72.12435913085938, -10.921714782714844]","[-85.72562408447266, 72.12435913085938, -10.921714782714844]","[-15.838397026062012, 7.418985366821289, 5.632063388824463]","[-15.838397026062012, 7.418985366821289, 5.632063388824463]","[0.276585191488266, 0.09675222635269165, 0.955098032951355, 0.043903108686208725]","[[-0.8431464917035001, -0.03034307938794445, 0.5368273916862232], [0.13738401159864555, -0.9774232413962967, 0.1605298227004297], [0.5198364976494436, 0.20910162159205048, 0.8282792770903935]]","[0.5657788515090942, 0.2811128795146942, 1.7644845247268677]",[0.0],"[0.276585191488266, 0.09675222635269165, 0.955098032951355, 0.043903108686208725]",[0.44],"[-3.6748886108398438, -2.9819726943969727, -8.371453819274903]","[664.0313720703125, 669.857421875, 492.44122314453125, 482.9024658203125]"
12.189388036728,"[-86.20205688476562, 72.34596252441406, -10.752579689025879]","[-86.20205688476562, 72.34596252441406, -10.752579689025879]","[-15.9248046875, 7.352339267730713, 5.639348983764648]","[-15.9248046875, 7.352339267730713, 5.639348983764648]","[0.2752326726913452, 0.09818242490291595, 0.9562346339225769, 0.01491885632276535]","[[-0.8480489273457228, 0.025514168206007604, 0.5293035670101764], [0.08257787666337979, -0.9802753984597317, 0.1795585568709157], [0.5234444890479872, 0.19598318366776724, 0.8292143746467242]]","[0.6620097160339355, 0.31355005502700806, 1.860156536102295]",[0.0],"[0.2752326726913452, 0.09818242490291595, 0.9562346339225769, 0.01491885632276535]",[0.44],"[-4.320383071899414, -3.3323049545288086, -9.445720252990723]","[663.1340942382812, 669.857421875, 527.6113891601562, 520.2695922851562]"
12.220389604568,"[-86.72932434082031, 72.58724212646484, -10.566635131835938]","[-86.72932434082031, 72.58724212646484, -10.566635131835938]","[-16.032108306884766, 7.268972873687744, 5.626095771789551]","[-16.032108306884766, 7.268972873687744, 5.626095771789551]","[0.27315691113471985, 0.10079747438430786, 0.956486701965332, -0.018930358812212944]","[[-0.8500538837575462, 0.091280326440625, 0.5187256413856514], [0.018853780571369327, -0.9789630182743583, 0.20316480436019535], [0.5263581708154905, 0.1824809710009313, 0.8304503421141671]]","[0.7631887197494507, 0.3410419821739197, 1.9497779607772827]",[0.0],"[0.27315691113471985, 0.10079747438430786, 0.956486701965332, -0.018930358812212944]",[0.44],"[-5.365180969238281, -4.1683197021484375, -10.472660598754883]","[662.4716796875, 669.857421875, 545.0086669921875, 538.89453125]"
12.251396417618,"[-87.21192169189453, 72.80401611328125, -10.39832592010498]","[-87.21192169189453, 72.80401611328125, -10.39832592010498]","[-16.14274024963379, 7.180293560028076, 5.590519428253174]","[-16.14274024963379, 7.180293560028076, 5.590519428253174]","[0.2707483768463135, 0.10409943014383316, 0.955634593963623, -0.05119770020246506]","[[-0.8481483370725789, 0.15422209037384604, 0.5068137275161707], [-0.04148308340556994, -0.9730843214898641, 0.22668542177085627], [0.5281323331791764, 0.1712386448585299, 0.8317172501576316]]","[0.849433183670044, 0.3588639497756958, 2.01261568069458]",[0.0],"[0.2707483768463135, 0.10409943014383316, 0.955634593963623, -0.05119770020246506]",[0.44],"[-5.531597137451172, -4.433965682983398, -11.588817176818848]","[661.8922119140625, 669.857421875, 576.330810546875, 572.11962890625]"
12.282384872437,"[-87.69804382324219, 73.01790618896484, -10.231465339660645]","[-87.69804382324219, 73.01790618896484, -10.231465339660645]","[-16.266687393188477, 7.075483798980713, 5.529226303100586]","[-16.266687393188477, 7.075483798980713, 5.529226303100586]","[0.26785147190093994, 0.10824223607778549, 0.9536229372024536, -0.08451337367296219]","[[-0.8422261760595076, 0.21917346778036517, 0.4925627816466719], [-0.1032020987592297, -0.9622822347162696, 0.2517186212629525], [0.5291544478260274, 0.16117049512848425, 0.8330784146587619]]","[0.9281212687492371, 0.3701856732368469, 2.053417921066284]",[0.0],"[0.26785147190093994, 0.10824223607778549, 0.9536229372024536, -0.08451337367296219]",[0.44],"[-6.197357177734375, -5.240488052368164, -12.874656257629395]","[659.54736328125, 668.0557250976562, 613.822509765625, 611.2473754882812]"
12.313386201859,"[-88.23716735839844, 73.249267578125, -10.05031967163086]","[-88.23716735839844, 73.249267578125, -10.05031967163086]","[-16.40768814086914, 6.942713260650635, 5.4470438957214355]","[-16.40768814086914, 6.942713260650635, 5.4470438957214355]","[0.2641157805919647, 0.11369211226701736, 0.9499695897102356, -0.12196246534585953]","[[-0.8307362355319388, 0.29177702828641516, 0.4740715788449673], [-0.17166550437220485, -0.9443987338638724, 0.28043252196266133], [0.529536260054822, 0.1515836750116928, 0.8346339161011221]]","[1.0020807981491089, 0.3771417737007141, 2.086968183517456]",[0.0],"[0.2641157805919647, 0.11369211226701736, 0.9499695897102356, -0.12196246534585953]",[0.44],"[-7.050037384033203, -6.638526916503906, -13.91912036895752]","[656.7951049804688, 665.392578125, 623.020751953125, 621.8973999023438]"
12.344383478165,"[-88.73136138916016, 73.45550537109375, -9.88818359375]","[-88.73136138916016, 73.45550537109375, -9.88818359375]","[-16.537858963012695, 6.804079532623291, 5.359687328338623]","[-16.537858963012695, 6.804079532623291, 5.359687328338623]","[0.2602922320365906, 0.11934002488851547, 0.9452619552612305, -0.15647932887077332]","[[-0.8155244112093518, 0.3579544756317725, 0.45474019438448243], [-0.23370134983363666, -0.9225444202457496, 0.3070758780928067], [0.5294371823923876, 0.1441544629753615, 0.8360118248020364]]","[1.061414122581482, 0.3694060146808624, 2.1025092601776123]",[0.0],"[0.2602922320365906, 0.11934002488851547, 0.9452619552612305, -0.15647932887077332]",[0.44],"[-6.508541107177734, -6.9316864013671875, -14.177828369140625]","[648.3265991210938, 657.8816528320312, 639.1768798828125, 639.7124633789062]"
12.375394582748,"[-89.22944641113281, 73.65734100341797, -9.728816032409668]","[-89.22944641113281, 73.65734100341797, -9.728816032409668]","[-16.666404724121094, 6.6476945877075195, 5.263256549835205]","[-16.666404724121094, 6.6476945877075195, 5.263256549835205]","[0.25621455907821655, 0.12532277405261993, 0.9392269253730774, -0.19105255603790283]","[[-0.7957060300840166, 0.42310244817699605, 0.43340075249267684], [-0.29466437099159215, -0.8955862352588184, 0.3333139403173693], [0.5291736977427313, 0.13751215469329914, 0.8372966040402221]]","[1.0518845319747925, 0.3587290346622467, 2.1089704036712646]",[0.0],"[0.25621455907821655, 0.12532277405261993, 0.9392269253730774, -0.19105255603790283]",[0.44],"[-6.427288055419922, -7.819247245788574, -14.631538925170899]","[652.3390502929688, 655.7900390625, 639.8494873046875, 647.04736328125]"
12.40602016449,"[-89.7817153930664, 73.87359619140625, -9.556974411010742]","[-89.7817153930664, 73.87359619140625, -9.556974411010742]","[-16.801998138427734, 6.455883502960205, 5.150327682495117]","[-16.801998138427734, 6.455883502960205, 5.150327682495117]","[0.25160932540893555, 0.1314898431301117, 0.9311563968658447, -0.22880326211452484]","[[-0.7686836285411278, 0.4922713837396131, 0.4084046556450671], [-0.35993510082723645, -0.8607189761138443, 0.3600132859709788], [0.5287458758174539, 0.129737148242981, 0.838806337041758]]","[1.0815136432647705, 0.34705987572669983, 2.1149251461029053]",[0.0],"[0.25160932540893555, 0.1314898431301117, 0.9311563968658447, -0.22880326211452484]",[0.44],"[-6.779670715332031, -9.590554237365723, -15.456443367004395]","[644.846435546875, 656.0695190429688, 650.199462890625, 647.9916381835938]"
12.438031435013,"[-90.28754425048828, 74.0644302368164, -9.404084205627441]","[-90.28754425048828, 74.0644302368164, -9.404084205627441]","[-16.918249130249023, 6.262908458709717, 5.040787220001221]","[-16.918249130249023, 6.262908458709717, 5.040787220001221]","[0.2469152957201004, 0.1378021091222763, 0.9224190711975098, -0.26303333044052124]","[[-0.7396927283748487, 0.5533048177674273, 0.383025660076866], [-0.41720302366830575, -0.8236482123388424, 0.3841164921511844], [0.5280118508935079, 0.12432868187132762, 0.8400868309218152]]","[1.127260684967041, 0.3487112522125244, 2.10554575920105]",[0.0],"[0.2469152957201004, 0.1378021091222763, 0.9224190711975098, -0.26303333044052124]",[0.44],"[-5.812549591064453, -9.648752212524414, -15.287023124694825]","[638.295654296875, 645.153076171875, 664.1939086914062, 667.65625]"
12.469035863876,"[-90.84782409667969, 74.26734161376953, -9.239805221557617]","[-90.84782409667969, 74.26734161376953, -9.239805221557617]","[-17.03460121154785, 6.03092622756958, 4.914947509765625]","[-17.03460121154785, 6.03092622756958, 4.914947509765625]","[0.24129223823547363, 0.1450408399105072, 0.9113998413085938, -0.30015259981155396]","[[-0.7033730319585505, 0.6171125214683428, 0.35275864491763187], [-0.47712360587810565, -0.7777432299400289, 0.40922938219685534], [0.5268961856295924, 0.11953141171395032, 0.8414824210507401]]","[1.1675400733947754, 0.3389943540096283, 2.086855411529541]",[0.0],"[0.24129223823547363, 0.1450408399105072, 0.9113998413085938, -0.30015259981155396]",[0.44],"[-5.817604064941406, -11.599111557006836, -16.101985511779787]","[637.6220703125, 647.3992919921875, 664.9971313476562, 665.9283447265625]"
12.499619483948,"[-91.36027526855469, 74.44490814208984, -9.09407901763916]","[-91.36027526855469, 74.44490814208984, -9.09407901763916]","[-17.125865936279297, 5.804661273956299, 4.799973487854004]","[-17.125865936279297, 5.804661273956299, 4.799973487854004]","[0.23573745787143707, 0.15207113325595856, 0.9000876545906067, -0.33338332176208496]","[[-0.6665668310323416, 0.6718461490676977, 0.32297279201131524], [-0.5284506995901448, -0.7314598699802137, 0.4309365728644412], [0.5257647102072998, 0.11657282578872419, 0.8426044427731219]]","[1.190396785736084, 0.3327251076698303, 2.0716664791107178]",[0.0],"[0.23573745787143707, 0.15207113325595856, 0.9000876545906067, -0.33338332176208496]",[0.44],"[-4.563236236572266, -11.313247680664062, -15.558701095581055]","[640.4798583984375, 647.6675415039062, 662.1614990234375, 665.7556762695312]"
12.531433582306,"[-91.87520599365234, 74.61551666259766, -8.951750755310059]","[-91.87520599365234, 74.61551666259766, -8.951750755310059]","[-17.198442459106445, 5.569303512573242, 4.693056583404541]","[-17.198442459106445, 5.569303512573242, 4.693056583404541]","[0.22985103726387024, 0.1592320054769516, 0.8876204490661621, -0.365983247756958]","[[-0.6264497863372545, 0.7229077126984143, 0.2914884688063424], [-0.5765091462004799, -0.6814031218633847, 0.45091842665058834], [0.5245934548515763, 0.11443191017804111, 0.843627338201022]]","[1.2100712060928345, 0.3253867030143738, 2.045600414276123]",[0.0],"[0.22985103726387024, 0.1592320054769516, 0.8876204490661621, -0.365983247756958]",[0.44],"[-3.628826141357422, -11.767888069152832, -15.155845222473145]","[592.4374389648438, 600.2744140625, 666.8736572265625, 669.8292236328125]"
12.562576055527,"[-92.44366455078125, 74.79508209228516, -8.798383712768555]","[-92.44366455078125, 74.79508209228516, -8.798383712768555]","[-17.249317169189453, 5.312371730804443, 4.603865623474121]","[-17.249317169189453, 5.312371730804443, 4.603865623474121]","[0.22289718687534332, 0.16732972860336304, 0.872789204120636, -0.40069520473480225]","[[-0.5795204658080166, 0.7740395492434953, 0.25498807694543224], [-0.6248502460982781, -0.6228883014929498, 0.4707148291665568], [0.523180956389206, 0.11345949344724815, 0.8446352120171663]]","[1.2208077907562256, 0.3185996413230896, 1.9861018657684326]",[0.0],"[0.22289718687534332, 0.16732972860336304, 0.872789204120636, -0.40069520473480225]",[0.44],"[-2.5437355041503906, -12.846589088439941, -14.269547996520997]","[571.478271484375, 579.0982666015625, 665.7698974609375, 669.857421875]"
12.592589616776,"[-92.96158599853516, 74.95088958740234, -8.66137981414795]","[-92.96158599853516, 74.95088958740234, -8.66137981414795]","[-17.275447845458984, 5.0733232498168945, 4.530474662780762]","[-17.275447845458984, 5.0733232498168945, 4.530474662780762]","[0.21621794998645782, 0.17480948567390442, 0.8584878444671631, -0.43091773986816406]","[[-0.535119470758902, 0.8154691805453611, 0.2205839466897359], [-0.6642813860229664, -0.5675031619884447, 0.48648793775139154], [0.5218979805861963, 0.11379933644302298, 0.8453828836441573]]","[1.2231621742248535, 0.3080976605415344, 1.9229183197021484]",[0.0],"[0.21621794998645782, 0.17480948567390442, 0.8584878444671631, -0.43091773986816406]",[0.44],"[-1.3065338134765625, -11.952424049377441, -13.47954803466797]","[558.265380859375, 565.518798828125, 665.5826416015625, 669.857421875]"
12.624595165253,"[-93.53186798095703, 75.11387634277344, -8.513161659240723]","[-93.53186798095703, 75.11387634277344, -8.513161659240723]","[-17.283693313598633, 4.802839279174805, 4.451208114624023]","[-17.283693313598633, 4.802839279174805, 4.451208114624023]","[0.20853793621063232, 0.18309175968170166, 0.8420503735542297, -0.4625370502471924]","[[-0.48514284813231967, 0.85532214728903, 0.18182544927729793], [-0.7025958364842495, -0.5050738048836152, 0.5012580130283624], [0.5205723390682664, 0.1154319255103502, 0.8459786733953365]]","[1.2154992818832397, 0.2971469759941101, 1.8469120264053345]",[0.0],"[0.20853793621063232, 0.18309175968170166, 0.8420503735542297, -0.4625370502471924]",[0.44],"[-0.4122734069824219, -13.524198532104492, -13.773327407836915]","[553.7687377929688, 560.1013793945312, 665.1077880859375, 669.857421875]"
12.656601190567,"[-94.05027770996094, 75.25418090820312, -8.380752563476562]","[-94.05027770996094, 75.25418090820312, -8.380752563476562]","[-17.273752212524414, 4.548222541809082, 4.373847961425781]","[-17.273752212524414, 4.548222541809082, 4.373847961425781]","[0.20131945610046387, 0.19056598842144012, 0.8266261219978333, -0.48973917961120605]","[[-0.4392522830244343, 0.8863916799453264, 0.1461765808954496], [-0.7329331153843199, -0.4476805379475266, 0.5122416985278289], [0.5194871042207083, 0.11786559744616731, 0.8463101613047459]]","[1.2011005878448486, 0.2872471809387207, 1.7757254838943481]",[0.0],"[0.20131945610046387, 0.19056598842144012, 0.8266261219978333, -0.48973917961120605]",[0.44],"[0.4970550537109375, -12.730836868286133, -13.67800765991211]","[557.4812622070312, 562.9580078125, 664.892578125, 669.857421875]"
12.687588453293,"[-94.61991119384766, 75.39945983886719, -8.238024711608887]","[-94.61991119384766, 75.39945983886719, -8.238024711608887]","[-17.244783401489258, 4.254633903503418, 4.273041725158691]","[-17.244783401489258, 4.254633903503418, 4.273041725158691]","[0.1931988000869751, 0.1986270546913147, 0.8092654943466187, -0.5179873704910278]","[[-0.38872669439084717, 0.9151276281537974, 0.10692563338325556], [-0.7616295936291095, -0.38447283339024807, 0.5216331200889073], [0.5184708564549823, 0.12133496633261132, 0.846443033579213]]","[1.1783225536346436, 0.2768922746181488, 1.7026324272155762]",[0.0],"[0.1931988000869751, 0.1986270546913147, 0.8092654943466187, -0.5179873704910278]",[0.44],"[1.4484405517578125, -14.679431915283203, -14.850311813354493]","[566.574462890625, 571.096435546875, 664.8430786132812, 669.857421875]"
12.719594240189,"[-95.13665771484375, 75.52294158935547, -8.111421585083008]","[-95.13665771484375, 75.52294158935547, -8.111421585083008]","[-17.201562881469727, 3.9752328395843506, 4.164154529571533]","[-17.201562881469727, 3.9752328395843506, 4.164154529571533]","[0.1857164353132248, 0.2057211995124817, 0.7932097315788269, -0.5422237515449524]","[[-0.34300578040041785, 0.9366059285209101, 0.07153032646518831], [-0.7837826971536348, -0.3273445452336117, 0.5277598394489242], [0.5177180087531301, 0.12496039033255535, 0.846376387451389]]","[1.1532844305038452, 0.26894819736480713, 1.6419165134429932]",[0.0],"[0.1857164353132248, 0.2057211995124817, 0.7932097315788269, -0.5422237515449524]",[0.44],"[2.1610260009765625, -13.97005319595337, -15.25435977935791]","[575.270263671875, 579.1723022460938, 664.9165649414062, 669.857421875]"
12.750596523285,"[-95.70327758789062, 75.64888000488281, -7.976251125335693]","[-95.70327758789062, 75.64888000488281, -7.976251125335693]","[-17.134592056274414, 3.655078172683716, 4.024111270904541]","[-17.134592056274414, 3.655078172683716, 4.024111270904541]","[0.1774308681488037, 0.21319663524627686, 0.7753202319145203, -0.5674011707305908]","[[-0.293148534592639, 0.9554905427151255, 0.03319544281472986], [-0.8041798864025225, -0.2652063499760473, 0.5319402939878302], [0.5170675245529708, 0.12924236474232487, 0.8461309634952556]]","[1.1228669881820679, 0.2617136240005493, 1.5812551975250244]",[0.0],"[0.1774308681488037, 0.21319663524627686, 0.7753202319145203, -0.5674011707305908]",[0.44],"[3.348541259765625, -16.00773334503174, -16.81216293334961]","[585.087646484375, 588.3630981445312, 665.0697631835938, 669.857421875]"
12.782589673996,"[-96.2161865234375, 75.75404357910156, -7.857668876647949]","[-96.2161865234375, 75.75404357910156, -7.857668876647949]","[-17.055326461791992, 3.35383677482605, 3.878309726715088]","[-17.055326461791992, 3.35383677482605, 3.878309726715088]","[0.16988731920719147, 0.21965211629867554, 0.7589004635810852, -0.5890342593193054]","[[-0.24835393163614583, 0.9686689633174606, -0.0009101126580457475], [-0.8194045265327876, -0.2095832297019844, 0.5335270882451635], [0.5166203738695874, 0.13324928329736174, 0.8457824931562139]]","[1.093866229057312, 0.2564559578895569, 1.5310958623886108]",[0.0],"[0.16988731920719147, 0.21965211629867554, 0.7589004635810852, -0.5890342593193054]",[0.44],"[3.9632797241210938, -15.0620698928833, -17.10007720947266]","[591.074951171875, 593.8714599609375, 665.3042602539062, 669.857421875]"
12.8125872612,"[-96.72644805908203, 75.8500747680664, -7.743671417236328]","[-96.72644805908203, 75.8500747680664, -7.743671417236328]","[-16.958093643188477, 3.0471580028533936, 3.7194693088531494]","[-16.958093643188477, 3.0471580028533936, 3.7194693088531494]","[0.1623510718345642, 0.22576406598091125, 0.7423893809318542, -0.6095332503318787]","[[-0.2042228128172301, 0.9783281009299891, -0.03416598646520086], [-0.8317159485550683, -0.15499972689242725, 0.5331264433808265], [0.5162768333167413, 0.13729293734008152, 0.8453454319718698]]","[1.0646042823791504, 0.2526288330554962, 1.4805753231048584]",[0.0],"[0.1623510718345642, 0.22576406598091125, 0.7423893809318542, -0.6095332503318787]",[0.44],"[4.861640930175781, -15.333938598632812, -17.752020893096926]","[588.8651123046875, 591.315185546875, 665.5271606445312, 669.857421875]"
12.842589139938,"[-97.23351287841797, 75.93683624267578, -7.634637355804443]","[-97.23351287841797, 75.93683624267578, -7.634637355804443]","[-16.842741012573242, 2.7356066703796387, 3.5464491844177246]","[-16.842741012573242, 2.7356066703796387, 3.5464491844177246]","[0.15483026206493378, 0.23153190314769745, 0.7258641719818115, -0.6289211511611938]","[[-0.16097163668407122, 0.9847189517404371, -0.06645914217340376], [-0.8413263707774337, -0.10170241243587386, 0.5308734796362877], [0.5160021020593639, 0.14136937302641783, 0.8448411355474184]]","[1.034818172454834, 0.24894481897354126, 1.4313431978225708]",[0.0],"[0.15483026206493378, 0.23153190314769745, 0.7258641719818115, -0.6289211511611938]",[0.44],"[5.767631530761719, -15.577566623687744, -18.461006221771243]","[594.6458129882812, 596.8555297851562, 665.6156616210938, 669.857421875]"
12.874614477158,"[-97.7869644165039, 76.0213851928711, -7.520989418029785]","[-97.7869644165039, 76.0213851928711, -7.520989418029785]","[-16.694759368896484, 2.3877451419830322, 3.3382315635681152]","[-16.694759368896484, 2.3877451419830322, 3.3382315635681152]","[0.14662201702594757, 0.23746003210544586, 0.7077157497406006, -0.6490402221679688]","[[-0.11449769855683956, 0.9883057126275134, -0.10070880257146797], [-0.8490382371461265, -0.044719196615315315, 0.5264355823203388], [0.5157756454034583, 0.145781236299392, 0.8442294345514467]]","[0.9946892857551575, 0.24561439454555511, 1.381700038909912]",[0.0],"[0.14662201702594757, 0.23746003210544586, 0.7077157497406006, -0.6490402221679688]",[0.44],"[7.399082183837891, -17.393076419830322, -20.22088104248047]","[601.4437866210938, 602.2821044921875, 664.9168701171875, 669.857421875]"
12.905587911606,"[-98.28556060791016, 76.0882568359375, -7.423842906951904]","[-98.28556060791016, 76.0882568359375, -7.423842906951904]","[-16.541717529296875, 2.070629835128784, 3.136826515197754]","[-16.541717529296875, 2.070629835128784, 3.136826515197754]","[0.13961762189865112, 0.24216654896736145, 0.691378653049469, -0.6662266254425049]","[[-0.07329815866251899, 0.9888511691887167, -0.12961831868664575], [-0.8536082985078117, 0.005004955525734545, 0.5208915190570771], [0.5157328921676836, 0.14882361069769345, 0.8437245644332076]]","[0.8925188779830933, 0.21989373862743378, 1.3410608768463135]",[0.0],"[0.13961762189865112, 0.24216654896736145, 0.691378653049469, -0.6662266254425049]",[0.44],"[7.652091979980469, -15.855765342712402, -19.88025241851807]","[605.1550903320312, 603.5364379882812, 653.1889038085938, 669.857421875]"
12.936622619629,"[-98.82843017578125, 76.15087127685547, -7.324102401733398]","[-98.82843017578125, 76.15087127685547, -7.324102401733398]","[-16.354995727539062, 1.7228665351867676, 2.904113531112671]","[-16.354995727539062, 1.7228665351867676, 2.904113531112671]","[0.13389746844768524, 0.2463981807231903, 0.6737844944000244, -0.6836474537849426]","[[-0.029395216715188965, 0.9872462932506041, -0.15646290157836873], [-0.8552779227348024, 0.05617184609880921, 0.5151158739843407], [0.517335053896236, 0.14896122049430183, 0.8427188089592064]]","[0.7855040431022644, 0.1551775187253952, 1.301186442375183]",[0.0],"[0.13389746844768524, 0.2463981807231903, 0.6737844944000244, -0.6836474537849426]",[0.44],"[9.336090087890625, -17.38816499710083, -21.445649204254153]","[612.91162109375, 616.5917358398438, 666.9974365234375, 668.686767578125]"
12.967596769333,"[-99.31636047363281, 76.19779968261719, -7.240309715270996]","[-99.31636047363281, 76.19779968261719, -7.240309715270996]","[-16.1698055267334, 1.4062496423721313, 2.6802868843078613]","[-16.1698055267334, 1.4062496423721313, 2.6802868843078613]","[0.12852168083190918, 0.2501160204410553, 0.6578026413917542, -0.6987273693084717]","[[0.009475322593521796, 0.9835400809877939, -0.18044201571468932], [-0.8549587555875036, 0.10155572506834432, 0.5086571896946062], [0.5186096202240407, 0.14945072590747444, 0.841848307749741]]","[0.8162297010421753, 0.1942058652639389, 1.2679306268692017]",[0.0],"[0.12852168083190918, 0.2501160204410553, 0.6578026413917542, -0.6987273693084717]",[0.44],"[9.259510040283203, -15.830844640731812, -21.00133234024048]","[621.0296020507812, 621.0631103515625, 668.0676879882812, 669.3831787109375]"
12.998593091965,"[-99.79851531982422, 76.23528289794922, -7.1633405685424805]","[-99.79851531982422, 76.23528289794922, -7.1633405685424805]","[-15.970723152160645, 1.0934350490570068, 2.449901819229126]","[-15.970723152160645, 1.0934350490570068, 2.449901819229126]","[0.12292292714118958, 0.25354427099227905, 0.6418716907501221, -0.7131661772727966]","[[0.04743207052114684, 0.9778551678842824, -0.2038369028738245], [-0.8531895520832826, 0.1457813731932429, 0.5008147279005719], [0.5194398911781022, 0.15015683170671323, 0.8412105132600711]]","[0.7903202772140503, 0.17886696755886078, 1.2379192113876343]",[0.0],"[0.12292292714118958, 0.25354427099227905, 0.6418716907501221, -0.7131661772727966]",[0.44],"[9.954118728637695, -15.640729665756226, -21.32925325393677]","[624.03173828125, 627.2590942382812, 665.7974853515625, 669.8568115234375]"
13.028374433517,"[-100.27450561523438, 76.26346588134766, -7.093329906463623]","[-100.27450561523438, 76.26346588134766, -7.093329906463623]","[-15.759476661682129, 0.7875337600708008, 2.217813730239868]","[-15.759476661682129, 0.7875337600708008, 2.217813730239868]","[0.11797218769788742, 0.2566528022289276, 0.6260892748832703, -0.7267903089523315]","[[0.08428311796835963, 0.9706270201637861, -0.2253432959465611], [-0.8495154499328268, 0.18818956561183053, 0.4928572191779974], [0.5207877817552147, 0.14989304819907723, 0.8404238040756268]]","[0.6770906448364258, 0.1460658758878708, 1.211219310760498]",[0.0],"[0.11797218769788742, 0.2566528022289276, 0.6260892748832703, -0.7267903089523315]",[0.44],"[10.562324523925781, -15.295064449310303, -21.414404449462893]","[626.7291870117188, 622.4813232421875, 655.9149169921875, 669.857421875]"
13.059346437454,"[-100.7439956665039, 76.28256225585938, -7.030336856842041]","[-100.7439956665039, 76.28256225585938, -7.030336856842041]","[-15.53685188293457, 0.4860776364803314, 1.98087477684021]","[-15.53685188293457, 0.4860776364803314, 1.98087477684021]","[0.11413778364658356, 0.2593154311180115, 0.6105586290359497, -0.739558219909668]","[[0.1199473353876428, 0.9622826828269648, -0.24418209985656958], [-0.8438919285342923, 0.22838145370797447, 0.48547762041876297], [0.5229333346744092, 0.14783147602635438, 0.8394561470566511]]","[0.6831427216529846, 0.12486819922924042, 1.187165379524231]",[0.0],"[0.11413778364658356, 0.2593154311180115, 0.6105586290359497, -0.739558219909668]",[0.44],"[11.13123893737793, -15.072806179523468, -21.656947669982912]","[631.9055786132812, 635.380126953125, 669.7369384765625, 665.0629272460938]"
13.091341257095,"[-101.25252532958984, 76.29322814941406, -6.969302177429199]","[-101.25252532958984, 76.29322814941406, -6.969302177429199]","[-15.280238151550293, 0.16101592779159546, 1.7175848484039307]","[-15.280238151550293, 0.16101592779159546, 1.7175848484039307]","[0.10919640958309174, 0.2622750401496887, 0.593360960483551, -0.7531339526176453]","[[0.15826914777703394, 0.9510395564111729, -0.26547070237861625], [-0.8364815855807439, 0.27199782941639894, 0.4757265865901008], [0.5246422482649304, 0.14676849234622402, 0.8385758948972817]]","[0.6889694929122925, 0.15684714913368225, 1.1633936166763306]",[0.0],"[0.10919640958309174, 0.2622750401496887, 0.593360960483551, -0.7531339526176453]",[0.44],"[12.830686569213867, -16.253085434436798, -22.974496421813967]","[638.6651000976562, 639.1786499023438, 667.7503662109375, 669.8241577148438]"
13.122340202332,"[-101.70730590820312, 76.2937240600586, -6.921380043029785]","[-101.70730590820312, 76.2937240600586, -6.921380043029785]","[-15.036730766296387, -0.12712886929512024, 1.4770094156265259]","[-15.036730766296387, -0.12712886929512024, 1.4770094156265259]","[0.10451899468898773, 0.2647004723548889, 0.5777499079704285, -0.7649931311607361]","[[0.19227740755052025, 0.9392818767807167, -0.28421640720753594], [-0.828616967723784, 0.3105616471787296, 0.46577397311133417], [0.5257597654584334, 0.1459487210597299, 0.8380188793686041]]","[0.6984707117080688, 0.15841975808143616, 1.1440739631652832]",[0.0],"[0.10451899468898773, 0.2647004723548889, 0.5777499079704285, -0.7649931311607361]",[0.44],"[12.175369262695312, -14.407239854335785, -21.83877163887024]","[642.354736328125, 644.3463134765625, 669.8450927734375, 669.5596923828125]"
13.153345823288,"[-102.19898986816406, 76.28443908691406, -6.8769683837890625]","[-102.19898986816406, 76.28443908691406, -6.8769683837890625]","[-14.764286041259766, -0.42591774463653564, 1.228759765625]","[-14.764286041259766, -0.42591774463653564, 1.228759765625]","[0.09924602508544922, 0.2667868733406067, 0.5606702566146851, -0.777575671672821]","[[0.22894725512153258, 0.9248821761963342, -0.3036053757573356], [-0.8189720293002125, 0.3515981797047232, 0.4535015187079665], [0.5261825531679207, 0.14481634024126322, 0.8379499814357629]]","[0.40752357244491577, 0.4089946448802948, 1.1258162260055542]",[0.0],"[0.09924602508544922, 0.2667868733406067, 0.5606702566146851, -0.777575671672821]",[0.44],"[13.622236251831055, -14.93944376707077, -22.222482500076296]","[666.5744018554688, 258.3462219238281, 535.4820556640625, 509.9549255371094]"
13.184341669083,"[-102.63890075683594, 76.26882934570312, -6.841465950012207]","[-102.63890075683594, 76.26882934570312, -6.841465950012207]","[-14.561699867248535, -0.6174896955490112, 1.126987338066101]","[-14.561699867248535, -0.6174896955490112, 1.126987338066101]","[0.09758719801902771, 0.24088507890701294, 0.5522795915603638, -0.7921100854873657]","[[0.27392326301175984, 0.9219470687578699, -0.2738241651643918], [-0.8279178691773588, 0.3709279830574257, 0.42067143351415126], [0.48940583661826764, 0.11147221845285316, 0.8649022350855144]]","[-1.2612978219985962, 2.6785149574279785, 1.1008931398391724]",[0.0],"[0.09758719801902771, 0.24088507890701294, 0.5522795915603638, -0.7921100854873657]",[0.44],"[10.129308700561523, -9.57859754562378, -14.898621377944947]","[600.500732421875, 435.8963928222656, 661.4436645507812, 565.8531494140625]"
13.216375827789,"[-103.11597442626953, 76.24510955810547, -6.806839466094971]","[-103.11597442626953, 76.24510955810547, -6.806839466094971]","[-14.357222557067871, -0.8129646182060242, 0.9702156186103821]","[-14.357222557067871, -0.8129646182060242, 0.9702156186103821]","[0.08783707022666931, 0.19584941864013672, 0.545372724533081, -0.8102445006370544]","[[0.3284231931073691, 0.9181761799786443, -0.22156394420322556], [-0.8493648234228601, 0.3897064808587185, 0.3559608682904418], [0.41317971342131443, 0.07128285587752359, 0.9078553086246313]]","[-0.3736400604248047, 2.4734954833984375, 1.0309138298034668]",[0.0],"[0.08783707022666931, 0.19584941864013672, 0.545372724533081, -0.8102445006370544]",[0.44],"[10.223865509033203, -9.773746132850647, -17.648585972785952]","[482.9599304199219, 568.5421142578125, 668.8377685546875, 664.8401489257812]"
13.246574878693,"[-103.54431915283203, 76.21863555908203, -6.779594421386719]","[-103.54431915283203, 76.21863555908203, -6.779594421386719]","[-14.203596115112305, -0.9436653852462769, 0.8542354702949524]","[-14.203596115112305, -0.9436653852462769, 0.8542354702949524]","[0.0751081109046936, 0.1620146930217743, 0.5372561812400818, -0.8242971897125244]","[[0.37021406992876926, 0.9100547557671028, -0.18639191861034732], [-0.8613802856404256, 0.4114291347913053, 0.29790960004203626], [0.34780110598959624, 0.05026398106861407, 0.936220021842777]]","[-0.38631492853164673, 2.4671237468719482, 0.9258663654327393]",[0.0],"[0.0751081109046936, 0.1620146930217743, 0.5372561812400818, -0.8242971897125244]",[0.44],"[7.68132209777832, -6.535038352012634, -15.609007415771485]","[459.3376159667969, 456.0205993652344, 669.821533203125, 658.2706298828125]"
13.278101205826,"[-103.96846008300781, 76.18888092041016, -6.755275249481201]","[-103.96846008300781, 76.18888092041016, -6.755275249481201]","[-14.076428413391113, -1.0341845750808716, 0.7741678357124329]","[-14.076428413391113, -1.0341845750808716, 0.7741678357124329]","[0.06184300035238266, 0.12896770238876343, 0.5296347737312317, -0.836080014705658]","[[0.4057086763904607, 0.9015855981482206, -0.15014623002251515], [-0.8696825994911235, 0.4313248995241644, 0.2400229530347433], [0.28116304401649383, 0.033200166458494884, 0.9590855500959571]]","[-0.21295200288295746, 2.181433916091919, 0.7984495759010315]",[0.0],"[0.06184300035238266, 0.12896770238876343, 0.5296347737312317, -0.836080014705658]",[0.44],"[6.35838508605957, -4.525959491729736, -13.813381729125977]","[369.4289855957031, 449.0272521972656, 649.5956420898438, 669.7626953125]"
13.309102058411,"[-104.43099975585938, 76.15361785888672, -6.730688571929932]","[-104.43099975585938, 76.15361785888672, -6.730688571929932]","[-13.959085464477539, -1.0996241569519043, 0.7182112336158752]","[-13.959085464477539, -1.0996241569519043, 0.7182112336158752]","[0.04864056408405304, 0.10051949322223663, 0.5216463208198547, -0.8458220958709717]","[[0.4355618949149078, 0.8922186184620071, -0.11929687427214297], [-0.8726613190549162, 0.45103842300138863, 0.18715377533595223], [0.22078955946033751, 0.022588719904272025, 0.9750598540158597]]","[-0.10446176677942276, 1.6773467063903809, 0.6426938772201538]",[0.0],"[0.04864056408405304, 0.10051949322223663, 0.5216463208198547, -0.8458220958709717]",[0.44],"[5.867147445678711, -3.2719790935516357, -12.607830104827881]","[366.03338623046875, 417.4456481933594, 648.934814453125, 669.8573608398438]"
13.34110212326,"[-104.84832763671875, 76.11996459960938, -6.709895133972168]","[-104.84832763671875, 76.11996459960938, -6.709895133972168]","[-13.86381721496582, -1.1420048475265503, 0.6670610904693604]","[-13.86381721496582, -1.1420048475265503, 0.6670610904693604]","[0.03865621238946915, 0.0802486389875412, 0.5154643058776855, -0.8522689938545227]","[[0.45571341061336623, 0.8848327075419264, -0.09693505824181692], [-0.8724242738112535, 0.46560449321947217, 0.148621600465483], [0.17663864899060933, 0.016839635507884587, 0.9841317063686951]]","[-0.054456353187561035, 1.3622533082962036, 0.5019301176071167]",[0.0],"[0.03865621238946915, 0.0802486389875412, 0.5154643058776855, -0.8522689938545227]",[0.44],"[4.7634124755859375, -2.1190345287323, -12.367507157325745]","[393.7601318359375, 431.0738220214844, 654.3168334960938, 669.857421875]"
13.372104883194,"[-105.30424499511719, 76.08170318603516, -6.688886642456055]","[-105.30424499511719, 76.08170318603516, -6.688886642456055]","[-13.76828670501709, -1.174842119216919, 0.6051564812660217]","[-13.76828670501709, -1.174842119216919, 0.6051564812660217]","[0.02935030683875084, 0.06258746236562729, 0.5101557970046997, -0.8572995066642761]","[[0.4716477446742616, 0.8783865486374791, -0.0773659428635316], [-0.8710387037387195, 0.47775924454194163, 0.11418272063788892], [0.1372588595741533, 0.013534706344664027, 0.9904427380862048]]","[-0.017689116299152374, 1.077660322189331, 0.3545691967010498]",[0.0],"[0.02935030683875084, 0.06258746236562729, 0.5101557970046997, -0.8572995066642761]",[0.44],"[4.776525497436523, -1.6418635845184326, -12.905230460166932]","[416.3938903808594, 443.43963623046875, 655.8190307617188, 669.857421875]"
13.402649879456,"[-105.71607971191406, 76.04615020751953, -6.67164421081543]","[-105.71607971191406, 76.04615020751953, -6.67164421081543]","[-13.688097953796387, -1.1946570873260498, 0.5430940389633179]","[-13.688097953796387, -1.1946570873260498, 0.5430940389633179]","[0.022325297817587852, 0.04990174248814583, 0.5068000555038452, -0.8603284955024719]","[[0.4813270396758924, 0.8742572010697137, -0.06323485772936976], [-0.869800916019056, 0.4853105696373108, 0.08899459149156175], [0.10849270642174336, 0.01216623195936184, 0.9940227943480056]]","[-0.003510011825710535, 0.8702504634857178, 0.2273080050945282]",[0.0],"[0.022325297817587852, 0.04990174248814583, 0.5068000555038452, -0.8603284955024719]",[0.44],"[4.009437561035156, -0.990748405456543, -12.913122115135193]","[433.1605224609375, 454.4662170410156, 657.6990966796875, 669.857421875]"
13.434651851654,"[-106.1255874633789, 76.0101089477539, -6.656370162963867]","[-106.1255874633789, 76.0101089477539, -6.656370162963867]","[-13.612895965576172, -1.206845760345459, 0.474077433347702]","[-13.612895965576172, -1.206845760345459, 0.474077433347702]","[0.01648244448006153, 0.03973027318716049, 0.5048757791519165, -0.8621196150779724]","[[0.48704390603643766, 0.8718363288132535, -0.05186132165571644], [-0.8692169207253132, 0.48965755329941385, 0.0685373826439617], [0.08514766965251352, 0.011698027881182904, 0.9962996688328706]]","[0.0037701688706874847, 0.7036565542221069, 0.1070084422826767]",[0.0],"[0.01648244448006153, 0.03973027318716049, 0.5048757791519165, -0.8621196150779724]",[0.44],"[3.760099411010742, -0.609433650970459, -13.260830280780793]","[455.4649353027344, 470.5701599121094, 660.05322265625, 669.857421875]"
13.465669870377,"[-106.57352447509766, 75.97015380859375, -6.64208459854126]","[-106.57352447509766, 75.97015380859375, -6.64208459854126]","[-13.534796714782715, -1.2130128145217896, 0.3901224732398987]","[-13.534796714782715, -1.2130128145217896, 0.3901224732398987]","[0.011213253252208233, 0.03082939423620701, 0.5043895244598389, -0.8628528118133545]","[[0.4892815121324122, 0.8711192344691109, -0.04189076405536918], [-0.86973644324838, 0.4909309411333589, 0.05045082119285693], [0.06451415395748539, 0.01174927279988447, 0.9978476228050608]]","[0.005617963150143623, 0.557269811630249, -0.01746370643377304]",[0.0],"[0.011213253252208233, 0.03082939423620701, 0.5043895244598389, -0.8628528118133545]",[0.44],"[3.9049625396728516, -0.3083527088165283, -14.007748005390168]","[474.87823486328125, 486.0013427734375, 661.8175048828125, 669.857421875]"
13.496651172638,"[-106.97855377197266, 75.93376159667969, -6.631624698638916]","[-106.97855377197266, 75.93376159667969, -6.631624698638916]","[-13.467135429382324, -1.2132136821746826, 0.30589720606803894]","[-13.467135429382324, -1.2132136821746826, 0.30589720606803894]","[0.0073132505640387535, 0.02438056841492653, 0.505374550819397, -0.8625245094299316]","[[0.4880043025357157, 0.872152475459169, -0.03466581418575321], [-0.8714392706363208, 0.48908615950056067, 0.03725835333300154], [0.049449537061076354, 0.01202692191265875, 0.9987042084999054]]","[0.004878736566752195, 0.45090433955192566, -0.1231279969215393]",[0.0],"[0.0073132505640387535, 0.02438056841492653, 0.505374550819397, -0.8625245094299316]",[0.44],"[3.3830642700195312, -0.01004338264465332, -14.021263358592988]","[492.87506103515625, 501.1430358886719, 663.3389282226562, 669.857421875]"
13.527642965317,"[-107.42179107666016, 75.89378356933594, -6.623176574707031]","[-107.42179107666016, 75.89378356933594, -6.623176574707031]","[-13.395601272583008, -1.2085282802581787, 0.2045474499464035]","[-13.395601272583008, -1.2085282802581787, 0.2045474499464035]","[0.003833472728729248, 0.018707863986492157, 0.5079399943351746, -0.8611807823181152]","[[0.4832939559596915, 0.8749997555572593, -0.02832735765454686], [-0.8747128912116393, 0.48396453328324185, 0.025607570741688512], [0.03611605411900598, 0.012402318567599657, 0.999270640623802]]","[0.0028728479519486427, 0.35730433464050293, -0.23123641312122345]",[0.0],"[0.003833472728729248, 0.018707863986492157, 0.5079399943351746, -0.8611807823181152]",[0.44],"[3.5767078399658203, 0.2342700958251953, -14.877487806081772]","[505.0602722167969, 511.768310546875, 664.2704467773438, 669.857421875]"
13.558447122574,"[-107.82271575927734, 75.85763549804688, -6.618532180786133]","[-107.82271575927734, 75.85763549804688, -6.618532180786133]","[-13.332610130310059, -1.2005767822265625, 0.10360300540924072]","[-13.332610130310059, -1.2005767822265625, 0.10360300540924072]","[0.0012803247664123774, 0.014578010886907578, 0.5115255117416382, -0.8591434955596924]","[[0.4762582648720728, 0.87898496162811, -0.023739368900700886], [-0.878910303274576, 0.4766800232118954, 0.017114014348735496], [0.026359044026039224, 0.01271408356766679, 0.9995716847341475]]","[0.0008682651678100228, 0.2889740467071533, -0.3213687539100647]",[0.0],"[0.0012803247664123774, 0.014578010886907578, 0.5115255117416382, -0.8591434955596924]",[0.44],"[3.149557113647461, 0.39757490158081055, -14.85722222685814]","[522.8361206054688, 527.9124755859375, 665.352783203125, 669.857421875]"
13.58985877037,"[-108.2217788696289, 75.82176971435547, -6.617033004760742]","[-108.2217788696289, 75.82176971435547, -6.617033004760742]","[-13.271125793457031, -1.1896803379058838, -0.00484696589410305]","[-13.271125793457031, -1.1896803379058838, -0.00484696589410305]","[-0.0007952769519761205, 0.01122837420552969, 0.5162041783332825, -0.8563916087150574]","[[0.46681433976792264, 0.8841279940821206, -0.020052821469340912], [-0.8841637127509759, 0.4670652276116607, 0.01023013034501448], [0.01841072032717199, 0.012954404378121828, 0.9997465822945405]]","[-0.0008483042474836111, 0.23371097445487976, -0.4046478271484375]",[0.0],"[-0.0007952769519761205, 0.01122837420552969, 0.5162041783332825, -0.8563916087150574]",[0.44],"[3.074216842651367, 0.5448222160339355, -15.23249856516719]","[537.077880859375, 540.9635009765625, 666.2535400390625, 669.857421875]"
13.621524810791,"[-108.65863800048828, 75.78274536132812, -6.619272708892822]","[-108.65863800048828, 75.78274536132812, -6.619272708892822]","[-13.20479679107666, -1.1748665571212769, -0.1322854608297348]","[-13.20479679107666, -1.1748665571212769, -0.1322854608297348]","[-0.002628488466143608, 0.008264507167041302, 0.5225065350532532, -0.8525911569595337]","[[0.4538372374958589, 0.8909254561564067, -0.016839296256240477], [-0.8910123488034744, 0.45396002375005373, 0.004154465962738718], [0.01134568665275193, 0.013118570052355394, 0.9998495779393386]]","[-0.0021952951792627573, 0.18473541736602783, -0.48889756202697754]",[0.0],"[-0.002628488466143608, 0.008264507167041302, 0.5225065350532532, -0.8525911569595337]",[0.44],"[3.3164501190185547, 0.7406890392303467, -16.18192474678159]","[550.1846923828125, 553.2073974609375, 666.9710693359375, 669.857421875]"
13.652019023895,"[-109.05390167236328, 75.74772644042969, -6.625090599060059]","[-109.05390167236328, 75.74772644042969, -6.625090599060059]","[-13.145289421081543, -1.1592891216278076, -0.258482962846756]","[-13.145289421081543, -1.1592891216278076, -0.258482962846756]","[-0.003961383365094662, 0.006098301149904728, 0.5291823744773865, -0.8484770059585571]","[[0.43985765053112036, 0.8979498379877646, -0.014541125112921605], [-0.8980464688226868, 0.4399006439686197, -0.00026805842856958417], [0.006155948091497554, 0.013176512359708625, 0.9998942363298396]]","[-0.0028854242991656065, 0.1486176997423172, -0.5561320185661316]",[0.0],"[-0.003961383365094662, 0.006098301149904728, 0.5291823744773865, -0.8484770059585571]",[0.44],"[2.9753684997558594, 0.7788717746734619, -16.11987510085106]","[574.3162841796875, 576.7774658203125, 667.4151611328125, 669.857421875]"
13.682993173599,"[-109.4473876953125, 75.71319580078125, -6.635064601898193]","[-109.4473876953125, 75.71319580078125, -6.635064601898193]","[-13.08604621887207, -1.142035961151123, -0.4105382561683655]","[-13.08604621887207, -1.142035961151123, -0.4105382561683655]","[-0.005030968692153692, 0.004345390014350414, 0.5365322828292847, -0.8438535928726196]","[[0.42422845413523935, 0.905465666073046, -0.012732300186572565], [-0.9055531121575155, 0.4242155976720301, -0.0038279179646411032], [0.0019351917175970401, 0.013153686061373127, 0.9999116138792835]]","[-0.0031157962512224913, 0.1186930313706398, -0.5995948314666748]",[0.0],"[-0.005030968692153692, 0.004345390014350414, 0.5365322828292847, -0.8438535928726196]",[0.44],"[2.962160110473633, 0.8626580238342285, -17.412764666080477]","[618.8486938476562, 620.6633911132812, 667.9581298828125, 669.857421875]"
13.713994503021,"[-109.87816619873047, 75.67584228515625, -6.651717662811279]","[-109.87816619873047, 75.67584228515625, -6.651717662811279]","[-13.0210599899292, -1.1214077472686768, -0.6023194789886475]","[-13.0210599899292, -1.1214077472686768, -0.6023194789886475]","[-0.005965047050267458, 0.002800811780616641, 0.5450422763824463, -0.8383826613426208]","[[0.4058421448184212, 0.9138745744874106, -0.011198709715118632], [-0.9139414023836119, 0.40578667033905824, -0.00694886238482223], [-0.001806101576906055, 0.013055105699326497, 0.9999131473341153]]","[-0.002758244052529335, 0.09300310909748077, -0.6243706345558167]",[0.0],"[-0.005965047050267458, 0.002800811780616641, 0.5450422763824463, -0.8383826613426208]",[0.44],"[3.2493114471435547, 1.0314106941223145, -19.3990611410141]","[654.4107666015625, 655.7908325195312, 663.8954467773438, 665.3836059570312]"
13.745014190674,"[-110.26791381835938, 75.64249420166016, -6.672609329223633]","[-110.26791381835938, 75.64249420166016, -6.672609329223633]","[-12.962105751037598, -1.1014727354049683, -0.789993941783905]","[-12.962105751037598, -1.1014727354049683, -0.789993941783905]","[-0.006640338804572821, 0.001677631982602179, 0.552836537361145, -0.8332616090774536]","[[0.38873789701894046, 0.9212926452672032, -0.010137856473775547], [-0.9213372054462188, 0.3886553377181996, -0.009211366281779404], [-0.004546231172723986, 0.01292119130669181, 0.9999061829029828]]","[-0.002114840317517519, 0.0742841586470604, -0.6175395846366882]",[0.0],"[-0.006640338804572821, 0.001677631982602179, 0.552836537361145, -0.8332616090774536]",[0.44],"[2.947711944580078, 0.9967505931854248, -19.19372313976288]","[668.6035766601562, 669.742919921875, 652.2932739257812, 653.5337524414062]"
13.775986671448,"[-110.6559066772461, 75.60975646972656, -6.699082851409912]","[-110.6559066772461, 75.60975646972656, -6.699082851409912]","[-12.903321266174316, -1.0808093547821045, -0.9748468399047852]","[-12.903321266174316, -1.0808093547821045, -0.9748468399047852]","[-0.007185769733041525, 0.0007707516197115183, 0.5604496002197266, -0.8281570672988892]","[[0.37179130311097874, 0.928269517686286, -0.009331130350300587], [-0.9282916714609285, 0.37168922065378474, -0.011037957102529528], [-0.006777916746315948, 0.012765826851073636, 0.9998955413105688]]","[-0.001257099211215973, 0.059252288192510605, -0.605531632900238]",[0.0],"[-0.007185769733041525, 0.0007707516197115183, 0.5604496002197266, -0.8281570672988892]",[0.44],"[2.9392242431640625, 1.0331690311431885, -19.05264490604401]","[668.9168701171875, 669.8572998046875, 651.9172973632812, 652.8985595703125]"
13.807018995285,"[-111.0806655883789, 75.57447052001953, -6.73457670211792]","[-111.0806655883789, 75.57447052001953, -6.73457670211792]","[-12.838735580444336, -1.0575311183929443, -1.1760259866714478]","[-12.838735580444336, -1.0575311183929443, -1.1760259866714478]","[-0.0076657370664179325, -2.1401268895715475e-05, 0.5685941576957703, -0.822582483291626]","[[0.3534013667524465, 0.9354315165579946, -0.00868217800296664], [-0.9354308603319937, 0.35328384061893214, -0.012635739337632214], [-0.008752595238621957, 0.012587064791786694, 0.9998824720344285]]","[-0.00023047295690048486, 0.04580026492476463, -0.5915036797523499]",[0.0],"[-0.0076657370664179325, -2.1401268895715475e-05, 0.5685941576957703, -0.822582483291626]",[0.44],"[3.2292842864990234, 1.1639118194580078, -19.868957338333132]","[669.113037109375, 669.857421875, 650.9769287109375, 651.7193603515625]"
13.83798623085,"[-111.46495819091797, 75.54306030273438, -6.772522449493408]","[-111.46495819091797, 75.54306030273438, -6.772522449493408]","[-12.780094146728516, -1.0363167524337769, -1.348224401473999]","[-12.780094146728516, -1.0363167524337769, -1.348224401473999]","[-0.007376800756901503, 6.285755807766691e-05, 0.5758004188537598, -0.8175570368766785]","[[0.33690774739352447, 0.9414984411654963, -0.008597909209103798], [-0.9415002959162244, 0.3367989209168556, -0.011989523920345573], [-0.008392350653394672, 0.012134297553422553, 0.9998911577190407]]","[-0.014435422606766224, -0.18975597620010376, -0.5801082849502563]",[0.0],"[-0.007376800756901503, 6.285755807766691e-05, 0.5758004188537598, -0.8175570368766785]",[0.44],"[2.9320716857910156, 1.060718297958374, -18.419920740127566]","[634.7999877929688, 669.857421875, 622.58056640625, 651.0721435546875]"
13.868985652924,"[-111.84748077392578, 75.51226043701172, -6.81536865234375]","[-111.84748077392578, 75.51226043701172, -6.81536865234375]","[-12.720743179321289, -1.0176947116851807, -1.5041321516036987]","[-12.720743179321289, -1.0176947116851807, -1.5041321516036987]","[-0.004274051170796156, 0.004936846438795328, 0.5828595161437988, -0.8125467300415039]","[[0.3205008239757129, 0.9471589871638303, -0.013005179655888544], [-0.9472433885010373, 0.3205130338544122, -0.001190756752535993], [0.003040494066352206, 0.012700708458905918, 0.9999147200676584]]","[0.06723925471305847, -0.6416293382644653, -0.5687775611877441]",[0.0],"[-0.004274051170796156, 0.004936846438795328, 0.5828595161437988, -0.8125467300415039]",[0.44],"[2.967548370361328, 0.9311020374298096, -17.605387506484988]","[610.2057495117188, 669.857421875, 597.1967163085938, 643.6839599609375]"
13.90099978447,"[-112.26615142822266, 75.47889709472656, -6.867403507232666]","[-112.26615142822266, 75.47889709472656, -6.867403507232666]","[-12.651580810546875, -1.0066856145858765, -1.6483426094055176]","[-12.651580810546875, -1.0066856145858765, -1.6483426094055176]","[0.004367876332253218, 0.02073613926768303, 0.5903191566467285, -0.8068917393684387]","[[0.30218661164833294, 0.9528284479622364, -0.028306756817388035], [-0.952466156394518, 0.30300842990448273, 0.031530687151371584], [0.038620521108559736, 0.017433073827059442, 0.9991018683692348]]","[0.22723552584648132, -1.5073879957199097, -0.5513129830360413]",[0.0],"[0.004367876332253218, 0.02073613926768303, 0.5903191566467285, -0.8068917393684387]",[0.44],"[3.458118438720703, 0.55045485496521, -17.020522890090945]","[613.4163818359375, 669.857421875, 599.431396484375, 630.6514282226562]"
13.933009386063,"[-112.68238830566406, 75.44559478759766, -6.924134254455566]","[-112.68238830566406, 75.44559478759766, -6.924134254455566]","[-12.57264518737793, -1.015401005744934, -1.7852047681808472]","[-12.57264518737793, -1.015401005744934, -1.7852047681808472]","[0.016290035098791122, 0.048169057816267014, 0.5968928933143616, -0.800707995891571]","[[0.2827972315598066, 0.9574431760203329, -0.05769188713147688], [-0.9543044734503222, 0.2869070173345807, 0.08359065929026954], [0.09658551186071662, 0.03141641386244398, 0.9948287532511466]]","[0.5462097525596619, -2.0185928344726562, -0.5151576995849609]",[0.0],"[0.016290035098791122, 0.048169057816267014, 0.5968928933143616, -0.800707995891571]",[0.44],"[3.9467811584472656, -0.43576955795288086, -16.65310793876648]","[628.9823608398438, 669.857421875, 577.6336059570312, 590.151611328125]"
13.964039564133,"[-113.05831909179688, 75.41471099853516, -6.979618549346924]","[-113.05831909179688, 75.41471099853516, -6.979618549346924]","[-12.486499786376953, -1.0474802255630493, -1.9141870737075806]","[-12.486499786376953, -1.0474802255630493, -1.9141870737075806]","[0.027720103040337563, 0.07880936563014984, 0.6015241146087646, -0.7944743633270264]","[[0.26391564686623026, 0.9601601834309259, -0.0918754202900347], [-0.9514217684876802, 0.27480067086314963, 0.1388572901957721], [0.1585726620428458, 0.050765645338445076, 0.9860413595528128]]","[0.5688832402229309, -2.0477545261383057, -0.4685561954975128]",[0.0],"[0.027720103040337563, 0.07880936563014984, 0.6015241146087646, -0.7944743633270264]",[0.44],"[4.307270050048828, -1.6039609909057617, -16.259115276336672]","[669.4354248046875, 636.3318481445312, 599.1785278320312, 574.8038330078125]"
13.99503326416,"[-113.43145751953125, 75.38249206542969, -7.038933753967285]","[-113.43145751953125, 75.38249206542969, -7.038933753967285]","[-12.386162757873535, -1.1031650304794312, -2.0395689010620117]","[-12.386162757873535, -1.1031650304794312, -2.0395689010620117]","[0.03778403252363205, 0.10613995790481567, 0.6051614284515381, -0.7880903482437134]","[[0.2450279097009158, 0.9618645530271364, -0.12156487458623744], [-0.9458229705410064, 0.26470402480149413, 0.1880180797821307], [0.21302663096487962, 0.0689091543837268, 0.9746133524444341]]","[0.4940863251686096, -1.7097805738449097, -0.4247773289680481]",[0.0],"[0.03778403252363205, 0.10613995790481567, 0.6051614284515381, -0.7880903482437134]",[0.44],"[5.016851425170898, -2.784240245819092, -16.07909136772156]","[669.8568725585938, 641.4686279296875, 599.7560424804688, 577.2296142578125]"
14.02600646019,"[-113.83819580078125, 75.34477996826172, -7.1083855628967285]","[-113.83819580078125, 75.34477996826172, -7.1083855628967285]","[-12.262691497802734, -1.187001347541809, -2.169318914413452]","[-12.262691497802734, -1.187001347541809, -2.169318914413452]","[0.04672320559620857, 0.13068389892578125, 0.6084169745445251, -0.7813882231712341]","[[0.22550100729528566, 0.9630316587283758, -0.14737533637767664], [-0.9386077760178821, 0.25529145428980216, 0.23203853001558405], [0.2610841019371448, 0.08600267960884134, 0.9614773212407413]]","[0.3729443848133087, -1.3961408138275146, -0.3748425841331482]",[0.0],"[0.04672320559620857, 0.13068389892578125, 0.6084169745445251, -0.7813882231712341]",[0.44],"[6.173563003540039, -4.1918158531188965, -16.297500667572024]","[669.857421875, 649.40234375, 595.55859375, 586.0198364257812]"
14.056794881821,"[-114.20427703857422, 75.30780029296875, -7.175200462341309]","[-114.20427703857422, 75.30780029296875, -7.175200462341309]","[-12.140921592712402, -1.2809395790100098, -2.283430337905884]","[-12.140921592712402, -1.2809395790100098, -2.283430337905884]","[0.0541323721408844, 0.14913475513458252, 0.6108559966087341, -0.7756826281547546]","[[0.20922755243619662, 0.9638068058752793, -0.16522830935818789], [-0.9315147336189398, 0.247849275387102, 0.26617880033445473], [0.29749664588984714, 0.098220637572485, 0.9496570221946978]]","[0.28110334277153015, -1.1996345520019531, -0.32761216163635254]",[0.0],"[0.0541323721408844, 0.14913475513458252, 0.6108559966087341, -0.7756826281547546]",[0.44],"[6.088495254516602, -4.696911573410034, -15.515571174621583]","[669.857421875, 649.4402465820312, 594.5886840820312, 579.9708862304688]"
14.087751626968,"[-114.56661224365234, 75.26778411865234, -7.2453389167785645]","[-114.56661224365234, 75.26778411865234, -7.2453389167785645]","[-12.012423515319824, -1.3891867399215698, -2.392916440963745]","[-12.012423515319824, -1.3891867399215698, -2.392916440963745]","[0.06051408499479294, 0.1641652137041092, 0.6128875613212585, -0.7705560922622681]","[[0.1948372395743294, 0.964397103886278, -0.17882035115838502], [-0.9246598731051627, 0.24141376538984705, 0.29448862868261827], [0.32717367107056905, 0.10797064124096067, 0.9387756562534543]]","[0.20567500591278076, -0.9802820682525635, -0.282146155834198]",[0.0],"[0.06051408499479294, 0.1641652137041092, 0.6128875613212585, -0.7705560922622681]",[0.44],"[6.424903869628906, -5.412358045578003, -15.284305152893067]","[669.857421875, 657.710205078125, 598.4364624023438, 593.0078125]"
14.11875295639,"[-114.96060180664062, 75.21974182128906, -7.326334476470947]","[-114.96060180664062, 75.21974182128906, -7.326334476470947]","[-11.864069938659668, -1.5242115259170532, -2.5154592990875244]","[-11.864069938659668, -1.5242115259170532, -2.5154592990875244]","[0.06688538193702698, 0.17772892117500305, 0.6147221326828003, -0.7655426859855652]","[[0.18105826033575845, 0.9649669987256235, -0.1898863021279915], [-0.9174171316294402, 0.2352860905460954, 0.32091503281070644], [0.354350000646523, 0.11610057304573829, 0.9278775525222152]]","[0.1379482001066208, -0.8373781442642212, -0.23509499430656433]",[0.0],"[0.06688538193702698, 0.17772892117500305, 0.6147221326828003, -0.7655426859855652]",[0.44],"[7.4176788330078125, -6.75123929977417, -15.937142906188965]","[669.857421875, 656.6818237304688, 604.7734985351562, 596.2880859375]"
14.150752067566,"[-115.314453125, 75.1720199584961, -7.403457164764404]","[-115.314453125, 75.1720199584961, -7.403457164764404]","[-11.724712371826172, -1.6590498685836792, -2.626328945159912]","[-11.724712371826172, -1.6590498685836792, -2.626328945159912]","[0.07182776182889938, 0.18768420815467834, 0.6160771250724792, -0.7616196274757385]","[[0.17044722794356026, 0.9653947341928109, -0.19738507137981198], [-0.9114709877832916, 0.23057949718615933, 0.34066676117596284], [0.37439083541156837, 0.12184502834979316, 0.9192308212800046]]","[0.10583775490522385, -0.6713507771492004, -0.19731636345386505]",[0.0],"[0.07182776182889938, 0.18768420815467834, 0.6160771250724792, -0.7616196274757385]",[0.44],"[6.967878341674805, -6.741917133331299, -15.353482303619385]","[669.857421875, 657.85400390625, 613.9685668945312, 605.4641723632812]"
14.181752681732,"[-115.69878387451172, 75.11465454101562, -7.4921722412109375]","[-115.69878387451172, 75.11465454101562, -7.4921722412109375]","[-11.567169189453125, -1.8194375038146973, -2.750654458999634]","[-11.567169189453125, -1.8194375038146973, -2.750654458999634]","[0.07644966244697571, 0.1963111162185669, 0.6173257231712341, -0.7579752206802368]","[[0.16074179432026625, 0.9658510396436029, -0.20320923696295168], [-0.905819365365609, 0.22612880124571255, 0.35826970310071005], [0.39198660958805576, 0.12648190404400594, 0.9112347895215276]]","[0.05524970591068268, -0.5501276254653931, -0.16061516106128693]",[0.0],"[0.07644966244697571, 0.1963111162185669, 0.6173257231712341, -0.7579752206802368]",[0.44],"[7.877159118652344, -8.019381761550903, -16.026275691986086]","[669.857421875, 661.472900390625, 620.0826416015625, 614.8672485351562]"
14.212752342224,"[-116.04362487792969, 75.05776977539062, -7.576414585113525]","[-116.04362487792969, 75.05776977539062, -7.576414585113525]","[-11.421205520629883, -1.974582314491272, -2.865445375442505]","[-11.421205520629883, -1.974582314491272, -2.865445375442505]","[0.08022598177194595, 0.20263540744781494, 0.6182509660720825, -0.7551612854003906]","[[0.1534092691987894, 0.9662716374865727, -0.2068452480426739], [-0.9012451394695358, 0.22265906959932813, 0.37172618386486533], [0.4052444109810214, 0.12939196179522128, 0.9050053669943708]]","[0.031344931572675705, -0.4645412564277649, -0.13061651587486267]",[0.0],"[0.08022598177194595, 0.20263540744781494, 0.6182509660720825, -0.7551612854003906]",[0.44],"[7.298183441162109, -7.757240533828735, -15.549545822143555]","[669.857421875, 663.126220703125, 626.2581787109375, 621.9535522460938]"
14.24347114563,"[-116.3840560913086, 74.99610900878906, -7.6641058921813965]","[-116.3840560913086, 74.99610900878906, -7.6641058921813965]","[-11.273637771606445, -2.136953592300415, -2.9805960655212402]","[-11.273637771606445, -2.136953592300415, -2.9805960655212402]","[0.08359212428331375, 0.20776227116584778, 0.6189921498298645, -0.7527921199798584]","[[0.14736711425802262, 0.9666794046279858, -0.2093178636875903], [-0.8972102462572695, 0.2197221504136112, 0.3830614146706779], [0.4162893385634847, 0.13135144485925565, 0.8996943908756235]]","[0.008485499769449234, -0.38521596789360046, -0.10362307727336884]",[0.0],"[0.08359212428331375, 0.20776227116584778, 0.6189921498298645, -0.7527921199798584]",[0.44],"[7.378387451171875, -8.118563890457153, -15.567534503936768]","[669.857421875, 663.5004272460938, 630.1610107421875, 625.4942626953125]"
14.274479389191,"[-116.72003936767578, 74.92947387695312, -7.7552618980407715]","[-116.72003936767578, 74.92947387695312, -7.7552618980407715]","[-11.124957084655762, -2.3056728839874268, -3.0965471267700195]","[-11.124957084655762, -2.3056728839874268, -3.0965471267700195]","[0.08652951568365097, 0.2118270993232727, 0.6195716857910156, -0.7508480548858643]","[[0.14252041231673473, 0.9670669829033107, -0.21087745519238865], [-0.893749797650849, 0.21728713816326362, 0.3924251831304524], [0.4253224068035877, 0.13254310896531152, 0.8952838458156823]]","[-0.004690018482506275, -0.31582391262054443, -0.07933326065540314]",[0.0],"[0.08652951568365097, 0.2118270993232727, 0.6195716857910156, -0.7508480548858643]",[0.44],"[7.43403434753418, -8.435964584350586, -15.607553062438965]","[669.857421875, 665.1597290039062, 634.8768920898438, 631.22509765625]"
14.305479049683,"[-117.08446502685547, 74.85022735595703, -7.859565734863281]","[-117.08446502685547, 74.85022735595703, -7.859565734863281]","[-10.960697174072266, -2.4973602294921875, -3.224846124649048]","[-10.960697174072266, -2.4973602294921875, -3.224846124649048]","[0.08933650702238083, 0.2153439074754715, 0.6200263500213623, -0.7491418123245239]","[[0.13838865358476538, 0.9674514720927447, -0.21186427349294945], [-0.8904991820831072, 0.21517262758445443, 0.40088921945768696], [0.4334282269839278, 0.13318636834773123, 0.8912919800524713]]","[-0.015216441825032234, -0.2558745741844177, -0.05544450879096985]",[0.0],"[0.08933650702238083, 0.2153439074754715, 0.6200263500213623, -0.7491418123245239]",[0.44],"[8.212995529174805, -9.584367275238037, -16.22494989395142]","[669.857421875, 666.117431640625, 639.0806884765625, 635.8905639648438]"
14.336477518082,"[-117.41106414794922, 74.77268981933594, -7.9579668045043945]","[-117.41106414794922, 74.77268981933594, -7.9579668045043945]","[-10.813889503479004, -2.670863389968872, -3.330564260482788]","[-10.813889503479004, -2.670863389968872, -3.330564260482788]","[0.0908176526427269, 0.21696767210960388, 0.6203897595405579, -0.7481936812400818]","[[0.13608315103309643, 0.9677523853493004, -0.2119829992414326], [-0.8889344066278961, 0.2137374004513476, 0.40510743156099327], [0.4373523659816696, 0.13331065615161375, 0.8893543664556088]]","[-0.01963089033961296, 0.05380818620324135, -0.036564406007528305]",[0.0],"[0.0908176526427269, 0.21696767210960388, 0.6203897595405579, -0.7481936812400818]",[0.44],"[7.340383529663086, -8.675158023834229, -15.095906791687012]","[669.857421875, 631.7774658203125, 643.2696533203125, 603.9251708984375]"
14.367514610291,"[-117.7335205078125, 74.69037628173828, -8.058540344238281]","[-117.7335205078125, 74.69037628173828, -8.058540344238281]","[-10.689436912536621, -2.80361270904541, -3.347693681716919]","[-10.689436912536621, -2.80361270904541, -3.347693681716919]","[0.08629195392131805, 0.20624776184558868, 0.6224762201309204, -0.7500260472297668]","[[0.1399704322104145, 0.96934180248175, -0.20195300852475917], [-0.8981517130355319, 0.21015410811992608, 0.38621108062288734], [0.41681176574337364, 0.1273262281935299, 0.9000311188442529]]","[-0.7090750932693481, 1.885258436203003, -0.02248978428542614]",[0.0],"[0.08629195392131805, 0.20624776184558868, 0.6224762201309204, -0.7500260472297668]",[0.44],"[6.222629547119141, -6.637465953826904, -10.666471061706543]","[669.857421875, 369.9976806640625, 581.2488403320312, 450.42236328125]"
14.398689746857,"[-118.08409118652344, 74.59554290771484, -8.169715881347656]","[-118.08409118652344, 74.59554290771484, -8.169715881347656]","[-10.55711841583252, -2.9453413486480713, -3.409672260284424]","[-10.55711841583252, -2.9453413486480713, -3.409672260284424]","[0.0711982324719429, 0.1636824756860733, 0.6289971470832825, -0.7566383481025696]","[[0.15514127222873908, 0.9751545305716081, -0.1581299058284502], [-0.9285389187496873, 0.1985868013079254, 0.3136542464789249], [0.33726384623734784, 0.0981689944573505, 0.9362777176922984]]","[-0.8143287897109985, 2.668163537979126, 0.0007611720357090235]",[0.0],"[0.0711982324719429, 0.1636824756860733, 0.6289971470832825, -0.7566383481025696]",[0.44],"[6.615924835205078, -7.086431980133057, -12.908928928375245]","[558.19091796875, 668.0221557617188, 581.3165283203125, 606.0759887695312]"
14.430047035217,"[-118.39918518066406, 74.50554656982422, -8.273158073425293]","[-118.39918518066406, 74.50554656982422, -8.273158073425293]","[-10.449487686157227, -3.0532026290893555, -3.496934175491333]","[-10.449487686157227, -3.0532026290893555, -3.496934175491333]","[0.05732785910367966, 0.13326416909694672, 0.6323087811470032, -0.7610123753547668]","[[0.16485253303858327, 0.977669114015834, -0.13033354631706384], [-0.9471101159775992, 0.1937982437099598, 0.2557826291255063], [0.2753291811795231, 0.08127378820352771, 0.9579083556109781]]","[-0.5215572118759155, 1.7867482900619507, 0.018588457256555557]",[0.0],"[0.05732785910367966, 0.13326416909694672, 0.6323087811470032, -0.7610123753547668]",[0.44],"[5.381536483764648, -5.393064022064209, -14.17309576034546]","[651.6323852539062, 669.85498046875, 617.1172485351562, 648.683349609375]"
14.461043596268,"[-118.71115112304688, 74.41246032714844, -8.3799409866333]","[-118.71115112304688, 74.41246032714844, -8.3799409866333]","[-10.349262237548828, -3.147613525390625, -3.6194097995758057]","[-10.349262237548828, -3.147613525390625, -3.6194097995758057]","[0.04770667105913162, 0.10909991711378098, 0.6342461109161377, -0.7639065384864807]","[[0.17165815774704096, 0.9794190899935699, -0.10616873889508138], [-0.9585999145602672, 0.19091188864842035, 0.21127927216436593], [0.22719982123112015, 0.0655055203583883, 0.9716425632444439]]","[-0.48919495940208435, 1.5761088132858276, 0.04358437657356262]",[0.0],"[0.04770667105913162, 0.10909991711378098, 0.6342461109161377, -0.7639065384864807]",[0.44],"[5.011272430419922, -4.720544815063477, -15.933781204223633]","[645.6904907226562, 669.857421875, 618.3224487304688, 620.98876953125]"
14.492047309875,"[-119.05107116699219, 74.3072509765625, -8.501382827758789]","[-119.05107116699219, 74.3072509765625, -8.501382827758789]","[-10.252961158752441, -3.226454496383667, -3.7417049407958984]","[-10.252961158752441, -3.226454496383667, -3.7417049407958984]","[0.03810128569602966, 0.08709695190191269, 0.6351656913757324, -0.7665030360221863]","[[0.17795733093716748, 0.980349873328596, -0.08511889717934285], [-0.9670758499379235, 0.19022567305499472, 0.16905149366770544], [0.18192141506503479, 0.0522324890182837, 0.9819248259954109]]","[-0.3512968420982361, 1.2271108627319336, 0.07071865350008011]",[0.0],"[0.03810128569602966, 0.08709695190191269, 0.6351656913757324, -0.7665030360221863]",[0.44],"[4.815053939819336, -3.9420485496520996, -15.92475706100464]","[646.1624755859375, 669.857421875, 614.2823486328125, 634.8029174804688]"
14.523054838181,"[-119.35745239257812, 74.2095718383789, -8.615403175354004]","[-119.35745239257812, 74.2095718383789, -8.615403175354004]","[-10.173529624938965, -3.283278226852417, -3.85931396484375]","[-10.173529624938965, -3.283278226852417, -3.85931396484375]","[0.031464509665966034, 0.0711585059762001, 0.6351929306983948, -0.7684246301651001]","[[0.1829328156360387, 0.9806737207090078, -0.06938782906029939], [-0.9717178507125924, 0.19107985084452916, 0.1387549683170759], [0.14933196549115113, 0.04204255150349123, 0.9878929033174308]]","[-0.29762813448905945, 1.0063819885253906, 0.09288148581981659]",[0.0],"[0.031464509665966034, 0.0711585059762001, 0.6351929306983948, -0.7684246301651001]",[0.44],"[3.971576690673828, -2.8411865234375, -15.690451202392579]","[652.3161010742188, 669.857421875, 623.5816040039062, 631.0941162109375]"
14.55408000946,"[-119.66156768798828, 74.11038970947266, -8.732833862304688]","[-119.66156768798828, 74.11038970947266, -8.732833862304688]","[-10.101582527160645, -3.326652765274048, -3.9667410850524902]","[-10.101582527160645, -3.326652765274048, -3.9667410850524902]","[0.025844862684607506, 0.0580722950398922, 0.6346117258071899, -0.770212709903717]","[[0.1877911320336394, 0.9805737751234329, -0.05665313364294988], [-0.9745702931590887, 0.19320000108166746, 0.11351880220450261], [0.12225894528906434, 0.0338946353028986, 0.991919303243227]]","[-0.2320798933506012, 0.8253677487373352, 0.1218055859208107]",[0.0],"[0.025844862684607506, 0.0580722950398922, 0.6346117258071899, -0.770212709903717]",[0.44],"[3.5973548889160156, -2.168726921081543, -15.181356010437012]","[655.8974609375, 669.857421875, 608.4151611328125, 618.6212158203125]"
14.585086345673,"[-119.99370574951172, 73.99998474121094, -8.865596771240234]","[-119.99370574951172, 73.99998474121094, -8.865596771240234]","[-10.02895736694336, -3.3625991344451904, -4.079375743865967]","[-10.02895736694336, -3.3625991344451904, -4.079375743865967]","[0.02093297615647316, 0.04644235968589783, 0.6333026885986328, -0.7722257375717163]","[[0.19354162368109762, 0.9800496252343709, -0.04521415076549573], [-0.9761609180025499, 0.19697903024595131, 0.09115410841189497], [0.09824179108655784, 0.026494176603880426, 0.9948098354720765]]","[-0.18601615726947784, 0.6567733883857727, 0.15643885731697083]",[0.0],"[0.02093297615647316, 0.04644235968589783, 0.6333026885986328, -0.7722257375717163]",[0.44],"[3.631258010864258, -1.797318458557129, -15.441732940673829]","[657.8226318359375, 669.857421875, 615.4749755859375, 622.1796264648438]"
14.616354465485,"[-120.29364776611328, 73.8987045288086, -8.989521980285645]","[-120.29364776611328, 73.8987045288086, -8.989521980285645]","[-9.96750545501709, -3.3872439861297607, -4.182260990142822]","[-9.96750545501709, -3.3872439861297607, -4.182260990142822]","[0.01730729639530182, 0.03792797029018402, 0.6315968036651611, -0.7741753458976746]","[[0.19929389333923764, 0.9792462091376524, -0.03686333287048349], [-0.9766204866437147, 0.20157187018287415, 0.07470813395634757], [0.08058826520391627, 0.02111260526280212, 0.9965238531223042]]","[-0.147170752286911, 0.5368961095809937, 0.18465931713581085]",[0.0],"[0.01730729639530182, 0.03792797029018402, 0.6315968036651611, -0.7741753458976746]",[0.44],"[3.0725955963134766, -1.2322425842285156, -14.954262313842774]","[660.5802612304688, 669.857421875, 622.2440185546875, 628.1646118164062]"
14.648354530334,"[-120.62152862548828, 73.78658294677734, -9.12940788269043]","[-120.62152862548828, 73.78658294677734, -9.12940788269043]","[-9.904017448425293, -3.4071462154388428, -4.295329570770264]","[-9.904017448425293, -3.4071462154388428, -4.295329570770264]","[0.014096943661570549, 0.030360983684659004, 0.6292518377304077, -0.7764802575111389]","[[0.20624067076520902, 0.9780592521535537, -0.02940835344866044], [-0.9763472638475038, 0.2076868017846143, 0.06010140644666184], [0.0648904642703616, 0.016317412668836573, 0.9977589736982048]]","[-0.11553343385457993, 0.4289258122444153, 0.21243371069431305]",[0.0],"[0.014096943661570549, 0.030360983684659004, 0.6292518377304077, -0.7764802575111389]",[0.44],"[3.1744003295898438, -0.9951114654541016, -15.46342903137207]","[662.265380859375, 669.857421875, 628.4019165039062, 632.7450561523438]"
14.679325342178,"[-120.9178237915039, 73.68415832519531, -9.25980281829834]","[-120.9178237915039, 73.68415832519531, -9.25980281829834]","[-9.849407196044922, -3.419855833053589, -4.397443771362305]","[-9.849407196044922, -3.419855833053589, -4.397443771362305]","[0.011729296296834946, 0.02481956034898758, 0.6267577409744263, -0.7787305116653442]","[[0.2131174471054339, 0.9767329845930415, -0.023952643359304027], [-0.9755685206838796, 0.2140743154740301, 0.049379624966037206], [0.05335835236019992, 0.012843781339202387, 0.9984928260649281]]","[-0.09147872775793076, 0.3504674434661865, 0.2349863052368164]",[0.0],"[0.011729296296834946, 0.02481956034898758, 0.6267577409744263, -0.7787305116653442]",[0.44],"[2.7305126190185547, -0.6354808807373047, -14.915710029602051]","[663.9165649414062, 669.857421875, 633.6546020507812, 637.2509765625]"
14.71132183075,"[-121.24193572998047, 73.5711441040039, -9.406758308410645]","[-121.24193572998047, 73.5711441040039, -9.406758308410645]","[-9.792159080505371, -3.4289915561676025, -4.5085625648498535]","[-9.792159080505371, -3.4289915561676025, -4.5085625648498535]","[0.009619973599910736, 0.01989838480949402, 0.6236732006072998, -0.7813727259635925]","[[0.22127158625244014, 0.9750253016110251, -0.01909667091210565], [-0.9742596138648323, 0.2218783899043676, 0.03985374867302571], [0.04309554981136188, 0.009786608691185528, 0.9990230207798206]]","[-0.07089342921972275, 0.2804853916168213, 0.25712063908576965]",[0.0],"[0.009619973599910736, 0.01989838480949402, 0.6236732006072998, -0.7813727259635925]",[0.44],"[2.862405776977539, -0.4567861557006836, -15.365939674377442]","[664.7530517578125, 669.857421875, 637.0715942382812, 640.039794921875]"
14.741319179535,"[-121.53498077392578, 73.46819305419922, -9.543498992919922]","[-121.53498077392578, 73.46819305419922, -9.543498992919922]","[-9.742302894592285, -3.433576822280884, -4.60589075088501]","[-9.742302894592285, -3.433576822280884, -4.60589075088501]","[0.008061072789132595, 0.016292700543999672, 0.6205919981002808, -0.7839229702949524]","[[0.2292002396057693, 0.9732553182741366, -0.015539169871077618], [-0.9727299716940696, 0.22960118199877888, 0.032860759419341856], [0.03554971894723602, 0.007583718920859295, 0.9993391340289437]]","[-0.05591733753681183, 0.2294357866048813, 0.27715378999710083]",[0.0],"[0.008061072789132595, 0.016292700543999672, 0.6205919981002808, -0.7839229702949524]",[0.44],"[2.492809295654297, -0.2292633056640625, -14.676409301757813]","[665.860107421875, 669.857421875, 633.956298828125, 636.35986328125]"
14.772563934326,"[-121.82653045654297, 73.36515045166016, -9.683026313781738]","[-121.82653045654297, 73.36515045166016, -9.683026313781738]","[-9.694268226623535, -3.4350810050964355, -4.694541931152344]","[-9.694268226623535, -3.4350810050964355, -4.694541931152344]","[0.006780930329114199, 0.013349085114896297, 0.617218017578125, -0.7866497039794922]","[[0.23772744140704927, 0.9712497800695251, -0.012631482957917939], [-0.970887703205039, 0.23799187552160217, 0.02714702537440239], [0.029372732458202933, 0.0058101580299894096, 0.9995516418209339]]","[-0.044005196541547775, 0.18776074051856995, 0.30202460289001465]",[0.0],"[0.006780930329114199, 0.013349085114896297, 0.617218017578125, -0.7866497039794922]",[0.44],"[2.4017333984375, -0.07520914077758789, -14.2425590133667]","[666.6617431640625, 669.857421875, 628.5770874023438, 630.4913940429688]"
14.804554462433,"[-122.14559936523438, 73.25179290771484, -9.839442253112793]","[-122.14559936523438, 73.25179290771484, -9.839442253112793]","[-9.643187522888184, -3.4338228702545166, -4.782573699951172]","[-9.643187522888184, -3.4338228702545166, -4.782573699951172]","[0.005605076905339956, 0.010697455145418644, 0.6131114363670349, -0.7899041771888733]","[[0.2479598620987261, 0.9687184894547449, -0.010026855504552235], [-0.9684786492196189, 0.24812589941767305, 0.021972411501344935], [0.023773002514074937, 0.0042625168573732775, 0.999708295132594]]","[-0.03355451300740242, 0.1592295914888382, 0.3350914418697357]",[0.0],"[0.005605076905339956, 0.010697455145418644, 0.6131114363670349, -0.7899041771888733]",[0.44],"[2.554035186767578, 0.06290674209594727, -14.211588439941407]","[667.6179809570312, 669.857421875, 614.8524169921875, 616.115966796875]"
14.835554122925,"[-122.43421936035156, 73.1488265991211, -9.98396110534668]","[-122.43421936035156, 73.1488265991211, -9.98396110534668]","[-9.59816837310791, -3.430323839187622, -4.849613666534424]","[-9.59816837310791, -3.430323839187622, -4.849613666534424]","[0.004682532045990229, 0.008680613711476326, 0.6089270114898682, -0.7931649684906006]","[[0.2582650832472202, 0.9660404422666394, -0.008067676911943655], [-0.965877853259108, 0.2583719371433125, 0.017999761095882638], [0.019472957891825127, 0.0031436795650263694, 0.9998054416784609]]","[-0.026050304993987083, 0.12879419326782227, 0.37387892603874207]",[0.0],"[0.004682532045990229, 0.008680613711476326, 0.6089270114898682, -0.7931649684906006]",[0.44],"[2.250957489013672, 0.17495155334472656, -13.161998329162598]","[667.2570190429688, 669.857421875, 604.1365966796875, 605.9612426757812]"
14.866589784622,"[-122.75016784667969, 73.03571319580078, -10.14515209197998]","[-122.75016784667969, 73.03571319580078, -10.14515209197998]","[-9.549903869628906, -3.4244816303253174, -4.919773578643799]","[-9.549903869628906, -3.4244816303253174, -4.919773578643799]","[0.003880453296005726, 0.0069220298901200294, 0.6037436127662659, -0.7971391081809998]","[[0.27089147109227496, 0.9625890113283564, -0.006350043682622486], [-0.9624815688735477, 0.2709571842523094, 0.01454478482650634], [0.01572123925102753, 0.002171740507642239, 0.9998740551688357]]","[-0.019317228347063065, 0.1028936430811882, 0.41718950867652893]",[0.0],"[0.003880453296005726, 0.0069220298901200294, 0.6037436127662659, -0.7971391081809998]",[0.44],"[2.4132251739501953, 0.2921104431152344, -13.31799560546875]","[668.1770629882812, 669.857421875, 611.2726440429688, 612.2880249023438]"
14.897554159164,"[-123.03602600097656, 72.9330825805664, -10.293725967407227]","[-123.03602600097656, 72.9330825805664, -10.293725967407227]","[-9.507017135620117, -3.4176881313323975, -4.9850568771362305]","[-9.507017135620117, -3.4176881313323975, -4.9850568771362305]","[0.003280697390437126, 0.005626772064715624, 0.5985332727432251, -0.8010715246200562]","[[0.2834525217108317, 0.958972842137353, -0.00508768066118559], [-0.9588990031916359, 0.283494316887833, 0.01199176711849781], [0.012942106845099555, 0.001479474076999776, 0.9999151529215282]]","[-0.014589543454349041, 0.08418437838554382, 0.4526469111442566]",[0.0],"[0.003280697390437126, 0.005626772064715624, 0.5985332727432251, -0.8010715246200562]",[0.44],"[2.144336700439453, 0.3396749496459961, -13.074164924621583]","[668.368408203125, 669.857421875, 617.72314453125, 618.6829223632812]"
14.928589582443,"[-123.32061767578125, 72.8306655883789, -10.4442720413208]","[-123.32061767578125, 72.8306655883789, -10.4442720413208]","[-9.46500015258789, -3.4096474647521973, -5.05136775970459]","[-9.46500015258789, -3.4096474647521973, -5.05136775970459]","[0.0027890349738299847, 0.004577087704092264, 0.5928882360458374, -0.8052669763565063]","[[0.29692517965320886, 0.9548921656313182, -0.004064383100177427], [-0.9548411030005782, 0.29695152168474026, 0.009919238430869948], [0.010678727203794258, 0.0009355673895554695, 0.9999425431041276]]","[-0.010805384255945683, 0.06854800134897232, 0.4846402108669281]",[0.0],"[0.0027890349738299847, 0.004577087704092264, 0.5928882360458374, -0.8052669763565063]",[0.44],"[2.100849151611328, 0.40203332901000977, -13.12554412841797]","[668.6447143554688, 669.857421875, 622.1629028320312, 622.925048828125]"
14.95956158638,"[-123.63221740722656, 72.71830749511719, -10.61218547821045]","[-123.63221740722656, 72.71830749511719, -10.61218547821045]","[-9.419722557067871, -3.3995323181152344, -5.125096321105957]","[-9.419722557067871, -3.3995323181152344, -5.125096321105957]","[0.0023460250813513994, 0.003647229401394725, 0.5862181186676025, -0.8101416826248169]","[[0.31267003012702055, 0.9498565790683584, -0.003158980309255599], [-0.949822353101746, 0.3126856270242687, 0.008077369329841655], [0.008660109947402905, 0.00047491850229747223, 0.9999623877680226]]","[-0.007620369549840689, 0.054929379373788834, 0.5161759257316589]",[0.0],"[0.0023460250813513994, 0.003647229401394725, 0.5862181186676025, -0.8101416826248169]",[0.44],"[2.2638797760009766, 0.5057573318481445, -13.49642807006836]","[668.898681640625, 669.857421875, 628.0962524414062, 628.707763671875]"
14.990564823151,"[-123.9142074584961, 72.61647033691406, -10.766949653625488]","[-123.9142074584961, 72.61647033691406, -10.766949653625488]","[-9.379378318786621, -3.389310598373413, -5.191996097564697]","[-9.379378318786621, -3.389310598373413, -5.191996097564697]","[0.0020163096487522125, 0.002968167420476675, 0.5797690153121948, -0.8147730231285095]","[[0.32771815773218405, 0.9447722761335302, -0.0024987777654235654], [-0.9447483371550942, 0.32772764675865673, 0.006727372421457045], [0.007174753203909756, 0.0001560335891489517, 0.9999742489551288]]","[-0.005391137208789587, 0.044793739914894104, 0.5422321557998657]",[0.0],"[0.0020163096487522125, 0.002968167420476675, 0.5797690153121948, -0.8147730231285095]",[0.44],"[2.0172119140625, 0.5110859870910645, -13.154988822937012]","[669.10107421875, 669.857421875, 631.508056640625, 631.9954833984375]"
15.021555423737,"[-124.19499206542969, 72.51494598388672, -10.923707962036133]","[-124.19499206542969, 72.51494598388672, -10.923707962036133]","[-9.33978271484375, -3.3782260417938232, -5.258382797241211]","[-9.33978271484375, -3.3782260417938232, -5.258382797241211]","[0.0017431526212021708, 0.0024167450610548258, 0.5729743838310242, -0.8195679187774658]","[[0.3433890296335361, 0.9391912720493626, -0.0019638098416953492], [-0.9391744210274108, 0.34339463378479473, 0.005626729956209414], [0.005958937037922343, -8.779790727117542e-05, 0.9999822415244981]]","[-0.0036846790462732315, 0.03656180202960968, 0.5661683082580566]",[0.0],"[0.0017431526212021708, 0.0024167450610548258, 0.5729743838310242, -0.8195679187774658]",[0.44],"[1.9797801971435547, 0.5542278289794922, -13.129334983825684]","[669.25146484375, 669.857421875, 635.927001953125, 636.3236083984375]"
15.053589582443,"[-124.50251007080078, 72.40367889404297, -11.098440170288086]","[-124.50251007080078, 72.40367889404297, -11.098440170288086]","[-9.297069549560547, -3.3651580810546875, -5.331199645996094]","[-9.297069549560547, -3.3651580810546875, -5.331199645996094]","[0.0014961673878133297, 0.001929583726450801, 0.565130889415741, -0.8249977231025696]","[[0.3612467090696323, 0.9324691680063198, -0.0014927435485358187], [-0.9324576200853455, 0.36124967862264235, 0.004649604111715194], [0.00487486517489491, -0.00028773464159007056, 0.9999880763795805]]","[-0.0022713099606335163, 0.02919483371078968, 0.5896636247634888]",[0.0],"[0.0014961673878133297, 0.001929583726450801, 0.565130889415741, -0.8249977231025696]",[0.44],"[2.1356582641601562, 0.6533980369567871, -13.450842437744141]","[669.3457641601562, 669.857421875, 638.8743286132812, 639.214111328125]"
15.084597349167,"[-124.78086853027344, 72.30289459228516, -11.259366035461426]","[-124.78086853027344, 72.30289459228516, -11.259366035461426]","[-9.258994102478027, -3.3525803089141846, -5.3969316482543945]","[-9.258994102478027, -3.3525803089141846, -5.3969316482543945]","[0.0013114985777065158, 0.0015744053525850177, 0.5576916933059692, -0.8300457000732422]","[[0.37795499293061297, 0.9258233136511315, -0.0011508330610319473], [-0.925815054329609, 0.3779565103780028, 0.003933273084221173], [0.0040764805113100155, -0.00042114193608869255, 0.9999916024385328]]","[-0.0013226072769612074, 0.023784298449754715, 0.6086879968643188]",[0.0],"[0.0013114985777065158, 0.0015744053525850177, 0.5576916933059692, -0.8300457000732422]",[0.44],"[1.9037723541259766, 0.6288886070251465, -13.09660011291504]","[669.4508666992188, 669.857421875, 642.5355834960938, 642.8113403320312]"
15.115558385849,"[-125.08573913574219, 72.19249725341797, -11.438650131225586]","[-125.08573913574219, 72.19249725341797, -11.438650131225586]","[-9.217937469482422, -3.338081121444702, -5.468434810638428]","[-9.217937469482422, -3.338081121444702, -5.468434810638428]","[0.0011441007954999804, 0.0012610828271135688, 0.5491966009140015, -0.8356914520263672]","[[0.39676300642922036, 0.9179206953432657, -0.0008510797418489202], [-0.917914924119803, 0.3967635691557535, 0.0032973953143553836], [0.0033644248138152977, -0.0005270657058682182, 0.9999942014069458]]","[-0.0005598388379439712, 0.01895919442176819, 0.6273069381713867]",[0.0],"[0.0011441007954999804, 0.0012610828271135688, 0.5491966009140015, -0.8356914520263672]",[0.44],"[2.0528316497802734, 0.7249593734741211, -13.38515811920166]","[669.534423828125, 669.857421875, 645.7852783203125, 646.0100708007812]"
15.147555351257,"[-125.36173248291016, 72.0925521850586, -11.603670120239258]","[-125.36173248291016, 72.0925521850586, -11.603670120239258]","[-9.181360244750977, -3.32438325881958, -5.532487392425537]","[-9.181360244750977, -3.32438325881958, -5.532487392425537]","[0.0010186828440055251, 0.0010330729419365525, 0.5412125587463379, -0.8408846259117126]","[[0.41417579803107685, 0.9101967447476353, -0.0006347424115292072], [-0.9101925352529052, 0.4141758570810101, 0.002831413584962708], [0.0028400382057501145, -0.0005949653838543539, 0.9999957900911199]]","[-6.635756290052086e-05, 0.015406078658998013, 0.6423460841178894]",[0.0],"[0.0010186828440055251, 0.0010330729419365525, 0.5412125587463379, -0.8408846259117126]",[0.44],"[1.8288612365722656, 0.6848931312561035, -13.01262908935547]","[669.6012573242188, 669.857421875, 648.665771484375, 648.8489379882812]"
15.178552865982,"[-125.66407775878906, 71.98310089111328, -11.787391662597656]","[-125.66407775878906, 71.98310089111328, -11.787391662597656]","[-9.141947746276855, -3.30884051322937, -5.601681232452393]","[-9.141947746276855, -3.30884051322937, -5.601681232452393]","[0.0009047957137227058, 0.0008323834626935422, 0.5321654677391052, -0.8466394543647766]","[[0.43359844416758075, 0.9011060687508028, -0.0004464552929510854], [-0.9011030562028459, 0.4335981925814716, 0.0024180029682807705], [0.0023724594297574106, -0.0006461400292303507, 0.9999969769649749]]","[0.00031362997833639383, 0.012239966541528702, 0.6570327877998352]",[0.0],"[0.0009047957137227058, 0.0008323834626935422, 0.5321654677391052, -0.8466394543647766]",[0.44],"[1.9706249237060547, 0.777137279510498, -13.269692001342774]","[669.6455688476562, 669.857421875, 650.7741088867188, 650.9297485351562]"
15.20955324173,"[-125.93781280517578, 71.88404846191406, -11.95637321472168]","[-125.93781280517578, 71.88404846191406, -11.95637321472168]","[-9.106864929199219, -3.2943577766418457, -5.663271903991699]","[-9.106864929199219, -3.2943577766418457, -5.663271903991699]","[0.000819340639282018, 0.0006867205374874175, 0.5237187147140503, -0.8518906235694885]","[[0.45143647254633323, 0.8923032502216152, -0.00031181352076072727], [-0.8923009995894383, 0.4514360730783601, 0.0021152740107488674], [0.0020282296268317943, -0.0006766804217062591, 0.9999977141916404]]","[0.000545014045201242, 0.009909292683005333, 0.6688725352287292]",[0.0],"[0.000819340639282018, 0.0006867205374874175, 0.5237187147140503, -0.8518906235694885]",[0.44],"[1.754140853881836, 0.7241368293762207, -12.889533576965333]","[669.689697265625, 669.857421875, 653.0785522460938, 653.2056884765625]"
15.240576982498,"[-126.21051025390625, 71.78543853759766, -12.127181053161621]","[-126.21051025390625, 71.78543853759766, -12.127181053161621]","[-9.072492599487305, -3.2796123027801514, -5.723618984222412]","[-9.072492599487305, -3.2796123027801514, -5.723618984222412]","[0.0007480731001123786, 0.0005693131242878735, 0.5150763392448425, -0.8571438193321228]","[[0.4693920812653968, 0.8829898531115327, -0.00020533694370917371], [-0.8829881495601973, 0.4693916102735376, 0.0018688919082243752], [0.001746595959282872, -0.0006959330284554074, 0.9999982325384068]]","[0.0006980813341215253, 0.008003588765859604, 0.6791120767593384]",[0.0],"[0.0007480731001123786, 0.0005693131242878735, 0.5150763392448425, -0.8571438193321228]",[0.44],"[1.7186164855957031, 0.7372736930847168, -12.827354011535645]","[667.06640625, 667.2003784179688, 661.6653442382812, 661.7691040039062]"
15.270566940308,"[-126.48219299316406, 71.68727111816406, -12.299823760986328]","[-126.48219299316406, 71.68727111816406, -12.299823760986328]","[-9.038826942443848, -3.2646734714508057, -5.782711982727051]","[-9.038826942443848, -3.2646734714508057, -5.782711982727051]","[0.0007211384363472462, 0.0005540785496123135, 0.506337583065033, -0.8623349070549011]","[[0.4872438899456434, 0.8732659443962547, -0.0002253235633313741], [-0.8732643461268992, 0.48724346387043294, 0.001804827280240194], [0.001685881534992821, -0.000682624105684683, 0.9999983459126329]]","[0.008726873435080051, -0.0487932451069355, 0.6742717027664185]",[0.0],"[0.0007211384363472462, 0.0005540785496123135, 0.506337583065033, -0.8623349070549011]",[0.44],"[1.6832828521728516, 0.7469415664672852, -12.764649925231934]","[635.279541015625, 659.826904296875, 650.87158203125, 669.8465576171875]"
15.301581144333,"[-126.77986907958984, 71.57980346679688, -12.491055488586426]","[-126.77986907958984, 71.57980346679688, -12.491055488586426]","[-9.001859664916992, -3.2489423751831055, -5.794969081878662]","[-9.001859664916992, -3.2489423751831055, -5.794969081878662]","[0.003445226699113846, 0.007353056222200394, 0.4967956840991974, -0.8678295612335205]","[[0.5062799616492073, 0.8623186270002599, -0.009339251600348986], [-0.8622172952177927, 0.5063643573468044, 0.013285672341539767], [0.016185546619801316, 0.001326194042971851, 0.9998681259543698]]","[0.14087525010108948, -1.0658009052276611, 0.6589559316635132]",[0.0],"[0.003445226699113846, 0.007353056222200394, 0.4967956840991974, -0.8678295612335205]",[0.44],"[1.8483638763427734, 0.7865548133850098, -10.422854957580567]","[522.146728515625, 656.8439331054688, 558.4777221679688, 669.857421875]"
15.332569599152,"[-127.04936981201172, 71.48247528076172, -12.664507865905762]","[-127.04936981201172, 71.48247528076172, -12.664507865905762]","[-8.963155746459961, -3.2419936656951904, -5.781336784362793]","[-8.963155746459961, -3.2419936656951904, -5.781336784362793]","[0.015471438877284527, 0.03422778844833374, 0.4879457950592041, -0.8720653653144836]","[[0.5214747191639546, 0.852100362317708, -0.044599290586833096], [-0.8499821497701759, 0.5233390713262153, 0.06038682288800057], [0.07479618476157901, 0.0064183989021612264, 0.9971781861540051]]","[0.21129289269447327, -2.584087610244751, 0.646221399307251]",[0.0],"[0.015471438877284527, 0.03422778844833374, 0.4879457950592041, -0.8720653653144836]",[0.44],"[1.9351959228515625, 0.34743547439575195, -9.128385124206543]","[613.7700805664062, 642.26611328125, 630.4791870117188, 669.857421875]"
15.364578008652,"[-127.34423828125, 71.37528991699219, -12.856075286865234]","[-127.34423828125, 71.37528991699219, -12.856075286865234]","[-8.903693199157715, -3.2581722736358643, -5.826104164123535]","[-8.903693199157715, -3.2581722736358643, -5.826104164123535]","[0.03244493156671524, 0.06953108310699463, 0.47764796018600464, -0.8751943707466125]","[[0.5340357092242343, 0.8405814743731188, -0.09071191429188108], [-0.8315577494404547, 0.5415995050915602, 0.1232140029640556], [0.15270093581674526, 0.009631517098262599, 0.9882255097951987]]","[0.15359915792942047, -1.929805040359497, 0.6322893500328064]",[0.0],"[0.03244493156671524, 0.06953108310699463, 0.47764796018600464, -0.8751943707466125]",[0.44],"[2.9731273651123047, -0.8089303970336914, -12.04836898803711]","[650.0877075195312, 594.597412109375, 669.8054809570312, 616.4024658203125]"
15.394914150238,"[-127.61034393310547, 71.27703857421875, -13.031764030456543]","[-127.61034393310547, 71.27703857421875, -13.031764030456543]","[-8.833401679992676, -3.2953238487243652, -5.892929553985596]","[-8.833401679992676, -3.2953238487243652, -5.892929553985596]","[0.042913589626550674, 0.09275998920202255, 0.4682374894618988, -0.8776717185974121]","[[0.5442984757313177, 0.8298789323962825, -0.1226381353389645], [-0.8139562759547669, 0.5578241545755644, 0.16219549685037338], [0.2030131412211016, 0.01153932101549815, 0.9791080164572094]]","[0.19696283340454102, -1.5741361379623413, 0.6196478605270386]",[0.0],"[0.042913589626550674, 0.09275998920202255, 0.4682374894618988, -0.8776717185974121]",[0.44],"[3.514575958251953, -1.8575787544250488, -13.151269493103028]","[649.892578125, 638.8232421875, 669.8570556640625, 658.6679077148438]"
15.426429986954,"[-127.87413024902344, 71.17738342285156, -13.209817886352539]","[-127.87413024902344, 71.17738342285156, -13.209817886352539]","[-8.74902629852295, -3.3502330780029297, -5.978986740112305]","[-8.74902629852295, -3.3502330780029297, -5.978986740112305]","[0.05183214694261551, 0.11324884742498398, 0.4588077962398529, -0.8797633647918701]","[[0.5533402093328846, 0.8190244430270587, -0.15170238791256674], [-0.7955447194238042, 0.5736176693056975, 0.1951189562247646], [0.24682636036505334, 0.012718860230276352, 0.9689762542004636]]","[0.1671619862318039, -1.4321165084838867, 0.6078751683235168]",[0.0],"[0.05183214694261551, 0.11324884742498398, 0.4588077962398529, -0.8797633647918701]",[0.44],"[4.218769073486328, -2.7454614639282227, -14.11285930633545]","[654.5138549804688, 646.7467651367188, 669.7881469726562, 667.1536865234375]"
15.457425355911,"[-128.1351776123047, 71.07586669921875, -13.390549659729004]","[-128.1351776123047, 71.07586669921875, -13.390549659729004]","[-8.652286529541016, -3.4200680255889893, -6.070359230041504]","[-8.652286529541016, -3.4200680255889893, -6.070359230041504]","[0.060357701033353806, 0.13263364136219025, 0.44934213161468506, -0.8813949227333069]","[[0.5609999318699539, 0.8081066700952978, -0.17956272007715146], [-0.7760848234060812, 0.5888971933638787, 0.22559370874431428], [0.2880477522439078, 0.012797823789702623, 0.9575305302099484]]","[0.17482389509677887, -1.410677194595337, 0.5972376465797424]",[0.0],"[0.060357701033353806, 0.13263364136219025, 0.44934213161468506, -0.8813949227333069]",[0.44],"[4.83698844909668, -3.4917473793029785, -14.378624496459961]","[654.4217529296875, 650.5712280273438, 669.4566650390625, 667.1762084960938]"
15.488568067551,"[-128.4187774658203, 70.9615249633789, -13.592523574829102]","[-128.4187774658203, 70.9615249633789, -13.592523574829102]","[-8.5325288772583, -3.5121712684631348, -6.16945743560791]","[-8.5325288772583, -3.5121712684631348, -6.16945743560791]","[0.06889986991882324, 0.15280534327030182, 0.4388677477836609, -0.8827788829803467]","[[0.5680912540466845, 0.7959028968775712, -0.20931079902344862], [-0.7537898237806715, 0.6052958157609325, 0.255769374109553], [0.3302625219588933, 0.012475973291833142, 0.9438066699864289]]","[0.19835427403450012, -1.2434942722320557, 0.5869629383087158]",[0.0],"[0.06889986991882324, 0.15280534327030182, 0.4388677477836609, -0.8827788829803467]",[0.44],"[5.987882614135742, -4.605162143707275, -14.764910278320313]","[654.2969970703125, 645.8792114257812, 669.85693359375, 658.209716796875]"
15.520604133606,"[-128.69815063476562, 70.8438491821289, -13.797853469848633]","[-128.69815063476562, 70.8438491821289, -13.797853469848633]","[-8.396828651428223, -3.6209425926208496, -6.275078773498535]","[-8.396828651428223, -3.6209425926208496, -6.275078773498535]","[0.07543616741895676, 0.17270618677139282, 0.42809155583381653, -0.8838663101196289]","[[0.5738203857493342, 0.7828079933355658, -0.24071118751988196], [-0.7306948220572602, 0.622094008937843, 0.28121909428650227], [0.3698855326259678, 0.014517146501862754, 0.9289639153920478]]","[0.3660721480846405, -1.3084954023361206, 0.578137993812561]",[0.0],"[0.07543616741895676, 0.17270618677139282, 0.42809155583381653, -0.8838663101196289]",[0.44],"[6.785011291503906, -5.438566207885742, -15.09106689453125]","[653.1017456054688, 653.568115234375, 669.837890625, 661.4570922851562]"
15.551216840744,"[-128.94805908203125, 70.73361206054688, -13.987468719482422]","[-128.94805908203125, 70.73361206054688, -13.987468719482422]","[-8.260685920715332, -3.729696273803711, -6.364463806152344]","[-8.260685920715332, -3.729696273803711, -6.364463806152344]","[0.07960672676563263, 0.1906244158744812, 0.41799813508987427, -0.884648323059082]","[[0.5778797822678001, 0.7699126700769181, -0.27072021301766647], [-0.7092127269194055, 0.6378806562300983, 0.3002092153511384], [0.40382206633224094, 0.01851338600138064, 0.9146502022523495]]","[0.3694184124469757, -1.063953161239624, 0.5714988708496094]",[0.0],"[0.07960672676563263, 0.1906244158744812, 0.41799813508987427, -0.884648323059082]",[0.44],"[6.807136535644531, -5.437684059143066, -14.27925163269043]","[663.6918334960938, 634.5911865234375, 669.8572998046875, 651.248291015625]"
15.581738233566,"[-129.1936492919922, 70.61996459960938, -14.179770469665527]","[-129.1936492919922, 70.61996459960938, -14.179770469665527]","[-8.110654830932617, -3.848442792892456, -6.456487655639648]","[-8.110654830932617, -3.848442792892456, -6.456487655639648]","[0.08252416551113129, 0.20451052486896515, 0.40828999876976013, -0.8858129382133484]","[[0.5829494442448193, 0.7570912477128409, -0.2949285549894336], [-0.6895830061006216, 0.6529780780225614, 0.3132011509443453], [0.4297037207294947, 0.02079725684426581, 0.9027304146490236]]","[0.3359038531780243, -0.8494705557823181, 0.565146803855896]",[0.0],"[0.08252416551113129, 0.20451052486896515, 0.40828999876976013, -0.8858129382133484]",[0.44],"[7.501554489135742, -5.937325954437256, -14.411192474365235]","[660.0643920898438, 651.31884765625, 669.857421875, 662.0169677734375]"
15.613739013672,"[-129.45840454101562, 70.49070739746094, -14.394532203674316]","[-129.45840454101562, 70.49070739746094, -14.394532203674316]","[-7.93258810043335, -3.9872217178344727, -6.558552265167236]","[-7.93258810043335, -3.9872217178344727, -6.558552265167236]","[0.08473353087902069, 0.2172679305076599, 0.39783892035484314, -0.8873213529586792]","[[0.5890376796476229, 0.7428416959351427, -0.31815235521965146], [-0.6692021803403758, 0.6690888443913336, 0.32324702032287433], [0.4529935409907049, 0.02250353528071969, 0.8912297502353854]]","[0.32504189014434814, -0.6875848770141602, 0.5587153434753418]",[0.0],"[0.08473353087902069, 0.2172679305076599, 0.39783892035484314, -0.8873213529586792]",[0.44],"[8.903336524963379, -6.93894624710083, -14.913230476379395]","[662.8486328125, 649.9214477539062, 669.857421875, 661.2308959960938]"
15.644769906998,"[-129.69383239746094, 70.36913299560547, -14.592665672302246]","[-129.69383239746094, 70.36913299560547, -14.592665672302246]","[-7.760927677154541, -4.1182966232299805, -6.649977207183838]","[-7.760927677154541, -4.1182966232299805, -6.649977207183838]","[0.0859934538602829, 0.22662295401096344, 0.3885873854160309, -0.8889583945274353]","[[0.5952837612217556, 0.7298522176249427, -0.3360848119243789], [-0.6518998554672515, 0.6832099395774249, 0.3290148477157677], [0.46974869751822457, 0.023236436981743047, 0.8824943252170483]]","[0.3140944242477417, -0.5531138181686401, 0.5533602237701416]",[0.0],"[0.0859934538602829, 0.22662295401096344, 0.3885873854160309, -0.8889583945274353]",[0.44],"[8.58302116394043, -6.553745269775391, -14.381247100830079]","[662.0709228515625, 653.8291015625, 669.857421875, 662.8848876953125]"
15.674745798111,"[-129.9239959716797, 70.24356842041016, -14.793530464172363]","[-129.9239959716797, 70.24356842041016, -14.793530464172363]","[-7.58121919631958, -4.252591609954834, -6.7404375076293945]","[-7.58121919631958, -4.252591609954834, -6.7404375076293945]","[0.08661399781703949, 0.23440919816493988, 0.3795017600059509, -0.8908023238182068]","[[0.6020614839361111, 0.7167283349691052, -0.3518841876739458], [-0.6355158638564968, 0.696952859069071, 0.33222930759156455], [0.4833648461248181, 0.02360550546914908, 0.8751006863956396]]","[0.3098447322845459, -0.4518526494503021, 0.5484736561775208]",[0.0],"[0.08661399781703949, 0.23440919816493988, 0.3795017600059509, -0.8908023238182068]",[0.44],"[8.985424041748047, -6.714749336242676, -14.333015022277833]","[663.2738647460938, 655.9710693359375, 669.857421875, 664.3806762695312]"
15.705740451813,"[-130.14866638183594, 70.11394500732422, -14.997081756591797]","[-130.14866638183594, 70.11394500732422, -14.997081756591797]","[-7.39479398727417, -4.388578414916992, -6.829167366027832]","[-7.39479398727417, -4.388578414916992, -6.829167366027832]","[0.08673688769340515, 0.2408633530139923, 0.37057027220726013, -0.8928265571594238]","[[0.6093250370621881, 0.7034934358405405, -0.36581417226880397], [-0.6199264854412139, 0.7103087713389975, 0.3333955902183501], [0.49438262060062677, 0.023631602946244, 0.8689231149762371]]","[0.30662599205970764, -0.36450639367103577, 0.5440337061882019]",[0.0],"[0.08673688769340515, 0.2408633530139923, 0.37057027220726013, -0.8928265571594238]",[0.44],"[9.321260452270508, -6.79934024810791, -14.246492919921875]","[663.4982299804688, 658.3108520507812, 669.857421875, 665.259521484375]"
15.73673915863,"[-130.36764526367188, 69.98023986816406, -15.203271865844727]","[-130.36764526367188, 69.98023986816406, -15.203271865844727]","[-7.202565670013428, -4.525224208831787, -6.916247367858887]","[-7.202565670013428, -4.525224208831787, -6.916247367858887]","[0.08641254156827927, 0.24625390768051147, 0.36175471544265747, -0.8950002789497375]","[[0.6169850776141601, 0.6900999945327095, -0.378274343361622], [-0.6049822903975359, 0.7233327970294247, 0.3328455222159432], [0.5033149209044607, 0.023488526982480273, 0.8637837712235771]]","[0.30627384781837463, -0.2955280840396881, 0.5400137305259705]",[0.0],"[0.08641254156827927, 0.24625390768051147, 0.36175471544265747, -0.8950002789497375]",[0.44],"[9.61141586303711, -6.832289695739746, -14.164000091552735]","[664.3294067382812, 660.193359375, 669.857421875, 666.3341064453125]"
15.76877117157,"[-130.6017608642578, 69.82843017578125, -15.433065414428711]","[-130.6017608642578, 69.82843017578125, -15.433065414428711]","[-6.985471725463867, -4.675127029418945, -7.009832382202148]","[-6.985471725463867, -4.675127029418945, -7.009832382202148]","[0.08564335107803345, 0.25118446350097656, 0.35216793417930603, -0.8975239992141724]","[[0.6257682228632131, 0.6751829037451316, -0.3905664843930374], [-0.5891337869732851, 0.7372859251040094, 0.3306521531494724], [0.5112098524944138, 0.023184301286832465, 0.8591431634237026]]","[0.3068050742149353, -0.23315727710723877, 0.53598552942276]",[0.0],"[0.08564335107803345, 0.25118446350097656, 0.35216793417930603, -0.8975239992141724]",[0.44],"[10.854697227478027, -7.49514102935791, -14.489250717163086]","[664.6367797851562, 661.3369140625, 669.857421875, 666.793212890625]"
15.799749135971,"[-130.808349609375, 69.68616485595703, -15.644559860229492]","[-130.808349609375, 69.68616485595703, -15.644559860229492]","[-6.786584854125977, -4.807857513427734, -7.086699962615967]","[-6.786584854125977, -4.807857513427734, -7.086699962615967]","[0.08461323380470276, 0.2549385130405426, 0.34355777502059937, -0.8998972773551941]","[[0.6339488195831446, 0.6614757567299367, -0.400697878869849], [-0.575191068691046, 0.7496173117760119, 0.3274586540726787], [0.5169760162428148, 0.02288577915639678, 0.8556939104675756]]","[0.3081853985786438, -0.1882801204919815, 0.5258601307868958]",[0.0],"[0.08461323380470276, 0.2549385130405426, 0.34355777502059937, -0.8998972773551941]",[0.44],"[9.944343566894531, -6.636524200439453, -13.653379020690918]","[642.6650390625, 640.0480346679688, 669.857421875, 667.536865234375]"
15.830742835999,"[-131.02871704101562, 69.52519989013672, -15.87962818145752]","[-131.02871704101562, 69.52519989013672, -15.87962818145752]","[-6.568946838378906, -4.947676658630371, -7.158071994781494]","[-6.568946838378906, -4.947676658630371, -7.158071994781494]","[0.08314043283462524, 0.2584417760372162, 0.3343610167503357, -0.9024955630302429]","[[0.6428211177528222, 0.6464925903794843, -0.41088727303919015], [-0.5605447458903505, 0.7625807578115058, 0.3228934534964587], [0.5220829516617833, 0.022757966529805884, 0.8525910336536011]]","[0.30907657742500305, -0.14794424176216125, 0.5027751326560974]",[0.0],"[0.08314043283462524, 0.2584417760372162, 0.3343610167503357, -0.9024955630302429]",[0.44],"[10.881900787353516, -6.990957260131836, -13.378601608276368]","[633.0711059570312, 630.8983764648438, 669.857421875, 668.0479125976562]"
15.862740039825,"[-131.22280883789062, 69.3749008178711, -16.09526824951172]","[-131.22280883789062, 69.3749008178711, -16.09526824951172]","[-6.369958877563477, -5.071004390716553, -7.217012405395508]","[-6.369958877563477, -5.071004390716553, -7.217012405395508]","[0.08152438700199127, 0.2611628770828247, 0.3263495862483978, -0.9047893285751343]","[[0.6505797983786419, 0.6331375329686288, -0.41938386847453035], [-0.5479729591212141, 0.7736994437588982, 0.3179855845149042], [0.5258056683435468, 0.02293600300277987, 0.8502954519155419]]","[0.3078610599040985, -0.11834851652383804, 0.4772041440010071]",[0.0],"[0.08152438700199127, 0.2611628770828247, 0.3263495862483978, -0.9047893285751343]",[0.44],"[9.949398040771484, -6.166386604309082, -12.757020530700684]","[620.408935546875, 618.5889892578125, 669.857421875, 668.6181030273438]"
15.892772912979,"[-131.41098022460938, 69.22100830078125, -16.312484741210938]","[-131.41098022460938, 69.22100830078125, -16.312484741210938]","[-6.175272464752197, -5.186773300170898, -7.260534763336182]","[-6.175272464752197, -5.186773300170898, -7.260534763336182]","[0.07967816293239594, 0.26353293657302856, 0.3187843859195709, -0.9069610238075256]","[[0.6578538132701564, 0.6202456665715719, -0.4272278954393487], [-0.5362543855382977, 0.7840558112912013, 0.3125503471665656], [0.5288285124057621, 0.023490394253490976, 0.8484035633858293]]","[0.3046736717224121, -0.09480004012584686, 0.4363550543785095]",[0.0],"[0.07967816293239594, 0.26353293657302856, 0.3187843859195709, -0.9069610238075256]",[0.44],"[9.734320640563965, -5.788445472717285, -11.986117897033692]","[593.899169921875, 592.1973266601562, 669.857421875, 668.9584350585938]"
15.924746274948,"[-131.61131286621094, 69.0478515625, -16.552650451660156]","[-131.61131286621094, 69.0478515625, -16.552650451660156]","[-5.965041637420654, -5.306502819061279, -7.294062614440918]","[-5.965041637420654, -5.306502819061279, -7.294062614440918]","[0.07737772911787033, 0.2658267915248871, 0.3112638592720032, -0.9091004729270935]","[[0.6649018536373656, 0.6070783902723513, -0.43515674261006954], [-0.5248020964048101, 0.7942549938953202, 0.30617280632602206], [0.5314963049577974, 0.024796285785700256, 0.8466976078882914]]","[0.29668888449668884, -0.07355055958032608, 0.3770065903663635]",[0.0],"[0.07737772911787033, 0.2658267915248871, 0.3112638592720032, -0.9091004729270935]",[0.44],"[10.511541366577148, -5.986475944519043, -11.486392555236817]","[577.1742553710938, 575.36328125, 669.857421875, 669.5210571289062]"
15.955750703812,"[-131.78744506835938, 68.88710021972656, -16.771774291992188]","[-131.78744506835938, 68.88710021972656, -16.771774291992188]","[-5.777944087982178, -5.408489227294922, -7.311758995056152]","[-5.777944087982178, -5.408489227294922, -7.311758995056152]","[0.07508819550275803, 0.26767417788505554, 0.305320143699646, -0.9107645153999329]","[[0.6702602886895743, 0.5963478474370381, -0.4417244085310177], [-0.5159511634367457, 0.8022827454947342, 0.3002279648917492], [0.5334281630952145, 0.02667730893444986, 0.8454245947793985]]","[0.28462743759155273, -0.05839282274246216, 0.3099411725997925]",[0.0],"[0.07508819550275803, 0.26767417788505554, 0.305320143699646, -0.9107645153999329]",[0.44],"[9.354877471923828, -5.099320411682129, -10.69481903076172]","[544.3294067382812, 542.3851318359375, 669.7160034179688, 669.8540649414062]"
15.986739397049,"[-131.97482299804688, 68.70689392089844, -17.01313591003418]","[-131.97482299804688, 68.70689392089844, -17.01313591003418]","[-5.57886266708374, -5.51202392578125, -7.313866138458252]","[-5.57886266708374, -5.51202392578125, -7.313866138458252]","[0.07237424701452255, 0.2695029079914093, 0.3000490069389343, -0.9121955633163452]","[[0.6746775520382666, 0.5864168858825471, -0.4482470720519123], [-0.5083966057461375, 0.8094651236080804, 0.29376709386997213], [0.5351103558305548, 0.029689225769937266, 0.8442603019065097]]","[0.2653557360172272, -0.045198261737823486, 0.2181597352027893]",[0.0],"[0.07237424701452255, 0.2695029079914093, 0.3000490069389343, -0.9121955633163452]",[0.44],"[9.954071044921875, -5.176734924316406, -9.915357170104981]","[529.9287719726562, 527.681396484375, 669.3475341796875, 669.857421875]"
16.017739534378,"[-132.13949584960938, 68.54016876220703, -17.232519149780273]","[-132.13949584960938, 68.54016876220703, -17.232519149780273]","[-5.398591041564941, -5.602301597595215, -7.311093330383301]","[-5.398591041564941, -5.602301597595215, -7.311093330383301]","[0.06978980451822281, 0.27100175619125366, 0.296591192483902, -0.9130833148956299]","[[0.6771834253644666, 0.5794512575814634, -0.45349628108073814], [-0.5037986192267327, 0.8143260954525705, 0.28820128017882496], [0.5362924464618506, 0.0333056559571574, 0.8433748626531291]]","[0.24064645171165466, -0.03565119206905365, 0.13055866956710815]",[0.0],"[0.06978980451822281, 0.27100175619125366, 0.296591192483902, -0.9130833148956299]",[0.44],"[9.013581275939941, -4.513883590698242, -9.671359596252442]","[526.3450927734375, 523.7208862304688, 668.8271484375, 669.857421875]"
16.049747467041,"[-132.31443786621094, 68.35372161865234, -17.473621368408203]","[-132.31443786621094, 68.35372161865234, -17.473621368408203]","[-5.204477787017822, -5.695667743682861, -7.2973432540893555]","[-5.204477787017822, -5.695667743682861, -7.2973432540893555]","[0.06691195070743561, 0.2724824547767639, 0.29435884952545166, -0.9135802984237671]","[[0.6782123590897626, 0.5743055563516055, -0.45847695504090424], [-0.50137622602095, 0.8177513171171564, 0.2826741235987491], [0.5372614543598822, 0.03815636401708744, 0.842552205382709]]","[0.2077847123146057, -0.02790314331650734, 0.023466553539037704]",[0.0],"[0.06691195070743561, 0.2724824547767639, 0.29435884952545166, -0.9135802984237671]",[0.44],"[9.705662727355957, -4.668307304382324, -9.122496185302735]","[490.26617431640625, 487.271728515625, 668.4562377929688, 669.857421875]"
16.080888032913,"[-132.46800231933594, 68.18165588378906, -17.69220733642578]","[-132.46800231933594, 68.18165588378906, -17.69220733642578]","[-5.032147407531738, -5.775413990020752, -7.275180339813232]","[-5.032147407531738, -5.775413990020752, -7.275180339813232]","[0.06429043412208557, 0.2736968398094177, 0.2939728796482086, -0.9135298132896423]","[[0.6773399718193556, 0.5722981570128738, -0.46226115783271915], [-0.5019138024161123, 0.8188933722234673, 0.27838135285849575], [0.5378597340435309, 0.043456439739060215, 0.8419135599174634]]","[0.1712581366300583, -0.02277928590774536, -0.08371932804584503]",[0.0],"[0.06429043412208557, 0.2736968398094177, 0.2939728796482086, -0.9135298132896423]",[0.44],"[8.6165189743042, -3.9873123168945312, -8.701854286193848]","[496.18585205078125, 492.629150390625, 667.870361328125, 669.857421875]"
16.112885475159,"[-132.63088989257812, 67.98960876464844, -17.93197250366211]","[-132.63088989257812, 67.98960876464844, -17.93197250366211]","[-4.838462829589844, -5.863295078277588, -7.256686210632324]","[-4.838462829589844, -5.863295078277588, -7.256686210632324]","[0.06153308227658272, 0.27487194538116455, 0.2953855097293854, -0.912911057472229]","[[0.6743856285685705, 0.5731488321593803, -0.4655153149077582], [-0.5054939600367261, 0.817922160854909, 0.27473484181472774], [0.5382192384017126, 0.05003791697216453, 0.8413181868558348]]","[0.12338463962078094, -0.01912245899438858, -0.19388404488563538]",[0.0],"[0.06153308227658272, 0.27487194538116455, 0.2953855097293854, -0.912911057472229]",[0.44],"[9.684228897094727, -4.394054412841797, -8.88529354095459]","[511.512451171875, 507.8739929199219, 667.4855346679688, 669.857421875]"
16.143883705139,"[-132.7733612060547, 67.81250762939453, -18.14949607849121]","[-132.7733612060547, 67.81250762939453, -18.14949607849121]","[-4.658854007720947, -5.943632125854492, -7.245282173156738]","[-4.658854007720947, -5.943632125854492, -7.245282173156738]","[0.05924926698207855, 0.27578499913215637, 0.29825109243392944, -0.9118543863296509]","[[0.6699778402312884, 0.5766032518134443, -0.46760920507852255], [-0.5112430156405106, 0.8150716204481081, 0.2725597625049616], [0.5382938394917804, 0.056452946567262074, 0.8408643172315258]]","[0.07635733485221863, -0.01767539232969284, -0.2865152060985565]",[0.0],"[0.05924926698207855, 0.27578499913215637, 0.29825109243392944, -0.9118543863296509]",[0.44],"[8.980441093444824, -4.016852378845215, -9.239798126220704]","[523.3063354492188, 519.6897583007812, 667.2313842773438, 669.857421875]"
16.174892902374,"[-132.910400390625, 67.63298797607422, -18.366743087768555]","[-132.910400390625, 67.63298797607422, -18.366743087768555]","[-4.476524829864502, -6.024508476257324, -7.238326072692871]","[-4.476524829864502, -6.024508476257324, -7.238326072692871]","[0.05725320428609848, 0.27654698491096497, 0.3025307357311249, -0.9103400707244873]","[[0.6639938381492776, 0.5824781047672309, -0.4688618955737076], [-0.5191453006799827, 0.8103944490739171, 0.27156769769669786], [0.5381453116362587, 0.06308815354065622, 0.8404876714712576]]","[0.027045780792832375, -0.017815330997109413, -0.3722587525844574]",[0.0],"[0.05725320428609848, 0.27654698491096497, 0.3025307357311249, -0.9103400707244873]",[0.44],"[9.116458892822266, -4.043817520141602, -9.462194976806641]","[536.7945556640625, 533.3255004882812, 666.9989013671875, 669.857421875]"
16.205465316772,"[-133.05477905273438, 67.43269348144531, -18.605546951293945]","[-133.05477905273438, 67.43269348144531, -18.605546951293945]","[-4.2736101150512695, -6.114298343658447, -7.234959602355957]","[-4.2736101150512695, -6.114298343658447, -7.234959602355957]","[0.05545230209827423, 0.2772100567817688, 0.308761328458786, -0.9081553220748901]","[[0.6556420529348284, 0.5915503590082043, -0.4692565238741695], [-0.5300626157548347, 0.8031829684807348, 0.27190209733185355], [0.5377426297220138, 0.07046488424444419, 0.8401592532221005]]","[-0.02808498777449131, -0.019711297005414963, -0.4589702785015106]",[0.0],"[0.05545230209827423, 0.2772100567817688, 0.308761328458786, -0.9081553220748901]",[0.44],"[10.145735740661621, -4.489493370056152, -9.641676483154297]","[549.2944946289062, 546.074462890625, 666.8331298828125, 669.857421875]"
16.237454175949,"[-133.18020629882812, 67.2480239868164, -18.82259178161621]","[-133.18020629882812, 67.2480239868164, -18.82259178161621]","[-4.08773946762085, -6.196902275085449, -7.235007286071777]","[-4.08773946762085, -6.196902275085449, -7.235007286071777]","[0.05421145260334015, 0.27765655517578125, 0.3157075047492981, -0.9057023525238037]","[[0.6464712176257805, 0.6019783898835556, -0.46871846557225005], [-0.5417697291598813, 0.7947797797032154, 0.2735153967368191], [0.5371783152931915, 0.0771176361105077, 0.8399359115491083]]","[-0.07806070894002914, -0.022900415584445, -0.5311701893806458]",[0.0],"[0.05421145260334015, 0.27765655517578125, 0.3157075047492981, -0.9057023525238037]",[0.44],"[9.293532371520996, -4.130196571350098, -9.812384185791016]","[563.3900756835938, 560.4826049804688, 666.707275390625, 669.857421875]"
16.268420696259,"[-133.31166076660156, 67.04196166992188, -19.0615234375]","[-133.31166076660156, 67.04196166992188, -19.0615234375]","[-3.8755955696105957, -6.293238162994385, -7.250125885009766]","[-3.8755955696105957, -6.293238162994385, -7.250125885009766]","[0.05333726108074188, 0.27797552943229675, 0.3245757222175598, -0.9025161266326904]","[[0.6347604111675675, 0.615522554004376, -0.4671308361710391], [-0.5562167404548246, 0.7836114742547085, 0.27672369300016797], [0.5363787563165925, 0.08417273989701712, 0.8397694832344782]]","[-0.13317611813545227, -0.028060808777809143, -0.5894958972930908]",[0.0],"[0.05333726108074188, 0.27797552943229675, 0.3245757222175598, -0.9025161266326904]",[0.44],"[10.607194900512695, -4.816794395446777, -10.565929946899415]","[604.6533203125, 602.0723266601562, 666.551025390625, 669.857421875]"
16.298422336578,"[-133.4248809814453, 66.85176086425781, -19.27948760986328]","[-133.4248809814453, 66.85176086425781, -19.27948760986328]","[-3.6731009483337402, -6.388206481933594, -7.2829813957214355]","[-3.6731009483337402, -6.388206481933594, -7.2829813957214355]","[0.052994899451732635, 0.27813422679901123, 0.333350270986557, -0.8992833495140076]","[[0.6230378974322104, 0.6290320872749842, -0.4649112299943261], [-0.5700733057417882, 0.7721382749305795, 0.28074710112039813], [0.5355746863668878, 0.09011737837594946, 0.8396657850300339]]","[-0.14925633370876312, -0.033805303275585175, -0.6168744564056396]",[0.0],"[0.052994899451732635, 0.27813422679901123, 0.333350270986557, -0.8992833495140076]",[0.44],"[10.124731063842773, -4.748415946960449, -11.452775535583497]","[638.4828491210938, 641.6947021484375, 669.7720947265625, 667.8955078125]"
16.330446481705,"[-133.53199768066406, 66.65863800048828, -19.498594284057617]","[-133.53199768066406, 66.65863800048828, -19.498594284057617]","[-3.466974973678589, -6.487398624420166, -7.324333190917969]","[-3.466974973678589, -6.487398624420166, -7.324333190917969]","[0.0525035560131073, 0.2784043550491333, 0.34227001667022705, -0.8958714604377747]","[[0.6106845015564772, 0.6424943166960659, -0.4628882463165027], [-0.5840254420976052, 0.760189224589082, 0.2846518012947392], [0.5347698182839125, 0.09650605168018345, 0.8394687833913093]]","[-0.15936586260795593, -0.04018506407737732, -0.6184409260749817]",[0.0],"[0.0525035560131073, 0.2784043550491333, 0.34227001667022705, -0.8958714604377747]",[0.44],"[10.306298732757568, -4.959607124328613, -11.87758975982666]","[669.7175903320312, 665.219482421875, 648.4989013671875, 654.2537231445312]"
16.361415147781,"[-133.6427764892578, 66.44275665283203, -19.740943908691406]","[-133.6427764892578, 66.44275665283203, -19.740943908691406]","[-3.245757579803467, -6.5957841873168945, -7.362183094024658]","[-3.245757579803467, -6.5957841873168945, -7.362183094024658]","[0.05287551507353783, 0.2784270942211151, 0.3521735966205597, -0.8919957280158997]","[[0.5969042220938512, 0.6577186394458077, -0.45946883658500526], [-0.598830735376328, 0.7463558754980948, 0.2904388094613952], [0.533954277851455, 0.10177987521245102, 0.8393650662185888]]","[-0.22092770040035248, -0.045640818774700165, -0.6047115921974182]",[0.0],"[0.05287551507353783, 0.2784270942211151, 0.3521735966205597, -0.8919957280158997]",[0.44],"[11.060869693756104, -5.419278144836426, -11.702495155334473]","[669.7938232421875, 669.2538452148438, 648.58349609375, 650.35107421875]"
16.392449140549,"[-133.73719787597656, 66.243408203125, -19.962247848510742]","[-133.73719787597656, 66.243408203125, -19.962247848510742]","[-3.0503950119018555, -6.693930625915527, -7.3890275955200195]","[-3.0503950119018555, -6.693930625915527, -7.3890275955200195]","[0.053622785955667496, 0.27835431694984436, 0.361050546169281, -0.8884177207946777]","[[0.584322754692499, 0.6713796745540475, -0.4558687433630557], [-0.6116751387234973, 0.7335341998744331, 0.29627882288942686], [0.5333108879887045, 0.10572108976384698, 0.8392869421234765]]","[-0.23166784644126892, -0.050965066999197006, -0.5898189544677734]",[0.0],"[0.053622785955667496, 0.27835431694984436, 0.361050546169281, -0.8884177207946777]",[0.44],"[9.768128395080566, -4.907321929931641, -11.152225074768067]","[669.810791015625, 668.6251220703125, 642.2178344726562, 644.6753540039062]"
16.42330288887,"[-133.8258819580078, 66.04114532470703, -20.18417739868164]","[-133.8258819580078, 66.04114532470703, -20.18417739868164]","[-2.8628222942352295, -6.790362358093262, -7.404517650604248]","[-2.8628222942352295, -6.790362358093262, -7.404517650604248]","[0.054731760174036026, 0.278195858001709, 0.3697334825992584, -0.8848212957382202]","[[0.5718084328714337, 0.6847484162656805, -0.45183491049628866], [-0.6238438203394416, 0.7206031725465514, 0.3025723007577694], [0.5327795676880236, 0.10886099293687312, 0.8392229980378896]]","[-0.2522997260093689, -0.05497220158576965, -0.5692779421806335]",[0.0],"[0.054731760174036026, 0.278195858001709, 0.3697334825992584, -0.8848212957382202]",[0.44],"[9.378635883331299, -4.821586608886719, -10.584502754211426]","[669.857421875, 669.5032348632812, 636.6717529296875, 638.1511840820312]"
16.454304456711,"[-133.91708374023438, 65.81535339355469, -20.428586959838867]","[-133.91708374023438, 65.81535339355469, -20.428586959838867]","[-2.669363021850586, -6.891913890838623, -7.401341438293457]","[-2.669363021850586, -6.891913890838623, -7.401341438293457]","[0.05637730658054352, 0.2779048979282379, 0.37895599007606506, -0.8808988928794861]","[[0.5583224505859299, 0.6989788834775803, -0.4468831977554393], [-0.6363087649546406, 0.7064279137763854, 0.3099528653834227], [0.5323412698876462, 0.1113020375821101, 0.8391809340204381]]","[-0.272912859916687, -0.058539245277643204, -0.5324145555496216]",[0.0],"[0.05637730658054352, 0.2779048979282379, 0.37895599007606506, -0.8808988928794861]",[0.44],"[9.672963619232178, -5.077576637268066, -9.65118938446045]","[669.3634643554688, 669.6791381835938, 598.763916015625, 599.4400634765625]"
16.485338449478,"[-133.9946746826172, 65.60726165771484, -20.650360107421875]","[-133.9946746826172, 65.60726165771484, -20.650360107421875]","[-2.503849506378174, -6.980988025665283, -7.382601261138916]","[-2.503849506378174, -6.980988025665283, -7.382601261138916]","[0.05819321796298027, 0.27756524085998535, 0.38676607608795166, -0.8774868249893188]","[[0.5467390789077342, 0.7110691013606125, -0.44210535872630263], [-0.6464594431193635, 0.6940511035412837, 0.31683320226414136], [0.5321340089921938, 0.11257807399915354, 0.8391421728989028]]","[-0.2751519978046417, -0.060939155519008636, -0.4880801737308502]",[0.0],"[0.05819321796298027, 0.27756524085998535, 0.38676607608795166, -0.8774868249893188]",[0.44],"[8.275675773620605, -4.453706741333008, -8.87299114227295]","[669.795166015625, 669.6052856445312, 603.6683959960938, 604.7446899414062]"
16.516304969788,"[-134.06735229492188, 65.39647674560547, -20.87151336669922]","[-134.06735229492188, 65.39647674560547, -20.87151336669922]","[-2.342715263366699, -7.070657730102539, -7.358997821807861]","[-2.342715263366699, -7.070657730102539, -7.358997821807861]","[0.06023145467042923, 0.2771742343902588, 0.39399078488349915, -0.8742527365684509]","[[0.5358914104341164, 0.7222842584032776, -0.43717938964334335], [-0.6555058290653264, 0.6822868665903367, 0.32372321646004476], [0.5321019420444526, 0.11309316016755933, 0.8390932313169158]]","[-0.2725062966346741, -0.061824701726436615, -0.44483086466789246]",[0.0],"[0.06023145467042923, 0.2771742343902588, 0.39399078488349915, -0.8742527365684509]",[0.44],"[8.05671215057373, -4.483485221862793, -8.629828033447266]","[668.5339965820312, 669.8565673828125, 594.1931762695312, 593.258056640625]"
16.548058509827,"[-134.14187622070312, 65.16156768798828, -21.113689422607422]","[-134.14187622070312, 65.16156768798828, -21.113689422607422]","[-2.176506519317627, -7.1653594970703125, -7.315800189971924]","[-2.176506519317627, -7.1653594970703125, -7.315800189971924]","[0.06248569115996361, 0.2767762839794159, 0.40110844373703003, -0.8709778785705566]","[[0.5250138099788071, 0.7333022776079121, -0.4320049646440558], [-0.6641240480033515, 0.670415109526239, 0.33088191851564375], [0.5322591179920786, 0.1131872996055634, 0.8389808540536148]]","[-0.24477984011173248, -0.061575278639793396, -0.38591083884239197]",[0.0],"[0.06248569115996361, 0.2767762839794159, 0.40110844373703003, -0.8709778785705566]",[0.44],"[8.310437202453613, -4.735088348388672, -7.6501184082031255]","[667.9526977539062, 669.857421875, 584.0646362304688, 582.1876831054688]"
16.57843208313,"[-134.2049560546875, 64.94530487060547, -21.33251953125]","[-134.2049560546875, 64.94530487060547, -21.33251953125]","[-2.029390335083008, -7.251955032348633, -7.272098541259766]","[-2.029390335083008, -7.251955032348633, -7.272098541259766]","[0.0645100325345993, 0.27645236253738403, 0.40673327445983887, -0.8683205842971802]","[[0.5162842693893523, 0.7420176508672522, -0.42762180040097775], [-0.6706818472610383, 0.6608129982991247, 0.33691552758092413], [0.532575307474211, 0.11285397100703065, 0.8388250938997674]]","[-0.24563051760196686, -0.06003941223025322, -0.3325765132904053]",[0.0],"[0.0645100325345993, 0.27645236253738403, 0.40673327445983887, -0.8683205842971802]",[0.44],"[7.355809211730957, -4.329776763916016, -7.62491756439209]","[669.8291015625, 668.9818725585938, 587.7662353515625, 588.772216796875]"
16.608913421631,"[-134.263671875, 64.7264175415039, -21.550024032592773]","[-134.263671875, 64.7264175415039, -21.550024032592773]","[-1.8843581676483154, -7.340221881866455, -7.227441787719727]","[-1.8843581676483154, -7.340221881866455, -7.227441787719727]","[0.06678547710180283, 0.2760128676891327, 0.4116925001144409, -0.865947961807251]","[[0.5086523644390848, 0.7498758648405741, -0.4230354003372039], [-0.6761412606211521, 0.6520979707956113, 0.34293035067465283], [0.5330157204947117, 0.11159935957612888, 0.8387131938366118]]","[-0.23838497698307037, -0.05720793083310127, -0.283374547958374]",[0.0],"[0.06678547710180283, 0.2760128676891327, 0.4116925001144409, -0.865947961807251]",[0.44],"[7.251608371734619, -4.413342475891113, -7.577162322998047]","[668.8755493164062, 669.853271484375, 597.0802612304688, 595.8206176757812]"
16.640915155411,"[-134.32325744628906, 64.48255920410156, -21.787702560424805]","[-134.32325744628906, 64.48255920410156, -21.787702560424805]","[-1.7272937297821045, -7.439087390899658, -7.177074909210205]","[-1.7272937297821045, -7.439087390899658, -7.177074909210205]","[0.06913621723651886, 0.2755858600139618, 0.41632357239723206, -0.8636824488639832]","[[0.5014542336535435, 0.7572486528261626, -0.4184712670144135], [-0.68103679728521, 0.6437897330652631, 0.34888925430241], [0.533603414782168, 0.1100423046702943, 0.8385452344531799]]","[-0.20972223579883575, -0.05343978479504585, -0.23450247943401337]",[0.0],"[0.06913621723651886, 0.2755858600139618, 0.41632357239723206, -0.8636824488639832]",[0.44],"[7.853221893310547, -4.943275451660156, -7.291656074523926]","[669.4652709960938, 669.857421875, 604.9207153320312, 604.132080078125]"
16.671912431717,"[-134.37295532226562, 64.25801086425781, -22.002328872680664]","[-134.37295532226562, 64.25801086425781, -22.002328872680664]","[-1.5863369703292847, -7.530600547790527, -7.1306915283203125]","[-1.5863369703292847, -7.530600547790527, -7.1306915283203125]","[0.07121758908033371, 0.27519524097442627, 0.4198842942714691, -0.8619123101234436]","[[0.49592951753835557, 0.7630043672973077, -0.41458203750506817], [-0.6846094009429873, 0.6372504688594701, 0.35386695253813283], [0.5341946260279138, 0.10833368563552259, 0.8383912687012244]]","[-0.19109809398651123, -0.04927016794681549, -0.19441859424114227]",[0.0],"[0.07121758908033371, 0.27519524097442627, 0.4198842942714691, -0.8619123101234436]",[0.44],"[7.047837972640991, -4.575657844543457, -7.490830955505372]","[668.2410278320312, 669.8571166992188, 612.7940063476562, 610.5445556640625]"
16.701911449432,"[-134.41847229003906, 64.03069305419922, -22.215545654296875]","[-134.41847229003906, 64.03069305419922, -22.215545654296875]","[-1.4471451044082642, -7.623410224914551, -7.083492279052734]","[-1.4471451044082642, -7.623410224914551, -7.083492279052734]","[0.07312582433223724, 0.27485090494155884, 0.42285290360450745, -0.8604098558425903]","[[0.49130480393208664, 0.7678510096505757, -0.41112592070322496], [-0.6874562136813243, 0.6316960714579358, 0.3582793663698709], [0.5348117892926636, 0.10660664648158757, 0.8382191877370739]]","[-0.17746978998184204, -0.04490368813276291, -0.15816807746887207]",[0.0],"[0.07312582433223724, 0.27485090494155884, 0.42285290360450745, -0.8604098558425903]",[0.44],"[6.959593296051025, -4.640483856201172, -7.450037536621094]","[669.8228759765625, 669.6035766601562, 617.10791015625, 616.8064575195312]"
16.733914136887,"[-134.46372985839844, 63.777408599853516, -22.448434829711914]","[-134.46372985839844, 63.777408599853516, -22.448434829711914]","[-1.2960546016693115, -7.726738929748535, -7.030442237854004]","[-1.2960546016693115, -7.726738929748535, -7.030442237854004]","[0.07522787898778915, 0.27441972494125366, 0.42556506395339966, -0.8590279221534729]","[[0.4871763818110111, 0.7724325729774835, -0.4074396979633912], [-0.6898565175385114, 0.6264702851306748, 0.36281259273918476], [0.5354971264934596, 0.10432119843961107, 0.8380691615723305]]","[-0.1620558202266693, -0.039877697825431824, -0.12235855311155319]",[0.0],"[0.07522787898778915, 0.27441972494125366, 0.42556506395339966, -0.8590279221534729]",[0.44],"[7.554525136947632, -5.166435241699219, -7.157497940063477]","[668.8916015625, 669.8569946289062, 623.3422241210938, 621.728759765625]"
16.764921426773,"[-134.5005645751953, 63.5441780090332, -22.658613204956055]","[-134.5005645751953, 63.5441780090332, -22.658613204956055]","[-1.1605583429336548, -7.8215861320495605, -6.981001377105713]","[-1.1605583429336548, -7.8215861320495605, -6.981001377105713]","[0.07700308412313461, 0.2740447521209717, 0.4275381565093994, -0.8580099940299988]","[[0.48422119712699896, 0.7758686044306025, -0.40442275899944846], [-0.6914594400263034, 0.6225632995281395, 0.36646800774331556], [0.5361097855256212, 0.10219034474818667, 0.8379399977409613]]","[-0.14658237993717194, -0.03537196293473244, -0.09319061040878296]",[0.0],"[0.07700308412313461, 0.2740447521209717, 0.4275381565093994, -0.8580099940299988]",[0.44],"[6.774812936782837, -4.7423601150512695, -7.33795696258545]","[669.40869140625, 669.857421875, 628.60693359375, 627.5368041992188]"
16.795918226242,"[-134.5333709716797, 63.3080940246582, -22.86728858947754]","[-134.5333709716797, 63.3080940246582, -22.86728858947754]","[-1.0269935131072998, -7.916901588439941, -6.929842948913574]","[-1.0269935131072998, -7.916901588439941, -6.929842948913574]","[0.0786193236708641, 0.27369970083236694, 0.42907947301864624, -0.8572037816047668]","[[0.48195855919662733, 0.7786532644978452, -0.4017649612156431], [-0.6925809230244111, 0.6194196155591535, 0.369663409912774], [0.5367007130947501, 0.10009228368127854, 0.8378149514196175]]","[-0.11509516835212708, -0.030963724479079247, -0.06699302792549133]",[0.0],"[0.0786193236708641, 0.27369970083236694, 0.42907947301864624, -0.8572037816047668]",[0.44],"[6.678241491317749, -4.765772819519043, -7.252078590393067]","[668.1031494140625, 669.857421875, 633.4226684570312, 630.982421875]"
16.827945232391,"[-134.5648651123047, 63.04508590698242, -23.09503746032715]","[-134.5648651123047, 63.04508590698242, -23.09503746032715]","[-0.8815394043922424, -8.022554397583008, -6.8727216720581055]","[-0.8815394043922424, -8.022554397583008, -6.8727216720581055]","[0.08006445318460464, 0.27343007922172546, 0.43027758598327637, -0.8565552234649658]","[[0.4801943815544103, 0.7808970871819638, -0.39951604594093126], [-0.6933289680735215, 0.6169017646733089, 0.37246092002375875], [0.5373158044983022, 0.09814241766720144, 0.8376513502261024]]","[-0.10369669646024704, -0.02632831037044525, -0.041143011301755905]",[0.0],"[0.08006445318460464, 0.27343007922172546, 0.43027758598327637, -0.8565552234649658]",[0.44],"[7.272705435752869, -5.28264045715332, -6.953936157226563]","[669.84423828125, 669.476318359375, 635.7669067382812, 635.5824584960938]"
16.859941959381,"[-134.59156799316406, 62.77859115600586, -23.32086944580078]","[-134.59156799316406, 62.77859115600586, -23.32086944580078]","[-0.7380690574645996, -8.128326416015625, -6.813483238220215]","[-0.7380690574645996, -8.128326416015625, -6.813483238220215]","[0.08146300911903381, 0.2731265723705292, 0.4310884177684784, -0.8561124205589294]","[[0.47912930306199186, 0.7826197225327238, -0.3974185825666279], [-0.6936208727100404, 0.6150531084222841, 0.3749663917132988], [0.5378896213977615, 0.0960004160216581, 0.8375313072207966]]","[-0.08491167426109314, -0.021982159465551376, -0.017277289181947708]",[0.0],"[0.08146300911903381, 0.2731265723705292, 0.4310884177684784, -0.8561124205589294]",[0.44],"[7.173517346382141, -5.288600921630859, -6.848078308105469]","[668.9317626953125, 669.85693359375, 639.3113403320312, 637.8050537109375]"
16.890915632248,"[-134.61178588867188, 62.53329086303711, -23.524456024169922]","[-134.61178588867188, 62.53329086303711, -23.524456024169922]","[-0.6089958548545837, -8.224709510803223, -6.758363246917725]","[-0.6089958548545837, -8.224709510803223, -6.758363246917725]","[0.08252783119678497, 0.27290770411491394, 0.4314664900302887, -0.8558897972106934]","[[0.47871610603133874, 0.7836204951854624, -0.39594185175172125], [-0.6935305714354714, 0.6140516501177955, 0.37677051580788223], [0.5383738263768771, 0.09423160097886374, 0.8374210842253631]]","[-0.06075781583786011, -0.01828974299132824, 0.002094757277518511]",[0.0],"[0.08252783119678497, 0.27290770411491394, 0.4314664900302887, -0.8558897972106934]",[0.44],"[6.4536601305007935, -4.819154739379883, -7.054000434875489]","[667.9264526367188, 669.857421875, 642.9346313476562, 640.4176025390625]"
16.921912670135,"[-134.6281280517578, 62.28511047363281, -23.726350784301758]","[-134.6281280517578, 62.28511047363281, -23.726350784301758]","[-0.48257043957710266, -8.319663047790527, -6.698777198791504]","[-0.48257043957710266, -8.319663047790527, -6.698777198791504]","[0.08301661163568497, 0.27293673157691956, 0.4314134418964386, -0.8558599352836609]","[[0.4787759654143535, 0.7837755262168433, -0.395562262527251], [-0.693142395631106, 0.6139813686871961, 0.3775983333030988], [0.5388201911685742, 0.0933959658551542, 0.8372275654972768]]","[0.07231385260820389, -0.014880537986755371, 0.01927977241575718]",[0.0],"[0.08301661163568497, 0.27293673157691956, 0.4314134418964386, -0.8558599352836609]",[0.44],"[6.321270763874054, -4.747676849365234, -6.830697593688965]","[652.915771484375, 669.857421875, 646.6392211914062, 628.6074829101562]"
16.952919483185,"[-134.64178466796875, 62.00886917114258, -23.946252822875977]","[-134.64178466796875, 62.00886917114258, -23.946252822875977]","[-0.34595873951911926, -8.4213285446167, -6.627233028411865]","[-0.34595873951911926, -8.4213285446167, -6.627233028411865]","[0.08121735602617264, 0.27410104870796204, 0.4303343594074249, -0.8562036752700806]","[[0.4793619084211933, 0.7814312451593897, -0.3994714128417054], [-0.6923841953191423, 0.6164321603870383, 0.3749873958679437], [0.5392738883548565, 0.09683300096663316, 0.8365447123546267]]","[0.1022736206650734, -0.011348948813974857, 0.04165467992424965]",[0.0],"[0.08121735602617264, 0.27410104870796204, 0.4303343594074249, -0.8562036752700806]",[0.44],"[6.83058500289917, -5.083274841308594, -6.232791481018067]","[669.5658569335938, 659.5548095703125, 622.2054443359375, 632.3880615234375]"
16.983912229538,"[-134.6503143310547, 61.75485610961914, -24.144071578979492]","[-134.6503143310547, 61.75485610961914, -24.144071578979492]","[-0.22141669690608978, -8.51285457611084, -6.561211585998535]","[-0.22141669690608978, -8.51285457611084, -6.561211585998535]","[0.08064189553260803, 0.27459535002708435, 0.42934831976890564, -0.8565946817398071]","[[0.48051482811024115, 0.7798427537171815, -0.40118690822755276], [-0.6912671955946852, 0.618313809993051, 0.37394894197826467], [0.5396807576271723, 0.09763926662366806, 0.8361885568568219]]","[0.08095661550760269, -0.00840919092297554, 0.0666472464799881]",[0.0],"[0.08064189553260803, 0.27459535002708435, 0.42934831976890564, -0.8565946817398071]",[0.44],"[6.227102130651474, -4.576301574707031, -6.508927879333497]","[665.572021484375, 669.7275390625, 633.8788452148438, 629.0659790039062]"
17.014916419983,"[-134.65504455566406, 61.49807357788086, -24.339962005615234]","[-134.65504455566406, 61.49807357788086, -24.339962005615234]","[-0.0950021892786026, -8.605438232421875, -6.498166084289551]","[-0.0950021892786026, -8.605438232421875, -6.498166084289551]","[0.07980932295322418, 0.2751888930797577, 0.42795032262802124, -0.8571814894676208]","[[0.48225918897622044, 0.7775874684187576, -0.40346479949699265], [-0.689736911454987, 0.620977986664641, 0.37235649979915486], [0.5400825015232176, 0.09871220250936652, 0.8358030901905713]]","[0.08074106276035309, -0.005281597375869751, 0.08932851999998093]",[0.0],"[0.07980932295322418, 0.2751888930797577, 0.42795032262802124, -0.8571814894676208]",[0.44],"[6.320725381374359, -4.629182815551758, -6.657724914550782]","[669.833984375, 666.7977294921875, 634.8682250976562, 637.662353515625]"
17.046913385391,"[-134.6558380126953, 61.212406158447266, -24.553281784057617]","[-134.6558380126953, 61.212406158447266, -24.553281784057617]","[0.04540034011006355, -8.707618713378906, -6.430493354797363]","[0.04540034011006355, -8.707618713378906, -6.430493354797363]","[0.07930807769298553, 0.27559977769851685, 0.4261981248855591, -0.8579686284065247]","[[0.48479984175312296, 0.7750438184387587, -0.40531001852022186], [-0.6876146641112246, 0.6241307743133535, 0.3710079022275874], [0.5405138345243365, 0.09883253166835182, 0.8355099826903429]]","[0.07447011023759842, -0.002089410787448287, 0.11251688003540039]",[0.0],"[0.07930807769298553, 0.27559977769851685, 0.4261981248855591, -0.8579686284065247]",[0.44],"[7.020126469433308, -5.1090240478515625, -6.4263635253906255]","[669.073974609375, 669.8486938476562, 640.5934448242188, 639.3953247070312]"
17.077912330627,"[-134.65255737304688, 60.94977569580078, -24.745298385620117]","[-134.65255737304688, 60.94977569580078, -24.745298385620117]","[0.17417052388191223, -8.800844192504883, -6.370533466339111]","[0.17417052388191223, -8.800844192504883, -6.370533466339111]","[0.07882116734981537, 0.27595627307891846, 0.42430415749549866, -0.8588371872901917]","[[0.4876282345608569, 0.7723187695211067, -0.4071147207620145], [-0.6853139871947675, 0.6275064110192949, 0.36956788723998635], [0.540891316782715, 0.09878968857740666, 0.8352707178520116]]","[0.07407772541046143, 0.0008388957940042019, 0.13147030770778656]",[0.0],"[0.07882116734981537, 0.27595627307891846, 0.42430415749549866, -0.8588371872901917]",[0.44],"[6.438509188592434, -4.661273956298828, -6.812005577087403]","[669.8499145507812, 668.9987182617188, 642.2451782226562, 642.7705688476562]"
17.108911514282,"[-134.6444549560547, 60.65765380859375, -24.9544620513916]","[-134.6444549560547, 60.65765380859375, -24.9544620513916]","[0.3168696463108063, -8.903511047363281, -6.305904388427734]","[0.3168696463108063, -8.903511047363281, -6.305904388427734]","[0.07840482145547867, 0.2762534022331238, 0.4219738841056824, -0.859927237033844]","[[0.4912441977747761, 0.7690528698759911, -0.4089460757226968], [-0.6824144751617647, 0.6315814502105973, 0.3679883252441245], [0.5412852238914203, 0.09829855930675802, 0.8350734834543169]]","[0.07714517414569855, 0.0038303022738546133, 0.1500282883644104]",[0.0],"[0.07840482145547867, 0.2762534022331238, 0.4219738841056824, -0.859927237033844]",[0.44],"[7.134956121444702, -5.133342742919922, -6.578546104431153]","[669.4684448242188, 669.8529052734375, 646.2736206054688, 645.5411987304688]"
17.139920949936,"[-134.6329803466797, 60.389137268066406, -25.142772674560547]","[-134.6329803466797, 60.389137268066406, -25.142772674560547]","[0.44741401076316833, -8.996796607971191, -6.248110294342041]","[0.44741401076316833, -8.996796607971191, -6.248110294342041]","[0.07800115644931793, 0.27650314569473267, 0.4196157455444336, -0.8610368371009827]","[[0.4949372730242132, 0.7657443589348265, -0.4106977612013125], [-0.6794740984305729, 0.6356768913675164, 0.36637388533083204], [0.5416198148685467, 0.09772640917347353, 0.8349236600269729]]","[0.08021768182516098, 0.006436892785131931, 0.16502398252487183]",[0.0],"[0.07800115644931793, 0.27650314569473267, 0.4196157455444336, -0.8610368371009827]",[0.44],"[6.527218222618103, -4.664278030395508, -6.9202952957153325]","[669.85595703125, 669.7944946289062, 649.001953125, 648.7691650390625]"
17.170915365219,"[-134.6175994873047, 60.11783218383789, -25.32935905456543]","[-134.6175994873047, 60.11783218383789, -25.32935905456543]","[0.5785950422286987, -9.089832305908203, -6.190916538238525]","[0.5785950422286987, -9.089832305908203, -6.190916538238525]","[0.0776016116142273, 0.2767205834388733, 0.4170617461204529, -0.8622431755065918]","[[0.49897043724841694, 0.7621652151978182, -0.4124715419015601], [-0.6762693622310749, 0.6400749795956671, 0.36464205947833506], [0.5419301964679235, 0.09699621938761283, 0.8348074171522484]]","[0.08558493107557297, 0.008834419772028923, 0.178410604596138]",[0.0],"[0.0776016116142273, 0.2767205834388733, 0.4170617461204529, -0.8622431755065918]",[0.44],"[6.55905157327652, -4.651784896850586, -6.950312194824219]","[669.6019287109375, 669.857421875, 651.55419921875, 651.0302734375]"
17.201928138733,"[-134.5961151123047, 59.81617736816406, -25.53263282775879]","[-134.5961151123047, 59.81617736816406, -25.53263282775879]","[0.7236005663871765, -9.19176959991455, -6.128604888916016]","[0.7236005663871765, -9.19176959991455, -6.128604888916016]","[0.07711416482925415, 0.27694931626319885, 0.4140337407588959, -0.8636715412139893]","[[0.5037502754690841, 0.7578917484389969, -0.41453075337088663], [-0.6724648875443187, 0.645258934191764, 0.36253534200116455], [0.5422422178899033, 0.0961301036511184, 0.8347049636080666]]","[0.09150480479001999, 0.011280650272965431, 0.1914720982313156]",[0.0],"[0.07711416482925415, 0.27694931626319885, 0.4140337407588959, -0.8636715412139893]",[0.44],"[7.250276207923889, -5.096864700317383, -6.694417533874512]","[669.6873168945312, 669.857421875, 653.364990234375, 652.9623413085938]"
17.23291182518,"[-134.57241821289062, 59.539031982421875, -25.71565055847168]","[-134.57241821289062, 59.539031982421875, -25.71565055847168]","[0.8560268878936768, -9.28394603729248, -6.07237434387207]","[0.8560268878936768, -9.28394603729248, -6.07237434387207]","[0.07663056254386902, 0.2771477997303009, 0.4111030399799347, -0.8650497794151306]","[[0.5083667752478185, 0.7537251717053213, -0.41648717160985704], [-0.6687732045008072, 0.6502440948069328, 0.3604511084358162], [0.5424994004784853, 0.09529410353569112, 0.8346337079777264]]","[0.09778409451246262, 0.013291632756590843, 0.20199261605739594]",[0.0],"[0.07663056254386902, 0.2771477997303009, 0.4111030399799347, -0.8650497794151306]",[0.44],"[6.621316075325012, -4.608821868896484, -6.998472747802735]","[669.5755004882812, 669.857421875, 655.3483276367188, 654.8699951171875]"
17.26368021965,"[-134.54473876953125, 59.259132385253906, -25.896987915039062]","[-134.54473876953125, 59.259132385253906, -25.896987915039062]","[0.9890441298484802, -9.37557601928711, -6.016519546508789]","[0.9890441298484802, -9.37557601928711, -6.016519546508789]","[0.07609320431947708, 0.2773459255695343, 0.40801459550857544, -0.8664947748184204]","[[0.5132066548439038, 0.749293310478738, -0.41854331468363437], [-0.6648767497525898, 0.6554678282167358, 0.3581910991584447], [0.5427318666090857, 0.09445364339037532, 0.8345781236527453]]","[0.10383596271276474, 0.015127390623092651, 0.21136322617530823]",[0.0],"[0.07609320431947708, 0.2773459255695343, 0.40801459550857544, -0.8664947748184204]",[0.44],"[6.650862097740173, -4.581499099731445, -7.017260131835938]","[669.584228515625, 669.857421875, 657.0946044921875, 656.6644287109375]"
17.294666290283,"[-134.50967407226562, 58.94807815551758, -26.094528198242188]","[-134.50967407226562, 58.94807815551758, -26.094528198242188]","[1.1360465288162231, -9.475630760192871, -5.955448150634766]","[1.1360465288162231, -9.475630760192871, -5.955448150634766]","[0.07543981075286865, 0.2775651216506958, 0.4044521152973175, -0.8681502938270569]","[[0.5187521793491197, 0.7441293659665327, -0.4209129017611346], [-0.6603715249708308, 0.6614546427701935, 0.3555097889114833], [0.5429600659076428, 0.09353741342604138, 0.8345328763932116]]","[0.11069924384355545, 0.01693020761013031, 0.2204861342906952]",[0.0],"[0.07543981075286865, 0.2775651216506958, 0.4044521152973175, -0.8681502938270569]",[0.44],"[7.350119948387146, -5.002737045288086, -6.756430206298829]","[669.5567626953125, 669.857421875, 658.2339477539062, 657.8028564453125]"
17.325641870499,"[-134.47357177734375, 58.66244888305664, -26.27236557006836]","[-134.47357177734375, 58.66244888305664, -26.27236557006836]","[1.2703301906585693, -9.565844535827637, -5.900250434875488]","[1.2703301906585693, -9.565844535827637, -5.900250434875488]","[0.07478487491607666, 0.2777690887451172, 0.4010758399963379, -0.8697067499160767]","[[0.5239650078178784, 0.7391825836608632, -0.42316648974735926], [-0.6560908774314385, 0.6670907861100375, 0.3528947621992131], [0.5431441158513053, 0.09273112017464769, 0.834503111642988]]","[0.11666160076856613, 0.018391141667962074, 0.22782078385353088]",[0.0],"[0.07478487491607666, 0.2777690887451172, 0.4010758399963379, -0.8697067499160767]",[0.44],"[6.71418309211731, -4.510688781738281, -7.050114212036133]","[669.5626831054688, 669.857421875, 659.63720703125, 659.2481689453125]"
17.356513977051,"[-134.43344116210938, 58.374114990234375, -26.44855308532715]","[-134.43344116210938, 58.374114990234375, -26.44855308532715]","[1.4052451848983765, -9.655274391174316, -5.845335006713867]","[1.4052451848983765, -9.655274391174316, -5.845335006713867]","[0.07407262921333313, 0.2779785990715027, 0.3975803256034851, -0.8713042140007019]","[[0.5293155663025431, 0.7340080376007059, -0.42550820946413737], [-0.651645614807645, 0.6728862605889017, 0.35011723181067467], [0.5433074896279102, 0.09195805590792006, 0.8344822881193377]]","[0.12248679250478745, 0.019693639129400253, 0.23434287309646606]",[0.0],"[0.07407262921333313, 0.2779785990715027, 0.3975803256034851, -0.8713042140007019]",[0.44],"[6.7457497119903564, -4.471492767333984, -7.064228591918946]","[669.5568237304688, 669.857421875, 660.8731689453125, 660.5104370117188]"
17.388514757156,"[-134.3845977783203, 58.053863525390625, -26.640460968017578]","[-134.3845977783203, 58.053863525390625, -26.640460968017578]","[1.5544096231460571, -9.752671241760254, -5.785250186920166]","[1.5544096231460571, -9.752671241760254, -5.785250186920166]","[0.07322338968515396, 0.2782166004180908, 0.3936097025871277, -0.8731009364128113]","[[0.5353338505621466, 0.7280659249185639, -0.42817947542845847], [-0.6465780747213934, 0.679419474464578, 0.34688032689358916], [0.5434652219740377, 0.09115468648787672, 0.834467716909633]]","[0.12851986289024353, 0.02095591090619564, 0.24068301916122437]",[0.0],"[0.07322338968515396, 0.2782166004180908, 0.3936097025871277, -0.8731009364128113]",[0.44],"[7.458221912384033, -4.869842529296875, -6.805759010314942]","[669.5614013671875, 669.857421875, 661.95947265625, 661.632568359375]"
17.418926954269,"[-134.33592224121094, 57.75996398925781, -26.81320571899414]","[-134.33592224121094, 57.75996398925781, -26.81320571899414]","[1.690725326538086, -9.840261459350586, -5.730912208557129]","[1.690725326538086, -9.840261459350586, -5.730912208557129]","[0.07239383459091187, 0.2784401774406433, 0.3898964822292328, -0.8747634291648865]","[[0.5409036014641853, 0.722449071926544, -0.43068636598635024], [-0.6418196633301356, 0.6854797317169865, 0.3437806493850637], [0.5435907717546762, 0.09047073339649714, 0.8344604006000935]]","[0.133701354265213, 0.02195974998176098, 0.2457732856273651]",[0.0],"[0.07239383459091187, 0.2784401774406433, 0.3898964822292328, -0.8747634291648865]",[0.44],"[6.81578516960144, -4.379510879516602, -7.093101081848145]","[669.5658569335938, 669.857421875, 662.750244140625, 662.4503784179688]"
17.449930667877,"[-134.28314208984375, 57.46344757080078, -26.984323501586914]","[-134.28314208984375, 57.46344757080078, -26.984323501586914]","[1.8277419805526733, -9.926887512207031, -5.676846027374268]","[1.8277419805526733, -9.926887512207031, -5.676846027374268]","[0.07151179015636444, 0.2786705195903778, 0.386093407869339, -0.8764477372169495]","[[0.5465492438221382, 0.7166378428023501, -0.43325983111950084], [-0.6369249319235015, 0.6916358885369447, 0.3405383944964946], [0.543700754176732, 0.08983300782897885, 0.8344576107597219]]","[0.13852958381175995, 0.022846974432468414, 0.25029441714286804]",[0.0],"[0.07151179015636444, 0.2786705195903778, 0.386093407869339, -0.8764477372169495]",[0.44],"[6.85083270072937, -4.331302642822266, -7.106690940856934]","[669.5744018554688, 669.857421875, 663.6094360351562, 663.343994140625]"
17.481965065002,"[-134.22032165527344, 57.13429641723633, -27.170686721801758]","[-134.22032165527344, 57.13429641723633, -27.170686721801758]","[1.9792931079864502, -10.021004676818848, -5.617687225341797]","[1.9792931079864502, -10.021004676818848, -5.617687225341797]","[0.07048435509204865, 0.2789311408996582, 0.38181594014167786, -0.8783199787139893]","[[0.5528280129802834, 0.7100336999986041, -0.43615748686581224], [-0.6313925736729971, 0.6984970870819693, 0.33681634612302247], [0.5438056880848139, 0.08918507706655276, 0.834458748647346]]","[0.14345787465572357, 0.023690996691584587, 0.2546846270561218]",[0.0],"[0.07048435509204865, 0.2789311408996582, 0.38181594014167786, -0.8783199787139893]",[0.44],"[7.577556371688843, -4.70585823059082, -6.852059898376465]","[669.5838623046875, 669.857421875, 664.3641967773438, 664.1311645507812]"
17.512776851654,"[-134.1588592529297, 56.83238983154297, -27.33841896057129]","[-134.1588592529297, 56.83238983154297, -27.33841896057129]","[2.1178438663482666, -10.105447769165039, -5.564195156097412]","[2.1178438663482666, -10.105447769165039, -5.564195156097412]","[0.06950157135725021, 0.279174268245697, 0.3778494894504547, -0.8800346851348877]","[[0.5585829825430206, 0.7038474136049908, -0.43884381200004663], [-0.6262352123026451, 0.7047985898018075, 0.33329929638019706], [0.543888345013412, 0.08864412251716658, 0.8344625190567053]]","[0.14757737517356873, 0.02436032146215439, 0.2582058310508728]",[0.0],"[0.06950157135725021, 0.279174268245697, 0.3778494894504547, -0.8800346851348877]",[0.44],"[6.92753791809082, -4.22215461730957, -7.135396537780762]","[669.5941162109375, 669.857421875, 665.0267333984375, 664.82470703125]"
17.543782711029,"[-134.08645629882812, 56.49738693237305, -27.521074295043945]","[-134.08645629882812, 56.49738693237305, -27.521074295043945]","[2.271124839782715, -10.197053909301758, -5.505675792694092]","[2.271124839782715, -10.197053909301758, -5.505675792694092]","[0.06837069988250732, 0.2794475257396698, 0.3734090328216553, -0.8819298148155212]","[[0.5649495491303451, 0.6968531641642031, -0.44184573541955174], [-0.6204290725031782, 0.7117822832095442, 0.32929277799408396], [0.5439666830854186, 0.0881001432493349, 0.8344690555111054]]","[0.15173014998435974, 0.024996137246489525, 0.2616231441497803]",[0.0],"[0.06837069988250732, 0.2794475257396698, 0.3734090328216553, -0.8819298148155212]",[0.44],"[7.664048671722412, -4.5803070068359375, -6.884031829833985]","[669.6019897460938, 669.857421875, 665.457275390625, 665.2764282226562]"
17.574067115784,"[-134.01622009277344, 56.19023132324219, -27.685453414916992]","[-134.01622009277344, 56.19023132324219, -27.685453414916992]","[2.411280393600464, -10.279119491577148, -5.452773094177246]","[2.411280393600464, -10.279119491577148, -5.452773094177246]","[0.0673006996512413, 0.27970045804977417, 0.3693082630634308, -0.8836570382118225]","[[0.5707581211996366, 0.6903317648906127, -0.44460914771119997], [-0.6150356188125228, 0.7181640453190504, 0.3255328545276148], [0.5440279656758142, 0.08764990683401752, 0.8344765391863999]]","[0.15517212450504303, 0.02549395151436329, 0.26436278223991394]",[0.0],"[0.0673006996512413, 0.27970045804977417, 0.3693082630634308, -0.8836570382118225]",[0.44],"[7.007777690887451, -4.103279113769531, -7.164865074157715]","[669.613525390625, 669.857421875, 666.030517578125, 665.8798828125]"
17.606226205826,"[-133.9417724609375, 55.880638122558594, -27.848251342773438]","[-133.9417724609375, 55.880638122558594, -27.848251342773438]","[2.5522186756134033, -10.359991073608398, -5.400157928466797]","[2.5522186756134033, -10.359991073608398, -5.400157928466797]","[0.06619389355182648, 0.27995696663856506, 0.3651520609855652, -0.8853849172592163]","[[0.5765761383770549, 0.6836631379030047, -0.4473976781766371], [-0.609537371307943, 0.7245646816288871, 0.3216678766415768], [0.5440810247970713, 0.08723957677977978, 0.8344849305739657]]","[0.1583147943019867, 0.02592598646879196, 0.2667931020259857]",[0.0],"[0.06619389355182648, 0.27995696663856506, 0.3651520609855652, -0.8853849172592163]",[0.44],"[7.046914100646973, -4.0435791015625, -7.17924171447754]","[669.6245727539062, 669.857421875, 666.4892578125, 666.3634033203125]"
17.636908531189,"[-133.85498046875, 55.53730392456055, -28.025510787963867]","[-133.85498046875, 55.53730392456055, -28.025510787963867]","[2.7081658840179443, -10.447529792785645, -5.342616081237793]","[2.7081658840179443, -10.447529792785645, -5.342616081237793]","[0.06493739783763885, 0.2802421450614929, 0.36052200198173523, -0.8872831463813782]","[[0.5829764524368297, 0.6761665838455979, -0.45048554309383615], [-0.603373801186672, 0.7316140408983158, 0.3173026356968496], [0.544130985781476, 0.08683120101205155, 0.8344949489868188]]","[0.16144564747810364, 0.026334159076213837, 0.2691502869129181]",[0.0],"[0.06493739783763885, 0.2802421450614929, 0.36052200198173523, -0.8872831463813782]",[0.44],"[7.797360420227051, -4.376935958862305, -6.932907638549805]","[669.6317138671875, 669.857421875, 666.7864990234375, 666.6779174804688]"
17.668908834457,"[-133.7716064453125, 55.22269058227539, -28.185012817382812]","[-133.7716064453125, 55.22269058227539, -28.185012817382812]","[2.8507747650146484, -10.525777816772461, -5.290615081787109]","[2.8507747650146484, -10.525777816772461, -5.290615081787109]","[0.06376270949840546, 0.280503511428833, 0.3562646508216858, -0.8890037536621094]","[[0.5887865573019937, 0.6692125515802374, -0.45330455028148187], [-0.5976698959301601, 0.7380196309046485, 0.31323754728239805], [0.5441701480210579, 0.08649639493140171, 0.834504193907033]]","[0.1640159785747528, 0.026653164997696877, 0.2710390090942383]",[0.0],"[0.06376270949840546, 0.280503511428833, 0.3562646508216858, -0.8890037536621094]",[0.44],"[7.130444049835205, -3.9124011993408203, -7.209950027465821]","[669.6420288085938, 669.857421875, 667.1521606445312, 667.0648193359375]"
17.699877977371,"[-133.6749267578125, 54.873939514160156, -28.358667373657227]","[-133.6749267578125, 54.873939514160156, -28.358667373657227]","[3.0085721015930176, -10.610347747802734, -5.233757972717285]","[3.0085721015930176, -10.610347747802734, -5.233757972717285]","[0.06243807449936867, 0.2807920277118683, 0.35153329372406006, -0.8908881545066833]","[[0.5951603611539422, 0.6614179216771723, -0.45641045877172903], [-0.5912894674967626, 0.74505166051265, 0.30866617462940793], [0.5442067067019343, 0.0861648107826345, 0.8345146480525374]]","[0.1665640026330948, 0.026955196633934975, 0.2728702425956726]",[0.0],"[0.06243807449936867, 0.2807920277118683, 0.35153329372406006, -0.8908881545066833]",[0.44],"[7.889866828918457, -4.228496551513672, -6.96714454650879]","[669.6512451171875, 669.857421875, 667.472412109375, 667.4044799804688]"
17.730879068375,"[-133.58250427246094, 54.55449676513672, -28.51491355895996]","[-133.58250427246094, 54.55449676513672, -28.51491355895996]","[3.152869462966919, -10.685829162597656, -5.1823859214782715]","[3.152869462966919, -10.685829162597656, -5.1823859214782715]","[0.06120700761675835, 0.2810545563697815, 0.3471921384334564, -0.8925915360450745]","[[0.6009319107075779, 0.6542065450390857, -0.4592326526419901], [-0.5853965115492863, 0.7514226424572115, 0.3044255787757115], [0.5442350200882908, 0.0858941509942519, 0.8345240771247748]]","[0.1686457246541977, 0.027187833562493324, 0.27433717250823975]",[0.0],"[0.06120700761675835, 0.2810545563697815, 0.3471921384334564, -0.8925915360450745]",[0.44],"[7.214868068695068, -3.7740707397460938, -7.241397438049317]","[669.6603393554688, 669.857421875, 667.7532348632812, 667.7029418945312]"
17.761873722076,"[-133.48574829101562, 54.2327995300293, -28.669618606567383]","[-133.48574829101562, 54.2327995300293, -28.669618606567383]","[3.297971248626709, -10.759947776794434, -5.131318092346191]","[3.297971248626709, -10.759947776794434, -5.131318092346191]","[0.059952717274427414, 0.28131669759750366, 0.34281617403030396, -0.8942838907241821]","[[0.6066759729521181, 0.6468813647012746, -0.46204845938886807], [-0.5794185629587196, 0.7577654850292739, 0.3001093264497561], [0.544259504023827, 0.08565032939510875, 0.8345331746884945]]","[0.17052330076694489, 0.027389928698539734, 0.27563756704330444]",[0.0],"[0.059952717274427414, 0.28131669759750366, 0.34281617403030396, -0.8942838907241821]",[0.44],"[7.255089282989502, -3.705930709838867, -7.256608543395997]","[669.6670532226562, 669.857421875, 667.9569091796875, 667.9195556640625]"
17.792876958847,"[-133.37425231933594, 53.87638854980469, -28.838031768798828]","[-133.37425231933594, 53.87638854980469, -28.838031768798828]","[3.458510160446167, -10.839872360229492, -5.075497150421143]","[3.458510160446167, -10.839872360229492, -5.075497150421143]","[0.05854865536093712, 0.2816035747528076, 0.33796581625938416, -0.8961309194564819]","[[0.6129570674531362, 0.6386982566319848, -0.4651324525310343], [-0.5727482140455447, 0.7647023239911088, 0.2952792847288608], [0.5442822289308282, 0.08541024328271174, 0.8345429632837322]]","[0.17237277328968048, 0.027578646317124367, 0.276898056268692]",[0.0],"[0.05854865536093712, 0.2816035747528076, 0.33796581625938416, -0.8961309194564819]",[0.44],"[8.0269455909729, -3.9962291717529297, -7.018952903747559]","[669.6743774414062, 669.857421875, 668.1773681640625, 668.1549682617188]"
17.823883295059,"[-133.26829528808594, 53.550113677978516, -28.98954200744629]","[-133.26829528808594, 53.550113677978516, -28.98954200744629]","[3.605293035507202, -10.911040306091309, -5.025074005126953]","[3.605293035507202, -10.911040306091309, -5.025074005126953]","[0.057252220809459686, 0.2818625271320343, 0.333525687456131, -0.8977952599525452]","[[0.6186282632113169, 0.631150073823608, -0.4679195090270416], [-0.5666010512585058, 0.7709655980386002, 0.290818331188647], [0.5442998542425026, 0.08521524133068947, 0.8345513980222562]]","[0.17387700080871582, 0.027724117040634155, 0.27790746092796326]",[0.0],"[0.057252220809459686, 0.2818625271320343, 0.333525687456131, -0.8977952599525452]",[0.44],"[7.339143753051758, -3.5583972930908203, -7.288842735290528]","[669.681640625, 669.857421875, 668.37109375, 668.361328125]"
17.854877948761,"[-133.15792846679688, 53.22172546386719, -29.139545440673828]","[-133.15792846679688, 53.22172546386719, -29.139545440673828]","[3.7528679370880127, -10.980762481689453, -4.974960803985596]","[3.7528679370880127, -10.980762481689453, -4.974960803985596]","[0.05593852698802948, 0.28211912512779236, 0.3290587365627289, -0.8994443416595459]","[[0.6242582942577393, 0.6235026939395718, -0.4706867795085463], [-0.5603773807603707, 0.7771824581803002, 0.2862947089097734], [0.5443150235719907, 0.08504034258916171, 0.8345593608710771]]","[0.1752261072397232, 0.02785102277994156, 0.2788020372390747]",[0.0],"[0.05593852698802948, 0.28211912512779236, 0.3290587365627289, -0.8994443416595459]",[0.44],"[7.378745079040527, -3.4861087799072266, -7.304339942932129]","[669.687744140625, 669.857421875, 668.540283203125, 668.5422973632812]"
17.885875940323,"[-133.03138732910156, 52.85810852050781, -29.30281639099121]","[-133.03138732910156, 52.85810852050781, -29.30281639099121]","[3.916107654571533, -11.055760383605957, -4.920194149017334]","[3.916107654571533, -11.055760383605957, -4.920194149017334]","[0.054475460201501846, 0.2823980450630188, 0.3241164982318878, -0.9012393355369568]","[[0.6303996794369677, 0.6149806019357684, -0.4737036621788986], [-0.5534455480765188, 0.7839618396194665, 0.28125058605685593], [0.544329243779224, 0.0848688758365701, 0.8345675367608396]]","[0.17655043303966522, 0.02796817757189274, 0.2796688973903656]",[0.0],"[0.054475460201501846, 0.2823980450630188, 0.3241164982318878, -0.9012393355369568]",[0.44],"[8.161985874176025, -3.7498950958251953, -7.071667251586915]","[669.6924438476562, 669.857421875, 668.650634765625, 668.6598510742188]"
17.917887210846,"[-132.91168212890625, 52.52542495727539, -29.449682235717773]","[-132.91168212890625, 52.52542495727539, -29.449682235717773]","[4.0653228759765625, -11.122373580932617, -4.87073278427124]","[4.0653228759765625, -11.122373580932617, -4.87073278427124]","[0.05313064157962799, 0.2826480567455292, 0.31959962844848633, -0.9028528928756714]","[[0.6359323070271312, 0.6071374434056613, -0.47641816478061827], [-0.5470683530211611, 0.7900664248418532, 0.27660673473613073], [0.5443402980129335, 0.08473012093410048, 0.8345744218866264]]","[0.1776219606399536, 0.028059691190719604, 0.280362993478775]",[0.0],"[0.05313064157962799, 0.2826480567455292, 0.31959962844848633, -0.9028528928756714]",[0.44],"[7.460761070251465, -3.330659866333008, -7.336931762695313]","[669.6978149414062, 669.857421875, 668.7852783203125, 668.8041381835938]"
17.948875188828,"[-132.77481079101562, 52.15719223022461, -29.609527587890625]","[-132.77481079101562, 52.15719223022461, -29.609527587890625]","[4.230345726013184, -11.193897247314453, -4.816685199737549]","[4.230345726013184, -11.193897247314453, -4.816685199737549]","[0.051636699587106705, 0.2829185128211975, 0.31460681557655334, -0.9046066999435425]","[[0.6419593333916449, 0.5984088229452635, -0.47936944922427105], [-0.5399729099285469, 0.7967124056970629, 0.2714379935915998], [0.5443504797202021, 0.0845943759537251, 0.8345815327175856]]","[0.1786712110042572, 0.028146948665380478, 0.28103554248809814]",[0.0],"[0.051636699587106705, 0.2829185128211975, 0.31460681557655334, -0.9046066999435425]",[0.44],"[8.251142501831055, -3.576183319091797, -7.10762077331543]","[669.703125, 669.857421875, 668.913330078125, 668.9412231445312]"
17.980879306793,"[-132.64564514160156, 51.820411682128906, -29.753299713134766]","[-132.64564514160156, 51.820411682128906, -29.753299713134766]","[4.381158828735352, -11.257304191589355, -4.767878532409668]","[4.381158828735352, -11.257304191589355, -4.767878532409668]","[0.050266608595848083, 0.2831599712371826, 0.3100474178791046, -0.9061812162399292]","[[0.6473820587109156, 0.5903852753398553, -0.4820184298509824], [-0.5334513095630911, 0.8026877334535434, 0.2666873488849042], [0.5443585586537116, 0.08448472283033581, 0.8345873974984594]]","[0.17951950430870056, 0.028212791308760643, 0.2815740406513214]",[0.0],"[0.050266608595848083, 0.2831599712371826, 0.3100474178791046, -0.9061812162399292]",[0.44],"[7.540655136108398, -3.170347213745117, -7.3696666336059575]","[669.7078247070312, 669.857421875, 669.015869140625, 669.0507202148438]"
18.011885643005,"[-132.49827575683594, 51.447784423828125, -29.90976333618164]","[-132.49827575683594, 51.447784423828125, -29.90976333618164]","[4.547909736633301, -11.325251579284668, -4.71455192565918]","[4.547909736633301, -11.325251579284668, -4.71455192565918]","[0.04874763637781143, 0.2834200859069824, 0.30501121282577515, -0.9078903794288635]","[[0.6532824299100568, 0.581465610064825, -0.48489158727573045], [-0.5262013729049784, 0.8091836559962527, 0.26140762845797116], [0.544365890051675, 0.0843775881087252, 0.8345934457041108]]","[0.18034765124320984, 0.0282747782766819, 0.28209570050239563]",[0.0],"[0.04874763637781143, 0.2834200859069824, 0.30501121282577515, -0.9078903794288635]",[0.44],"[8.337545394897461, -3.397369384765625, -7.143669662475586]","[669.71142578125, 669.857421875, 669.10498046875, 669.1466064453125]"
18.041885614395,"[-132.3595428466797, 51.10712432861328, -30.050457000732422]","[-132.3595428466797, 51.10712432861328, -30.050457000732422]","[4.6984124183654785, -11.384381294250488, -4.663219451904297]","[4.6984124183654785, -11.384381294250488, -4.663219451904297]","[0.047352470457553864, 0.28365209698677063, 0.30042997002601624, -0.909417986869812]","[[0.6585666419703493, 0.5732960921584138, -0.4874644354657778], [-0.5195695819872568, 0.814999153303467, 0.25656155870474606], [0.5443688405866607, 0.08430880527746254, 0.8345984628331483]]","[0.18100568652153015, 0.028328612446784973, 0.2784397006034851]",[0.0],"[0.047352470457553864, 0.28365209698677063, 0.30042997002601624, -0.909417986869812]",[0.44],"[7.525134086608887, -2.9564857482910156, -7.24337631225586]","[657.54296875, 657.6857299804688, 669.7921752929688, 669.8385009765625]"
18.073878288269,"[-132.21640014648438, 50.764766693115234, -30.18944549560547]","[-132.21640014648438, 50.764766693115234, -30.18944549560547]","[4.842252731323242, -11.438098907470703, -4.599615573883057]","[4.842252731323242, -11.438098907470703, -4.599615573883057]","[0.045905500650405884, 0.2838861346244812, 0.2959815561771393, -0.9108766913414001]","[[0.6636071619418598, 0.5652692714527134, -0.48999616300969784], [-0.5131415309021321, 0.8205752068259891, 0.251678620900158], [0.5443448890880891, 0.08442161871290921, 0.834602695156013]]","[0.18102464079856873, 0.028280960395932198, 0.25986039638519287]",[0.0],"[0.045905500650405884, 0.2838861346244812, 0.2959815561771393, -0.9108766913414001]",[0.44],"[7.192015647888184, -2.685880661010742, -6.629806098937989]","[622.1622314453125, 622.232421875, 669.7172241210938, 669.857421875]"
18.103885412216,"[-132.0691680908203, 50.420921325683594, -30.326187133789062]","[-132.0691680908203, 50.420921325683594, -30.326187133789062]","[4.972535610198975, -11.48310375213623, -4.512188911437988]","[4.972535610198975, -11.48310375213623, -4.512188911437988]","[0.04450458660721779, 0.2840803861618042, 0.29201430082321167, -0.9121652841567993]","[[0.6680519646257821, 0.5580163756752077, -0.49226458085024527], [-0.5074448550778081, 0.825493979771303, 0.24710214846296186], [0.5442484838163764, 0.08471999290754706, 0.8346353519381617]]","[0.1305934190750122, 0.027783971279859543, 0.21477578580379486]",[0.0],"[0.04450458660721779, 0.2840803861618042, 0.29201430082321167, -0.9121652841567993]",[0.44],"[6.514143943786621, -2.250242233276367, -5.4386668777465825]","[588.5384521484375, 581.8915405273438, 663.7614135742188, 669.857421875]"
18.135874986649,"[-131.90283203125, 50.04123306274414, -30.473297119140625]","[-131.90283203125, 50.04123306274414, -30.473297119140625]","[5.108946323394775, -11.527878761291504, -4.404153823852539]","[5.108946323394775, -11.527878761291504, -4.404153823852539]","[0.04484624043107033, 0.28366583585739136, 0.2891281545162201, -0.913196325302124]","[[0.6718772076667445, 0.553504229045076, -0.49215257637179843], [-0.5026188439373116, 0.8287874499704868, 0.24593840317203508], [0.5440178193031027, 0.08212471531095922, 0.8350450165730523]]","[-0.060969263315200806, 0.025865716859698296, 0.15446697175502777]",[0.0],"[0.04484624043107033, 0.28366583585739136, 0.2891281545162201, -0.913196325302124]",[0.44],"[6.820535659790039, -2.238750457763672, -4.40824562072754]","[584.6663818359375, 579.5552978515625, 665.1392211914062, 669.857421875]"
18.166874647141,"[-131.74765014648438, 49.69475173950195, -30.604045867919922]","[-131.74765014648438, 49.69475173950195, -30.604045867919922]","[5.23633337020874, -11.57052993774414, -4.312798500061035]","[5.23633337020874, -11.57052993774414, -4.312798500061035]","[0.045843739062547684, 0.28306031227111816, 0.2875635623931885, -0.913828432559967]","[[0.6743681144014317, 0.5515206051556962, -0.49097114512880147], [-0.4996144327768146, 0.8304110983450077, 0.24658228795805437], [0.5437031008018014, 0.07900903911719004, 0.8355504224114843]]","[-0.004955343436449766, 0.023954156786203384, 0.1025945320725441]",[0.0],"[0.045843739062547684, 0.28306031227111816, 0.2875635623931885, -0.913828432559967]",[0.44],"[6.369352340698242, -2.132558822631836, -5.242233810424805]","[589.7535400390625, 593.5023193359375, 669.8508911132812, 666.802734375]"
18.197882890701,"[-131.57249450683594, 49.31211471557617, -30.74480438232422]","[-131.57249450683594, 49.31211471557617, -30.74480438232422]","[5.379557132720947, -11.619271278381348, -4.218780040740967]","[5.379557132720947, -11.619271278381348, -4.218780040740967]","[0.046163272112607956, 0.28263968229293823, 0.28645312786102295, -0.9142912030220032]","[[0.6761188310639668, 0.5498982948899607, -0.49038272291282237], [-0.4977080046359208, 0.8316271156929875, 0.24633938929145272], [0.5432771776686467, 0.07751269491037904, 0.8359675246024085]]","[-0.013963027857244015, 0.020989753305912018, 0.05074397101998329]",[0.0],"[0.046163272112607956, 0.28263968229293823, 0.28645312786102295, -0.9142912030220032]",[0.44],"[7.161188125610352, -2.4370670318603516, -5.1090770339965825]","[600.7743530273438, 600.9539794921875, 669.42578125, 669.6882934570312]"
18.228882074356,"[-131.40911865234375, 48.96284866333008, -30.870145797729492]","[-131.40911865234375, 48.96284866333008, -30.870145797729492]","[5.511667728424072, -11.664717674255371, -4.13755989074707]","[5.511667728424072, -11.664717674255371, -4.13755989074707]","[0.046349622309207916, 0.28230711817741394, 0.28611287474632263, -0.9144911170005798]","[[0.6768842278615175, 0.5494650214354713, -0.4898122563139684], [-0.497125708224575, 0.8319822708323777, 0.24631603804238456], [0.5428571510431435, 0.07677076652997439, 0.8363088070763148]]","[-0.018259067088365555, 0.0178877804428339, 0.00817071832716465]",[0.0],"[0.046349622309207916, 0.28230711817741394, 0.28611287474632263, -0.9144911170005798]",[0.44],"[6.60552978515625, -2.272319793701172, -5.748992500305176]","[608.911865234375, 602.3565673828125, 663.4584350585938, 669.8331909179688]"
18.259885549545,"[-131.24179077148438, 48.61221694946289, -30.993061065673828]","[-131.24179077148438, 48.61221694946289, -30.993061065673828]","[5.6437087059021, -11.710488319396973, -4.057315826416016]","[5.6437087059021, -11.710488319396973, -4.057315826416016]","[0.04719267785549164, 0.2817903161048889, 0.2865754961967468, -0.9144624471664429]","[[0.6769374054581903, 0.5507219383214998, -0.48832479395958295], [-0.49752817987855913, 0.8312946722728323, 0.24782026268253432], [0.5424218542527459, 0.0751965359622524, 0.8367341378126691]]","[-0.1100292056798935, 0.014724788255989552, -0.03013552725315094]",[0.0],"[0.04719267785549164, 0.2817903161048889, 0.2865754961967468, -0.9144624471664429]",[0.44],"[6.602048873901367, -2.288532257080078, -5.797796783447266]","[613.5598754882812, 610.1080322265625, 666.2471923828125, 669.8572387695312]"
18.29087805748,"[-131.05311584472656, 48.22490310668945, -31.125574111938477]","[-131.05311584472656, 48.22490310668945, -31.125574111938477]","[5.79058313369751, -11.76287841796875, -3.9738056659698486]","[5.79058313369751, -11.76287841796875, -3.9738056659698486]","[0.048683103173971176, 0.2810746133327484, 0.28788188099861145, -0.9141942262649536]","[[0.6762421686650946, 0.5537270757113746, -0.4858836106877613], [-0.4989927381095256, 0.8295079561161076, 0.250844200450989], [0.5419435439460505, 0.07282095309776704, 0.8372540344103969]]","[-0.11134913563728333, 0.011176003143191338, -0.06826376914978027]",[0.0],"[0.048683103173971176, 0.2810746133327484, 0.28788188099861145, -0.9141942262649536]",[0.44],"[7.343721389770508, -2.619504928588867, -5.634491977691651]","[618.2302856445312, 620.0255126953125, 669.8244018554688, 668.6268310546875]"
18.322876930237,"[-130.8773956298828, 47.87127685546875, -31.243677139282227]","[-130.8773956298828, 47.87127685546875, -31.243677139282227]","[5.924075126647949, -11.811799049377441, -3.8997819423675537]","[5.924075126647949, -11.811799049377441, -3.8997819423675537]","[0.04977822303771973, 0.28053465485572815, 0.28950008749961853, -0.9137900471687317]","[[0.6749800135253814, 0.557013630461693, -0.4838779511361686], [-0.5011555639848204, 0.8274236556978405, 0.2534033038100443], [0.5415211508361502, 0.07145592469959006, 0.837644871872369]]","[-0.10952875018119812, 0.008001456037163734, -0.09940163046121597]",[0.0],"[0.04977822303771973, 0.28053465485572815, 0.28950008749961853, -0.9137900471687317]",[0.44],"[6.674599647521973, -2.4460315704345703, -6.108813819885254]","[625.0040893554688, 625.449462890625, 669.7146606445312, 669.7606811523438]"
18.353881835938,"[-130.67947387695312, 47.48057174682617, -31.371047973632812]","[-130.67947387695312, 47.48057174682617, -31.371047973632812]","[6.070669174194336, -11.866873741149902, -3.8199973106384277]","[6.070669174194336, -11.866873741149902, -3.8199973106384277]","[0.05076971650123596, 0.28004077076911926, 0.2917153239250183, -0.913182258605957]","[[0.6729586729887185, 0.5612136978251048, -0.481835918515916], [-0.5043433356621616, 0.8246492113474115, 0.2561083770810164], [0.5410771356948736, 0.07066035954748529, 0.8379992051868435]]","[-0.09627649933099747, 0.004644217900931835, -0.1296204924583435]",[0.0],"[0.05076971650123596, 0.28004077076911926, 0.2917153239250183, -0.913182258605957]",[0.44],"[7.329702377319336, -2.753734588623047, -5.820768413543702]","[634.5946655273438, 635.0354614257812, 669.7407836914062, 669.77783203125]"
18.383882761002,"[-130.4952850341797, 47.12376022338867, -31.484678268432617]","[-130.4952850341797, 47.12376022338867, -31.484678268432617]","[6.209134101867676, -11.920920372009277, -3.758331775665283]","[6.209134101867676, -11.920920372009277, -3.758331775665283]","[0.0514950193464756, 0.2796805799007416, 0.29400691390037537, -0.9125168919563293]","[[0.6706774156103243, 0.5653768643177297, -0.48014672358454225], [-0.5077682368264409, 0.8218163951225668, 0.2584361983595227], [0.5407062904617319, 0.07047589833841483, 0.838254072417782]]","[-0.09709451347589493, 0.001688844757154584, -0.14032891392707825]",[0.0],"[0.0514950193464756, 0.2796805799007416, 0.29400691390037537, -0.9125168919563293]",[0.44],"[6.923246383666992, -2.70233154296875, -6.726723251342774]","[667.6947631835938, 667.8407592773438, 664.2318115234375, 664.5302124023438]"
18.413981676102,"[-130.306884765625, 46.765281677246094, -31.596588134765625]","[-130.306884765625, 46.765281677246094, -31.596588134765625]","[6.349432468414307, -11.977119445800781, -3.701596736907959]","[6.349432468414307, -11.977119445800781, -3.701596736907959]","[0.052217867225408554, 0.27936092019081116, 0.2962982654571533, -0.911832332611084]","[[0.6683296283144511, 0.569523939957812, -0.47851651202641143], [-0.5111734142038451, 0.8189612644590238, 0.2607761915303435], [0.5404047659654534, 0.07032043282586287, 0.8384615412251457]]","[-0.0879506915807724, -0.000815159291960299, -0.13583528995513916]",[0.0],"[0.052217867225408554, 0.27936092019081116, 0.2962982654571533, -0.911832332611084]",[0.44],"[7.014918327331543, -2.8099536895751953, -6.97324806213379]","[667.5932006835938, 669.854736328125, 662.4618530273438, 660.5224609375]"
18.445386648178,"[-130.1143341064453, 46.405120849609375, -31.706743240356445]","[-130.1143341064453, 46.405120849609375, -31.706743240356445]","[6.4870781898498535, -12.03295612335205, -3.6418607234954834]","[6.4870781898498535, -12.03295612335205, -3.6418607234954834]","[0.05262422934174538, 0.2791789174079895, 0.29841476678848267, -0.9111742377281189]","[[0.666015518074957, 0.5731988460647366, -0.47735358026509145], [-0.5144325445565037, 0.8163586348975258, 0.2625219071741216], [0.5401689687708537, 0.0707225389481434, 0.8385796451221808]]","[-0.05967612937092781, -0.0027987512294203043, -0.131158709526062]",[0.0],"[0.05262422934174538, 0.2791789174079895, 0.29841476678848267, -0.9111742377281189]",[0.44],"[6.882286071777344, -2.7918338775634766, -6.823199329376221]","[669.7034301757812, 669.1629028320312, 662.6387329101562, 663.4469604492188]"
18.476459741592,"[-129.9176788330078, 46.04328918457031, -31.81508445739746]","[-129.9176788330078, 46.04328918457031, -31.81508445739746]","[6.622551441192627, -12.088443756103516, -3.579725980758667]","[6.622551441192627, -12.088443756103516, -3.579725980758667]","[0.05303337052464485, 0.2790233790874481, 0.30045440793037415, -0.9105276465415955]","[[0.6637462053556611, 0.5767391903881502, -0.47624878149808647], [-0.5175489893954179, 0.8138292207320081, 0.2642443084288497], [0.5399852212642238, 0.07109090822095654, 0.8386668310668359]]","[-0.07557755708694458, -0.004269197583198547, -0.1254490464925766]",[0.0],"[0.05303337052464485, 0.2790233790874481, 0.30045440793037415, -0.9105276465415955]",[0.44],"[6.773662567138672, -2.774381637573242, -6.70326286315918]","[669.824462890625, 669.5353393554688, 659.250732421875, 659.7584228515625]"
18.506508350372,"[-129.71701049804688, 45.679813385009766, -31.92148208618164]","[-129.71701049804688, 45.679813385009766, -31.92148208618164]","[6.753726959228516, -12.142438888549805, -3.511491060256958]","[6.753726959228516, -12.142438888549805, -3.511491060256958]","[0.05350509658455849, 0.2788700461387634, 0.30239778757095337, -0.9099034667015076]","[[0.661574150877513, 0.5801475279737427, -0.4751299978198591], [-0.5204636529609634, 0.8113855654233393, 0.266028315681321], [0.5398492891436217, 0.07129042420736598, 0.8387374040120821]]","[-0.06453743577003479, -0.005444719921797514, -0.11498158425092697]",[0.0],"[0.05350509658455849, 0.2788700461387634, 0.30239778757095337, -0.9099034667015076]",[0.44],"[6.558775901794434, -2.699756622314453, -6.398253974914551]","[669.7542724609375, 669.55712890625, 644.7553100585938, 645.129150390625]"
18.537451982498,"[-129.49183654785156, 45.278160095214844, -32.035980224609375]","[-129.49183654785156, 45.278160095214844, -32.035980224609375]","[6.891435623168945, -12.199105262756348, -3.426442861557007]","[6.891435623168945, -12.199105262756348, -3.426442861557007]","[0.054079871624708176, 0.2786860764026642, 0.3042880594730377, -0.9092954993247986]","[[0.659485695362843, 0.5835181404251191, -0.4739042716083921], [-0.5232329114833203, 0.8089682886943763, 0.2679508585262629], [0.5397277083813259, 0.07125252303662277, 0.838818876608687]]","[-0.07226821035146713, 0.003910426050424576, -0.09425443410873413]",[0.0],"[0.054079871624708176, 0.2786860764026642, 0.3042880594730377, -0.9092954993247986]",[0.44],"[6.885433197021484, -2.8333187103271484, -5.557590065002442]","[669.8573608398438, 666.2025756835938, 640.5020751953125, 636.1138305664062]"
18.567552804947,"[-129.2832489013672, 44.911415100097656, -32.13756561279297]","[-129.2832489013672, 44.911415100097656, -32.13756561279297]","[7.013810634613037, -12.249876976013184, -3.3458197116851807]","[7.013810634613037, -12.249876976013184, -3.3458197116851807]","[0.05449759587645531, 0.27792587876319885, 0.3057602345943451, -0.9090093374252319]","[[0.6585357697090295, 0.5861704009680693, -0.4719480424156959], [-0.5255852320702872, 0.8070813819689953, 0.26903501081879977], [0.538600833215747, 0.070879716743101, 0.8395744359147805]]","[-0.06617198884487152, 0.07732882350683212, -0.07514462620019913]",[0.0],"[0.05449759587645531, 0.27792587876319885, 0.3057602345943451, -0.9090093374252319]",[0.44],"[6.11875057220459, -2.538585662841797, -5.778842506408692]","[669.857421875, 664.4411010742188, 642.7548217773438, 636.6325073242188]"
18.598216295242,"[-129.07098388671875, 44.54314041137695, -32.23676681518555]","[-129.07098388671875, 44.54314041137695, -32.23676681518555]","[7.1366472244262695, -12.301604270935059, -3.2684035301208496]","[7.1366472244262695, -12.301604270935059, -3.2684035301208496]","[0.05468427762389183, 0.2764190137386322, 0.3070099949836731, -0.9090363383293152]","[[0.6586747836477738, 0.5883980315165307, -0.46897261658914013], [-0.5279349351653078, 0.8055089855217563, 0.26914679103339134], [0.5361270957851274, 0.070306809051766, 0.84120431724903]]","[-0.06338443607091904, 0.09235261380672455, -0.057650886476039886]",[0.0],"[0.05468427762389183, 0.2764190137386322, 0.3070099949836731, -0.9090363383293152]",[0.44],"[6.141829490661621, -2.58636474609375, -5.939190921783448]","[668.7919921875, 669.8255004882812, 644.5235595703125, 644.9156494140625]"
18.628843784332,"[-128.85504150390625, 44.17330551147461, -32.33366012573242]","[-128.85504150390625, 44.17330551147461, -32.33366012573242]","[7.258589267730713, -12.353423118591309, -3.1922340393066406]","[7.258589267730713, -12.353423118591309, -3.1922340393066406]","[0.054748598486185074, 0.2745703458786011, 0.3080320656299591, -0.9092469811439514]","[[0.6594547434156919, 0.5902191347845926, -0.46557586843944754], [-0.5300897682937107, 0.8042376750150781, 0.2687129373942878], [0.5330331639676269, 0.06959294581258346, 0.8432274322558078]]","[-0.05622616782784462, 0.14536596834659576, -0.042018864303827286]",[0.0],"[0.054748598486185074, 0.2745703458786011, 0.3080320656299591, -0.9092469811439514]",[0.44],"[6.097102165222168, -2.5909423828125, -6.001525459289551]","[669.8486938476562, 667.32275390625, 647.875732421875, 644.45654296875]"
18.660449743271,"[-128.61328125, 43.764686584472656, -32.43768310546875]","[-128.61328125, 43.764686584472656, -32.43768310546875]","[7.392373561859131, -12.410780906677246, -3.111668348312378]","[7.392373561859131, -12.410780906677246, -3.111668348312378]","[0.054608359932899475, 0.27204376459121704, 0.30892056226730347, -0.9097132682800293]","[[0.6611205527109831, 0.5917699963067822, -0.46122435389302474], [-0.5323465410495896, 0.803172026467784, 0.2674357246176058], [0.5287029349128911, 0.06872392625772505, 0.8460202343449548]]","[-0.04886021092534065, 0.18456239998340607, -0.026725225150585175]",[0.0],"[0.054608359932899475, 0.27204376459121704, 0.30892056226730347, -0.9097132682800293]",[0.44],"[6.689214706420898, -2.867889404296875, -5.781715450286866]","[669.7363891601562, 663.234130859375, 650.7922973632812, 643.2294921875]"
18.691442728043,"[-128.38970947265625, 43.39158248901367, -32.52992630004883]","[-128.38970947265625, 43.39158248901367, -32.52992630004883]","[7.511951446533203, -12.46210765838623, -3.0388989448547363]","[7.511951446533203, -12.46210765838623, -3.0388989448547363]","[0.053956471383571625, 0.2683762311935425, 0.3095897138118744, -0.9106135964393616]","[[0.6642568152644639, 0.5927944743065776, -0.4553653531041095], [-0.5348719365528769, 0.8024858165954311, 0.2644400341337798], [0.5221828272398636, 0.0679060483026932, 0.8501257954523681]]","[-0.040750790387392044, 0.3128223717212677, -0.01446755975484848]",[0.0],"[0.053956471383571625, 0.2683762311935425, 0.3095897138118744, -0.9106135964393616]",[0.44],"[5.978894233703613, -2.5663375854492188, -6.17152982711792]","[669.5325317382812, 667.1659545898438, 652.8450927734375, 649.4353637695312]"
18.723451137543,"[-128.13961791992188, 42.979393005371094, -32.628990173339844]","[-128.13961791992188, 42.979393005371094, -32.628990173339844]","[7.6435770988464355, -12.518770217895508, -2.965352773666382]","[7.6435770988464355, -12.518770217895508, -2.965352773666382]","[0.05302567780017853, 0.263982892036438, 0.31012022495269775, -0.9117712378501892]","[[0.6682769575747329, 0.5935131463307677, -0.44849534623135057], [-0.5375216592192338, 0.8020274471382396, 0.2604274434954359], [0.5142726867419931, 0.0670382919525796, 0.85500262041182]]","[-0.031083712354302406, 0.22397348284721375, -0.0024690483696758747]",[0.0],"[0.05302567780017853, 0.263982892036438, 0.31012022495269775, -0.9117712378501892]",[0.44],"[6.581282615661621, -2.833127975463867, -6.132691440582276]","[663.35595703125, 669.8538208007812, 648.6576538085938, 654.3284301757812]"
18.754441976547,"[-127.90851593017578, 42.60304260253906, -32.7170295715332]","[-127.90851593017578, 42.60304260253906, -32.7170295715332]","[7.763164520263672, -12.570330619812012, -2.9035329818725586]","[7.763164520263672, -12.570330619812012, -2.9035329818725586]","[0.052474912256002426, 0.26110410690307617, 0.3103465437889099, -0.9125547409057617]","[[0.6710193362332504, 0.5938192499154162, -0.44397276594018065], [-0.539013589517733, 0.8018628126840062, 0.25783797420857724], [0.5091143965572873, 0.06629305437726174, 0.8581420578841437]]","[-0.023774517700076103, 0.19075845181941986, 0.00919314194470644]",[0.0],"[0.052474912256002426, 0.26110410690307617, 0.3103465437889099, -0.9125547409057617]",[0.44],"[5.979371070861816, -2.5780200958251953, -6.719010410308838]","[668.8824462890625, 669.857421875, 647.8690185546875, 648.0965576171875]"
18.786442041397,"[-127.65018463134766, 42.187286376953125, -32.81173324584961]","[-127.65018463134766, 42.187286376953125, -32.81173324584961]","[7.892682075500488, -12.625940322875977, -2.836390733718872]","[7.892682075500488, -12.625940322875977, -2.836390733718872]","[0.05191534757614136, 0.2582414746284485, 0.31033363938331604, -0.9134052991867065]","[[0.6740087460976607, 0.593734173285057, -0.43953610528452103], [-0.5401073896294122, 0.8019956579063088, 0.2551215404926559], [0.5039804202971361, 0.06544252615198687, 0.8612322749355457]]","[-0.016029590740799904, 0.16731035709381104, 0.024578016251325607]",[0.0],"[0.05191534757614136, 0.2582414746284485, 0.31033363938331604, -0.9134052991867065]",[0.44],"[6.47587776184082, -2.780485153198242, -6.452887592315674]","[667.1259765625, 669.857421875, 646.98828125, 648.9298706054688]"
18.817450523376,"[-127.41165161132812, 41.80775451660156, -32.895931243896484]","[-127.41165161132812, 41.80775451660156, -32.895931243896484]","[8.009381294250488, -12.675896644592285, -2.7772445678710938]","[8.009381294250488, -12.675896644592285, -2.7772445678710938]","[0.05150971561670303, 0.25610432028770447, 0.31006553769111633, -0.9141207337379456]","[[0.6765398789325836, 0.5932583950545651, -0.4362777630116894], [-0.5404909522296504, 0.8024122230668106, 0.2529904456183969], [0.5001633136877275, 0.06464604948170294, 0.8635146526541185]]","[-0.008939303457736969, 0.13434602320194244, 0.03835019841790199]",[0.0],"[0.05150971561670303, 0.25610432028770447, 0.31006553769111633, -0.9141207337379456]",[0.44],"[5.8349609375, -2.4978160858154297, -6.8526917076110845]","[667.5669555664062, 669.857421875, 648.25634765625, 649.8001708984375]"
18.848450422287,"[-127.16960906982422, 41.42671585083008, -32.97841262817383]","[-127.16960906982422, 41.42671585083008, -32.97841262817383]","[8.126388549804688, -12.726000785827637, -2.7219064235687256]","[8.126388549804688, -12.726000785827637, -2.7219064235687256]","[0.05116989463567734, 0.2543131113052368, 0.30957064032554626, -0.9148073792457581]","[[0.678981720133363, 0.5924213625552088, -0.4336136276264422], [-0.5403686621153678, 0.8030953210628099, 0.2510769398357793], [0.49697641581747165, 0.06383455100399704, 0.8654129666024478]]","[-0.0020741436164826155, 0.12352778017520905, 0.05080588161945343]",[0.0],"[0.05116989463567734, 0.2543131113052368, 0.30957064032554626, -0.9148073792457581]",[0.44],"[5.850362777709961, -2.505207061767578, -7.043092784881592]","[669.0187377929688, 669.857421875, 652.0550537109375, 652.0950317382812]"
18.87987780571,"[-126.8993148803711, 41.00584411621094, -33.06726837158203]","[-126.8993148803711, 41.00584411621094, -33.06726837158203]","[8.254619598388672, -12.780732154846191, -2.663411855697632]","[8.254619598388672, -12.780732154846191, -2.663411855697632]","[0.05081041157245636, 0.2525789439678192, 0.3087972104549408, -0.9155689477920532]","[[0.6816963197586965, 0.5911175543097853, -0.4311266492148045], [-0.5397829939196201, 0.8041251697821692, 0.2490322167543848], [0.49388710263737234, 0.06295047651328467, 0.8672443582798777]]","[0.005365045741200447, 0.09698739647865295, 0.06294024735689163]",[0.0],"[0.05081041157245636, 0.2525789439678192, 0.3087972104549408, -0.9155689477920532]",[0.44],"[6.411552429199219, -2.7365684509277344, -6.885271606445313]","[667.863037109375, 669.857421875, 653.14306640625, 654.3983154296875]"
18.910880088806,"[-126.6499252319336, 40.62166976928711, -33.14641189575195]","[-126.6499252319336, 40.62166976928711, -33.14641189575195]","[8.371199607849121, -12.830344200134277, -2.612863540649414]","[8.371199607849121, -12.830344200134277, -2.612863540649414]","[0.05054384842514992, 0.251364141702652, 0.30789804458618164, -0.9162206053733826]","[[0.6840297248121896, 0.5896148877635377, -0.429485307968001], [-0.5387952434525907, 0.8052882270527624, 0.24740768622264353], [0.49173471635185706, 0.062170424614678144, 0.8685227753049292]]","[0.011763116344809532, 0.08071384578943253, 0.07272160798311234]",[0.0],"[0.05054384842514992, 0.251364141702652, 0.30789804458618164, -0.9162206053733826]",[0.44],"[5.829000473022461, -2.480602264404297, -7.282584247589112]","[668.710693359375, 669.857421875, 655.31201171875, 655.7463989257812]"
18.94189620018,"[-126.37155151367188, 40.197364807128906, -33.231754302978516]","[-126.37155151367188, 40.197364807128906, -33.231754302978516]","[8.499384880065918, -12.884661674499512, -2.5595808029174805]","[8.499384880065918, -12.884661674499512, -2.5595808029174805]","[0.05024487152695656, 0.2502078115940094, 0.30672627687454224, -0.916946291923523]","[[0.6866300841840367, 0.5876463631284026, -0.4280314053518466], [-0.5373597257340748, 0.8067888879198426, 0.24563431825994808], [0.4896770948538589, 0.06134692372068162, 0.8697430078051527]]","[0.018373815342783928, 0.08205153048038483, 0.0822567269206047]",[0.0],"[0.05024487152695656, 0.2502078115940094, 0.30672627687454224, -0.916946291923523]",[0.44],"[6.409263610839844, -2.7158737182617188, -7.145863113403321]","[669.822509765625, 668.5901489257812, 658.0921020507812, 656.1373901367188]"
18.972894191742,"[-126.11482238769531, 39.810081481933594, -33.307830810546875]","[-126.11482238769531, 39.810081481933594, -33.307830810546875]","[8.615402221679688, -12.9334716796875, -2.5122389793395996]","[8.615402221679688, -12.9334716796875, -2.5122389793395996]","[0.04985407367348671, 0.24897558987140656, 0.3055260181427002, -0.9177034497261047]","[[0.6893300157721032, 0.5855894564619707, -0.4265080822098568], [-0.535939666860575, 0.80833684715205, 0.24363955196239795], [0.48743494868046966, 0.06063453039016542, 0.8710514539726875]]","[0.02410428412258625, 0.09696763753890991, 0.09068766981363297]",[0.0],"[0.04985407367348671, 0.24897558987140656, 0.3055260181427002, -0.9177034497261047]",[0.44],"[5.800867080688477, -2.440500259399414, -7.4429088211059575]","[669.5039672851562, 669.4522705078125, 657.4990234375, 656.7578735351562]"
19.004885435104,"[-125.82840728759766, 39.38239288330078, -33.3899040222168]","[-125.82840728759766, 39.38239288330078, -33.3899040222168]","[8.742653846740723, -12.986547470092773, -2.461979389190674]","[8.742653846740723, -12.986547470092773, -2.461979389190674]","[0.049322567880153656, 0.24750173091888428, 0.30405497550964355, -0.9186189770698547]","[[0.6925869301199725, 0.5830361829987414, -0.4247260294217021], [-0.5342064993039326, 0.8102357123310754, 0.24112555917132195], [0.48471311809719353, 0.059890971761221046, 0.8726203549797277]]","[0.03030324913561344, 0.10823137313127518, 0.09953875094652176]",[0.0],"[0.049322567880153656, 0.24750173091888428, 0.30405497550964355, -0.9186189770698547]",[0.44],"[6.362581253051758, -2.653789520263672, -7.297020492553711]","[669.8261108398438, 668.8860473632812, 659.0277709960938, 657.4107055664062]"
19.035892486572,"[-125.56446075439453, 38.99211502075195, -33.46294403076172]","[-125.56446075439453, 38.99211502075195, -33.46294403076172]","[8.851801872253418, -13.030646324157715, -2.4053423404693604]","[8.851801872253418, -13.030646324157715, -2.4053423404693604]","[0.04868133366107941, 0.2457900047302246, 0.30253568291664124, -0.9196138381958008]","[[0.6961188682737554, 0.5803627715779811, -0.4226080982313567], [-0.5325012306546597, 0.8122045766302803, 0.2382565500633973], [0.48151946032914683, 0.05918443767717463, 0.8744348026553896]]","[0.03554809093475342, 0.14649873971939087, 0.11983228474855423]",[0.0],"[0.04868133366107941, 0.2457900047302246, 0.30253568291664124, -0.9196138381958008]",[0.44],"[5.457401275634766, -2.2049427032470703, -6.978147563934327]","[669.6541137695312, 667.75927734375, 630.9165649414062, 628.1942138671875]"
19.066025972366,"[-125.29730224609375, 38.600555419921875, -33.534202575683594]","[-125.29730224609375, 38.600555419921875, -33.534202575683594]","[8.9583101272583, -13.07274341583252, -2.346076488494873]","[8.9583101272583, -13.07274341583252, -2.346076488494873]","[0.04790928587317467, 0.24365316331386566, 0.3006700277328491, -0.9208340644836426]","[[0.7004613408605489, 0.5770809055215126, -0.4199184927729105], [-0.5303879093010834, 0.8146044695005004, 0.23475141161576119], [0.4775380380215042, 0.05828540186734443, 0.8766756726685383]]","[0.042371965944767, 0.1657741516828537, 0.14668340981006622]",[0.0],"[0.04790928587317467, 0.24365316331386566, 0.3006700277328491, -0.9208340644836426]",[0.44],"[5.325412750244141, -2.1048545837402344, -6.846707401275635]","[668.668212890625, 669.7855834960938, 629.07080078125, 629.2277221679688]"
19.096706867218,"[-125.02696228027344, 38.2077522277832, -33.603702545166016]","[-125.02696228027344, 38.2077522277832, -33.603702545166016]","[9.063276290893555, -13.113370895385742, -2.2866413593292236]","[9.063276290893555, -13.113370895385742, -2.2866413593292236]","[0.04708833247423172, 0.24139079451560974, 0.2983933389186859, -0.9222118258476257]","[[0.7053837992241618, 0.5730971117866814, -0.4171252012039006], [-0.5276303518332015, 0.8174882084675089, 0.23090964445385698], [0.4733285802082974, 0.05720797618513185, 0.8790263465358378]]","[0.05057710036635399, 0.19354446232318878, 0.17627835273742676]",[0.0],"[0.04708833247423172, 0.24139079451560974, 0.2983933389186859, -0.9222118258476257]",[0.44],"[5.248308181762695, -2.031373977661133, -6.83824354171753]","[669.8343505859375, 667.6287231445312, 626.592041015625, 623.0574340820312]"
19.127738714218,"[-124.72594451904297, 37.774261474609375, -33.67817306518555]","[-124.72594451904297, 37.774261474609375, -33.67817306518555]","[9.180215835571289, -13.158035278320312, -2.228236675262451]","[9.180215835571289, -13.158035278320312, -2.228236675262451]","[0.046023283153772354, 0.2384813129901886, 0.2954045236110687, -0.923983097076416]","[[0.7117256615691865, 0.5678489592223388, -0.4135144322729343], [-0.5239461872438154, 0.8212360496757305, 0.22594638872011252], [0.46789637641316406, 0.05584744589592283, 0.8820170415244468]]","[0.06118088215589523, 0.2001800686120987, 0.20672175288200378]",[0.0],"[0.046023283153772354, 0.2384813129901886, 0.2954045236110687, -0.923983097076416]",[0.44],"[5.846977233886719, -2.2332191467285156, -6.8897657966613775]","[669.31494140625, 669.05322265625, 629.9320678710938, 628.2698974609375]"
19.158736467361,"[-124.44892120361328, 37.378902435302734, -33.74431610107422]","[-124.44892120361328, 37.378902435302734, -33.74431610107422]","[9.287981986999512, -13.198527336120605, -2.1819446086883545]","[9.287981986999512, -13.198527336120605, -2.1819446086883545]","[0.0450168140232563, 0.23589946329593658, 0.2922600209712982, -0.9256938099861145]","[[0.7178710467170908, 0.5623254691738439, -0.4104281158831944], [-0.5198477001043272, 0.8251151331941038, 0.2212315363532258], [0.46305457592518606, 0.05454439200672789, 0.8846498593437693]]","[0.07151047885417938, 0.18254904448986053, 0.23142492771148682]",[0.0],"[0.0450168140232563, 0.23589946329593658, 0.2922600209712982, -0.9256938099861145]",[0.44],"[5.388307571411133, -2.0246028900146484, -7.4953966712951665]","[666.442138671875, 669.8553466796875, 631.5868530273438, 633.8184204101562]"
19.189739227295,"[-124.16864776611328, 36.98233413696289, -33.809139251708984]","[-124.16864776611328, 36.98233413696289, -33.809139251708984]","[9.39664363861084, -13.238524436950684, -2.140772581100464]","[9.39664363861084, -13.238524436950684, -2.140772581100464]","[0.04410073906183243, 0.23382525146007538, 0.2887248396873474, -0.9273720383644104]","[[0.7239274374542961, 0.5561344190160022, -0.40822004250375965], [-0.5148869534131697, 0.8293861835234314, 0.21681790103962495], [0.4591519577666441, 0.05322673193103089, 0.8867617531876654]]","[0.08194366842508316, 0.1444488763809204, 0.2535579800605774]",[0.0],"[0.04410073906183243, 0.23382525146007538, 0.2887248396873474, -0.9273720383644104]",[0.44],"[5.433082580566406, -1.9998550415039062, -7.751398620605469]","[667.48095703125, 669.857421875, 636.7058715820312, 637.8479614257812]"
19.220731735229,"[-123.8565673828125, 36.54473114013672, -33.879127502441406]","[-123.8565673828125, 36.54473114013672, -33.879127502441406]","[9.517857551574707, -13.282184600830078, -2.1019723415374756]","[9.517857551574707, -13.282184600830078, -2.1019723415374756]","[0.04314928501844406, 0.23201283812522888, 0.2844306528568268, -0.9291971921920776]","[[0.7305384933210313, 0.5486067041762532, -0.4066253968607527], [-0.5085619518554387, 0.8344746858356727, 0.21217151500671605], [0.4557173140931581, 0.05179473706978044, 0.8886163642949468]]","[0.09288812428712845, 0.12158606946468353, 0.27531182765960693]",[0.0],"[0.04314928501844406, 0.23201283812522888, 0.2844306528568268, -0.9291971921920776]",[0.44],"[6.060695648193359, -2.1830081939697266, -7.869988021850586]","[667.7160034179688, 669.857421875, 640.5519409179688, 641.5185546875]"
19.25144982338,"[-123.5693588256836, 36.145668029785156, -33.941715240478516]","[-123.5693588256836, 36.145668029785156, -33.941715240478516]","[9.629158020019531, -13.3212308883667, -2.071110486984253]","[9.629158020019531, -13.3212308883667, -2.071110486984253]","[0.04230226203799248, 0.2306978404521942, 0.2801966071128845, -0.9308484792709351]","[[0.7365367355462435, 0.5411592522526238, -0.40578356731953624], [-0.502123090258993, 0.8394007599777937, 0.20803549690152057], [0.4531953685045189, 0.05052751175037695, 0.889978050074326]]","[0.10257398337125778, 0.10101088136434555, 0.29292261600494385]",[0.0],"[0.04230226203799248, 0.2306978404521942, 0.2801966071128845, -0.9308484792709351]",[0.44],"[5.565023422241211, -1.9523143768310547, -8.266907272338868]","[667.98095703125, 669.857421875, 643.485107421875, 644.21240234375]"
19.283438920975,"[-123.27880859375, 35.745452880859375, -34.00339889526367]","[-123.27880859375, 35.745452880859375, -34.00339889526367]","[9.739148139953613, -13.358359336853027, -2.03875470161438]","[9.739148139953613, -13.358359336853027, -2.03875470161438]","[0.041458435356616974, 0.22965189814567566, 0.2756638824939728, -0.9324970245361328]","[[0.7425388591328748, 0.5331535171430093, -0.4054422368947743], [-0.4950694836478218, 0.8445812440522608, 0.20393320295383255], [0.45115660990489603, 0.04929373250595681, 0.8910824076317388]]","[0.11160578578710556, 0.08617427200078964, 0.3142995238304138]",[0.0],"[0.041458435356616974, 0.22965189814567566, 0.2756638824939728, -0.9324970245361328]",[0.44],"[5.499505996704102, -1.8564224243164062, -8.192210731506348]","[668.3673095703125, 669.857421875, 619.443359375, 619.9099731445312]"
19.31444144249,"[-122.95553588867188, 35.304012298583984, -34.06987380981445]","[-122.95553588867188, 35.304012298583984, -34.06987380981445]","[9.852770805358887, -13.394049644470215, -1.9881340265274048]","[9.852770805358887, -13.394049644470215, -1.9881340265274048]","[0.04100519418716431, 0.22860094904899597, 0.27024170756340027, -0.9343605637550354]","[[0.749422051174232, 0.5237540410723724, -0.4050287958644958], [-0.4862587358438759, 0.8505759870857812, 0.20018229435843615], [0.4493540506489282, 0.046927748928021984, 0.8921203602871426]]","[0.044004425406455994, 0.07480792701244354, 0.3549446761608124]",[0.0],"[0.04100519418716431, 0.22860094904899597, 0.27024170756340027, -0.9343605637550354]",[0.44],"[5.681133270263672, -1.784515380859375, -7.278966245651246]","[669.85546875, 663.22802734375, 599.131591796875, 606.2939453125]"
19.344445466995,"[-122.65850830078125, 34.90176010131836, -34.12862014770508]","[-122.65850830078125, 34.90176010131836, -34.12862014770508]","[9.944708824157715, -13.420223236083984, -1.9185956716537476]","[9.944708824157715, -13.420223236083984, -1.9185956716537476]","[0.04321950301527977, 0.22621390223503113, 0.2654053866863251, -0.9362261295318604]","[[0.7567745023069641, 0.51651262072798, -0.40063335445128145], [-0.47740521100899946, 0.855384110553989, 0.20100323244959384], [0.44651611009192593, 0.03915032033645005, 0.893918689989424]]","[-0.4385099709033966, 0.25563910603523254, 0.393743097782135]",[0.0],"[0.04321950301527977, 0.22621390223503113, 0.2654053866863251, -0.9362261295318604]",[0.44],"[4.596900939941406, -1.3086795806884766, -6.333082256317139]","[669.857421875, 588.8867797851562, 555.9872436523438, 589.2125244140625]"
19.37544465065,"[-122.3590087890625, 34.49882507324219, -34.18474197387695]","[-122.3590087890625, 34.49882507324219, -34.18474197387695]","[10.02273941040039, -13.442377090454102, -1.8260409832000732]","[10.02273941040039, -13.442377090454102, -1.8260409832000732]","[0.05521117150783539, 0.21495305001735687, 0.26300859451293945, -0.9389214515686035]","[[0.7692433310011277, 0.5176244420914959, -0.37460603424341343], [-0.4701532032489335, 0.8555564115061212, 0.21674690573254907], [0.43269008472216797, 0.00939109255278936, 0.9014938256579361]]","[-1.2688791751861572, 0.8196535110473633, 0.42797261476516724]",[0.0],"[0.05521117150783539, 0.21495305001735687, 0.26300859451293945, -0.9389214515686035]",[0.44],"[3.901529312133789, -1.1076927185058594, -5.182265577316285]","[669.857421875, 595.97802734375, 588.7521362304688, 574.4600830078125]"
19.40633225441,"[-122.05704498291016, 34.09504318237305, -34.23866271972656]","[-122.05704498291016, 34.09504318237305, -34.23866271972656]","[10.107037544250488, -13.478050231933594, -1.773460030555725]","[10.107037544250488, -13.478050231933594, -1.773460030555725]","[0.07094825059175491, 0.1949118673801422, 0.2617045044898987, -0.9425956606864929]","[[0.7870402325681649, 0.5210203726489611, -0.3303112072865657], [-0.46570574860818814, 0.8529541961353323, 0.2357696536260141], [0.40458111434872723, -0.03173239893833024, 0.9139514193847108]]","[-1.2995409965515137, 1.1327000856399536, 0.4651336371898651]",[0.0],"[0.07094825059175491, 0.1949118673801422, 0.2617045044898987, -0.9425956606864929]",[0.44],"[4.214906692504883, -1.7836570739746094, -7.180952367782593]","[654.1154174804688, 668.3682250976562, 607.8382568359375, 615.81591796875]"
19.437324285507,"[-121.7221450805664, 33.649513244628906, -34.296356201171875]","[-121.7221450805664, 33.649513244628906, -34.296356201171875]","[10.18624496459961, -13.523670196533203, -1.7229149341583252]","[10.18624496459961, -13.523670196533203, -1.7229149341583252]","[0.08710432797670364, 0.17336276173591614, 0.2591722309589386, -0.9461437463760376]","[[0.8055502150861251, 0.5206296648266364, -0.2829021397260294], [-0.46022707739786695, 0.8504851814949869, 0.2546880578434916], [0.3732022317576349, -0.07496480294629038, 0.9247163777820456]]","[-1.0737247467041016, 0.8851161003112793, 0.5021839737892151]",[0.0],"[0.08710432797670364, 0.17336276173591614, 0.2591722309589386, -0.9461437463760376]",[0.44],"[3.9603710174560547, -2.2809982299804688, -7.282745180130005]","[641.2456665039062, 669.85546875, 619.0639038085938, 606.1084594726562]"
19.469386816025,"[-121.41560363769531, 33.24309539794922, -34.34746551513672]","[-121.41560363769531, 33.24309539794922, -34.34746551513672]","[10.248364448547363, -13.5714111328125, -1.6863389015197754]","[10.248364448547363, -13.5714111328125, -1.6863389015197754]","[0.09842507541179657, 0.15742431581020355, 0.2552688419818878, -0.948877215385437]","[[0.8201108062098306, 0.5154265762194172, -0.24850298279518857], [-0.4534485755983382, 0.8503006456868163, 0.26715766855501766], [0.3490024028845857, -0.10641557736837104, 0.9310601786437429]]","[-0.8206676840782166, 0.7457984089851379, 0.531333327293396]",[0.0],"[0.09842507541179657, 0.15742431581020355, 0.2552688419818878, -0.948877215385437]",[0.44],"[3.1059741973876953, -2.3870468139648438, -7.98119836807251]","[649.4065551757812, 669.857421875, 620.2252197265625, 620.1295776367188]"
19.501357316971,"[-121.07640075683594, 32.794288635253906, -34.402587890625]","[-121.07640075683594, 32.794288635253906, -34.402587890625]","[10.308051109313965, -13.629499435424805, -1.6554135084152222]","[10.308051109313965, -13.629499435424805, -1.6554135084152222]","[0.10853022336959839, 0.1431703120470047, 0.24964694678783417, -0.9515250325202942]","[[0.8343573274157512, 0.5061672502144852, -0.21827179385608986], [-0.44401402642905907, 0.8517951851497148, 0.2780225111887762], [0.3266487494497774, -0.1350543860959914, 0.9354469047274168]]","[-0.6358779072761536, 0.5719246864318848, 0.5593958497047424]",[0.0],"[0.10853022336959839, 0.1431703120470047, 0.24964694678783417, -0.9515250325202942]",[0.44],"[2.984333038330078, -2.9044151306152344, -8.26373034477234]","[650.0086059570312, 669.857421875, 626.53662109375, 623.7505493164062]"
19.532388925552,"[-120.76642608642578, 32.38454818725586, -34.45191955566406]","[-120.76642608642578, 32.38454818725586, -34.45191955566406]","[10.356012344360352, -13.686640739440918, -1.6346051692962646]","[10.356012344360352, -13.686640739440918, -1.6346051692962646]","[0.11572350561618805, 0.13282938301563263, 0.24349917471408844, -0.9537675976753235]","[[0.8461290138424884, 0.4952262095087687, -0.19701956685390476], [-0.4337402821031513, 0.8546324443229159, 0.28543435017641317], [0.30973387930415663, -0.15605896960806076, 0.9379288505111729]]","[-0.4837682545185089, 0.45729365944862366, 0.5818125009536743]",[0.0],"[0.11572350561618805, 0.13282938301563263, 0.24349917471408844, -0.9537675976753235]",[0.44],"[2.398061752319336, -2.857065200805664, -8.769583044052125]","[655.708251953125, 669.857421875, 632.1438598632812, 631.7164916992188]"
19.56338429451,"[-120.42388153076172, 31.931791305541992, -34.505577087402344]","[-120.42388153076172, 31.931791305541992, -34.505577087402344]","[10.40334415435791, -13.753165245056152, -1.6180634498596191]","[10.40334415435791, -13.753165245056152, -1.6180634498596191]","[0.12201488763093948, 0.12370038032531738, 0.2358299195766449, -0.9561353921890259]","[[0.8581649298796901, 0.48115724129923976, -0.17899910103824235], [-0.42078408927804745, 0.8589932324577648, 0.29167000636325646], [0.29409814558687364, -0.17498100338837652, 0.9396211662075621]]","[-0.3574415445327759, 0.34586524963378906, 0.6035909652709961]",[0.0],"[0.12201488763093948, 0.12370038032531738, 0.2358299195766449, -0.9561353921890259]",[0.44],"[2.3665904998779297, -3.3262252807617188, -8.982914028167725]","[657.3624267578125, 669.857421875, 636.8231201171875, 635.8785400390625]"
19.594932079315,"[-120.11119079589844, 31.518251419067383, -34.55392837524414]","[-120.11119079589844, 31.518251419067383, -34.55392837524414]","[10.442212104797363, -13.815537452697754, -1.6054707765579224]","[10.442212104797363, -13.815537452697754, -1.6054707765579224]","[0.12626613676548004, 0.11717987060546875, 0.22813056409358978, -0.9582704305648804]","[[0.8684506473024522, 0.4668132468940094, -0.16696968010482438], [-0.4076298486218839, 0.8640266168653232, 0.29545883045132015], [0.28219034012973365, -0.18852959052476237, 0.9406514812624134]]","[-0.2072151005268097, 0.26402556896209717, 0.621015191078186]",[0.0],"[0.12626613676548004, 0.11717987060546875, 0.22813056409358978, -0.9582704305648804]",[0.44],"[1.9433975219726562, -3.118610382080078, -9.180366334915162]","[652.6773071289062, 669.857421875, 640.5962524414062, 632.9308471679688]"
19.625897407532,"[-119.7659683227539, 31.06125259399414, -34.60648727416992]","[-119.7659683227539, 31.06125259399414, -34.60648727416992]","[10.479793548583984, -13.880596160888672, -1.580108880996704]","[10.479793548583984, -13.880596160888672, -1.580108880996704]","[0.1264236867427826, 0.11308346688747406, 0.2185029834508896, -0.9609816074371338]","[[0.8789371514795397, 0.44854755412003033, -0.16209435810386008], [-0.39136183894575094, 0.8725469953068461, 0.2923998251961817], [0.2725901690324948, -0.19356352562064982, 0.9424583618941447]]","[0.27861136198043823, 0.10555224120616913, 0.637315571308136]",[0.0],"[0.1264236867427826, 0.11308346688747406, 0.2185029834508896, -0.9609816074371338]",[0.44],"[1.8790721893310547, -3.2529354095458984, -8.541905221939087]","[641.4762573242188, 669.857421875, 642.1522216796875, 626.313232421875]"
19.656409263611,"[-119.45101928710938, 30.643905639648438, -34.65373992919922]","[-119.45101928710938, 30.643905639648438, -34.65373992919922]","[10.515453338623047, -13.94039535522461, -1.5675013065338135]","[10.515453338623047, -13.94039535522461, -1.5675013065338135]","[0.12340114265680313, 0.11019629240036011, 0.20910979807376862, -0.9637956619262695]","[[0.8882597389815241, 0.430274929297048, -0.1608046411055788], [-0.3758815357020575, 0.8820905006810861, 0.2839532208433777], [0.26402219319772446, -0.19178072303410865, 0.9452578702644193]]","[0.2120172083377838, 0.32978108525276184, 0.6504680514335632]",[0.0],"[0.12340114265680313, 0.11019629240036011, 0.20910979807376862, -0.9637956619262695]",[0.44],"[1.782989501953125, -2.989959716796875, -9.17962127685547]","[625.8280029296875, 597.099853515625, 656.5894775390625, 529.658447265625]"
19.688408851624,"[-119.13524627685547, 30.225231170654297, -34.69926452636719]","[-119.13524627685547, 30.225231170654297, -34.69926452636719]","[10.53673267364502, -13.972835540771484, -1.4809021949768066]","[10.53673267364502, -13.972835540771484, -1.4809021949768066]","[0.10798442363739014, 0.0952109694480896, 0.20026786625385284, -0.9691063165664673]","[[0.9016553060857677, 0.4087243117034127, -0.14128748357609666], [-0.36759910506417626, 0.8964642919956591, 0.2474321694662276], [0.2277907240181456, -0.17116137868490888, 0.9585484710969112]]","[1.4337109327316284, 1.9044487476348877, 0.6512663960456848]",[0.0],"[0.10798442363739014, 0.0952109694480896, 0.20026786625385284, -0.9691063165664673]",[0.44],"[1.0639667510986328, -1.62200927734375, -5.480044422149659]","[655.041015625, 621.3810424804688, 648.1238403320312, 630.424072265625]"
19.719408035278,"[-118.78697967529297, 29.7632999420166, -34.7483024597168]","[-118.78697967529297, 29.7632999420166, -34.7483024597168]","[10.566549301147461, -14.019275665283203, -1.4953004121780396]","[10.566549301147461, -14.019275665283203, -1.4953004121780396]","[0.08503694832324982, 0.06979536265134811, 0.19110621511936188, -0.9753849506378174]","[[0.917214043790238, 0.38467462169552813, -0.10365251403015341], [-0.36093388310758745, 0.9124942639252422, 0.19256417446369212], [0.16865687138758156, -0.13921086410696248, 0.9757946495444715]]","[0.7686920762062073, 1.3030766248703003, 0.6430381536483765]",[0.0],"[0.08503694832324982, 0.06979536265134811, 0.19110621511936188, -0.9753849506378174]",[0.44],"[1.4908313751220703, -2.3220062255859375, -10.529910860061646]","[596.6198120117188, 633.0689697265625, 560.7286376953125, 669.54248046875]"
19.750416755676,"[-118.4696273803711, 29.34209442138672, -34.794342041015625]","[-118.4696273803711, 29.34209442138672, -34.794342041015625]","[10.59096908569336, -14.06004524230957, -1.585318684577942]","[10.59096908569336, -14.06004524230957, -1.585318684577942]","[0.07126972824335098, 0.055328190326690674, 0.1822763979434967, -0.9790989756584167]","[[0.927428212215835, 0.3648197192039264, -0.0823619702545737], [-0.34904681884880784, 0.9233918811777259, 0.15973028231200015], [0.13432512764101334, -0.11939018936207457, 0.9837188343825848]]","[0.8197569251060486, 1.0183011293411255, 0.6375041604042053]",[0.0],"[0.07126972824335098, 0.055328190326690674, 0.1822763979434967, -0.9790989756584167]",[0.44],"[1.2209892272949219, -2.0384788513183594, -14.310913619995118]","[661.06884765625, 664.0460205078125, 668.7542114257812, 665.573486328125]"
19.781419277191,"[-118.15159606933594, 28.9197998046875, -34.84355163574219]","[-118.15159606933594, 28.9197998046875, -34.84355163574219]","[10.609119415283203, -14.08993911743164, -1.6945358514785767]","[10.609119415283203, -14.08993911743164, -1.6945358514785767]","[0.05862761288881302, 0.04235541447997093, 0.1733529269695282, -0.9822003841400146]","[[0.9363095631506546, 0.3455010166102869, -0.06287647215424963], [-0.3355682292347791, 0.9330231314361138, 0.12985299794742944], [0.10352954533629832, -0.10048325765498745, 0.9895376437423787]]","[0.5920706391334534, 0.8635709285736084, 0.6320934295654297]",[0.0],"[0.05862761288881302, 0.04235541447997093, 0.1733529269695282, -0.9822003841400146]",[0.44],"[0.9075164794921875, -1.4946937561035156, -15.270858345031739]","[643.8628540039062, 657.76123046875, 643.5980224609375, 669.854248046875]"
19.812415599823,"[-117.80126190185547, 28.454450607299805, -34.9015998840332]","[-117.80126190185547, 28.454450607299805, -34.9015998840332]","[10.62124252319336, -14.110153198242188, -1.8226412534713745]","[10.62124252319336, -14.110153198242188, -1.8226412534713745]","[0.04791375249624252, 0.03139014169573784, 0.1635074019432068, -0.9848778247833252]","[[0.9445599770282083, 0.3250776676836598, -0.046162402569856376], [-0.31906158976353355, 0.9419392036630229, 0.10464342570201035], [0.07749941532189819, -0.08411334364081346, 0.9934378626521007]]","[0.5357389450073242, 0.6499109268188477, 0.614898681640625]",[0.0],"[0.04791375249624252, 0.03139014169573784, 0.1635074019432068, -0.9848778247833252]",[0.44],"[0.6061553955078125, -1.0107040405273438, -16.215270099639895]","[621.3414916992188, 624.0560302734375, 657.2978515625, 669.857421875]"
19.84287071228,"[-117.48253631591797, 28.03099822998047, -34.95795822143555]","[-117.48253631591797, 28.03099822998047, -34.95795822143555]","[10.626384735107422, -14.117959976196289, -1.9352006912231445]","[10.626384735107422, -14.117959976196289, -1.9352006912231445]","[0.03965981304645538, 0.023329192772507668, 0.1548164039850235, -0.9868711829185486]","[[0.9509752596434583, 0.3074181583195568, -0.03376583685873791], [-0.30371723262402733, 0.9489179605725324, 0.0855017366967939], [0.058325795413020076, -0.07105476976514175, 0.9957656959874067]]","[0.42090877890586853, 0.5354941487312317, 0.5865876078605652]",[0.0],"[0.03965981304645538, 0.023329192772507668, 0.1548164039850235, -0.9868711829185486]",[0.44],"[0.257110595703125, -0.3903388977050781, -15.437971887588501]","[618.1419067382812, 622.5823974609375, 655.1947631835938, 669.857421875]"
19.874872207642,"[-117.13182067871094, 27.56507110595703, -35.0239372253418]","[-117.13182067871094, 27.56507110595703, -35.0239372253418]","[10.62713623046875, -14.11794376373291, -2.06290864944458]","[10.62713623046875, -14.11794376373291, -2.06290864944458]","[0.032375726848840714, 0.016305355355143547, 0.1456834226846695, -0.9886669516563416]","[[0.9570209514832448, 0.28912056628733185, -0.02280791855080022], [-0.2870089753627262, 0.9554563053317784, 0.06876846229505768], [0.04167434534777248, -0.05926678239014921, 0.9973718953955035]]","[0.3569478988647461, 0.4120437502861023, 0.5509240627288818]",[0.0],"[0.032375726848840714, 0.016305355355143547, 0.1456834226846695, -0.9886669516563416]",[0.44],"[0.03757476806640625, 0.0008106231689453125, -16.19539791107178]","[603.6846313476562, 607.6456298828125, 660.3759765625, 669.857421875]"
19.905860424042,"[-116.81303405761719, 27.141618728637695, -35.08740997314453]","[-116.81303405761719, 27.141618728637695, -35.08740997314453]","[10.624022483825684, -14.110551834106445, -2.16770076751709]","[10.624022483825684, -14.110551834106445, -2.16770076751709]","[0.026892686262726784, 0.011233814060688019, 0.13795043528079987, -0.9900102615356445]","[[0.9616869576549755, 0.2737489078967371, -0.0148234668409028], [-0.2725404781484656, 0.9604929216628247, 0.05634748979978732], [0.029662897944155386, -0.05014865164164539, 0.9983011696944488]]","[0.2907542288303375, 0.33410438895225525, 0.5032786726951599]",[0.0],"[0.026892686262726784, 0.011233814060688019, 0.13795043528079987, -0.9900102615356445]",[0.44],"[-0.1556873321533203, 0.3695964813232422, -15.049605903625489]","[587.2837524414062, 589.9963989257812, 661.4107055664062, 669.857421875]"
19.93686747551,"[-116.494384765625, 26.71846580505371, -35.15402603149414]","[-116.494384765625, 26.71846580505371, -35.15402603149414]","[10.618289947509766, -14.098237991333008, -2.2745046615600586]","[10.618289947509766, -14.098237991333008, -2.2745046615600586]","[0.022409377619624138, 0.007161463610827923, 0.13091355562210083, -0.991114616394043]","[[0.9656207087866598, 0.2598216448070858, -0.008328279912004577], [-0.2591797090376289, 0.9647189214981604, 0.0462955887357096], [0.02006304512585788, -0.042545458076702514, 0.9988930664673038]]","[0.24272704124450684, 0.2650274336338043, 0.454275906085968]",[0.0],"[0.022409377619624138, 0.007161463610827923, 0.13091355562210083, -0.991114616394043]",[0.44],"[-0.28662681579589844, 0.615692138671875, -15.150194702148438]","[591.5780029296875, 593.9733276367188, 663.0628051757812, 669.857421875]"
19.968859672546,"[-116.14411926269531, 26.253498077392578, -35.23112106323242]","[-116.14411926269531, 26.253498077392578, -35.23112106323242]","[10.609620094299316, -14.080286026000977, -2.3992538452148438]","[10.609620094299316, -14.080286026000977, -2.3992538452148438]","[0.018380144611001015, 0.003631583647802472, 0.12395195662975311, -0.9921113848686218]","[[0.9692454480957297, 0.24608179276346653, -0.0026493611888323276], [-0.2458147966330123, 0.9685961654634689, 0.03737058524583097], [0.01176238073951788, -0.03557001765059204, 0.9992979637685754]]","[0.19512158632278442, 0.20761072635650635, 0.404850035905838]",[0.0],"[0.018380144611001015, 0.003631583647802472, 0.12395195662975311, -0.9921113848686218]",[0.44],"[-0.43349266052246094, 0.8975982666015625, -16.04745918273926]","[600.4558715820312, 601.8116455078125, 664.374267578125, 669.857421875]"
19.999894380569,"[-115.82596588134766, 25.83136558532715, -35.304874420166016]","[-115.82596588134766, 25.83136558532715, -35.304874420166016]","[10.599983215332031, -14.060654640197754, -2.518484354019165]","[10.599983215332031, -14.060654640197754, -2.518484354019165]","[0.015414423309266567, 0.0010870094411075115, 0.11827269196510315, -0.9928609132766724]","[[0.9720207774916055, 0.23489017716765853, 0.001487712306876443], [-0.23482315467299292, 0.9715479317787411, 0.030865883874525796], [0.005804709052629919, -0.030351629743360725, 0.9995224279290353]]","[0.16092999279499054, 0.16599248349666595, 0.3642686605453491]",[0.0],"[0.015414423309266567, 0.0010870094411075115, 0.11827269196510315, -0.9928609132766724]",[0.44],"[-0.4818439483642578, 0.9815692901611328, -15.771525440216065]","[608.27392578125, 609.3231811523438, 665.5396118164062, 669.857421875]"
20.030860185623,"[-115.47634887695312, 25.367752075195312, -35.39021682739258]","[-115.47634887695312, 25.367752075195312, -35.39021682739258]","[10.587828636169434, -14.036060333251953, -2.6545441150665283]","[10.587828636169434, -14.036060333251953, -2.6545441150665283]","[0.012765015475451946, -0.0011306310771033168, 0.11267298460006714, -0.9935495257377625]","[[0.9746070404293611, 0.22386351577931735, 0.0051232207250511835], [-0.22392124587210233, 0.974283705842449, 0.02511056698746332], [0.0006298688432896798, -0.025620133299218598, 0.9996715521065579]]","[0.12911534309387207, 0.13009843230247498, 0.3240513205528259]",[0.0],"[0.012765015475451946, -0.0011306310771033168, 0.11267298460006714, -0.9935495257377625]",[0.44],"[-0.6077289581298828, 1.229715347290039, -16.612988052368166]","[615.33251953125, 616.0113525390625, 666.421875, 669.857421875]"
