t,p,p_d,v,v_d,q,R,w,T_sp,q_sp,hover_throttle,fa,pwm
0,"[-0.0019077786710113287, 0.0019093411974608898, -4.63380765914917]","[-2.50919762305275, 2.0223002348641756, -5.3915155140809246]","[-0.0002003390691243112, 0.00020178803242743015, 0.04771070182323456]","[1.1037132329341253, 1.4381336076537568, 0.02965289686943937]","[-1.6433799828519113e-05, -1.6363936083507724e-05, -6.315941192269747e-08, 1.0]","[[0.9999999994644352, 1.2685666714540103e-07, -3.2727870091117184e-05], [-1.2578098054538886e-07, 0.9999999994598525, 3.286760172411138e-05], [3.272787424291371e-05, -3.286759758996507e-05, 0.9999999989243037]]","[6.377137469826266e-05, 6.432709051296115e-05, 2.9186582040097164e-09]",[0.6157210272225957],"[0.24999999999999997, -0.24999999999999997, 0.06698729810778066, 0.9330127018922194]",[0.68],"[0.0002907112393128741, -0.00029195243087486275, -18.69268128022973]","[516.0747680664062, 516.0746459960938, 516.0746459960938, 516.0748291015625]"
1.719893693924,"[-0.0019591222517192364, 0.0019609034061431885, -4.61096715927124]","[-0.7049365512980839, 4.283732804101994, -5.341970831980762]","[6.873773963889107e-05, -6.912092794664204e-05, -0.012778980657458305]","[0.9951693717441069, 1.1939413426714847, 0.02796146831424805]","[-1.0418451665827888e-06, -1.0474020655237837e-06, -6.540552277556344e-08, 1.0]","[[0.9999999999977973, 1.3081322801268575e-07, -2.094803994762712e-06], [-1.30808863089568e-07, 0.9999999999978205, 2.083690470177337e-06], [2.094804267332423e-06, -2.0836901961538183e-06, 0.999999999995635]]","[1.5782483387738466e-05, 1.627392521186266e-05, 9.307098203237274e-09]",[0.5988663858679427],"[0.2587620105938526, -0.020277087996374978, 0.005433229353483487, 0.9657129706049342]",[0.68],"[0.013471938556560023, -0.013563450121493329, -21.474012426003576]","[516.0747680664062, 516.0746459960938, 516.0746459960938, 516.0748291015625]"
1.7548959255219,"[-0.0019593180622905493, 0.001966678537428379, -4.611083507537842]","[-0.6701412234923418, 4.32543897491213, -5.3409927198629275]","[-0.0004052063450217247, 0.001733649056404829, 0.010457389988005161]","[0.9930086291722603, 1.1891174433236342, 0.02792708954731752]","[0.019553152844309807, 0.0035855246242135763, -1.8692351659410633e-05, 0.9998024106025696]","[[0.9999742873275302, 0.00017759393850638847, 0.00716890133630918], [0.0001028393055107497, 0.9992353477288861, -0.039098712741017186], [-0.007170363313945244, 0.03909844465346855, 0.9992096364540324]]","[3.3376920223236084, 0.37624800205230713, -0.0011135644745081663]",[0.6003413224613006],"[0.25878250850420814, -0.016229658753869024, 0.004348723956531905, 0.9657894698478299]",[0.68],"[-0.08578567103253937, 0.42876488198405444, -17.302142713435007]","[338.59161376953125, 636.2518920898438, 632.8995361328125, 344.78125]"
1.7858898639679,"[-0.0020126800518482924, 0.0022984319366514683, -4.610777378082275]","[-0.6393936045690402, 4.362228276067354, -5.340127621106023]","[-0.003530678804963827, 0.025280922651290894, 0.009556862525641918]","[0.9910969324250576, 1.1848508081768905, 0.02789664914778204]","[0.06452496349811554, 0.006788425147533417, -0.00017984682926908135, 0.9978930354118347]","[[0.9999077698782687, 0.0012349815664456018, 0.013525035132088628], [0.0005171099729715314, 0.9916729934813697, -0.12878046512342173], [-0.013571453572463985, 0.12877558161646768, 0.9915808927391664]]","[2.0007731914520264, 0.06489149481058121, -0.0031486365478485823]",[0.5989866546926976],"[0.25879651422354777, -0.01274501280617049, 0.0034150158889376995, 0.965841739904002]",[0.68],"[-0.2731470134816923, 2.2901895940702017, -18.4235380067189]","[555.4375610351562, 479.8563537597656, 469.6107177734375, 564.0198974609375]"
1.8178873062134,"[-0.002204781398177147, 0.003911478444933891, -4.610459327697754]","[-0.6077125916187169, 4.400070064120304, -5.339235502442326]","[-0.008239144459366798, 0.07633556425571442, 0.010528181679546833]","[0.9891249239645925, 1.1804508130261917, 0.027865224615625017]","[0.10116695612668991, 0.008048848249018192, -0.00040169330895878375, 0.9948368668556213]","[[0.9998701093686996, 0.0024277935812004638, 0.01593330576897159], [0.0008293163295147697, 0.9795301712610919, -0.2012957016617655], [-0.01609585812642686, 0.2012827689878197, 0.9794009260598493]]","[2.522780179977417, 0.0857868567109108, -0.003694592509418726]",[0.5982224233351187],"[0.25880718507818945, -0.009246949276805852, 0.002477712591171682, 0.9658815640756849]",[0.68],"[-0.3729315067475808, 4.289961933285861, -18.21389732306215]","[534.9786987304688, 501.1776123046875, 498.0832824707031, 538.1771240234375]"
1.8488962650299,"[-0.0025249184109270573, 0.007166146766394377, -4.610074043273926]","[-0.5770704681103671, 4.436608562699294, -5.338371902991103]","[-0.013181188143789768, 0.14369666576385498, 0.01599472388625145]","[0.987215371452859, 1.1761913810582225, 0.02783477227281475]","[0.1307309865951538, 0.008750412613153458, -0.0006334809586405754, 0.9913790822029114]","[[0.9998460579619493, 0.003543939690804687, 0.017184320869225056], [0.0010318606053242307, 0.9658180156914655, -0.2592190174519107], [-0.01751558323207436, 0.25919684457282804, 0.9656656788459146]]","[1.5205520391464233, -0.004065193235874176, -0.00419902428984642]",[0.5983469976542247],"[0.2588141988463333, -0.005911011603793466, 0.0015838507856874543, 0.9659077398147502]",[0.68],"[-0.39543784965717677, 5.605642800870433, -17.8723331785082]","[518.4060668945312, 517.284912109375, 513.9278564453125, 522.7544555664062]"
1.8794107437134,"[-0.002996206982061267, 0.012674521654844284, -4.609463214874268]","[-0.5469747568226598, 4.472435535390016, -5.33752299661844]","[-0.018204035237431526, 0.22577038407325745, 0.02542230114340782]","[0.9853377448355687, 1.1720043262342814, 0.02780480688379255]","[0.15380679070949554, 0.008449098095297813, -0.0009413962834514678, 0.9880643486976624]","[[0.9998554530288271, 0.004459377536204685, 0.01640691893093915], [0.0007387371135051876, 0.9526851698093659, -0.3039579208744016], [-0.016986091495513223, 0.3039261050762199, 0.9525441677460429]]","[1.557395339012146, -0.035790711641311646, -0.0043520559556782246]",[0.5992599296449781],"[0.2588180699176663, -0.002651573838164148, 0.0007104870686075758, 0.9659221868496448]",[0.68],"[-0.39298354455921714, 6.731464680689849, -17.57356145301322]","[523.9393310546875, 511.9803466796875, 509.31793212890625, 527.1505737304688]"
1.9104027748108,"[-0.0036833195481449366, 0.021819032728672028, -4.608392238616943]","[-0.5164666705573487, 4.508692490151319, -5.336661740772303]","[-0.02335049770772457, 0.33076542615890503, 0.04011702910065651]","[0.9834322314657414, 1.1677562670536998, 0.027774373906025666]","[0.17477954924106598, 0.00766166765242815, -0.0013148498255759478, 0.9845768809318542]","[[0.9998791400374398, 0.005267347117771215, 0.014627383960260663], [8.906415713377802e-05, 0.9389007606740519, -0.3441879547696412], [-0.015546619399596097, 0.3441476590001355, 0.9387868160317471]]","[1.0801639556884766, -0.07280268520116806, -0.004151517059653997]",[0.6011834212459106],"[0.2588189840441151, 0.0006634884470169298, -0.0001777811935655661, 0.9659255984159961]",[0.68],"[-0.38418576556138795, 8.234878728521274, -17.217319360295697]","[523.5053100585938, 513.845703125, 508.58367919921875, 527.992431640625]"
1.941413640976,"[-0.00444646505638957, 0.03330694139003754, -4.6069488525390625]","[-0.4859991294861973, 4.544839774383124, -5.3358009055257005]","[-0.02739371359348297, 0.4366459846496582, 0.05643787235021591]","[0.9815270712043255, 1.1635101886010841, 0.027743923815250194]","[0.19017229974269867, 0.006371290422976017, -0.0017200525617226958, 0.9817285537719727]","[[0.999912896155062, 0.005800535331795559, 0.01185554276253668], [-0.0009539635235316368, 0.9276630756595161, -0.37341707149660636], [-0.01316396816790118, 0.37337323567895225, 0.9275878061378385]]","[0.977046549320221, -0.10482053458690643, -0.0034317588433623314]",[0.6035273901592574],"[0.25881688651914614, 0.00394497421588043, -0.0010570526553067628, 0.965917770346242]",[0.68],"[-0.30538428004571005, 8.54528453365289, -17.070251653317094]","[528.0720825195312, 511.9912109375, 508.48736572265625, 528.601318359375]"
1.9724597930908,"[-0.005317858420312405, 0.048102207481861115, -4.60498046875]","[-0.45555607874195664, 4.5808963606194215, -5.334940036645671]","[-0.030527260154485703, 0.5510028004646301, 0.07503067702054977]","[0.9796212573451907, 1.1592638503336778, 0.027713440461689]","[0.20264531672000885, 0.004702814854681492, -0.002164228353649378, 0.9792385697364807]","[[0.9999463992961517, 0.006144598566626497, 0.008333213903708156], [-0.0023325849438165236, 0.9178603834541611, -0.39689657614789614], [-0.010087496864426962, 0.3968558642868943, 0.9178255182877798]]","[0.7477624416351318, -0.1282813996076584, -0.0020168174523860216]",[0.6064185591984711],"[0.25881180523805364, 0.00722475029803977, -0.0019358660078762691, 0.9658988067470372]",[0.68],"[-0.2295802791261477, 9.190082354147178, -16.909937505544303]","[525.34716796875, 518.608642578125, 515.788330078125, 521.758056640625]"
2.0034635066986,"[-0.00636480376124382, 0.06846896559000015, -4.602138519287109]","[-0.42521366556951123, 4.616772167861905, -5.334081288959274]","[-0.03267865628004074, 0.6846452951431274, 0.097419872879982]","[0.9777195605956726, 1.155027881436665, 0.02768300016034663]","[0.21382951736450195, 0.0025464603677392006, -0.0026744070928543806, 0.9768640398979187]","[[0.9999727261725945, 0.006314081016957768, 0.0038313567687368044], [-0.004136047451271746, 0.9085395701007317, -0.4177783529075574], [-0.006118825480341816, 0.41775111182088076, 0.9085409060865194]]","[0.62696772813797, -0.1457739919424057, 0.0005005636485293508]",[0.6101807604234448],"[0.25880365249278064, 0.010534412802967857, -0.0028226874032913165, 0.9658683802874573]",[0.68],"[-0.14129630044033883, 10.359725132709299, -16.688203023404803]","[527.6851806640625, 520.0316772460938, 512.3793334960938, 526.1775512695312]"
2.0344543457031,"[-0.007357753813266754, 0.0909094288945198, -4.59889554977417]","[-0.3949427519287041, 4.652501898993633, -5.333223841029673]","[-0.03328164666891098, 0.8123132586479187, 0.11875731498003006]","[0.9758201635289527, 1.1507982304475883, 0.027652573880866935]","[0.2219715416431427, 0.0002749574196059257, -0.003157752798870206, 0.9750480055809021]","[[0.9999799059913572, 0.006279986581944107, -0.0008656691465734785], [-0.006035855692679516, 0.9014373265956556, -0.43286755444485153], [-0.0019380558809991948, 0.43286408145460625, 0.9014571181979679]]","[0.5003593564033508, -0.16664259135723114, 0.003740557935088873]",[0.6139388504888894],"[0.25879258215409967, 0.01381238497606534, -0.0037010173998844793, 0.9658270652210427]",[0.68],"[-0.022482313116206815, 10.217293452045483, -16.72730724088244]","[528.8170776367188, 524.0928344726562, 516.291015625, 523.6370849609375]"
2.0664529800415,"[-0.008443953469395638, 0.12011095136404037, -4.59458065032959]","[-0.36374919556493507, 4.689256062181824, -5.332339499040288]","[-0.032228149473667145, 0.9584013819694519, 0.14268527925014496]","[0.9738605838176988, 1.1464358175319027, 0.027621159614067366]","[0.22928884625434875, -0.0025090351700782776, -0.00368790072388947, 0.9733482003211975]","[[0.9999602082615321, 0.0060286355064044506, -0.006575518738838951], [-0.008329810623839778, 0.8948260487432007, -0.4463372655655482], [0.003193140730514174, 0.44637427785602823, 0.8948406594517299]]","[0.4077445864677429, -0.18026694655418396, 0.008431607857346535]",[0.6184255597925582],"[0.25877789281420827, 0.017224252821025528, -0.0046152246336232765, 0.9657722438582383]",[0.68],"[0.11133965312557514, 11.286492522263343, -16.597100041897093]","[532.42431640625, 525.7452392578125, 517.2064819335938, 523.90625]"
2.0974636077881,"[-0.009375142864882946, 0.15091033279895782, -4.589969158172607]","[-0.33357859336753315, 4.72474226457514, -5.331483421571841]","[-0.0295680221170187, 1.0955746173858643, 0.16454599797725677]","[0.9719630447949504, 1.1422127372184805, 0.02759071671534728]","[0.23462355136871338, -0.005176412407308817, -0.004128878470510244, 0.9720637202262878]","[[0.9999123142343305, 0.005598049408109096, -0.012001069663990116], [-0.010456082457516558, 0.8898694830114169, -0.4560953388368641], [0.008126141144306376, 0.4561808299478362, 0.8898499877954443]]","[0.3312990367412567, -0.1895514279603958, 0.013714106753468513]",[0.6227229374678019],"[0.25876066605048886, 0.020514677250026547, -0.005496891202129738, 0.9657079527007876]",[0.68],"[0.24082030707052893, 10.956082794522281, -16.711104186259984]","[533.8370361328125, 530.0750732421875, 519.1705322265625, 523.8382568359375]"
2.1284675598145,"[-0.010200942866504192, 0.1858808398246765, -4.584707260131836]","[-0.3034732875059407, 4.760089980425317, -5.330628472120061]","[-0.0251763928681612, 1.2363711595535278, 0.18601025640964508]","[0.9700674253702952, 1.137995128297721, 0.02756028175238406]","[0.23901039361953735, -0.008068835362792015, -0.004541399423032999, 0.9709728956222534]","[[0.9998285391743372, 0.00496208046369484, -0.01784012420038411], [-0.012676222528143488, 0.8857068148662286, -0.46407194034463123], [0.013498357545653483, 0.46421851556167576, 0.885617851275444]]","[0.27254900336265564, -0.2020081728696823, 0.01990177482366562]",[0.6271756084525196],"[0.25874037836558206, 0.023813499732174663, -0.006380808022194957, 0.9656322380299475]",[0.68],"[0.38099766576625405, 11.238717757234785, -16.749795818824968]","[535.72119140625, 533.0670166015625, 519.7061767578125, 525.5684204101562]"
2.1594543457031,"[-0.010923112742602825, 0.22928425669670105, -4.578183174133301]","[-0.27344334972083345, 4.795287541768283, -5.329774938832298]","[-0.018206650391221046, 1.3947275876998901, 0.20915688574314117]","[0.9681743651979776, 1.1337844125675414, 0.027529865021479444]","[0.2428918480873108, -0.01133424136787653, -0.0049058254808187485, 0.9699747562408447]","[[0.9996949356979329, 0.004011064084812221, -0.024371026050821643], [-0.01502304341485694, 0.881958966018165, -0.4710867146625386], [0.0196046859811021, 0.4713091299029717, 0.8817501702106909]]","[0.2180379182100296, -0.20363697409629822, 0.02768014371395111]",[0.6322766180882193],"[0.25871673137129253, 0.027157181679348386, -0.00727674489968668, 0.9655439862458127]",[0.68],"[0.5707879262303767, 12.214848313089153, -16.695570376306904]","[538.021484375, 536.2991943359375, 521.5343627929688, 525.809326171875]"
2.1914556026459,"[-0.01134923379868269, 0.27332210540771484, -4.571601867675781]","[-0.24249181385584798, 4.831500551795358, -5.328894451149252]","[-0.009861759841442108, 1.5415849685668945, 0.2292410135269165]","[0.9662209126566642, 1.1294406258952159, 0.027498453931564238]","[0.24574825167655945, -0.014462624676525593, -0.005164842586964369, 0.9692120552062988]","[[0.9995283137770357, 0.002903325939236645, -0.03057320244468767], [-0.017119984854878367, 0.8791622423979325, -0.4762149417818887], [0.02549619830096314, 0.4765137305012831, 0.8787972585707607]]","[0.17839747667312622, -0.21468937397003174, 0.03547905012965202]",[0.6369437829058875],"[0.25868934894738776, 0.030575234567532254, -0.008192609410762414, 0.9654417936485656]",[0.68],"[0.6981771217165089, 11.71873706851876, -16.880930459723547]","[541.6613159179688, 538.1978759765625, 524.36328125, 526.0670776367188]"
2.2219505310059,"[-0.01149174477905035, 0.3268965780735016, -4.563684463500977]","[-0.21305534040179674, 4.865879706363097, -5.328056344144453]","[0.0016418207669630647, 1.7057932615280151, 0.25031304359436035]","[0.9643609087664784, 1.1253058274817735, 0.02746852276064458]","[0.24827350676059723, -0.017967768013477325, -0.005330666899681091, 0.9685086607933044]","[[0.999297486606037, 0.001403752573556849, -0.037450804601468324], [-0.01924743566702447, 0.8766636996624007, -0.4807185227139057], [0.03215695114324246, 0.48110164345874806, 0.8760748503068191]]","[0.14286138117313385, -0.21400706470012665, 0.04472175985574722]",[0.6421856659882277],"[0.25865958428596814, 0.03390164321200002, -0.009083917920743456, 0.9653307104198776]",[0.68],"[0.9221409843436106, 12.664018240899122, -16.872769962613468]","[541.9351806640625, 542.4207153320312, 524.3426513671875, 529.0962524414062]"
2.2530770301819,"[-0.011258657090365887, 0.38033798336982727, -4.555901050567627]","[-0.18306768909040486, 4.900840912530371, -5.327201820649394]","[0.014261700212955475, 1.8573118448257446, 0.26820409297943115]","[0.962463890390118, 1.1210899458431605, 0.0274379730736296]","[0.25012072920799255, -0.021285315975546837, -0.0053835660219192505, 0.9679657220840454]","[[0.9990359050814175, -0.0002255827628642182, -0.04389999541439815], [-0.021070012250041015, 0.8748212760746994, -0.48398740270430146], [0.038513829577830894, 0.48444576631970854, 0.8739731122885663]]","[0.11656992882490158, -0.22168327867984772, 0.05354519933462143]",[0.6469189358097108],"[0.2586262698904044, 0.03727394602066886, -0.009987523734959479, 0.9652063794030101]",[0.68],"[1.0407019618222455, 12.092865985595592, -17.072026212646282]","[545.0435180664062, 544.404541015625, 527.1803588867188, 530.08740234375]"
2.2840774059296,"[-0.010614863596856594, 0.4383542239665985, -4.547599792480469]","[-0.1532602122816917, 4.935530098978521, -5.326351704763645]","[0.029029177501797676, 2.010714054107666, 0.28481820225715637]","[0.9605760723350848, 1.1168957168174638, 0.027407548557417387]","[0.2516132891178131, -0.024674085900187492, -0.005324010271579027, 0.9674986600875854]","[[0.9987256887992366, -0.0021147102105527615, -0.05042347356609281], [-0.022718601426733764, 0.8733248153078879, -0.48660830998988003], [0.045065106623176726, 0.4871337703369777, 0.8721638844486119]]","[0.09508747607469559, -0.22305037081241608, 0.06264080852270126]",[0.6516283736929044],"[0.2585896595504133, 0.040658134021296484, -0.010894314176762747, 0.9650697477540812]",[0.68],"[1.2123896897418105, 12.244568020162824, -17.17824344314629]","[547.4402465820312, 546.3932495117188, 529.5869750976562, 531.306884765625]"
2.3157308101654,"[-0.00935473944991827, 0.5075180530548096, -4.53791618347168]","[-0.1228851963685814, 4.970815933390867, -5.325484654194333]","[0.047797612845897675, 2.181305408477783, 0.3017120957374573]","[0.9586500457199169, 1.1126178414625951, 0.027376484569054754]","[0.25292345881462097, -0.028493016958236694, -0.005126825999468565, 0.9670530557632446]","[[0.9983237272795776, -0.004497279303976698, -0.05770190736380612], [-0.024328930300586804, 0.8720068792728398, -0.4888886499614872], [0.05251512910570086, 0.48947296492206627, 0.8704357439317327]]","[0.07584919780492783, -0.22541315853595734, 0.07278244197368622]",[0.6567997287600663],"[0.258548308636738, 0.04416929177095147, -0.011835126060281078, 0.9649154240433054]",[0.68],"[1.4851647636826777, 13.161935306263164, -17.212946844626096]","[550.0203247070312, 547.7946166992188, 532.3977661132812, 532.3981323242188]"
2.3465003967285,"[-0.007635677698999643, 0.5753018260002136, -4.528646945953369]","[-0.0934167155527671, 5.004986806391294, -5.324642755633721]","[0.06718793511390686, 2.3378400802612305, 0.3158554434776306]","[0.9567793066564984, 1.1084639693834843, 0.027346289321694882]","[0.2538659870624542, -0.0319444015622139, -0.004799612797796726, 0.9666998982429504]","[[0.9979130378516465, -0.006939623660950356, -0.06419821636010875], [-0.025498764473892988, 0.8710580486595941, -0.49051780620412944], [0.05932438259838774, 0.49113108923835325, 0.8690632316432757]]","[0.06171393394470215, -0.2225123941898346, 0.08196855336427689]",[0.6614523360086343],"[0.2585046583517302, 0.047594947724570874, -0.012753027806600266, 0.9647525189618914]",[0.68],"[1.5821226286295917, 12.507461823598371, -17.39580129711154]","[550.5086669921875, 551.2830200195312, 533.2605590820312, 535.9611206054688]"
2.3767645359039,"[-0.005301551427692175, 0.6478022336959839, -4.518974304199219]","[-0.0644884382592163, 5.038471745448742, -5.32381559312187]","[0.08880849182605743, 2.4956858158111572, 0.32868045568466187]","[0.9549407496662465, 1.1043827153180756, 0.027316591415067596]","[0.25461533665657043, -0.03548864647746086, -0.004362273495644331, 0.9663811922073364]","[[0.997443053082294, -0.009640669217778952, -0.07081252445478967], [-0.026503145463599886, 0.8703040018184209, -0.4918013228210479], [0.0663697175160636, 0.4924205675487476, 0.8678231726209182]]","[0.050178125500679016, -0.22639665007591248, 0.09093872457742691]",[0.6660414828062593],"[0.2584578560209092, 0.05101247524971454, -0.013668751547073645, 0.964577850285355]",[0.68],"[1.7614390310800179, 12.617822670645634, -17.507339305599224]","[553.053955078125, 552.0599365234375, 536.5933837890625, 537.12353515625]"
2.4077546596527,"[-0.002284749411046505, 0.7250551581382751, -4.5089335441589355]","[-0.034923858981169634, 5.0726320042012985, -5.322969519765549]","[0.11270192265510559, 2.654644727706909, 0.34031134843826294]","[0.9530595807791089, 1.1002080633338462, 0.027286182471507582]","[0.25520485639572144, -0.03905687481164932, -0.003800333011895418, 0.9660903811454773]","[[0.9969202359978917, -0.012592077919261702, -0.07740466902738835], [-0.02727793859102884, 0.8697120774820758, -0.49280505570966227], [0.07352521526516159, 0.493398772232415, 0.8666900836039727]]","[0.04072936251759529, -0.22442872822284698, 0.0995895192027092]",[0.6705648721492965],"[0.25840588059300224, 0.05455678566087414, -0.014618446659469079, 0.964383875347661]",[0.68],"[1.9434753620744254, 12.715284738201179, -17.612715046554754]","[554.9375, 553.1927490234375, 539.4345092773438, 538.8877563476562]"
2.438502073288,"[0.0019033331191167235, 0.815558135509491, -4.497504234313965]","[-0.005648416740877448, 5.106396937133291, -5.32213100404588]","[0.1415829062461853, 2.8305108547210693, 0.35198748111724854]","[0.9511946368440756, 1.09607061093181, 0.027256013051034506]","[0.25570249557495117, -0.042944084852933884, -0.0030273019801825285, 0.9657965302467346]","[[0.9962932820377296, -0.016114303837216598, -0.08449867363355312], [-0.027809334831094018, 0.8692141383989257, -0.49365315657721287], [0.08140231894878647, 0.49417317542966255, 0.8655440786657722]]","[0.03240654245018959, -0.21999478340148926, 0.10858757048845291]",[0.6755218049147808],"[0.25834929756910574, 0.058169558561619455, -0.015586486240660832, 0.9641727046276334]",[0.68],"[2.267522169140041, 13.60415157684907, -17.66126269232697]","[554.6572265625, 556.2802124023438, 539.9508056640625, 542.6879272460938]"
2.4695043563843,"[0.006574295926839113, 0.9028845429420471, -4.486798286437988]","[0.02381165970121855, 5.140313020276484, -5.321286476932389]","[0.17020836472511292, 2.99135422706604, 0.36134129762649536]","[0.9493157387127289, 1.0919034051787002, 0.0272255949284384]","[0.25604286789894104, -0.04654189944267273, -0.0022179209627211094, 0.9655418395996094]","[[0.9956578648457425, -0.01955045184866755, -0.09101206810081311], [-0.028116433794396656, 0.8688742612493772, -0.49423375086616905], [0.08874053672453994, 0.49464665588384416, 0.8645518027887071]]","[0.02639986202120781, -0.22424444556236267, 0.1161455363035202]",[0.6799205674937868],"[0.2582877002994751, 0.061862272204575686, -0.016575945879170342, 0.9639428204877644]",[0.68],"[2.3239970184911183, 12.890035355610326, -17.82257164342967]","[556.5957641601562, 557.205322265625, 543.2808227539062, 544.7720947265625]"
2.5005054473877,"[0.01213853433728218, 0.9950491786003113, -4.475830554962158]","[0.053212379995869974, 5.17409868454442, -5.320442925247904]","[0.20113348960876465, 3.1530039310455322, 0.3695695996284485]","[0.947438423526938, 1.0877409206984223, 0.027195179357348713]","[0.25629574060440063, -0.05017949640750885, -0.001310868188738823, 0.9652941823005676]","[[0.9949605995297611, -0.023190835517131747, -0.09754789177241618], [-0.02825232926254162, 0.8686215499452671, -0.4946700172965515], [0.09620401203934592, 0.4949331321188217, 0.8635890229766612]]","[0.021487023681402206, -0.2243000566959381, 0.12305857241153717]",[0.6842365822683233],"[0.2582205210845586, 0.06565234275377518, -0.01759149222208533, 0.9636921042444834]",[0.68],"[2.5091630851889897, 12.965431770561054, -17.923174851905834]","[558.1658935546875, 557.9622192382812, 546.2654418945312, 546.7634887695312]"
2.5325286388397,"[0.019372880458831787, 1.1020421981811523, -4.463494300842285]","[0.08352135327202062, 5.20886283859832, -5.319572551851666]","[0.2377769500017166, 3.331453323364258, 0.37772467732429504]","[0.9455007997942021, 1.0834459888342982, 0.02716376244123665]","[0.25649115443229675, -0.054154928773641586, -0.00019299010455142707, 0.9650282859802246]","[[0.9941344128886827, -0.027408038579087454, -0.10462107669303779], [-0.028153002218313086, 0.8684245009056145, -0.49502153553104483], [0.10442307567419616, 0.49506334099250887, 0.862559062775019]]","[0.01724906638264656, -0.22041429579257965, 0.12986181676387787]",[0.6889512701953093],"[0.2581440406164005, 0.0697157082228339, -0.018680267718072123, 0.9634066752515306]",[0.68],"[2.8720160494565503, 13.842555602410705, -17.97533728933849]","[559.4729614257812, 558.6115112304688, 549.2393188476562, 548.9154052734375]"
2.5640201568604,"[0.027861976996064186, 1.2149360179901123, -4.450908660888672]","[0.11326662659201829, 5.242915755692719, -5.318717610188423]","[0.27719175815582275, 3.5106313228607178, 0.384730726480484]","[0.9435969179706858, 1.0792271108271254, 0.02713286857066319]","[0.25661733746528625, -0.058239199221134186, 0.0010005604708567262, 0.9647563695907593]","[[0.9932143891056504, -0.03182097065531517, -0.11185975448890026], [-0.027959782305636144, 0.8682930819819431, -0.4952629654153026], [0.11288679914491731, 0.4950298780529226, 0.8615114755726169]]","[0.014017678797245026, -0.2287648469209671, 0.1357397586107254]",[0.6935809546669032],"[0.2580609463513291, 0.073876327616029, -0.019795102324492015, 0.9630965632324666]",[0.68],"[3.0900007488285386, 13.914464182425835, -18.079916962810394]","[561.6563110351562, 558.771484375, 552.9661865234375, 550.510009765625]"
2.5949997901917,"[0.03674608841538429, 1.3227055072784424, -4.439280033111572]","[0.1424699213722897, 5.276285587833304, -5.317877514612756]","[0.3154802620410919, 3.6740188598632812, 0.39027607440948486]","[0.9417255041878453, 1.0750814016166272, 0.027102478261545607]","[0.2566826045513153, -0.06194526329636574, 0.0021654674783349037, 0.964506208896637]","[[0.9923161902114884, -0.03597775670109182, -0.11838150645734308], [-0.02762332938902079, 0.8682187025427067, -0.4954122125172179], [0.12060485778698377, 0.4948756507047972, 0.860553649751794]]","[0.011581000871956348, -0.22589175403118134, 0.14031493663787842]",[0.6977166459983344],"[0.2579710471455147, 0.07812716043183514, -0.020934109544646987, 0.9627610548288073]",[0.68],"[3.106004744684168, 13.1559924046186, -18.194711672498848]","[560.5890502929688, 562.4658203125, 552.9231567382812, 555.2340698242188]"
2.6260204315186,"[0.04681398719549179, 1.4353841543197632, -4.427496910095215]","[0.17165380535091224, 5.309570974973755, -5.317037250325052]","[0.35611584782600403, 3.837839126586914, 0.3950631320476532]","[0.9398531247748932, 1.0709347683812904, 0.027072049107203598]","[0.2567102909088135, -0.0657745748758316, 0.0033605133648961782, 0.9642418026924133]","[[0.991324824499656, -0.04025071543143541, -0.12511983257218706], [-0.027289325571677653, 0.8681770669828734, -0.4955036600270975], [0.12857054602620888, 0.4946195146753351, 0.859547063682832]]","[0.009835314936935902, -0.23622176051139832, 0.1441485732793808]",[0.7017912759513865],"[0.25787070696161307, 0.08261217955969148, -0.022135866797994234, 0.9623865801644454]",[0.68],"[3.2985389188875684, 13.207676322043813, -18.273020656055696]","[562.49658203125, 562.5309448242188, 556.2830200195312, 556.6697387695312]"
2.6570203304291,"[0.05934127792716026, 1.56501305103302, -4.414380073547363]","[0.20076017434834628, 5.342705673835801, -5.316198490856552]","[0.4036090075969696, 4.01838493347168, 0.3996955454349518]","[0.9379835084152004, 1.0667954699780533, 0.027041641681976293]","[0.2567044794559479, -0.07011063396930695, 0.004701957572251558, 0.96393221616745]","[[0.9901247811988212, -0.04506016436072641, -0.1327497704158603], [-0.026930690828943338, 0.8681614036444791, -0.4955507500167416], [0.13757782469989546, 0.49423212111159226, 0.8583746184633454]]","[0.008106846362352371, -0.24171780049800873, 0.14760422706604004]",[0.7062495185702242],"[0.2577565500064995, 0.08743351877586458, -0.023427740747404318, 0.9619605406079242]",[0.68],"[3.7272039691221828, 14.076302278540266, -18.32409042597077]","[564.0672607421875, 563.064453125, 559.0701904296875, 558.361083984375]"
2.6890254020691,"[0.07212960720062256, 1.6880306005477905, -4.402328968048096]","[0.23074953608470292, 5.376780215800215, -5.315333523531785]","[0.44936615228652954, 4.182724952697754, 0.4034886956214905]","[0.9360548545013497, 1.0625267395012687, 0.027010249744671557]","[0.25667068362236023, -0.07408197969198227, 0.00595784280449152, 0.9636371731758118]","[[0.9889527287880674, -0.04951174233996991, -0.13971789181621258], [-0.026546947146585675, 0.8681693285558945, -0.4955575615852094], [0.14583470615838617, 0.49379208642660793, 0.857264040907494]]","[0.006934594362974167, -0.24624355137348175, 0.15013907849788666]",[0.7102619295090421],"[0.25762386800092535, 0.09272030265670682, -0.024844330218833872, 0.9614653646218714]",[0.68],"[3.7194867894659485, 13.294767610519813, -18.404360925520056]","[564.9368896484375, 564.6851196289062, 561.02734375, 561.0361938476562]"
2.7200193405151,"[0.08782879263162613, 1.829048991203308, -4.388949871063232]","[0.25973263847651196, 5.409648101748755, -5.314496840606174]","[0.5026238560676575, 4.363729953765869, 0.4071858823299408]","[0.9341886669706364, 1.0583975038289484, 0.02697985097360729]","[0.25660979747772217, -0.07872480899095535, 0.007304567378014326, 0.9632759094238281]","[[0.9874980954895153, -0.054475742151291584, -0.1479185768388901], [-0.026330487015274073, 0.8681961102677249, -0.49552217340802585], [0.15541627106102862, 0.49322197072164287, 0.85590763257556]]","[0.005902891978621483, -0.2662314176559448, 0.15232327580451965]",[0.714672608345732],"[0.25747177337985894, 0.09842883520605061, -0.02637392690539732, 0.9608977397684936]",[0.68],"[4.187955797655302, 14.159184432870017, -18.449722417673893]","[565.5960083007812, 566.4976196289062, 562.380615234375, 563.5646362304688]"
2.7520267963409,"[0.10366888344287872, 1.96243155002594, -4.376683235168457]","[0.28960281944642, 5.44345653258997, -5.313633786600926]","[0.5538370013237, 4.528344631195068, 0.4103712737560272]","[0.9322630390139709, 1.054138024969294, 0.026948459597135405]","[0.2565321624279022, -0.08305921405553818, 0.00852588564157486, 0.9629225134849548]","[[0.9860569524690062, -0.05903425404579954, -0.15558484657239502], [-0.026195185119117337, 0.8682371178281824, -0.4954574959906458], [0.16433350209337982, 0.4926248825485794, 0.8545848332010814]]","[0.0048267049714922905, -0.2744566798210144, 0.15394975244998932]",[0.718672348897785],"[0.2572895880088877, 0.10485442389483056, -0.02809565820545046, 0.9602178147076332]",[0.68],"[4.173746249911565, 13.367590371115588, -18.51098522443496]","[566.448486328125, 568.6040649414062, 563.7769775390625, 566.199951171875]"
2.7830212116241,"[0.12291865050792694, 2.114858388900757, -4.363084316253662]","[0.318468889756849, 5.476065063531047, -5.312799005916302]","[0.6133990287780762, 4.709493637084961, 0.41368231177330017]","[0.9303998921530086, 1.050017992712061, 0.02691806316603345]","[0.2564273476600647, -0.08825047314167023, 0.009781230241060257, 0.9624766111373901]","[[0.9842323630504854, -0.06408808018526901, -0.16486168278619706], [-0.02643125884458808, 0.8682986858139914, -0.49533704555097924], [0.17489438249646705, 0.4918842527642545, 0.8529137387245913]]","[0.003962276503443718, -0.30754292011260986, 0.1554807722568512]",[0.7231047534347539],"[0.25706883356976096, 0.11214256362976173, -0.030048509361750443, 0.9593939479248158]",[0.68],"[4.697913628877554, 14.224731784474418, -18.541915821863853]","[569.359130859375, 568.6559448242188, 566.8938598632812, 566.5084228515625]"
2.8137004375458,"[0.1421726793050766, 2.2586143016815186, -4.350625514984131]","[0.34698456795863886, 5.508216303193629, -5.3119736420855395]","[0.6707242727279663, 4.87409782409668, 0.4167957007884979]","[0.9285571791259105, 1.0459443476918981, 0.02688797720350981]","[0.2563091516494751, -0.09322739392518997, 0.010873970575630665, 0.9620270729064941]","[[0.9823808195716756, -0.06871217666240437, -0.17380035743849986], [-0.026867960327423113, 0.8683747510892934, -0.49518018971775296], [0.18494875013170486, 0.491125181964212, 0.8512285436052877]]","[0.002600881038233638, -0.3276923596858978, 0.1569136381149292]",[0.7271755031181732],"[0.25680033664276714, 0.12040623204637609, -0.03226275264050083, 0.9583919037515987]",[0.68],"[4.689528057458812, 13.42493476858459, -18.584208286297393]","[567.4586791992188, 574.1038208007812, 564.7404174804688, 571.7706909179688]"
2.844694852829,"[0.1631946861743927, 2.407308340072632, -4.338072776794434]","[0.3757358238729008, 5.540571016483065, -5.311140735974747]","[0.7313199639320374, 5.038642406463623, 0.4200085699558258]","[0.9266970369472118, 1.0418333870424779, 0.026857583520869352]","[0.25617146492004395, -0.09878627955913544, 0.01183269638568163, 0.9614975452423096]","[[0.9802025165342172, -0.0733666689541903, -0.1839031322653102], [-0.027858234840468565, 0.8684723357139259, -0.494954285469686], [0.19602792893360688, 0.4902786532573087, 0.8492349030631661]]","[0.0014916169457137585, -0.3771408498287201, 0.15857858955860138]",[0.7312930015307404],"[0.2564484393336276, 0.13043483247831267, -0.03494990802745265, 0.9570786051148431]",[0.68],"[4.969958371778326, 13.448985435197736, -18.6087652178348]","[570.0594482421875, 575.38525390625, 566.7236938476562, 572.49365234375]"
2.8756246566772,"[0.18608883023262024, 2.5609354972839355, -4.325417995452881]","[0.40436969390753225, 5.572731334296461, -5.310310505222338]","[0.7956040501594543, 5.203003406524658, 0.4235911965370178]","[0.9248422777500821, 1.037735540903774, 0.02682725457430514]","[0.2560059428215027, -0.10502791404724121, 0.012635573744773865, 0.9608696699142456]","[[0.9776189590940514, -0.07805781946311541, -0.19536671026546593], [-0.02949326116984352, 0.8686025990324278, -0.4946308674563724], [0.20830583814395176, 0.48932251564355767, 0.8468601890219176]]","[-0.0006745781283825636, -0.4333592653274536, 0.16084977984428406]",[0.7355032075416855],"[0.255966697200379, 0.14300856549174043, -0.03831902963424517, 0.9552807189974128]",[0.68],"[5.287184870903528, 13.466437361310373, -18.616661112749867]","[572.8013305664062, 577.3749389648438, 567.9407348632812, 573.0795288085938]"
2.9066288471222,"[0.21357500553131104, 2.735614538192749, -4.3113603591918945]","[0.43301487770548003, 5.604841865505277, -5.309479219187535]","[0.8711087703704834, 5.38337516784668, 0.4284011125564575]","[0.9229845669910187, 1.033632395777873, 0.0267968540666814]","[0.25577792525291443, -0.11279001086950302, 0.01332335826009512, 0.9600409269332886]","[[0.9742018031454611, -0.08328032836668231, -0.20975041130160993], [-0.03211645151113829, 0.8688002821559754, -0.49412003634371154], [0.22338169503428357, 0.4881090694518139, 0.8437121328027438]]","[-0.003582092234864831, -0.506087064743042, 0.1645575314760208]",[0.7403239273988442],"[0.25521033191602743, 0.16073768187253376, -0.043069532050996125, 0.9524579253271314]",[0.68],"[6.015425224540166, 14.295919199631955, -18.580570293665097]","[576.3485107421875, 579.70849609375, 568.836181640625, 572.9147338867188]"
2.9376211166382,"[0.24080096185207367, 2.899573564529419, -4.298431396484375]","[0.46159150739841187, 5.636812979730763, -5.308649194755513]","[0.9448648691177368, 5.547013759613037, 0.43357422947883606]","[0.9211290806111143, 1.0295353875171855, 0.026766466629202373]","[0.25552332401275635, -0.121466264128685, 0.013575369492173195, 0.9590461850166321]","[[0.970123312043543, -0.0881137397744658, -0.22604586736699295], [-0.03603611448782629, 0.8690470804572459, -0.4934152369871671], [0.23992116151635878, 0.4868194393216439, 0.8399075551281849]]","[-0.007190986070781946, -0.6615699529647827, 0.1695185750722885]",[0.7448682355259175],"[0.25403754429116165, 0.18481092229648202, -0.049519937381793326, 0.9480810223246444]",[0.68],"[6.116853070193254, 13.484080758230593, -18.576839299174416]","[572.7329711914062, 589.4359130859375, 562.3809814453125, 580.3387451171875]"
2.9686539173126,"[0.27032914757728577, 3.0684356689453125, -4.285329818725586]","[0.49014791398937474, 5.6686987512906635, -5.3078190284342295]","[1.0248478651046753, 5.710168361663818, 0.4400089681148529]","[0.9192726804309223, 1.0254375885586429, 0.02673604083532688]","[0.2551932632923126, -0.13258899748325348, 0.013256142847239971, 0.9576642513275146]","[[0.9644888648463987, -0.09306150611940067, -0.2471857293144189], [-0.04228176965823005, 0.8694013460940679, -0.4922941682505365], [0.26071724272184377, 0.48526369348809506, 0.8345931122332124]]","[-0.014108510687947273, -0.8653376698493958, 0.17702943086624146]",[0.749659495155296],"[0.25217795163417334, 0.21740849902046588, -0.05825443174019636, 0.9411409280473819]",[0.68],"[6.672448793398976, 13.481862318472302, -18.514338050617944]","[578.1565551757812, 593.39990234375, 561.5498657226562, 578.8497314453125]"
2.9996230602264,"[0.3057229816913605, 3.2598214149475098, -4.270655632019043]","[0.5185883338883265, 5.70039241082476, -5.306991506310781]","[1.122020959854126, 5.888607501983643, 0.4496726393699646]","[0.9174215974019021, 1.0213527516693006, 0.026705678834475104]","[0.2546558082103729, -0.14811652898788452, 0.012167801149189472, 0.9555437564849854]","[[0.9558268769115499, -0.09869120163396738, -0.2768664465416209], [-0.052183735960932065, 0.8700047279198311, -0.4902740401193849], [0.2892608514847807, 0.48306503023285396, 0.8264238263706059]]","[-0.026275644078850746, -1.1310127973556519, 0.19004428386688232]",[0.755413731116163],"[0.03868057194780773, 0.22132351509554626, -0.008785896986134124, 0.9743934128644811]",[0.68],"[7.875932528799369, 14.26494093980851, -18.333145259962635]","[579.5877685546875, 604.4292602539062, 553.1735229492188, 581.48876953125]"
3.0316278934479,"[0.34068459272384644, 3.4386396408081055, -4.256558895111084]","[0.5479196677275107, 5.733013145551321, -5.306137297608375]","[1.2038028240203857, 6.020668029785156, 0.5089399218559265]","[0.9155101932706514, 1.0171360894185584, 0.026674302896706848]","[0.2433757334947586, -0.1645619422197342, 0.009014371782541275, 0.9558275938034058]","[[0.94567621654847, -0.09733313736721128, -0.31019793183786637], [-0.0628683962049883, 0.8813739868945087, -0.46821732852971965], [0.3189734492161481, 0.4622836384160166, 0.8273752390375142]]","[-2.507826089859009, -0.9129117727279663, 0.20318450033664703]",[0.7684351516147645],"[-0.2573061162435238, 0.10428799474526769, 0.027943883972255643, 0.9602794989190545]",[0.68],"[7.527887647747566, 11.793593381465163, -16.01875818635344]","[669.30615234375, 415.09088134765625, 420.9298400878906, 606.3359985351562]"
3.0626218318939,"[0.38217300176620483, 3.639680862426758, -4.239086151123047]","[0.5762662688139165, 5.764474977420881, -5.305311026762086]","[1.3113770484924316, 6.157076358795166, 0.5495684742927551]","[0.9136606967569131, 1.0130572465487706, 0.02664391939335258]","[0.19489210844039917, -0.17114345729351044, 0.0024918830022215843, 0.9657747149467468]","[[0.9414074150894552, -0.07152221366772571, -0.32960075070070205], [-0.06189582328312093, 0.9240217131735179, -0.3772966798931362], [0.3315433440298611, 0.3755908020044517, 0.8654539661865601]]","[-2.451629400253296, 0.7462241649627686, 0.22253695130348206]",[0.7796882008647936],"[-0.25880897569474626, 0.008520368945465222, 0.0022830259781526224, 0.9658882467476517]",[0.68],"[9.086109544300573, 11.064305684572762, -17.513327453990634]","[598.5233764648438, 519.028564453125, 667.170166015625, 313.0765686035156]"
3.0936305522919,"[0.4231809973716736, 3.826162338256836, -4.222715854644775]","[0.6045690484843342, 5.795825375257143, -5.304485304198906]","[1.4213718175888062, 6.272161960601807, 0.5370486974716187]","[0.9118118292149716, 1.0089810204609724, 0.026613522781381134]","[0.1612289398908615, -0.1503986120223999, 0.0043024057522416115, 0.9753804802894592]","[[0.9547234936129574, -0.05689018273290014, -0.29200439622172436], [-0.04010425237681392, 0.9479734364928241, -0.31581327336160636], [0.29477908549538145, 0.31322496994762905, 0.9027709728868092]]","[-2.535853385925293, 2.1311185359954834, 0.24983163177967072]",[0.7826460948096201],"[-0.2586068060865492, -0.039109676227320464, -0.010479406161353195, 0.9651337394981141]",[0.68],"[8.796707785159024, 9.320071187521439, -20.629014180542605]","[645.7758178710938, 541.9854736328125, 579.704345703125, 576.9794311523438]"
3.124623298645,"[0.46737900376319885, 4.015886306762695, -4.207320690155029]","[0.6327999847507284, 5.827033392803931, -5.303660948814527]","[1.5219523906707764, 6.371601104736328, 0.48492661118507385]","[0.9099654243568143, 1.0049114538966122, 0.02658314320958982]","[0.12191934138536453, -0.1194634735584259, 0.007375335320830345, 0.9852968454360962]","[[0.9713481658285211, -0.04366360528299751, -0.23361557523428736], [-0.014596026780407279, 0.9701625572501285, -0.2420156512814614], [0.23721235933353477, 0.23849131857712325, 0.9417283053630284]]","[-2.473794460296631, 2.1882822513580322, 0.26507240533828735]",[0.7793766859535647],"[-0.25821212665520527, -0.06611059719926923, -0.01771428113068343, 0.9636607758076362]",[0.68],"[7.655721546595322, 7.69309765490241, -23.004572330123654]","[567.7819213867188, 594.6602172851562, 610.8201293945312, 596.282470703125]"
3.1557269096375,"[0.5191059112548828, 4.227548599243164, -4.192568302154541]","[0.6610743973462277, 5.858226311621145, -5.302834591198416]","[1.608407735824585, 6.450620651245117, 0.40650320053100586]","[0.9081139326623082, 1.0008319130040282, 0.02655265635508011]","[0.08113060891628265, -0.08572404086589813, 0.011084705591201782, 0.9929483532905579]","[[0.9850570362391564, -0.035922767595418126, -0.16844047260186823], [0.008103393058559671, 0.9865899071976592, -0.1630174605599395], [0.17203770825895592, 0.15921655753959296, 0.97213842622899]]","[-2.5469114780426025, 2.119565725326538, 0.25718289613723755]",[0.7719725245059712],"[-0.2578697785666415, -0.08265253285142732, -0.022146679429926788, 0.9623831153472422]",[0.68],"[6.198661668617454, 5.766476524795864, -24.557719593277156]","[562.937744140625, 566.6177978515625, 611.3911743164062, 622.2120971679688]"
3.1872444152832,"[0.5682432055473328, 4.42177677154541, -4.181582927703857]","[0.6896663382293962, 5.889704954548681, -5.30199820451116]","[1.663490653038025, 6.492586612701416, 0.32507845759391785]","[0.9062393543988003, 0.9967027690174893, 0.026521765231965595]","[0.042682938277721405, -0.0560438446700573, 0.013985277153551579, 0.9974175095558167]","[[0.9933269989950737, -0.032682552543683074, -0.11060435851039942], [0.02311408869209003, 0.9959651576058371, -0.08671299739590174], [0.1129920893965669, 0.08357784259405635, 0.9900745085091575]]","[-2.4791059494018555, 1.9495435953140259, 0.2354036569595337]",[0.7629887202305969],"[-0.2577052850403212, -0.08951354554401235, -0.02398508224016463, 0.9617692171494986]",[0.68],"[3.971593952888057, 3.052768354743757, -24.77921926772077]","[543.6183471679688, 564.9635620117188, 618.3701171875, 623.5714111328125]"
3.2182424068451,"[0.6237995028495789, 4.63633918762207, -4.172384262084961]","[0.7177293826219051, 5.92053785537069, -5.3011765539277365]","[1.699369192123413, 6.504911422729492, 0.2328292727470398]","[0.9043971984894038, 0.9926462854063512, 0.026491384691202265]","[0.0009994149440899491, -0.027357932180166245, 0.01655534841120243, 0.999488115310669]","[[0.9979549279716182, -0.0331484318161689, -0.05465476482188938], [0.03303906411112788, 0.9994498432175064, -0.00290364691586896], [0.05472094747231646, 0.0010919665196581635, 0.9985010894331899]]","[-2.5195624828338623, 1.6298147439956665, 0.20040039718151093]",[0.7518507459881341],"[-0.2576070161420524, -0.0933701639513578, -0.025018460027927843, 0.9614024726283555]",[0.68],"[2.386742739780936, 0.6477350606227257, -25.252753903668353]","[535.3545532226562, 555.3751220703125, 612.4345092773438, 632.1076049804688]"
3.2492365837097,"[0.6750267148017883, 4.831275463104248, -4.166626930236816]","[0.7457319043098118, 5.9512413128347825, -5.300355945999377]","[1.7129312753677368, 6.485715866088867, 0.15218493342399597]","[0.9025567793694209, 0.9885948601921366, 0.02646100927046867]","[-0.03701205179095268, -0.005589057691395283, 0.01828942447900772, 0.9991317987442017]","[[0.9992685187726978, -0.036133366169941346, -0.012522268781065271], [0.036960816140887524, 0.996591209948901, 0.07375539446510503], [0.009814552276890265, -0.07416427705932739, 0.9971977409126922]]","[-2.4929869174957275, 1.3757818937301636, 0.16409999132156372]",[0.7414223945647282],"[-0.2575939560925954, -0.09387067769342813, -0.02515257228091627, 0.9613537318602325]",[0.68],"[0.8120437061197863, -1.748673524002323, -24.508352067924356]","[531.4073486328125, 549.5443115234375, 611.1281127929688, 626.0020751953125]"
3.2802472114563,"[0.7264323234558105, 5.025211811065674, -4.1632080078125]","[0.7736922247178821, 5.981835467024302, -5.299535844703647]","[1.7117919921875, 6.4384446144104, 0.0770174041390419]","[0.9007168946022608, 0.9845458471342549, 0.026430619109604873]","[-0.07479453086853027, 0.012566644698381424, 0.01957751251757145, 0.9969276189804077]","[[0.9989176008892979, -0.04091455846901715, 0.022127488626811243], [0.03715489328978938, 0.9880449983115616, 0.14962151443081384], [-0.027984652084109385, -0.14863741985526813, 0.9884957151863623]]","[-2.5049188137054443, 1.124069333076477, 0.12766844034194946]",[0.7311133784735833],"[-0.25761347977700344, -0.09312144679308135, -0.024951816466223905, 0.9614265952423944]",[0.68],"[-0.29035131505168144, -3.9416783983438872, -23.994421986891343]","[528.271240234375, 548.8380737304688, 603.7155151367188, 621.6737670898438]"
3.3112347126007,"[0.7827156186103821, 5.236399173736572, -4.161938667297363]","[0.8015747245603467, 6.012281453838986, -5.298717296352331]","[1.6971745491027832, 6.35526704788208, 0.001472406554967165]","[0.8988798918630718, 0.9805044123348329, 0.026400252993774447]","[-0.11280471086502075, 0.02839011885225773, 0.020587226375937462, 0.9929981231689453]","[[0.9975403345234012, -0.04729123260222523, 0.051737997235969724], [0.0344810760080152, 0.9737025266336099, 0.2251986799544647], [-0.06102734171137114, -0.22286078473985987, 0.9729381967164275]]","[-1.9574319124221802, 0.8863438367843628, 0.09000234305858612]",[0.7201017903866532],"[-0.2576417408976346, -0.09202600543256304, -0.024658293838317375, 0.9615320671804687]",[0.68],"[-1.2683537509456828, -6.498360960945288, -23.69464489656596]","[506.8360595703125, 569.8131713867188, 618.6157836914062, 590.1283569335938]"
3.3418066501617,"[0.8333104848861694, 5.425625324249268, -4.162844657897949]","[0.829027539566565, 6.042196481702325, -5.297910647399538]","[1.6744263172149658, 6.256478309631348, -0.06024350970983505]","[0.8970690037060484, 0.9765216416329396, 0.026370295461314273]","[-0.13930737972259521, 0.03986603021621704, 0.021087272092700005, 0.9892216920852661]","[[0.9959320531809762, -0.05282723838073222, 0.07299745849295425], [0.030612709543280214, 0.9602975618210262, 0.277293095431151], [-0.08474790897588003, -0.2739304321254503, 0.9580083071792487]]","[-1.6536996364593506, 0.7129968404769897, 0.05924304947257042]",[0.710513862033035],"[-0.25768866763511167, -0.09017739779930761, -0.024162960915864572, 0.9617072001489667]",[0.68],"[-1.885650678736884, -7.781748632757713, -22.715579588710384]","[526.45166015625, 554.6788330078125, 595.5794677734375, 594.32861328125]"
3.3726894855499,"[0.8831138610839844, 5.611623764038086, -4.16549015045166]","[0.85670334607067, 6.072292171665365, -5.2970967251791246]","[1.6447168588638306, 6.140627861022949, -0.11462267488241196]","[0.8952411915491175, 0.9725028720355372, 0.02634003464357363]","[-0.16168361902236938, 0.04890584200620651, 0.021331366151571274, 0.9853992462158203]","[[0.9943063828715432, -0.05785437130682336, 0.08948569474077717], [0.026225277199224628, 0.9468067603158739, 0.3207322894657479], [-0.10328142465308643, -0.31655937577460674, 0.9429332519149866]]","[-1.3199392557144165, 0.5578535199165344, 0.033457159996032715]",[0.701499756472462],"[-0.2577428109458258, -0.0879958316315201, -0.02357841202297085, 0.9619092657354417]",[0.68],"[-2.391082967558589, -9.038386314492993, -22.07159892190789]","[526.6963500976562, 558.6322021484375, 590.6813354492188, 580.529541015625]"
3.403532743454,"[0.9319429397583008, 5.793936729431152, -4.16965913772583]","[0.8842873685425923, 6.102225490074626, -5.296284778752867]","[1.6097440719604492, 6.011388301849365, -0.16184115409851074]","[0.8934172180861863, 0.9684937701604246, 0.026309813974870512]","[-0.17945173382759094, 0.05588924139738083, 0.02133904956281185, 0.9819461107254028]","[[0.9928420753195623, -0.06196643599169693, 0.1021017875585436], [0.021848750907421888, 0.9346834403800546, 0.35480911077427957], [-0.11741910532766153, -0.35003861760545296, 0.9293469358445935]]","[-1.096837043762207, 0.4314354658126831, 0.012700657360255718]",[0.6931002337044865],"[-0.25779988698236544, -0.0856354315688146, -0.02294594473235454, 0.9621222764037023]",[0.68],"[-2.7695541118590885, -10.009710757558164, -21.46345480545691]","[531.9304809570312, 554.6535034179688, 579.2847900390625, 577.3724365234375]"
3.4346921443939,"[0.9843676686286926, 5.989802837371826, -4.175757884979248]","[0.9120970253072107, 6.132340134397361, -5.295465456347514]","[1.566813588142395, 5.857303142547607, -0.20612619817256927]","[0.8915760673119977, 0.9644481593124105, 0.02627928493357978]","[-0.1954556256532669, 0.061669446527957916, 0.021181251853704453, 0.9785424470901489]","[[0.9914964678696906, -0.06556078855233882, 0.11241235256595561], [0.01734622753308801, 0.9226969059407999, 0.38513572460574225], [-0.1289723318986965, -0.3799107802913933, 0.9159879555308507]]","[-0.8640893697738647, 0.3204290270805359, -0.004519963171333075]",[0.6845563336946262],"[-0.257855212650868, -0.083283071172454, -0.022315631663842764, 0.9623287546095167]",[0.68],"[-3.2566784374289166, -11.507755093298515, -21.070303597412476]","[534.6328125, 555.93603515625, 572.218505859375, 567.359375]"
3.4653613567352,"[1.0307509899139404, 6.163320541381836, -4.18245792388916]","[0.9394131909432489, 6.1618579954852075, -5.294659952146302]","[1.5250043869018555, 5.7093095779418945, -0.23918458819389343]","[0.8897653711796352, 0.9604706920642055, 0.026249237527522968]","[-0.20705188810825348, 0.0654679387807846, 0.020937375724315643, 0.9759124517440796]","[[0.9905511505791486, -0.06797661202264171, 0.1191117069408707], [0.013755570682173701, 0.9133822838571722, 0.40687048518823254], [-0.13645219964387656, -0.4013875778596334, 0.9056869292452054]]","[-0.7135655283927917, 0.2344377487897873, -0.015696754679083824]",[0.6775169827855206],"[-0.25791329535366797, -0.08073920714677119, -0.02163400535250647, 0.9625455222074071]",[0.68],"[-3.2546791858401045, -11.37650311120531, -20.31526550714173]","[538.4889526367188, 553.3574829101562, 564.601806640625, 560.2167358398438]"
3.4965043067932,"[1.075852632522583, 6.332312107086182, -4.190051555633545]","[0.9670944983310884, 6.191707053739018, -5.2938429485446585]","[1.481497049331665, 5.5558013916015625, -0.2658493220806122]","[0.8879282187225667, 0.9564363539025328, 0.026218727372514235]","[-0.2165454477071762, 0.06815420836210251, 0.020653054118156433, 0.9736716747283936]","[[0.9898569104762552, -0.06973555470876236, 0.12377499469035902], [0.010701620457163719, 0.9053630408657822, 0.4245035225550773], [-0.14166429409250592, -0.41887315234034683, 0.8969261459196675]]","[-0.5763299465179443, 0.16393820941448212, -0.02329586073756218]",[0.6711616212398144],"[-0.25797170486804977, -0.07809690583323677, -0.020926002849385224, 0.9627635094827254]",[0.68],"[-3.3738174462937787, -11.785661867665077, -19.82771817241673]","[537.9187622070312, 553.113037109375, 558.4544677734375, 556.0720825195312]"
3.528017282486,"[1.1239358186721802, 6.512802600860596, -4.199226379394531]","[0.9950464880507549, 6.221782948483473, -5.293017204852381]","[1.4324589967727661, 5.38217830657959, -0.2888874113559723]","[0.8860707899036218, 0.9523587668071618, 0.026187856129915248]","[-0.22492285072803497, 0.07007820159196854, 0.02032710239291191, 0.9716407060623169]","[[0.989351709139887, -0.07102565799441884, 0.12703760691428656], [0.007976902490580917, 0.8979930402573644, 0.43993736854041615], [-0.1453257261833042, -0.4342394214233319, 0.888997513764019]]","[-0.46324989199638367, 0.10305935889482498, -0.02836405672132969]",[0.6648696482071826],"[-0.2580264987987799, -0.07553361287603996, -0.02023917057153996, 0.9629680032161567]",[0.68],"[-3.67041209098669, -12.900911374466597, -19.48892185219315]","[539.4822387695312, 551.6334838867188, 552.554443359375, 551.6159057617188]"
3.5590169429779,"[1.1662355661392212, 6.671865940093994, -4.208138465881348]","[1.0224860805407268, 6.251243634001205, -5.292205860890062]","[1.3874695301055908, 5.2214884757995605, -0.30423203110694885]","[0.884245139799093, 0.9483521978579975, 0.026157489142480995]","[-0.23106461763381958, 0.07101336121559143, 0.02006438747048378, 0.9701359272003174]","[[0.9891090457685965, -0.07174771659711432, 0.12851288601514943], [0.006113015972422531, 0.8924131256663421, 0.45117785333276683], [-0.14705756609084597, -0.4454784949527226, 0.8831324900132014]]","[-0.3755442798137665, 0.05338890850543976, -0.030694112181663513]",[0.6598112979059412],"[-0.2580808691279029, -0.07290053754024496, -0.019533640161703378, 0.9631709160468679]",[0.68],"[-3.4727551464621094, -12.329139955751831, -18.98354686054595]","[540.4616088867188, 549.2525024414062, 548.5487060546875, 546.6434936523438]"
3.5900204181671,"[1.207186222076416, 6.826080322265625, -4.217437267303467]","[1.0498724680787899, 6.280583790338329, -5.291395358605567]","[1.3425709009170532, 5.059013843536377, -0.3147884011268616]","[0.8824207758461416, 0.9443496972456878, 0.026127119800180242]","[-0.2360568344593048, 0.0713358223438263, 0.019845720380544662, 0.9689140915870667]","[[0.9890346956662146, -0.0721362130808827, 0.12886713114657788], [0.004778979456742771, 0.8877666365752592, 0.46026900821281536], [-0.14760600286896142, -0.4546061650794082, 0.8783767427111648]]","[-0.3073258697986603, 0.01393396407365799, -0.031498998403549194]",[0.6553516879667401],"[-0.2581329073250208, -0.0702875334524222, -0.01883348782655205, 0.9633651252424462]",[0.68],"[-3.46329439139533, -12.47530437923971, -18.642353987280423]","[540.7586059570312, 547.2422485351562, 545.304931640625, 543.2095947265625]"
3.6200158596039,"[1.2467949390411377, 6.975399494171143, -4.226990222930908]","[1.0763146151277079, 6.308851954169796, -5.290612104759123]","[1.298063039779663, 4.895262718200684, -0.32136261463165283]","[0.8806571664969616, 0.9404816738170857, 0.026097739189094384]","[-0.24012553691864014, 0.07118842750787735, 0.019674072042107582, 0.9679281711578369]","[[0.9890902773564753, -0.07227449589733492, 0.12836207466562977], [0.003897858386443964, 0.8839053148176335, 0.46764967609861463], [-0.14725906311557813, -0.46204741109319736, 0.874543868616981]]","[-0.2501068115234375, -0.014384200796484947, -0.0313083752989769]",[0.6514174609983384],"[-0.2581800999893653, -0.06783037787002665, -0.018175094972571533, 0.9635412506635244]",[0.68],"[-3.431695529348736, -12.582366509618177, -18.35737209647547]","[539.228515625, 546.381591796875, 541.8006591796875, 541.8668823242188]"
3.6516888141632,"[1.2888342142105103, 7.133962631225586, -4.237657070159912]","[1.104178158367483, 6.33857516668399, -5.28978600354]","[1.2498905658721924, 4.714388847351074, -0.32429561018943787]","[0.8787964613333406, 0.9364019635582237, 0.026066716853839926]","[-0.2437344640493393, 0.07052794843912125, 0.019559362903237343, 0.9670764207839966]","[[0.9892864796235762, -0.0722109807651734, 0.1268772502147531], [0.0034506139119387935, 0.8804218847148015, 0.4741786697057646], [-0.14594641355222143, -0.46866074275239833, 0.8712386390471]]","[-0.20056064426898956, -0.04607623815536499, -0.030456077307462692]",[0.6476789922737538],"[-0.2582265215429718, -0.06532279644508827, -0.017503190554804017, 0.9637144982601501]",[0.68],"[-3.5941294409601032, -13.47428717860748, -18.097261358130293]","[539.2175903320312, 543.8341674804688, 540.3329467773438, 539.2799072265625]"
3.6826770305634,"[1.3256866931915283, 7.272926330566406, -4.247382640838623]","[1.1313823063389834, 6.367530808087075, -5.2889787127311765]","[1.2070646286010742, 4.549716472625732, -0.3234409689903259]","[0.8769775088788475, 0.9324150601372311, 0.02603636658695044]","[-0.2463834136724472, 0.06958698481321335, 0.019512781873345375, 0.9664741158485413]","[[0.9895538057763377, -0.07200735494847832, 0.12489278762743111], [0.0034270394866693366, 0.87782892962135, 0.4789620550894157], [-0.14412329086023384, -0.4735307124658795, 0.8689057300234347]]","[-0.16394038498401642, -0.06754747033119202, -0.029496725648641586]",[0.6447930807055509],"[-0.25827134369759236, -0.06280622747334254, -0.01682887793112752, 0.9638817768184987]",[0.68],"[-3.303060616374198, -12.688966119801869, -17.849905864411028]","[538.393310546875, 541.5479736328125, 538.8992919921875, 537.567626953125]"
3.7123229503632,"[1.3612698316574097, 7.406949043273926, -4.257039546966553]","[1.1573553344092617, 6.395116625288607, -5.28820727107302]","[1.165296196937561, 4.385002613067627, -0.3197785019874573]","[0.8752387595732289, 0.9286051201795535, 0.026007332275299774]","[-0.24854819476604462, 0.06840571016073227, 0.01950950175523758, 0.9660040736198425]","[[0.9898800763173365, -0.0716967478839845, 0.12246228646415269], [0.0036882847954273767, 0.8756863484396055, 0.4828662599146124], [-0.1418584922323498, -0.4775280146248161, 0.8670889073918925]]","[-0.13452386856079102, -0.0817829892039299, -0.02864939160645008]",[0.6423558368239846],"[-0.2583109304729056, -0.06049622195686208, -0.016209913818475145, 0.9640295166752756]",[0.68],"[-3.223270723992412, -12.71037964279865, -17.66212676625439]","[536.21044921875, 541.0856323242188, 536.713134765625, 537.7731323242188]"
3.7433106899261,"[1.3989856243133545, 7.548670291900635, -4.267484664916992]","[1.1844488648293368, 6.4238303536850125, -5.2874018328313]","[1.1207282543182373, 4.204076290130615, -0.3127557933330536]","[0.8734227884988999, 0.9246271948582759, 0.025976985176974617]","[-0.25047653913497925, 0.0667685717344284, 0.01957600563764572, 0.9656190872192383]","[[0.9903174756636387, -0.0712538509324947, 0.1191393543018533], [0.004358007848393797, 0.8737565666924761, 0.4863439780520864], [-0.13875267487067067, -0.4811157303053235, 0.8656069223430154]]","[-0.10835731029510498, -0.10311926156282425, -0.0280762892216444]",[0.6401726024839571],"[-0.2583488746631867, -0.05819571342134151, -0.015593494414201506, 0.9641711263212566]",[0.68],"[-3.3287004433506544, -13.53791250596083, -17.45311776311176]","[536.1708374023438, 538.2484130859375, 537.0404052734375, 536.0844116210938]"
3.7743127346039,"[1.43201744556427, 7.672330856323242, -4.276744842529297]","[1.2114986142478072, 6.4524340558189675, -5.286596963786614]","[1.081568956375122, 4.039872169494629, -0.3041583001613617]","[0.8716074895174452, 0.9206519933528983, 0.025946625450894135]","[-0.25190258026123047, 0.06518388539552689, 0.01964496448636055, 0.9653549790382385]","[[0.9907302729101449, -0.07076870640504618, 0.11595394215275068], [0.005088750714703938, 0.872318330856128, 0.4889118904028729], [-0.13574841112576852, -0.48378974994816043, 0.8645923022849543]]","[-0.08943390101194382, -0.1072072684764862, -0.028077054768800735]",[0.6385777985634761],"[-0.2583869207178856, -0.05579351172903023, -0.014949826410690021, 0.9643131161304205]",[0.68],"[-3.0261817569422567, -12.714269581363133, -17.345116069593942]","[534.4414672851562, 537.0674438476562, 536.0985717773438, 536.2769775390625]"
3.8063108921051,"[1.46701979637146, 7.802674770355225, -4.286596775054932]","[1.2393584927507726, 6.481827643828624, -5.285767220893896]","[1.0400151014328003, 3.859675407409668, -0.2925430238246918]","[0.8697354483315687, 0.9165538498428938, 0.025915291699292325]","[-0.2531794309616089, 0.06323175132274628, 0.01975228078663349, 0.9651485681533813]","[[0.9912231860567687, -0.07014572867516344, 0.11205432608245092], [0.006109813400767994, 0.8710200462833638, 0.4912094731704843], [-0.13205781092146607, -0.48621358794345443, 0.8638038427252286]]","[-0.0724727138876915, -0.1224702000617981, -0.028700675815343857]",[0.6372472337325508],"[-0.25842249323224786, -0.05344957374729002, -0.014321770121374096, 0.9644458745613733]",[0.68],"[-3.107833768390423, -13.525639020128246, -17.170382266816205]","[534.5626831054688, 534.3460083007812, 537.179931640625, 535.0797119140625]"
3.8373215198517,"[1.4976723194122314, 7.916014671325684, -4.29519510269165]","[1.2663014241163988, 6.510189032239112, -5.284964042257487]","[1.0036886930465698, 3.696248769760132, -0.2803749740123749]","[0.8679227179013966, 0.9125868199945305, 0.025884926377211154]","[-0.25412896275520325, 0.06137365847826004, 0.019844714552164078, 0.9650170803070068]","[[0.9916789226986741, -0.06949462533245532, 0.10836702397427067], [0.0071073286541660785, 0.8700493151866153, 0.4929134647859948], [-0.12853949087552885, -0.4880416938519025, 0.8633034886679168]]","[-0.06022118404507637, -0.1250573694705963, -0.02989911288022995]",[0.6363800133564306],"[-0.25845636163575003, -0.051117822091952314, -0.013696979148376424, 0.9645722731640148]",[0.68],"[-2.8112074576795276, -12.696631177113549, -17.127342994998983]","[532.2325439453125, 534.6769409179688, 535.629638671875, 536.4415893554688]"
3.8681647777557,"[1.527255892753601, 8.024457931518555, -4.303407192230225]","[1.2930432032483374, 6.53827539322247, -5.2841661325350975]","[0.9687542915344238, 3.533224105834961, -0.2668737769126892]","[0.8661212704815455, 0.9086457277824878, 0.02585472631366911]","[-0.2549141049385071, 0.05938723310828209, 0.019938243553042412, 0.9649323225021362]","[[0.9921512459755243, -0.06875539806164532, 0.10444424252156126], [0.008200824571356513, 0.8692425310948387, 0.4943178728690423], [-0.12477440055904032, -0.4895815643984254, 0.8629839112942848]]","[-0.050071604549884796, -0.13516561686992645, -0.031682420521974564]",[0.63582664914353],"[-0.25848802375275115, -0.04883708756996829, -0.013085858175061024, 0.9646904377933383]",[0.68],"[-2.7047593774112255, -12.685479779500266, -17.050862400603144]","[531.9713745117188, 533.0344848632812, 536.356689453125, 536.1189575195312]"
3.9001643657684,"[1.558613896369934, 8.138104438781738, -4.311952590942383]","[1.3207288446986312, 6.5672863248571405, -5.2833392932356995]","[0.93198561668396, 3.3543283939361572, -0.25077882409095764]","[0.8642538663099816, 0.9045616536133954, 0.025823395479412006]","[-0.2556253671646118, 0.057091597467660904, 0.02002422884106636, 0.9648810029029846]","[[0.9926791595158224, -0.06783011714242404, 0.0999357939444887], [0.009453874883683877, 0.868509403842556, 0.4955825516996576], [-0.1204105973432319, -0.4910096908492797, 0.862792442321096]]","[-0.041168686002492905, -0.13863852620124817, -0.03431253135204315]",[0.6355503365694427],"[-0.25851762443251536, -0.046603731814997426, -0.012487432304105178, 0.9648009090341567]",[0.68],"[-2.754719877151075, -13.488657242551628, -16.915979044085717]","[531.6349487304688, 531.7507934570312, 537.0404663085938, 536.1023559570312]"
3.9312040805817,"[1.5860917568206787, 8.236299514770508, -4.319244861602783]","[1.3475269456903523, 6.595302237900339, -5.282538214050577]","[0.9000694155693054, 3.1920547485351562, -0.23523977398872375]","[0.862444015437483, 0.9006047300812895, 0.02579300586484718]","[-0.25616076588630676, 0.05499083921313286, 0.020056340843439102, 0.9648603200912476]","[[0.9931475015892144, -0.06687612587125336, 0.09584166218787504], [0.010530143912985901, 0.8679588104250251, 0.49652454716481287], [-0.11639225271320375, -0.4921128871067114, 0.8627153392463522]]","[-0.034498848021030426, -0.13903075456619263, -0.03726428002119064]",[0.6355707093060998],"[-0.2585459831459963, -0.04435848252487788, -0.011885819570011096, 0.964906745193705]",[0.68],"[-2.474586295536914, -12.666336768806975, -16.943320799186388]","[530.9714965820312, 531.209228515625, 537.2457885742188, 536.6243896484375]"
3.9621632099152,"[1.6126333475112915, 8.329631805419922, -4.3260602951049805]","[1.374199538002812, 6.623123142552008, -5.281740154225005]","[0.8695738911628723, 3.0300934314727783, -0.21900656819343567]","[0.8606403718534041, 0.8966626340659757, 0.02576269652787248]","[-0.2566084861755371, 0.052814844995737076, 0.020054535940289497, 0.9648630023002625]","[[0.9936168154725918, -0.06580523435807595, 0.09162585160003855], [0.011594284670269017, 0.8674998008218376, 0.4973024231884039], [-0.11221050803440091, -0.4930657143598126, 0.8627253539415509]]","[-0.028997598215937614, -0.1440909206867218, -0.04064958915114403]",[0.6358356593289148],"[-0.25857256671052375, -0.04214505891450027, -0.011292734501102436, 0.9650059564071678]",[0.68],"[-2.3652477360889175, -12.659753565844227, -16.912002429391137]","[530.5264892578125, 531.0161743164062, 537.386474609375, 537.144287109375]"
3.9931769371033,"[1.6407989263534546, 8.426692962646484, -4.332984447479248]","[1.400863205039885, 6.650870814438835, -5.280941627797032]","[0.8376805186271667, 2.8522517681121826, -0.20053941011428833]","[0.8588350580310455, 0.8927181466318896, 0.02573233512074036]","[-0.2570197582244873, 0.05041518807411194, 0.019985666498541832, 0.9648832678794861]","[[0.9941177638921219, -0.06448306930302583, 0.08701612049659513], [0.012652271504424606, 0.8670828340336703, 0.4980032907210984], [-0.10756296518223696, -0.49397296617985653, 0.862798305387356]]","[-0.024035319685935974, -0.14123788475990295, -0.04479360207915306]",[0.636399483789942],"[-0.2585956098772349, -0.04012755800796169, -0.010752146762466365, 0.9650919546761009]",[0.68],"[-2.3935634929072376, -13.464250600896374, -16.80799198775214]","[530.1581420898438, 530.967529296875, 537.5927734375, 537.7857666015625]"
4.0241634845734,"[1.665513277053833, 8.50984001159668, -4.338743686676025]","[1.4274476121220818, 6.678472067063759, -5.28014474154081]","[0.8101511597633362, 2.690802574157715, -0.18337559700012207]","[0.8570328362586339, 0.8887816747247264, 0.025702001702806152]","[-0.257331907749176, 0.04819732904434204, 0.019866030663251877, 0.964915931224823]","[[0.9945647165973563, -0.06314352021713576, 0.08278841413478455], [0.013532677691554529, 0.8667712601597126, 0.49852229403267634], [-0.10323706841469749, -0.4946923355659494, 0.862914613454322]]","[-0.020239807665348053, -0.1424035131931305, -0.04882201552391052]",[0.6371143608057731],"[-0.2586192156377646, -0.037949545530274215, -0.010168550077965096, 0.9651800525737491]",[0.68],"[-2.1374020533398865, -12.654533435496408, -16.88312642996336]","[531.0084838867188, 530.201416015625, 538.764892578125, 537.4693603515625]"
4.0561633110046,"[1.6917710304260254, 8.595710754394531, -4.344480037689209]","[1.4548427568545648, 6.706847947154783, -5.2793227831308345]","[0.7814685702323914, 2.5133984088897705, -0.16424888372421265]","[0.8551732648270292, 0.8847212604058516, 0.025670677812652323]","[-0.2576201558113098, 0.04575302451848984, 0.01965918019413948, 0.9649622440338135]","[[0.9950403547630097, -0.06151453588258793, 0.07817068029191843], [0.014366930661419808, 0.8664907439077016, 0.49898638122691613], [-0.09842908455086574, -0.49538851341317264, 0.8630770321343338]]","[-0.016801245510578156, -0.1423904001712799, -0.05342963710427284]",[0.6381197056927864],"[-0.25864080553706015, -0.03584164502689558, -0.009603739840359636, 0.9652606271748504]",[0.68],"[-2.1537543107112396, -13.463784659298643, -16.798991968010192]","[531.4027099609375, 530.2283935546875, 539.30029296875, 537.7119750976562]"
4.0871725082397,"[1.7148427963256836, 8.668697357177734, -4.349145889282227]","[1.4813330738471855, 6.734221497134909, -5.278527226630649]","[0.756824791431427, 2.35225248336792, -0.14675076305866241]","[0.8533727963648777, 0.8807911818991986, 0.0256403250311678]","[-0.25784048438072205, 0.043551042675971985, 0.01939496397972107, 0.9650105834007263]","[[0.995454284108122, -0.05989113488792963, 0.07405282038674343], [0.014974247132497176, 0.8662842399730799, 0.49932693432109243], [-0.09405604801505518, -0.49594825070517334, 0.8632431825923006]]","[-0.014147043228149414, -0.1385609358549118, -0.05767252668738365]",[0.6392062136303271],"[-0.25866166644270056, -0.033679648646889125, -0.009024434656297896, 0.9653384811345922]",[0.68],"[-1.915066256113275, -12.661834428284516, -16.895482032449905]","[530.7652587890625, 531.6887817382812, 538.6519775390625, 539.184814453125]"
4.1181640625,"[1.7371947765350342, 8.736849784851074, -4.353287220001221]","[1.5077525588878637, 6.76145777874954, -5.277733063160689]","[0.7335051894187927, 2.1911652088165283, -0.12928947806358337]","[0.8515748624661899, 0.8768678988881375, 0.025609990900576196]","[-0.2580268085002899, 0.04132861644029617, 0.019069163128733635, 0.965065062046051]","[[0.9958566249614013, -0.058133748195639656, 0.06992889697270666], [0.01547818419635072, 0.8661170662254489, 0.4996015201673234], [-0.08961031818422083, -0.49644911165218386, 0.8634282231165712]]","[-0.011878876015543938, -0.14081576466560364, -0.061856552958488464]",[0.6404415084178522],"[-0.2586812294784023, -0.03151752223680277, -0.008445094630781254, 0.9654114913777814]",[0.68],"[-1.8120748986063036, -12.670337340971347, -16.914417271194278]","[531.7249145507812, 531.8580322265625, 539.3733520507812, 539.17822265625]"
4.1491630077362,"[1.7609984874725342, 8.80623722076416, -4.357237339019775]","[1.534122627247582, 6.788578994300722, -5.276939650712571]","[0.7093824148178101, 2.014026165008545, -0.1101689338684082]","[0.849778010070192, 0.8729482400122698, 0.025579650917286336]","[-0.2581992745399475, 0.03890834003686905, 0.01862897165119648, 0.9651280641555786]","[[0.9962782049815886, -0.05605089703600319, 0.06548308786705248], [0.015866476351710457, 0.8659721920845275, 0.4998403767333125], [-0.0847230357301092, -0.49694108727914477, 0.8636385514052404]]","[-0.009786623530089855, -0.13588641583919525, -0.06630721688270569]",[0.6419798257580541],"[-0.25869775684864615, -0.029567809169214664, -0.007922670588848614, 0.965473172363247]",[0.68],"[-1.8126105496601466, -13.486225376293469, -16.85256388937127]","[532.25439453125, 532.7103881835938, 539.5369262695312, 539.7028198242188]"
4.1801729202271,"[1.781968593597412, 8.864242553710938, -4.360284328460693]","[1.5604463185279882, 6.8155883061437414, -5.276146898544765]","[0.6887962222099304, 1.852943778038025, -0.09304758906364441]","[0.847982033219901, 0.8690317571205847, 0.025549301582269902]","[-0.2583303153514862, 0.0367024764418602, 0.018165025860071182, 0.9651882648468018]","[[0.9966459201170753, -0.05402806420837125, 0.06146444538739915], [0.016102614954746297, 0.8658709600118093, 0.5000081805302463], [-0.08023475282259951, -0.4973413747954661, 0.8638367527868728]]","[-0.008131236769258976, -0.1349194198846817, -0.0701201781630516]",[0.6434859365270521],"[-0.2587149752207638, -0.02738921151505517, -0.007338917106784239, 0.9655374322028136]",[0.68],"[-1.599898271355233, -12.695810758902747, -16.973128827966974]","[533.1904907226562, 533.4669189453125, 540.0325927734375, 540.0543212890625]"
4.2111644744873,"[1.804345726966858, 8.922466278076172, -4.363049030303955]","[1.5866988056433868, 6.842460356861862, -5.275355555968743]","[0.6676108241081238, 1.6756514310836792, -0.07459772378206253]","[0.8461886297962881, 0.865122152325547, 0.025518971595822407]","[-0.25845080614089966, 0.03429718315601349, 0.017582308501005173, 0.9652553200721741]","[[0.9970291313106767, -0.05167110290955845, 0.057122753397857995], [0.016214564369423368, 0.8657880864657892, 0.50014807851882], [-0.07529940062146911, -0.497735983898962, 0.8640537680653639]]","[-0.006608743220567703, -0.13434197008609772, -0.07398577034473419]",[0.6452729620815212],"[-0.25872933875912435, -0.025429311576319204, -0.00681376350095413, 0.9655910376577518]",[0.68],"[-1.5910262681760619, -13.520501516764654, -16.9309931207034]","[534.12109375, 534.4437255859375, 540.3202514648438, 540.416259765625]"
4.2421677112579,"[1.8241021633148193, 8.970318794250488, -4.365039348602295]","[1.6129056004635574, 6.869221374651988, -5.274564855573473]","[0.6496593952178955, 1.5143649578094482, -0.05820871517062187]","[0.844396060929143, 0.8612156344948367, 0.025488631558027598]","[-0.2585420608520508, 0.03215034306049347, 0.01698671281337738, 0.9653154015541077]","[[0.9973556140577768, -0.049419502904980206, 0.05328688316734009], [0.01617063909713856, 0.8657349087163406, 0.5002415238688882], [-0.0708540021188302, -0.49805700929120755, 0.8642447164229341]]","[-0.0054136901162564754, -0.12756000459194183, -0.07714346796274185]",[0.6469798597601646],"[-0.25874432379295603, -0.02320873931311955, -0.0062187629562948325, 0.9656469625653648]",[0.68],"[-1.3949318112009341, -12.733395918574564, -17.057095096583957]","[535.410400390625, 535.3728637695312, 540.8654174804688, 540.6359252929688]"
4.27317237854,"[1.843337893486023, 9.01332950592041, -4.366546154022217]","[1.639058048623843, 6.895862574853659, -5.273775059377775]","[0.6329046487808228, 1.3528990745544434, -0.042306993156671524]","[0.8426049203348314, 0.8573134983103952, 0.025458291502457698]","[-0.25861769914627075, 0.03001571074128151, 0.01634128764271736, 0.9653750061988831]","[[0.9976640388537474, -0.047076129419072466, 0.049500541463363135], [0.01602575321847155, 0.865699696012934, 0.5003071165589917], [-0.06640512630835094, -0.49834513510689626, 0.8644318855939694]]","[-0.004372800700366497, -0.13107730448246002, -0.07989821583032608]",[0.6487554988317157],"[-0.2587581873659834, -0.020945610702620483, -0.005612359472743838, 0.9656987021242773]",[0.68],"[-1.3010253696269258, -12.755794605482782, -17.10534985960851]","[536.8319091796875, 536.25, 541.4122924804688, 540.6641845703125]"
4.3040874004364,"[1.8620891571044922, 9.051494598388672, -4.367582321166992]","[1.6650796110473407, 6.922306356038365, -5.272988483346551]","[0.6173596978187561, 1.1912356615066528, -0.026921231299638748]","[0.8408204630283337, 0.8534271868071492, 0.025428040546826663]","[-0.2586788833141327, 0.027837645262479782, 0.01566755212843418, 0.9654350876808167]","[[0.9979591866330862, -0.04465403110690369, 0.045645149211920644], [0.015849987144530786, 0.8656795262753123, 0.5003476363036764], [-0.06185660876731791, -0.49860304527054533, 0.8646206016671873]]","[-0.0035226617474108934, -0.13129743933677673, -0.08223175257444382]",[0.6505923881144973],"[-0.25877081628550164, -0.018646345739685283, -0.004996273282740176, 0.9657458338935642]",[0.68],"[-1.2056615964213488, -12.779309456537144, -17.155826407040532]","[537.1931762695312, 537.9253540039062, 541.1829223632812, 541.7594604492188]"
4.33473777771,"[1.8821996450424194, 9.087870597839355, -4.368198394775391]","[1.6908239813722563, 6.948405229908552, -5.272209563926115]","[0.6016665697097778, 1.013184666633606, -0.010573020204901695]","[0.8390527644287651, 0.8495786212274894, 0.025398049907744347]","[-0.258733332157135, 0.02547360025346279, 0.014879470691084862, 0.9654982089996338]","[[0.9982593940841599, -0.04191394355744449, 0.041489800777704255], [0.01555046565497542, 0.8656713283656376, 0.5003712049891781], [-0.056889060908259514, -0.4988550702357068, 0.8648163170419849]]","[-0.002729443134739995, -0.12883132696151733, -0.08433400839567184]",[0.6526984247925721],"[-0.2587807673665888, -0.016611839396882374, -0.00445112895119014, 0.9657829718337716]",[0.68],"[-1.1753299552713616, -13.6141123739339, -17.13581631524434]","[538.5118408203125, 539.0462036132812, 541.6005859375, 541.9965209960938]"
4.3660926818848,"[1.9000518321990967, 9.115837097167969, -4.368300437927246]","[1.71710407029668, 6.974982023725244, -5.271413691471062]","[0.5886558890342712, 0.8510094881057739, 0.003588009625673294]","[0.8372459616502947, 0.8456462060878094, 0.02536737130413513]","[-0.25877177715301514, 0.02330348640680313, 0.014140674844384193, 0.9655538201332092]","[[0.9985139776724666, -0.03936773441321262, 0.037683125525773686], [0.01524659604781431, 0.8656744173280313, 0.5003752099935448], [-0.05231995576427062, -0.4990571018974683, 0.8649882297407164]]","[-0.002132378751412034, -0.12796294689178467, -0.08580736070871353]",[0.6546220229818336],"[-0.2587914193175554, -0.014112578963634045, -0.0037814541364261925, 0.9658227254559786]",[0.68],"[-1.0064091512833457, -12.83424504703618, -17.27079818872102]","[540.621337890625, 539.5001220703125, 542.8899536132812, 541.65869140625]"
4.3967761993408,"[1.9175318479537964, 9.138931274414062, -4.367988109588623]","[1.7427666145563598, 7.000870443378616, -5.270635791858954]","[0.5768433809280396, 0.6885057091712952, 0.01703747920691967]","[0.8354793430949446, 0.8418025106314473, 0.025337350974455174]","[-0.2588018774986267, 0.021147646009922028, 0.013378001749515533, 0.9656062722206116]","[[0.998747612274858, -0.03678186578230935, 0.03391609531985473], [0.014889663814132703, 0.8656852345447515, 0.5003672588409264], [-0.047765103199672865, -0.4992356058596509, 0.8651487305428497]]","[-0.0016386037459596992, -0.13210013508796692, -0.08688399940729141]",[0.6565649329196482],"[-0.2588002571312544, -0.011638385081544547, -0.0031184958838022868, 0.965855708625731]",[0.68],"[-0.9118757669359059, -12.864624938151813, -17.332141494289615]","[540.3670043945312, 541.8920288085938, 542.0643920898438, 543.4771118164062]"
4.4277694225311,"[1.9363727569580078, 9.158698081970215, -4.367190837860107]","[1.7686331787607446, 7.026900509518707, -5.269850975576468]","[0.5652599334716797, 0.5094168782234192, 0.031103618443012238]","[0.8336963954390075, 0.8379245544855937, 0.025307029007209412]","[-0.2588256597518921, 0.018732894212007523, 0.012534774839878082, 0.9656610488891602]","[[0.9989839161883106, -0.03390579504590274, 0.029690609811448], [0.014511580231961752, 0.8657043145474227, 0.5003453413729755], [-0.04266789528253945, -0.49940609092878846, 0.8653167130568791]]","[-0.0012145631480962038, -0.13095489144325256, -0.087639220058918]",[0.6587402505808031],"[-0.25880699203358554, -0.009321899674400592, -0.0024977954896795843, 0.9658808436234149]",[0.68],"[-0.8613310515223371, -13.709371854121223, -17.330054631892715]","[541.7246704101562, 542.8274536132812, 542.7276611328125, 543.737548828125]"
4.4597878456116,"[1.9531892538070679, 9.171534538269043, -4.36607551574707]","[1.7952973559993295, 7.053665459458956, -5.269041185883481]","[0.5560203790664673, 0.34619855880737305, 0.043062515556812286]","[0.83185605673845, 0.8339231098638562, 0.02527570549444081]","[-0.2588404417037964, 0.016508502885699272, 0.011767448857426643, 0.9657073616981506]","[[0.9991779929597214, -0.031273960337652396, 0.025792982214703608], [0.014181687622441208, 0.8657263057719429, 0.5003167660439546], [-0.037976548854636194, -0.49953971419027404, 0.8654581901421129]]","[-0.0009049917571246624, -0.1335287243127823, -0.0879814475774765]",[0.6606838640808357],"[-0.2588134481699482, -0.006352334370933379, -0.0017021028647440626, 0.9659049382523412]",[0.68],"[-0.707819308787368, -12.929603341148113, -17.461028236949574]","[543.5152587890625, 543.4658203125, 543.8988037109375, 543.7667236328125]"
4.4907741546631,"[1.9713903665542603, 9.179991722106934, -4.364447593688965]","[1.8210459311884353, 7.079445722081503, -5.268258454699731]","[0.5473038554191589, 0.16622960567474365, 0.05536622554063797]","[0.8300765757296404, 0.8300552843170552, 0.025245393098787088]","[-0.2588506042957306, 0.014061802998185158, 0.01091978419572115, 0.9657533168792725]","[[0.9993660480191182, -0.028371448020382606, 0.021507280297917653], [0.013811823206111629, 0.8657542459377079, 0.5002787630578976], [-0.032813651249283204, -0.4996645556413259, 0.8655972607043507]]","[-0.0006481966702267528, -0.1391189843416214, -0.08803542703390121]",[0.6628373045114229],"[-0.2588170663966078, -0.003777030191712643, -0.0010120521896573712, 0.9659184416580678]",[0.68],"[-0.6414874613910431, -13.78231474045828, -17.472004238033215]","[543.8096923828125, 545.3025512695312, 543.6624755859375, 545.081787109375]"
4.5207834243774,"[1.9877080917358398, 9.182519912719727, -4.36262845993042]","[1.8459300825168856, 7.104298924089177, -5.267501299357826]","[0.5407408475875854, 0.0021605398505926132, 0.06567256152629852]","[0.8283546427098264, 0.8263137597809997, 0.025216037809011903]","[-0.2588534355163574, 0.011690324172377586, 0.01018980797380209, 0.9657921195030212]","[[0.9995190082684036, -0.025734633629333925, 0.017305512317694616], [0.013630311332054501, 0.865782133469672, 0.500235460572899], [-0.02785617952277719, -0.4997589719390269, 0.8657164704842475]]","[-0.0004923137603327632, -0.14330141246318817, -0.08784123510122299]",[0.6647522746747287],"[-0.25881893785170834, -0.0008793482647660533, -0.00023562065740977305, 0.9659254260235873]",[0.68],"[-0.4941107589716839, -13.000725934491495, -17.596929378822903]","[545.3378295898438, 545.79052734375, 544.9197998046875, 545.3075561523438]"
4.5520553588867,"[2.003849506378174, 9.180118560791016, -4.360513210296631]","[1.8718062972568008, 7.130078448986131, -5.266713223368085]","[0.5355446934700012, -0.16237418353557587, 0.07510552555322647]","[0.8265617640844897, 0.8224193548080734, 0.02518544874890028]","[-0.2588527500629425, 0.00930279865860939, 0.009468032978475094, 0.965825617313385]","[[0.9996476285772717, -0.023105047624484176, 0.013068109766057268], [0.013472827560232603, 0.8658112202727406, 0.5001893926546013], [-0.02287141526271691, -0.49983707583663395, 0.8658174234439384]]","[-0.0003792384231928736, -0.1492919623851776, -0.08753066509962082]",[0.6666123791082804],"[-0.25881814417250204, 0.002548624252855017, 0.0006829018103628753, 0.9659224639724645]",[0.68],"[-0.38548193868081726, -13.03698947316736, -17.66480010567674]","[545.9954223632812, 546.9267578125, 545.3809204101562, 546.2503051757812]"
4.5825526714325,"[2.019855499267578, 9.172773361206055, -4.358128547668457]","[1.8969875667861638, 7.155102172577292, -5.265945589736785]","[0.5317692756652832, -0.3273501694202423, 0.0836915522813797]","[0.8248147765258191, 0.8186258862321834, 0.02515561874988711]","[-0.2588472366333008, 0.006759414449334145, 0.008793379180133343, 0.9658545851707458]","[[0.999753973597793, -0.02048556270349222, 0.00850493907502492], [0.01348693969761483, 0.8658415691397967, 0.5001364569106785], [-0.017609506680810183, -0.4998987045335239, 0.8659048368072122]]","[-0.0003121745539829135, -0.16361048817634583, -0.08715522289276123]",[0.6684286129211824],"[-0.25881389037169333, 0.006096232111666989, 0.0016334804711938475, 0.9659065885717211]",[0.68],"[-0.2707845767204451, -13.071648019512754, -17.730675916209997]","[547.3430786132812, 547.12646484375, 546.7177124023438, 546.443359375]"
4.6136474609375,"[2.0373592376708984, 9.158967971801758, -4.355220794677734]","[1.922607334884736, 7.180497096947559, -5.2651638539138075]","[0.5294028520584106, -0.5092271566390991, 0.09232285618782043]","[0.8230350687122189, 0.8147626437789931, 0.02512520572420241]","[-0.2588370740413666, 0.0038256694097071886, 0.008093955926597118, 0.965879499912262]","[[0.9998397042620518, -0.01761602235790337, 0.003200239573634883], [0.013655122052870686, 0.8658757139583249, 0.5000727768668404], [-0.011580303051475588, -0.49994891766847277, 0.8659774667105435]]","[-0.0002702872734516859, -0.16967587172985077, -0.08681809902191162]",[0.6704007621958469],"[-0.2588059553826779, 0.009714497598477338, 0.0026029917863860832, 0.965876974789558]",[0.68],"[-0.14927235139415776, -13.93031166271328, -17.75375049006562]","[546.3604736328125, 549.3394775390625, 545.9284057617188, 548.8495483398438]"
4.6443243026733,"[2.0532305240631104, 9.141206741333008, -4.35234260559082]","[1.9478285394988994, 7.205433039601579, -5.264393552154473]","[0.5289662480354309, -0.6749551296234131, 0.09938361495733261]","[0.8212807714165195, 0.8109558239657155, 0.025095202844951342]","[-0.2588237524032593, 0.0009735406492836773, 0.007511456031352282, 0.965894877910614]","[[0.9998852604937865, -0.015014504700597328, -0.002007610618931628], [0.014006602924738501, 0.8659076864403707, 0.5000076988713898], [-0.005768962325255138, -0.4999784480402626, 0.866018634821001]]","[-0.0002527779433876276, -0.1846592128276825, -0.08667279779911041]",[0.6721279459213482],"[-0.25879118526916867, 0.01417223125761517, 0.003797437920425099, 0.965821851975508]",[0.68],"[-0.0023635371977564316, -13.134690322497004, -17.854254634391516]","[547.5404052734375, 549.4503173828125, 547.4660034179688, 549.3153686523438]"
4.6746351718903,"[2.069115400314331, 9.118468284606934, -4.3492631912231445]","[1.9726960219674363, 7.229956865264266, -5.26363334400832]","[0.5303112864494324, -0.8410034775733948, 0.10576143115758896]","[0.8195488556298639, 0.8071988056770477, 0.025065559226871786]","[-0.2588062584400177, -0.0020856482442468405, 0.0069846585392951965, 0.9659017324447632]","[[0.9998937292329815, -0.012413429930249645, -0.007644409190849022], [0.014572545204311713, 0.8659410702747364, 0.49993369170788216], [0.0004137158187045853, -0.4999919618711587, 0.8660299413273601]]","[-0.00023152594803832471, -0.20511332154273987, -0.08680268377065659]",[0.673812328354542],"[-0.25876800859590504, 0.01918137428951885, 0.005139633750595676, 0.9657353554533378]",[0.68],"[0.14156118702097037, -13.162139700745422, -17.909555657897705]","[547.8786010742188, 549.9120483398438, 548.4437866210938, 550.4072265625]"
4.7055654525757,"[2.0850698947906494, 9.090743064880371, -4.346001148223877]","[1.9980175855885949, 7.25486451853818, -5.262858527019507]","[0.5336278676986694, -1.0072999000549316, 0.11156805604696274]","[0.8177830363570415, 0.8033695062983606, 0.025035311194565858]","[-0.2587830424308777, -0.0054951743222773075, 0.006546670570969582, 0.9658976197242737]","[[0.999853888327206, -0.009802711183623025, -0.0140038862520116], [0.015490942902850857, 0.8659769561093076, 0.49984389922594497], [0.007227216939418801, -0.49998779961001694, 0.8660022800187727]]","[-0.00020791348651982844, -0.23081785440444946, -0.08734607696533203]",[0.6754578303904484],"[-0.2587296599361758, 0.025383756148408085, 0.006801556960834491, 0.9655922363068261]",[0.68],"[0.3022895472698947, -13.185536266233646, -17.958404178654007]","[547.4395751953125, 550.9046020507812, 548.8147583007812, 552.1921997070312]"
4.7362544536591,"[2.1027743816375732, 9.054479598999023, -4.342220783233643]","[2.023087664848219, 7.279460883285661, -5.262090678830034]","[0.539862334728241, -1.1904468536376953, 0.11739304661750793]","[0.8160324780373571, 0.7995745655037269, 0.02500530047929816]","[-0.258749395608902, -0.009743187576532364, 0.0061827730387449265, 0.9658755660057068]","[[0.9997336872267998, -0.006901491023101336, -0.022020991204290463], [0.016985666610028982, 0.8660210471791586, 0.49971895803984623], [0.015621836056441407, -0.49995991770968473, 0.8659076411357529]]","[-0.00013225607108324766, -0.2706340253353119, -0.0886591225862503]",[0.677259911045628],"[-0.2586747897829061, 0.03224527286155736, 0.00864009482297549, 0.9653874581070044]",[0.68],"[0.5268787895346853, -14.039836860690425, -17.979075264136746]","[547.53125, 550.812744140625, 550.2774658203125, 553.4449462890625]"
4.7682542800903,"[2.119089126586914, 9.016266822814941, -4.338624000549316]","[2.04917137831531, 7.304983881587684, -5.2612910142140725]","[0.5482305884361267, -1.3570780754089355, 0.12228034436702728]","[0.8142087243817847, 0.7956222906779373, 0.024974009352601353]","[-0.258709579706192, -0.014038365334272385, 0.0059416755102574825, 0.96583491563797]","[[0.9995352415817446, -0.004213636139612287, -0.030191823544662516], [0.018741074521178624, 0.8660680997207526, 0.4995746673575079], [0.024043150048625367, -0.49990831300355065, 0.865744555333974]]","[4.8275524022756144e-05, -0.2985321283340454, -0.09075777232646942]",[0.6788529672976651],"[-0.25856321044909897, 0.042937128579020864, 0.011504968928059918, 0.9649710383641614]",[0.68],"[0.7140948711353848, -13.224121796815876, -18.044263176705957]","[547.0191650390625, 550.91015625, 551.66064453125, 555.3922729492188]"
4.7992539405823,"[2.135697364807129, 8.973053932189941, -4.334886074066162]","[2.0743842078795276, 7.329588617626337, -5.260517298232907]","[0.559510350227356, -1.5238115787506104, 0.12681221961975098]","[0.8124435076922168, 0.7917981797030864, 0.024943697645193198]","[-0.25865548849105835, -0.019164996221661568, 0.005882765632122755, 0.9657616019248962]","[[0.9991961919766824, -0.0014484354019688728, -0.04006085414034316], [0.021276961240541514, 0.866125462683939, 0.49937359146135707], [0.03397441566732268, -0.49982456418580723, 0.8654600823865514]]","[0.00026351725682616234, -0.3946554958820343, -0.0939127653837204]",[0.680438924102604],"[-0.2583557904197968, 0.05776651251044438, 0.015478490376735916, 0.9641969362762983]",[0.68],"[0.9572387390405594, -13.238692195650415, -18.0790498475684]","[546.6508178710938, 550.2044067382812, 553.6944580078125, 557.02490234375]"
4.8302235603333,"[2.154423236846924, 8.9197416305542, -4.330620765686035]","[2.099517986291048, 7.354051206693038, -5.259745270300021]","[0.5761982202529907, -1.707186222076416, 0.13163693249225616]","[0.8106815099506175, 0.7879823284478373, 0.024913416691567145]","[-0.25856897234916687, -0.026316042989492416, 0.006152637302875519, 0.9656146764755249]","[[0.9985392218711889, 0.0017268706268043221, -0.054004076884112795], [0.025491178141553883, 0.8662084631850301, 0.49903216302757697], [0.047640552465546104, -0.4996798152986219, 0.864899104839342]]","[0.0009679265203885734, -0.5066604018211365, -0.0991934984922409]",[0.6822238051506463],"[-0.2578684671499557, 0.08270950063654318, 0.022161943901943176, 0.9623782210735409]",[0.68],"[1.3659060359264803, -14.080247465574399, -18.08117197351828]","[537.7576904296875, 557.41064453125, 547.7384643554688, 566.7689208984375]"
4.8618793487549,"[2.1719977855682373, 8.866025924682617, -4.326606273651123]","[2.125152262531853, 7.378933735418086, -5.258957106336446]","[0.5964125394821167, -1.8738263845443726, 0.13593316078186035]","[0.8088820311365678, 0.7840866365631476, 0.024882466252700342]","[-0.2584429979324341, -0.03538401797413826, 0.006989282090216875, 0.9653529524803162]","[[0.9973982424157385, 0.004795255165245538, -0.07192879447748413], [0.03178375157128016, 0.8663167335111185, 0.49848280443766585], [0.06470347041031965, -0.4994720399700921, 0.8639103761834035]]","[0.001984903123229742, -0.7725613713264465, -0.10643449425697327]",[0.6838454947801537],"[-0.2557386677158629, 0.14858212215589836, 0.039812459641375385, 0.9544297013755749]",[0.68],"[1.7203278230662342, -13.249778724270072, -18.11807646041035]","[530.0001220703125, 561.156494140625, 545.4848022460938, 575.3622436523438]"
4.8931078910828,"[2.192155122756958, 8.801167488098145, -4.322037220001221]","[2.150384771061116, 7.403359671439763, -5.25818053991351]","[0.6270344257354736, -2.0568108558654785, 0.14100800454616547]","[0.80710838260543, 0.7802481831246392, 0.024851934951885778]","[-0.2581779658794403, -0.05168149247765541, 0.00943946372717619, 0.9646678566932678]","[[0.9944798397196507, 0.008474150718931539, -0.1045850722464084], [0.04489793968704714, 0.8665100689177958, 0.49713627883347633], [0.09483682607010796, -0.4990876611279129, 0.8613463225392732]]","[0.00506916269659996, -1.55315101146698, -0.11904212832450867]",[0.685750086317045],"[0.14581967708046262, 0.2558528018956957, -0.03907226471427705, 0.9548556559335913]",[0.68],"[2.5657495640849115, -14.067369631424189, -18.077516885970077]","[498.88433837890625, 580.015869140625, 527.1197509765625, 603.4796752929688]"
4.9237582683563,"[2.211503744125366, 8.737151145935059, -4.317424297332764]","[2.1750962883005562, 7.427216894264456, -5.257419277949096]","[0.6636292338371277, -2.202594757080078, 0.1798931211233139]","[0.805369062003195, 0.7764852951773271, 0.02482197027090022]","[-0.24792489409446716, -0.07882048189640045, 0.015453523024916649, 0.9654438495635986]","[[0.9870970405194751, 0.009244101736289423, -0.15985612505171531], [0.06892213677027037, 0.8765888710287313, 0.47627902005077766], [0.14453087281435983, -0.48115123657806186, 0.8646411570437329]]","[2.338685989379883, -2.3272271156311035, -0.13181954622268677]",[0.6927400633299694],"[0.2580162925440131, 0.07601765998146619, -0.020368870602537538, 0.9629299129548118]",[0.68],"[3.4273096122938878, -12.049029544567773, -16.506789907323437]","[272.74432373046875, 662.343994140625, 628.467529296875, 469.2428283691406]"
4.9547917842865,"[2.2322072982788086, 8.669021606445312, -4.311551570892334]","[2.200062415363305, 7.451254904017158, -5.256649435688274]","[0.7184103727340698, -2.331350803375244, 0.2169555127620697]","[0.8036095038725151, 0.772679912313976, 0.02479163239885479]","[-0.20147618651390076, -0.10737050324678421, 0.02485724166035652, 0.9732733964920044]","[[0.9757073851391419, -0.00512058495991452, -0.2190179932700731], [0.09165098311287645, 0.917578927609709, 0.3868449556284827], [0.19898542424214072, -0.39752069381408034, 0.8957578426006964]]","[2.8815386295318604, -0.622843861579895, -0.1420404314994812]",[0.6998292423807753],"[0.25881310918591743, 0.006541872354522046, -0.0017528894143816693, 0.9659036731467153]",[0.68],"[4.9502770561455165, -10.343414511584712, -17.00051070084676]","[664.1160888671875, 98.55040740966797, 621.4776611328125, 419.94403076171875]"
4.9857594966888,"[2.2571585178375244, 8.59000015258789, -4.304234981536865]","[2.224921195863094, 7.4751242950571495, -5.255882164279543]","[0.7947045564651489, -2.4574599266052246, 0.21470314264297485]","[0.8018551857321363, 0.7688871543597462, 0.024761360235632437]","[-0.16369490325450897, -0.09376171976327896, 0.02385355904698372, 0.9817554950714111]","[[0.9812794952556488, -0.016140094051520615, -0.19191157929083313], [0.07753335663402594, 0.945269972738578, 0.3169436401331542], [0.17629275512894627, -0.32588984300803464, 0.9288254371110586]]","[2.4167518615722656, 1.582489252090454, -0.19616013765335083]",[0.7014527204201273],"[0.2586637945256981, -0.03345123336471926, 0.008963230965901552, 0.9653464232484619]",[0.68],"[5.756755926047749, -9.512763220293508, -19.321855479388322]","[501.3499450683594, 536.1749267578125, 635.59912109375, 555.2066040039062]"
5.0177931785583,"[2.2819387912750244, 8.514738082885742, -4.298227787017822]","[2.2505785250426746, 7.499691806188938, -5.255089468278207]","[0.8549728989601135, -2.5557861328125, 0.1836342215538025]","[0.8000420666604274, 0.764968631046629, 0.02473004749599861]","[-0.12517020106315613, -0.07386042922735214, 0.021004755049943924, 0.9891592264175415]","[[0.9882068745192863, -0.023063844958587598, -0.15137778890055809], [0.06004434406658232, 0.9677824420622019, 0.2445236780607108], [0.14086111124902279, -0.2507293589559278, 0.9577541155203207]]","[2.5318610668182373, 1.295488715171814, -0.2385234534740448]",[0.6983507803076923],"[0.2584944163716805, -0.048363521347924314, 0.012958966488301681, 0.9647142953719761]",[0.68],"[4.538508534409386, -7.379822055234852, -21.01256687169547]","[573.9319458007812, 504.97344970703125, 580.65087890625, 580.8533325195312]"
5.0487928390503,"[2.3110315799713135, 8.428998947143555, -4.2928853034973145]","[2.2753523814952366, 7.523346858200721, -5.2543233148593735]","[0.9050836563110352, -2.6354665756225586, 0.13888700306415558]","[0.7982890093305862, 0.76118123108912, 0.024699746911074984]","[-0.08530484139919281, -0.05063324421644211, 0.016953857615590096, 0.9949231147766113]","[[0.9942976825841369, -0.02509704791794376, -0.10364486236413967], [0.04237409138758452, 0.9848713014916177, 0.16802665939469755], [0.09785987782413003, -0.1714603746469414, 0.9803187172279534]]","[2.520885467529297, 1.4027509689331055, -0.26467591524124146]",[0.693002725769265],"[0.2583568448122317, -0.057700794043698274, 0.015460881166643485, 0.9642008713224366]",[0.68],"[3.5417360272498, -5.66388268809327, -21.848179098622502]","[539.2239990234375, 569.5971069335938, 563.96923828125, 565.9010009765625]"
5.0808103084564,"[2.3386683464050293, 8.349174499511719, -4.289395332336426]","[2.300882610855187, 7.547655396453882, -5.253532992449436]","[0.9349212646484375, -2.6816329956054688, 0.09344081580638885]","[0.7964799797725612, 0.757274267376797, 0.024668452920434108]","[-0.04749836400151253, -0.031255148351192474, 0.0131852300837636, 0.9982951283454895]","[[0.9976985308183663, -0.023356365090858755, -0.0636562783853466], [0.029294638744083612, 0.9951401102496361, 0.09401055812955618], [0.06115117095349742, -0.09565898341880673, 0.9935340422374496]]","[2.4895122051239014, 1.2009631395339966, -0.2731621563434601]",[0.686984083401789],"[0.25833255100348224, -0.05919639652847927, 0.015861626644638534, 0.9641102055938742]",[0.68],"[2.1227622390495178, -3.24003667152339, -21.9289825090884]","[562.0551147460938, 567.6095581054688, 544.0867919921875, 556.5542602539062]"
5.1117928028107,"[2.369854211807251, 8.260241508483887, -4.287161827087402]","[2.325532448965413, 7.571059134863477, -5.252769171340104]","[0.9525466561317444, -2.702906370162964, 0.042163826525211334]","[0.7947309617394571, 0.7534982290964348, 0.024638171921404432]","[-0.0065835765562951565, -0.012577916495501995, 0.009074383415281773, 0.9998580813407898]","[[0.9995189031645293, -0.017980575829574984, -0.025271746704745957], [0.018311806534242282, 0.9997486241707197, 0.012937010774183794], [0.025032779113083225, -0.013393558121566123, 0.9995969050727191]]","[2.516247272491455, 0.995954155921936, -0.26934003829956055]",[0.6797190243483457],"[0.2583233170845027, -0.05975501196452117, 0.01601130719960552, 0.9640757441390896]",[0.68],"[1.129082970642809, -1.1905283635648354, -22.17584324978769]","[557.9728393554688, 577.9110107421875, 534.8338623046875, 549.50634765625]"
5.1427927017212,"[2.3985226154327393, 8.179197311401367, -4.286571502685547]","[2.3501419230249754, 7.59435900140133, -5.252005860100976]","[0.9569826126098633, -2.695603609085083, -0.001940739806741476]","[0.792982471316883, 0.7497246289271595, 0.024607875293241453]","[0.030972102656960487, 0.0011777558829635382, 0.00547788804396987, 0.999504566192627]","[[0.9999372112673157, -0.010877393073855792, 0.0026936681874469137], [0.011023303378303737, 0.9980214431991689, -0.0619006128306976], [-0.0020150213440822285, 0.0619264192901776, 0.9980786834961737]]","[2.493875741958618, 0.8135382533073425, -0.2575393617153168]",[0.6730343902203144],"[0.2583591945147794, -0.057554070211381834, 0.015421566634263898, 0.9642096405317273]",[0.68],"[0.19564362345299918, 0.9661627248906262, -21.706084108569776]","[565.7471923828125, 574.1431274414062, 528.0684814453125, 540.0127563476562]"
5.1737926006317,"[2.4271886348724365, 8.098747253417969, -4.287237644195557]","[2.3746972174716925, 7.617541957404442, -5.251243488032839]","[0.9527389407157898, -2.66338849067688, -0.04135417565703392]","[0.7912354914476684, 0.7459555893557955, 0.024577580046821163]","[0.06833041459321976, 0.012443426065146923, 0.0020112672355026007, 0.9975831508636475]","[[0.9996822319037373, -0.0023122836880598713, 0.025101565811335515], [0.005713341536026137, 0.9906538184912522, -0.13628048646916258], [-0.02455184291509691, 0.13638059468973152, 0.9903522311785599]]","[2.5060524940490723, 0.6319472789764404, -0.24080105125904083]",[0.6666745257674084],"[0.25840498721976457, -0.05461568989488754, 0.014634230001403745, 0.9643805412333478]",[0.68],"[-0.45360444129351196, 2.921468991632292, -21.30564230113891]","[563.6029663085938, 575.7694091796875, 521.7061767578125, 535.4898681640625]"
5.2048017978668,"[2.458447217941284, 8.011821746826172, -4.289230823516846]","[2.399205720064615, 7.640615045379493, -5.250481826844272]","[0.9405282735824585, -2.6000053882598877, -0.07783585041761398]","[0.7894894988102569, 0.7421899819225963, 0.02454727709579906]","[0.10723455250263214, 0.021757420152425766, -0.0016541823279112577, 0.9939943552017212]","[[0.9990477566982737, 0.00795479022015072, 0.042898734627144115], [0.0013777986344777893, 0.9769960288607725, -0.21325306122023208], [-0.04360827663390942, 0.21310909826056373, 0.9760547308357421]]","[2.066901206970215, 0.4618373513221741, -0.21877501904964447]",[0.6603545572489937],"[0.2584448685705142, -0.05192086401892933, 0.013912153584198247, 0.9645293804606199]",[0.68],"[-1.0192118241362131, 5.200728662591101, -20.93255267962926]","[585.8178100585938, 549.6986083984375, 492.2107238769531, 556.343505859375]"
5.2368185520172,"[2.4864346981048584, 7.934960842132568, -4.2919721603393555]","[2.4244537736595007, 7.664315383300474, -5.249696403552209]","[0.9246206283569336, -2.5210654735565186, -0.103544682264328]","[0.7876883609612935, 0.738306809786681, 0.02451599098603779]","[0.13435915112495422, 0.02801606059074402, -0.004705702420324087, 0.990525484085083]","[[0.9983859134274142, 0.016850664573379026, 0.0542367355923247], [-0.0017938080980284266, 0.9638509497474261, -0.2664359969068718], [-0.056765752322890245, 0.2659086559303526, 0.9623254377159149]]","[1.6883488893508911, 0.33723849058151245, -0.1966746747493744]",[0.6554173349126765],"[0.258497876065691, -0.048105277501222704, 0.012889770258127679, 0.9647272071258018]",[0.68],"[-1.3082100621447088, 6.4662437111709785, -20.19457398948302]","[566.7312622070312, 564.4359741210938, 510.9914855957031, 533.530029296875]"
5.2688262462616,"[2.5166091918945312, 7.853446960449219, -4.2957539558410645]","[2.4496370663793323, 7.6878848186715985, -5.248912203745414]","[0.9035853147506714, -2.416245937347412, -0.12417494505643845]","[0.7858893433801518, 0.7344295991198792, 0.024484715202680616]","[0.1594035029411316, 0.032888263463974, -0.007807590067386627, 0.9866346716880798]","[[0.9977148073273278, 0.025891486929238816, 0.06240828763779849], [-0.004921469322005656, 0.9490591295748726, -0.3150596017388163], [-0.06738651646287774, 0.31403248942219664, 0.9470177707528418]]","[1.3481426239013672, 0.21223172545433044, -0.17175531387329102]",[0.6509287695406107],"[0.25854101514013356, -0.044759971080906506, 0.011993398104369304, 0.9648882043434129]",[0.68],"[-1.637817242569959, 8.199577002703238, -19.734582714848226]","[570.3846435546875, 555.7274169921875, 502.9311828613281, 537.9483642578125]"
5.2999641895294,"[2.5434048175811768, 7.782555103302002, -4.299678325653076]","[2.4740808165087955, 7.710694782665875, -5.24815027375441]","[0.8825511932373047, -2.307990312576294, -0.13632456958293915]","[0.7841407561567214, 0.7306624101811555, 0.02445429069549638]","[0.17732316255569458, 0.03559952974319458, -0.010382571257650852, 0.9834538102149963]","[[0.9972497513922864, 0.03304680092544843, 0.06633884559388059], [-0.007796316127213321, 0.9368973964706531, -0.34951750901813716], [-0.07370312707734661, 0.34803905040094685, 0.9345783390066202]]","[1.117491602897644, 0.12221812456846237, -0.14902250468730927]",[0.6476749657146276],"[0.25858415575018695, -0.041142792774658404, 0.011024178098330749, 0.9650492072920017]",[0.68],"[-1.6715539486712592, 8.678555350280236, -19.14986706153011]","[564.8624267578125, 556.6349487304688, 510.24462890625, 528.313720703125]"
5.3309214115143,"[2.572133779525757, 7.708510875701904, -4.304315090179443]","[2.4983287468483666, 7.733256147541721, -5.247393705026921]","[0.8584507703781128, -2.1777455806732178, -0.14351411163806915]","[0.7824038283401173, 0.7269216469278099, 0.024424044150851518]","[0.1935489922761917, 0.03728500008583069, -0.012927358038723469, 0.9802966713905334]","[[0.9968854243654766, 0.039778240497729045, 0.06809656871149425], [-0.01091234372320804, 0.9247433420060187, -0.38043485884985234], [-0.07810487719624806, 0.37850687266751887, 0.9222972327149406]]","[0.8884704113006592, 0.04511471465229988, -0.12429170310497284]",[0.6449522676780182],"[0.2586175964428678, -0.03810292608887006, 0.010209648274775487, 0.9651740096561269]",[0.68],"[-1.838617830014747, 10.051948959058493, -18.75088556702299]","[562.7191772460938, 555.1182861328125, 509.1139831542969, 527.7427368164062]"
5.3625454902649,"[2.5975563526153564, 7.645056247711182, -4.308655738830566]","[2.5230435115947367, 7.7561840134560205, -5.246621805674435]","[0.836401641368866, -2.0513288974761963, -0.14512452483177185]","[0.7806310403759165, 0.7231049990782217, 0.02439314748109225]","[0.2053435742855072, 0.0377010703086853, -0.014995130710303783, 0.9778485894203186]","[[0.996707550705121, 0.04480927988963701, 0.06757356936810405], [-0.013842589763338409, 0.9152183251092666, -0.40272051387761343], [-0.07989018431583267, 0.40045918396882507, 0.9128252915944639]]","[0.7364794611930847, -0.011830496601760387, -0.10214268416166306]",[0.6431502489659533],"[0.2586538348438049, -0.03450721026287436, 0.009246179122988132, 0.965309253209609]",[0.68],"[-1.729430255775938, 10.05743140378587, -18.3600680287134]","[560.024169921875, 555.022216796875, 510.5608825683594, 524.755615234375]"
5.393501996994,"[2.6247642040252686, 7.5797529220581055, -4.313412189483643]","[2.5471822809092486, 7.778511049654146, -5.2458671471535965]","[0.8126605153083801, -1.9053064584732056, -0.14240452647209167]","[0.7788971978465641, 0.7193735160587154, 0.024362904420767186]","[0.2159259021282196, 0.03728092461824417, -0.016978910192847252, 0.9755500555038452]","[[0.996643698536544, 0.04922738812279093, 0.06540644316003641], [-0.017027719001316832, 0.9061754427975555, -0.42255903055380395], [-0.08007118916221467, 0.420027072669806, 0.9039722748994466]]","[0.5877644419670105, -0.06745625287294388, -0.07817541807889938]",[0.6418778046749978],"[0.25867999056819413, -0.031658832671961186, 0.00848295864776404, 0.9654068677019385]",[0.68],"[-1.7927220119708813, 11.214031786661288, -18.04481161514584]","[558.4544067382812, 554.2658081054688, 510.48455810546875, 524.138916015625]"
5.4243001937866,"[2.648831605911255, 7.524649620056152, -4.3176069259643555]","[2.5711443662103, 7.800609347093164, -5.245117276945466]","[0.7919797897338867, -1.7674593925476074, -0.13666734099388123]","[0.7771737168884105, 0.7156656286586048, 0.02433281738917714]","[0.22368595004081726, 0.03624152019619942, -0.018512975424528122, 0.9738112688064575]","[[0.9966876439095986, 0.05226972592710566, 0.06230261653963587], [-0.01984285042306433, 0.8992437309905357, -0.43699767439233184], [-0.07886698652330737, 0.43431392090137266, 0.897302295936411]]","[0.48590585589408875, -0.09128011763095856, -0.056765876710414886]",[0.6412278111748132],"[0.25870617361043285, -0.028523672371021862, 0.007642894976985235, 0.9655045841458703]",[0.68],"[-1.6103762374882749, 10.9348676500525, -17.823773941220594]","[557.6259155273438, 553.2939453125, 512.665771484375, 521.7208862304688]"
5.4552640914917,"[2.672295093536377, 7.473742485046387, -4.321588516235352]","[2.5951818866565577, 7.822711488747994, -5.244364306371243]","[0.7724168300628662, -1.6257147789001465, -0.12838207185268402]","[0.7754424662470578, 0.7119423298648339, 0.024302569857742786]","[0.2300584316253662, 0.034758634865283966, -0.019776232540607452, 0.9723548293113708]","[[0.9968014758576034, 0.05445206447798068, 0.058496074859557545], [-0.022465996387796672, 0.893364037329153, -0.44877164372122913], [-0.07669483102656027, 0.44602206433766944, 0.8917299106807571]]","[0.3972731828689575, -0.12442594766616821, -0.035791050642728806]",[0.6410231674395269],"[0.25872898325384874, -0.025479641046515802, 0.006827249241848794, 0.9655897108940008]",[0.68],"[-1.51910224450187, 11.23733705186475, -17.642188906764957]","[555.8426513671875, 553.7687377929688, 512.4917602539062, 522.1705322265625]"
5.4872543811798,"[2.697450876235962, 7.422717094421387, -4.325643539428711]","[2.619959927290464, 7.845425264787021, -5.243587359953205]","[0.7524625658988953, -1.4661301374435425, -0.11698207259178162]","[0.7736554108784881, 0.708100389825136, 0.024271321128286935]","[0.2357366681098938, 0.0325973741710186, -0.02088051848113537, 0.9710456728935242]","[[0.9970028302902272, 0.055920666990174395, 0.05346247056261766], [-0.02518308148534465, 0.8879844545128095, -0.45918344316852727], [-0.07315168598321731, 0.45646084287326955, 0.8867312690112008]]","[0.32125577330589294, -0.1455521434545517, -0.013317708857357502]",[0.641256923075825],"[0.25874688418991193, -0.022807694956015714, 0.006111303444679801, 0.9656565180968918]",[0.68],"[-1.4922984870945586, 12.227172149560113, -17.443216749060475]","[555.7264404296875, 552.66552734375, 514.7960205078125, 520.8177490234375]"
5.5172171592712,"[2.7197725772857666, 7.380943298339844, -4.328977108001709]","[2.6431157352651806, 7.8665880653270035, -5.2428605622060305]","[0.7359137535095215, -1.3183144330978394, -0.1050405278801918]","[0.7719830761541708, 0.7045063526842064, 0.02424205424561341]","[0.23993071913719177, 0.030415188521146774, -0.021582525223493576, 0.970073401927948]","[[0.9972182218244008, 0.05646834344064433, 0.04865330920263866], [-0.027278191222356307, 0.8839348892385746, -0.4668136910277392], [-0.06936655239331624, 0.4641879447339994, 0.8830163326430662]]","[0.263416588306427, -0.15201915800571442, 0.006472504697740078]",[0.6418035816852498],"[0.2587618229731758, -0.02031040867842578, 0.0054421576033302525, 0.9657122703950357]",[0.68],"[-1.2779196873077867, 11.712994740852356, -17.388736104454814]","[554.8431396484375, 552.4375, 516.1141357421875, 521.088134765625]"
5.5492136478424,"[2.741621732711792, 7.343637466430664, -4.331934928894043]","[2.667787933210462, 7.889068456137117, -5.242085401574423]","[0.7209283113479614, -1.1683357954025269, -0.0919991284608841]","[0.7701987905362908, 0.7006730759771558, 0.024210802311288616]","[0.24336887896060944, 0.02803204581141472, -0.022014349699020386, 0.9692786931991577]","[[0.997459145629912, 0.056320335343984396, 0.04362651424897912], [-0.029031825087598606, 0.880573914321571, -0.4730187524471099], [-0.0650569446781688, 0.4705503234100241, 0.879971586322166]]","[0.2168494313955307, -0.160847470164299, 0.025465840473771095]",[0.6426143468008623],"[0.25877682042778094, -0.01744721461421919, 0.004674967066052513, 0.9657682416576063]",[0.68],"[-1.153718556638553, 11.884126480830616, -17.31584475243065]","[554.7880249023438, 551.2365112304688, 518.5763549804688, 520.9138793945312]"
5.5802104473114,"[2.7651660442352295, 7.30783224105835, -4.334721088409424]","[2.691634860983332, 7.910729585519429, -5.241335413393933]","[0.7063016891479492, -1.0012842416763306, -0.07673326879739761]","[0.7684717872311074, 0.6969641982809884, 0.024180528207170385]","[0.24644283950328827, 0.025303570553660393, -0.022168966010212898, 0.968573272228241]","[[0.9977365325265479, 0.055416303454488836, 0.03808995839561652], [-0.0304727683472254, 0.877548927607189, -0.4785178029409205], [-0.05994349012525152, 0.476273986958756, 0.8772513123495849]]","[0.17449794709682465, -0.1649053543806076, 0.04523905739188194]",[0.6438183766268488],"[0.258785674765416, -0.01551054144131928, 0.004156037053370963, 0.9658012864955278]",[0.68],"[-1.08511166723045, 12.797063899986533, -17.19464078168273]","[552.5609741210938, 552.6458740234375, 518.18798828125, 523.502685546875]"
5.6112041473389,"[2.786177158355713, 7.280092239379883, -4.3368072509765625]","[2.715425904101973, 7.932273673512339, -5.240586438444676]","[0.6947005391120911, -0.847785472869873, -0.06238473951816559]","[0.7667464666377753, 0.6932602504461842, 0.024150258511488908]","[0.24870948493480682, 0.022688554599881172, -0.022049948573112488, 0.9680613279342651]","[[0.9979980585161826, 0.053977122450042436, 0.03295976188482452], [-0.03140568753623568, 0.8753147837427724, -0.4825326314359237], [-0.054895887294655665, 0.48053150558742114, 0.8752576431872626]]","[0.14338062703609467, -0.15942798554897308, 0.062004733830690384]",[0.6450961110162592],"[0.25879493477097415, -0.013184150060470178, 0.0035326823615937216, 0.965835845306749]",[0.68],"[-0.8867962097619623, 12.165609108296096, -17.238123845214428]","[553.3143310546875, 550.5647583007812, 521.9381713867188, 523.2510375976562]"
5.641205072403,"[2.806864023208618, 7.256977558135986, -4.338460922241211]","[2.7384039738149526, 7.953018395559905, -5.239862347847524]","[0.6846809983253479, -0.6929363012313843, -0.0478409081697464]","[0.7650778488405466, 0.689679287723884, 0.024120959715355803]","[0.25056934356689453, 0.020151570439338684, -0.02165364846587181, 0.9676466584205627]","[[0.9982500674338897, 0.052004892714883066, 0.028147718631261753], [-0.031807429607574544, 0.8734922471451441, -0.48579788605493623], [-0.04985068055894892, 0.48405246596562146, 0.8736178365465679]]","[0.1175481304526329, -0.15781362354755402, 0.07745848596096039]",[0.6465412054413001],"[0.2588015166741421, -0.011241513765911933, 0.003012154535279451, 0.9658604093037825]",[0.68],"[-0.7635194716243232, 12.273644937580745, -17.23131079261224]","[552.0030517578125, 549.9437866210938, 524.13232421875, 525.3214721679688]"
5.6722385883331,"[2.8272736072540283, 7.238526344299316, -4.339676380157471]","[2.7621202659188846, 7.974364149240806, -5.239114259912205]","[0.6761877536773682, -0.5369067192077637, -0.033280741423368454]","[0.7633532881438306, 0.6859795676120312, 0.024090653856379037]","[0.25209102034568787, 0.01757204532623291, -0.021035077050328255, 0.9673153162002563]","[[0.9984974975130791, 0.04955461408817152, 0.023389909088725624], [-0.0318355947447686, 0.8720152859891135, -0.48844226876860697], [-0.04460092523539527, 0.4869637514591303, 0.8722826813682456]]","[0.09633676707744598, -0.1503596156835556, 0.09140624850988388]",[0.6481143157892884],"[0.2588074339648154, -0.009149411857097117, 0.002451577518328911, 0.9658824929332183]",[0.68],"[-0.6433579318376665, 12.368415347002328, -17.237836577958156]","[551.4205322265625, 549.502197265625, 526.0386352539062, 526.9066162109375]"
5.7032473087311,"[2.8494575023651123, 7.223655700683594, -4.340511322021484]","[2.785764177286463, 7.995578240876081, -5.238367709042227]","[0.6685323715209961, -0.36409661173820496, -0.017376400530338287]","[0.7616316173748545, 0.6822873685653905, 0.024060373594624325]","[0.2534486949443817, 0.014885175973176956, -0.020076753571629524, 0.967025876045227]","[[0.9987507110045433, 0.0463747372703367, 0.018611846688198708], [-0.03128422357266003, 0.8707213659940276, -0.4907805845419881], [-0.03896555465399654, 0.48958520050245286, 0.8710843811344746]]","[0.07721242308616638, -0.14069847762584686, 0.10486523061990738]",[0.6500048996351432],"[0.2588105233016849, -0.00783831614057371, 0.0021002704798865597, 0.965894022495377]",[0.68],"[-0.5572975416326347, 13.242690648341584, -17.183182110262123]","[549.6528930664062, 549.2596435546875, 527.8930053710938, 529.8171997070312]"
5.7337872982025,"[2.869427442550659, 7.215102195739746, -4.340819835662842]","[2.8089985251869134, 8.016359819155264, -5.23763336085881]","[0.6629972457885742, -0.20596419274806976, -0.0032850992865860462]","[0.7599374488696891, 0.6786554414183712, 0.02403055240368171]","[0.2544458210468292, 0.012504814192652702, -0.01900232397019863, 0.9668194651603699]","[[0.9989650826114777, 0.04310722882391815, 0.014509671690550507], [-0.030380037966767914, 0.8697924716710732, -0.4924815862945251], [-0.033849919388130645, 0.49153110417262136, 0.8702019075476244]]","[0.06305430084466934, -0.12546983361244202, 0.115225650370121]",[0.6517865948704961],"[0.25881384887113706, -0.006120722945866281, 0.001640042770439512, 0.9659064336895367]",[0.68],"[-0.41319044137549327, 12.537415525097195, -17.287926192886523]","[549.8539428710938, 547.072998046875, 531.9865112304688, 531.0023193359375]"
5.763897895813,"[2.8892507553100586, 7.211307048797607, -4.340712070465088]","[2.8318555663556904, 8.036740683559874, -5.2369102292030005]","[0.6586993336677551, -0.04692754149436951, 0.010344216600060463]","[0.7582685356428263, 0.675078912488992, 0.024001151811200005]","[0.2552606761455536, 0.010332313366234303, -0.017725303769111633, 0.9666545391082764]","[[0.9991581138135893, 0.03954335728299502, 0.010926409179941476], [-0.028993624098944182, 0.869055601640015, -0.4938640692900025], [-0.029024701279896536, 0.4931314957177859, 0.8694704610284335]]","[0.051365870982408524, -0.11707364767789841, 0.123707115650177]",[0.6536286595108127],"[0.25881608934734995, -0.004616296015185501, 0.0012369327892919645, 0.9659147952605963]",[0.68],"[-0.317926778335459, 12.608750784866755, -17.32725341889803]","[547.8037719726562, 547.7953491210938, 532.825439453125, 534.43310546875]"
5.7949266433716,"[2.908961772918701, 7.212295055389404, -4.340203762054443]","[2.855357026886186, 8.057630415173803, -5.236165973545175]","[0.6555283069610596, 0.11295804381370544, 0.023414770141243935]","[0.7565502239136748, 0.6713978274380025, 0.023970856082496148]","[0.2559228539466858, 0.008220572955906391, -0.016314925625920296, 0.9665245413780212]","[[0.9993324907641946, 0.03574521700032329, 0.007540046355917096], [-0.027329887032513267, 0.868474632059208, -0.4949796741507057], [-0.02424149566837086, 0.4944432020051935, 0.8688718300161199]]","[0.041795458644628525, -0.10657992213964462, 0.1302143633365631]",[0.6555024681235369],"[0.25881787770530756, -0.0029011454110680185, 0.000777359570020933, 0.9659214695033562]",[0.68],"[-0.2298544402633692, 12.675097655305407, -17.37303444215359]","[547.394287109375, 545.5616455078125, 536.8720092773438, 536.28076171875]"
5.8259286880493,"[2.930553674697876, 7.218936443328857, -4.3392014503479]","[2.8787850375879898, 8.078388168090669, -5.2354232971867045]","[0.6532334685325623, 0.28968149423599243, 0.03715796023607254]","[0.7548349023512757, 0.6677244734679627, 0.0239405878083771]","[0.25650927424430847, 0.006096122786402702, -0.014612373895943165, 0.9664121270179749]","[[0.9994986316321965, 0.03137057473840943, 0.004286315131070639], [-0.025115726611832034, 0.8679789415115666, -0.49596550429549935], [-0.019279152823210077, 0.4956091889936174, 0.8683316590272625]]","[0.0332343690097332, -0.09634631872177124, 0.1351044625043869]",[0.6576275141284408],"[0.2588184314074134, -0.002103471991795888, 0.0005636236215031933, 0.9659235359477474]",[0.68],"[-0.15540723889388308, 13.541518271280893, -17.360914809202484]","[545.5796508789062, 545.05712890625, 539.0693969726562, 539.5634155273438]"
5.8569271564484,"[2.950132131576538, 7.230045795440674, -4.337906837463379]","[2.902157199861182, 8.099029735378423, -5.234681644695177]","[0.6521219611167908, 0.45107975602149963, 0.04896320402622223]","[0.7531212891629676, 0.6640561036822216, 0.023910324407586607]","[0.2569361925125122, 0.004280174616724253, -0.01297772116959095, 0.9663317799568176]","[[0.9996265177169894, 0.027281032333807853, 0.0016032449822028227], [-0.02288210525656853, 0.8676307434608352, -0.496682310317353], [-0.014941030041417724, 0.4964601226664209, 0.8679309461648472]]","[0.02696758322417736, -0.07816049456596375, 0.13749735057353973]",[0.6595518816827306],"[0.25881901008724884, -0.0005024460049763448, 0.00013463000127365545, 0.9659256956102945]",[0.68],"[-0.07083025612914587, 12.795848163883267, -17.478105816788656]","[545.63134765625, 543.0183715820312, 542.9902954101562, 541.18505859375]"
5.8878123760223,"[2.9696896076202393, 7.246006488800049, -4.336268901824951]","[2.925391169598832, 8.119482870091694, -5.233943634696577]","[0.651802122592926, 0.6131172776222229, 0.060097552835941315]","[0.7514154385818249, 0.660405671020196, 0.02388017294420147]","[0.25728270411491394, 0.002703318139538169, -0.011256961151957512, 0.9662668704986572]","[[0.9997319457933195, 0.023145491249300446, -0.000568189293276733], [-0.020363423245207332, 0.8673577819778819, -0.4972683689716561], [-0.011016696327891928, 0.49714664438254347, 0.8675966044687082]]","[0.021848363801836967, -0.0749756246805191, 0.13798865675926208]",[0.6614815603334353],"[0.25881888061795677, 0.0010889881791796483, -0.0002917935031782255, 0.9659252124243185]",[0.68],"[-0.010569784248882927, 12.847230687921584, -17.53262184931311]","[543.3939819335938, 544.0802001953125, 543.5529174804688, 544.9246215820312]"
5.9188435077667,"[2.9912047386169434, 7.269188404083252, -4.334090709686279]","[2.9486818683061053, 8.139919158285027, -5.233203075913159]","[0.6522680521011353, 0.7919380068778992, 0.07172026485204697]","[0.7497030390286404, 0.656742551534286, 0.023849880416430304]","[0.25758621096611023, 0.000999469542875886, -0.00936496164649725, 0.9662094116210938]","[[0.999822597107985, 0.018611927309683293, -0.0028931762148177165], [-0.017582129019581574, 0.8671232828269644, -0.4977831626664163], [-0.00675596373063897, 0.49774572269067285, 0.8672966899615109]]","[0.017370134592056274, -0.0677475780248642, 0.1364063173532486]",[0.6636477935091054],"[0.25881866441738394, 0.0016566984326892977, -0.00044391100714100395, 0.9659244055527961]",[0.68],"[0.05099602042493295, 13.706859937726605, -17.532445626446247]","[542.9552612304688, 542.6544189453125, 546.6290283203125, 546.880859375]"
5.9504356384277,"[3.0107882022857666, 7.295392036437988, -4.331789493560791]","[2.9723390669170304, 8.160608207514509, -5.232450094509503]","[0.653385579586029, 0.9550387859344482, 0.08160258829593658]","[0.7479612366082113, 0.6530179024977825, 0.023819041664956422]","[0.2578062117099762, -0.0003934759006369859, -0.007640957832336426, 0.9661663770675659]","[[0.9998829218802402, 0.014561992029704268, -0.004700099155944319], [-0.014967754155073837, 0.8669551459343108, -0.49816137404115357], [-0.0031794464144169823, 0.4981734001722128, 0.867071604760933]]","[0.014108453877270222, -0.050664812326431274, 0.13323818147182465]",[0.665588564102356],"[0.2588171663016766, 0.003680444268892368, -0.0009861720696374638, 0.9659188145088609]",[0.68],"[0.10100716741564796, 12.938431215771, -17.641586746090912]","[543.0303344726562, 541.0270385742188, 550.102783203125, 548.5449829101562]"
5.9824423789978,"[3.032378911972046, 7.329875469207764, -4.328927040100098]","[2.9962506489493035, 8.181448857229835, -5.231688224603701]","[0.6552245020866394, 1.1349668502807617, 0.09175810217857361]","[0.746198174899632, 0.6492492019483914, 0.02378779965421253]","[0.2579997181892395, -0.001751383999362588, -0.005769589450210333, 0.9661262035369873]","[[0.9999272889833256, 0.010244589946444144, -0.006361220852922955], [-0.012052016259550907, 0.866805714503698, -0.4985003669622732], [0.00040701104403545463, 0.4985407860288571, 0.8668661561367196]]","[0.011287049390375614, -0.060948461294174194, 0.1279994547367096]",[0.6677382073881674],"[0.2588159049925131, 0.0047580803845958895, -0.0012749237965748342, 0.9659141072389786]",[0.68],"[0.15322443731224572, 13.798509898650895, -17.652837537257334]","[541.3107299804688, 541.7218017578125, 551.0458984375, 551.7810668945312]"
6.0134329795837,"[3.052067995071411, 7.366382598876953, -4.3260416984558105]","[3.019349346572647, 8.201512996768166, -5.230951495122762]","[0.6574634909629822, 1.298913598060608, 0.10043448954820633]","[0.744492620719456, 0.6456047815102751, 0.02375755090860261]","[0.25813958048820496, -0.003021342447027564, -0.004167148377746344, 0.9660939574241638]","[[0.9999470127284312, 0.006491857591287495, -0.007989213230892023], [-0.009611569878435103, 0.8666931837195428, -0.4987489969987733], [0.003686389494637843, 0.49879935852788027, 0.8667096569503827]]","[0.009244132786989212, -0.046457063406705856, 0.12185549736022949]",[0.6696827476236664],"[0.2588120694299005, 0.007091706925521922, -0.0019002171436517988, 0.9658997927244326]",[0.68],"[0.18913449882782443, 13.01583048178168, -17.749599967897574]","[542.1183471679688, 540.8209228515625, 553.662353515625, 552.6785278320312]"
6.0434668064117,"[3.0718321800231934, 7.407814025878906, -4.322904109954834]","[3.0416845056661175, 8.220849995240743, -5.230238405155316]","[0.6601920127868652, 1.4632081985473633, 0.10854293406009674]","[0.7428411626212471, 0.6420772243376544, 0.023728237351061825]","[0.2582523822784424, -0.004181637894362211, -0.0026392429135739803, 0.9660648703575134]","[[0.9999510966027272, 0.0029395238301979654, -0.009442648480282145], [-0.007259195622377368, 0.8665974828887049, -0.4989550356943252], [0.006716285400914235, 0.49899918112704456, 0.8665764419040594]]","[0.0076376390643417835, -0.06300038844347, 0.11465836316347122]",[0.6716270419120327],"[0.25880666417308346, 0.009447830454046102, -0.00253153854038782, 0.9658796200313634]",[0.68],"[0.22791787418475776, 13.049209031275312, -17.801016965487996]","[540.359130859375, 542.2432861328125, 553.90966796875, 555.95556640625]"
6.0744352340698,"[3.093677043914795, 7.459086894989014, -4.319182872772217]","[3.0646627802996704, 8.24067785380368, -5.2295040469578815]","[0.6638531684875488, 1.644248366355896, 0.11689960956573486]","[0.7411397987391938, 0.6384443783419192, 0.023698012964358466]","[0.25835177302360535, -0.0057227229699492455, -0.0011668471852317452, 0.9660332798957825]","[[0.9999317778189111, -0.0007025248246454313, -0.011659595759494455], [-0.005211377678591769, 0.8665059996864116, -0.49913946623538974], [0.010453767602885557, 0.4991661764081471, 0.8664432236347375]]","[0.00624130992218852, -0.07206754386425018, 0.10581791400909424]",[0.673779848537057],"[0.2588022934042338, 0.010989629586290019, -0.0029446623727635833, 0.9658633080999482]",[0.68],"[0.2963921475665857, 13.903776357981464, -17.814224111347915]","[541.8433227539062, 541.2442626953125, 556.4752197265625, 556.082275390625]"
6.1056962013245,"[3.113651990890503, 7.510886192321777, -4.315566062927246]","[3.0878047028259203, 8.260578983143052, -5.228763701016861]","[0.66789710521698, 1.8090577125549316, 0.12404662370681763]","[0.7394238920396394, 0.6347818311316615, 0.023667504465092706]","[0.25842392444610596, -0.00707539776340127, 4.9643982492852956e-05, 0.9660056829452515]","[[0.9998998725639293, -0.0037528168524949748, -0.013644090511525623], [-0.0035609913756464526, 0.8664341456186966, -0.4992786617497507], [0.01369540728264937, 0.4992772567460599, 0.8663340280407259]]","[0.005205564666539431, -0.06562324613332748, 0.09735855460166931]",[0.6757209437768099],"[0.2587645345234071, 0.019823402104537265, -0.005311664585148178, 0.9657223900382662]",[0.68],"[0.3352030917773407, 13.107569671763343, -17.89790585411682]","[542.3923950195312, 541.9541625976562, 557.5425415039062, 557.2567749023438]"
6.1366894245148,"[3.133758544921875, 7.567633152008057, -4.311743259429932]","[3.110695489148689, 8.280196706328729, -5.228030637479799]","[0.6726334691047668, 1.9740796089172363, 0.13073691725730896]","[0.7377241981697444, 0.6311552312456684, 0.023637258652263637]","[0.2584836483001709, -0.008876863867044449, 0.0010128554422408342, 0.9659743309020996]","[[0.9998403508234782, -0.006545833031873505, -0.016626032129132384], [-0.0026322635993969445, 0.8663703553705734, -0.499395120391538], [0.01767325840877676, 0.4993591564720269, 0.8662148096986391]]","[0.004469245672225952, -0.17939020693302155, 0.08870337903499603]",[0.6776600338515584],"[0.25802370810556996, 0.07566627522339489, -0.020274717340379726, 0.9629575882073087]",[0.68],"[0.3993583170809829, 13.133302641942086, -17.943811400050464]","[535.3888549804688, 550.2919311523438, 550.8757934570312, 565.4965209960938]"
6.1679041385651,"[3.156064748764038, 7.635775089263916, -4.307311058044434]","[3.1336966415698266, 8.299841090139218, -5.227293282622615]","[0.6798322796821594, 2.155709981918335, 0.13779287040233612]","[0.7360138836858021, 0.6275073217393761, 0.02360679808587777]","[0.2585412561893463, -0.015701018273830414, 0.0006240349030122161, 0.9658724069595337]","[[0.9995061772112094, -0.00932419816353433, -0.03000768308825886], [-0.0069132457883376575, 0.8663120588569493, -0.49945532679472215], [0.03065303815918196, 0.4994161348610593, 0.8658197937463993]]","[0.003944834228605032, -0.9589722752571106, 0.07983612269163132]",[0.679838183386806],"[-0.2588025293397996, 0.010911967143952135, 0.0029238527840569186, 0.9658641886234672]",[0.68],"[0.6542458487513918, 13.98000945611403, -17.94887331278091]","[504.82879638671875, 582.7853393554688, 518.0133666992188, 594.4811401367188]"
6.198600769043,"[3.1766257286071777, 7.702723503112793, -4.302736282348633]","[3.1562639921636766, 8.319048448303576, -5.22656909320628]","[0.6914782524108887, 2.297119617462158, 0.1842046082019806]","[0.7343334496434445, 0.6239244676414053, 0.023576844452435557]","[0.2497023344039917, -0.02817642316222191, -0.0017472304170951247, 0.9679110646247864]","[[0.998406072727306, -0.010689109971212321, -0.05541711850831002], [-0.017453764583833728, 0.8752913827581333, -0.4832808432573361], [0.05367196845274877, 0.483477766071712, 0.873709666741961]]","[-2.108771800994873, -0.23322249948978424, 0.07612499594688416]",[0.6879694527572285],"[-0.2588155176561511, -0.005043004906341978, -0.0013512690920805227, 0.9659126616799958]",[0.68],"[1.1323119347359798, 11.867030168011592, -16.160956281084268]","[668.9475708007812, 218.87135314941406, 437.2938232421875, 544.6761474609375]"
6.228862285614,"[3.197618007659912, 7.773735046386719, -4.29681396484375]","[3.1784609884919934, 8.337875961317309, -5.225856068917381]","[0.7082131505012512, 2.4388723373413086, 0.19640223681926727]","[0.7326782849603285, 0.6203967764088718, 0.023547316727348968]","[0.2067287266254425, -0.02279794216156006, -0.0005173453246243298, 0.9781325459480286]","[[0.9989599723740265, -0.008413914506461388, -0.04481271869809571], [-0.010438043704497808, 0.9145259318832764, -0.40439260257189946], [0.04438491813735486, 0.40443978020705285, 0.9134869748420424]]","[-2.6433866024017334, 0.6323025822639465, 0.08181323856115341]",[0.6913792084517606],"[-0.25879068444582276, -0.014299040773519078, -0.0038314164278041326, 0.9658199828773355]",[0.68],"[1.2837142122299166, 11.121113249221917, -18.3113854730612]","[483.0899963378906, 621.9873657226562, 610.741943359375, 488.864501953125]"
6.260662317276,"[3.2212395668029785, 7.856583118438721, -4.290661334991455]","[3.2017325464764514, 8.357545718175915, -5.225107756841728]","[0.7225870490074158, 2.5780093669891357, 0.17414258420467377]","[0.7309405217186109, 0.6166944180407469, 0.023516289212423797]","[0.16982246935367584, -0.01656375825405121, 0.0013670894550159574, 0.985334575176239]","[[0.9994475459578467, -0.008319877671732742, -0.03217736239099858], [-0.0029317156421884843, 0.9423169199380836, -0.3347091896704572], [0.0331060124193113, 0.334618613113479, 0.9417719416302424]]","[-2.553816080093384, 0.3417457044124603, 0.08195091038942337]",[0.6896819473845912],"[-0.25877013779239755, -0.01877703570088214, -0.00503129155230173, 0.965743301722827]",[0.68],"[1.0388492662254136, 10.28709958401474, -20.293308625854596]","[592.331298828125, 509.1795959472656, 533.3345336914062, 588.43115234375]"
6.2922601699829,"[3.243067502975464, 7.935525417327881, -4.28587007522583]","[3.2248014379199983, 8.376973878787064, -5.224365179664818]","[0.7319133281707764, 2.680264472961426, 0.14395388960838318]","[0.7292153812770961, 0.6130203520010776, 0.023485460405083536]","[0.13074375689029694, -0.0105661042034626, 0.0029527004808187485, 0.9913554787635803]","[[0.9997592780036643, -0.008617255916125166, -0.02017743627491103], [0.0030914472791049308, 0.965794703188163, -0.25928947649658285], [0.02172162489024715, 0.25916468233273504, 0.965588854952345]]","[-2.4550905227661133, 0.4548093378543854, 0.0773441344499588]",[0.686391265811939],"[-0.2587701625214398, -0.018772288425325814, -0.005030019523650163, 0.9657433940128691]",[0.68],"[0.6661150364193529, 7.680292436504276, -20.880891980299126]","[529.1325073242188, 565.986572265625, 576.3673706054688, 552.6212768554688]"
6.322704076767,"[3.26511287689209, 8.017154693603516, -4.282089710235596]","[3.2469763209152394, 8.395582786262304, -5.223650642617048]","[0.7370812296867371, 2.757380723953247, 0.10734052211046219]","[0.7275547270115639, 0.6094849437962774, 0.023455758816194848]","[0.09449026733636856, -0.005135250277817249, 0.004420410841703415, 0.995502769947052]","[[0.9999081783451494, -0.009771524817619684, -0.009388940147538605], [0.007830600131259233, 0.9821040986933843, -0.18817604556479056], [0.011059683356215155, 0.18808524590077885, 0.9820904371665715]]","[-2.532782554626465, 0.3133499026298523, 0.0686478242278099]",[0.6818438129008928],"[-0.25877249048037826, -0.01831987614958544, -0.0049087960197196035, 0.9657520820739053]",[0.68],"[0.3507503217547901, 5.706824985309053, -21.301098886861162]","[546.439453125, 540.5326538085938, 559.2186889648438, 573.1590576171875]"
6.3543198108673,"[3.2894797325134277, 8.109156608581543, -4.279275417327881]","[3.269951256090966, 8.414794122842803, -5.222909559155865]","[0.7390994429588318, 2.8130626678466797, 0.0628916472196579]","[0.7258316939566646, 0.6058181086152891, 0.023424915383365934]","[0.05282722786068916, -0.0005976896500214934, 0.005686859600245953, 0.9985873103141785]","[[0.9999346047899387, -0.011420800239351263, -0.0005928485442072903], [0.011294503090024617, 0.9943538872488838, -0.10551199671576804], [0.0017945326558630528, 0.10549840080727126, 0.9944178535272742]]","[-2.470032215118408, 0.27402254939079285, 0.05589587613940239]",[0.6758250458123038],"[-0.25877418623745385, -0.017983158933738235, -0.004818572913655689, 0.9657584107254688]",[0.68],"[0.10669080064226905, 3.812814910317398, -21.727789245712664]","[534.9071044921875, 546.067626953125, 567.29052734375, 563.8148193359375]"
6.3851842880249,"[3.3116464614868164, 8.193973541259766, -4.278008937835693]","[3.292327732951004, 8.43343719816896, -5.2221870260450665]","[0.7382959127426147, 2.836928606033325, 0.021870451048016548]","[0.7241511194322333, 0.6022429810797486, 0.023394806242328887]","[0.015538050793111324, 0.002770663471892476, 0.006600365042686462, 0.9998536705970764]","[[0.9998975172104576, -0.01311269701090761, 0.005745629699294541], [0.013284899849935144, 0.9994300083177079, -0.03103497945818249], [-0.0053354024701491864, 0.0311081290194822, 0.9995017848029524]]","[-2.5174975395202637, 0.2101263403892517, 0.043019067496061325]",[0.6698630221953266],"[-0.2587812247554766, -0.01651229920192956, -0.004424457236338097, 0.9657846788323396]",[0.68],"[-0.09570089260737791, 1.4932114772159382, -21.52000436474136]","[536.5679931640625, 538.67919921875, 560.6885375976562, 566.30859375]"
6.4159352779388,"[3.3337602615356445, 8.27912712097168, -4.27794885635376]","[3.3145703711541508, 8.451902056397495, -5.221468073817538]","[0.7356417775154114, 2.835540294647217, -0.017138952389359474]","[0.7224782134379931, 0.5986854950570598, 0.02336480917335147]","[-0.02207637019455433, 0.0052849603816866875, 0.0072941966354846954, 0.9997157454490662]","[[0.9998377277784137, -0.014817591937490642, 0.01024485744489971], [0.014350900970091968, 0.9989188571489518, 0.04421728885218639], [-0.010888974985687042, -0.044063090691247316, 0.998969406145594]]","[-2.490163803100586, 0.15476594865322113, 0.02986213006079197]",[0.6638428344574905],"[-0.25878763783444064, -0.015047438110752605, -0.004031948889933459, 0.9658086127688665]",[0.68],"[-0.2308208301240402, -0.4928805264635294, -21.32750939469055]","[533.6622924804688, 537.5875244140625, 558.6454467773438, 562.585205078125]"
6.4460220336914,"[3.355774164199829, 8.363865852355957, -4.2790093421936035]","[3.336282792214466, 8.469862254601424, -5.220765544004101]","[0.7317534685134888, 2.8093907833099365, -0.05257193371653557]","[0.7208428814883587, 0.5952091955096364, 0.023335461369436587]","[-0.05950973927974701, 0.007007032632827759, 0.007798293139785528, 0.9981727004051208]","[[0.9997801762355769, -0.016402060013989417, 0.013060308586721622], [0.01473411327357238, 0.992795555109925, 0.1189112801035612], [-0.014916606153024328, -0.11869270852551786, 0.992818984849078]]","[-2.5055243968963623, 0.10940711200237274, 0.01711271144449711]",[0.65802841058965],"[-0.2587924485528673, -0.013847205998018672, -0.0037103476645965012, 0.9658265666144558]",[0.68],"[-0.3183973188197966, -2.436303620326076, -21.006507003564728]","[532.1720581054688, 535.7442626953125, 555.2013549804688, 559.95556640625]"
6.4774520397186,"[3.37984037399292, 8.45572280883789, -4.281307220458984]","[3.358912061525089, 8.488512673957153, -5.220032592086041]","[0.7266751527786255, 2.7527406215667725, -0.08524560928344727]","[0.7191360582523816, 0.5915822812913745, 0.023304804696415764]","[-0.0997295007109642, 0.008171627297997475, 0.008163155987858772, 0.9949475526809692]","[[0.999733174783241, -0.017873728765396918, 0.014632466221337431], [0.014613919523695423, 0.9799747791445194, 0.19858465786155402], [-0.017888896104916924, -0.19831783278832124, 0.9799745023904888]]","[-2.2341115474700928, 0.07018469274044037, 0.004150774329900742]",[0.6522481205069693],"[-0.2587950923793856, -0.013140989238322026, -0.003521117454154461, 0.9658364335093483]",[0.68],"[-0.39160200171397763, -4.701117894871961, -20.664889415252922]","[508.19073486328125, 556.3154907226562, 573.8992919921875, 533.1359252929688]"
6.5084192752838,"[3.4015674591064453, 8.537245750427246, -4.284226894378662]","[3.3811556981885813, 8.506777070170568, -5.219311374378406]","[0.7217189073562622, 2.67887544631958, -0.10809338837862015]","[0.7174558846479022, 0.5880133541842948, 0.0232746007965585]","[-0.12852001190185547, 0.008822651579976082, 0.008288742043077946, 0.9916330575942993]","[[0.9997069151488833, -0.018706555803704505, 0.015367127472626141], [0.014171006659446705, 0.9668278065921805, 0.2550356420947501], [-0.01962820437673729, -0.2547431273624206, 0.9668095347196906]]","[-1.7296814918518066, 0.050001420080661774, -0.0064076706767082214]",[0.6477588420155557],"[-0.2587995193159898, -0.011864699357560583, -0.0031791366112964184, 0.9658529550616771]",[0.68],"[-0.391416139287797, -6.076534673304696, -19.98710212521588]","[523.8255004882812, 539.7381591796875, 556.3163452148438, 543.724365234375]"
6.5402269363403,"[3.4252920150756836, 8.624051094055176, -4.288110733032227]","[3.4039488661451673, 8.525422162240375, -5.218571557140289]","[0.7160959243774414, 2.578993797302246, -0.12591330707073212]","[0.7157316817936998, 0.5843523072428761, 0.02324357862298863]","[-0.15474529564380646, 0.00919292401522398, 0.008252210915088654, 0.9878771305084229]","[[0.9996947823261264, -0.019149464367429897, 0.015608977158741988], [0.013459217389162365, 0.9519715889822477, 0.3058904011363622], [-0.02071694042982375, -0.3055869533447621, 0.9519387672483225]]","[-1.4337971210479736, 0.021151326596736908, -0.016419852152466774]",[0.6437289111543699],"[-0.2588015574940955, -0.011228417040827856, -0.0030086452783696805, 0.9658605616459224]",[0.68],"[-0.4261056022217523, -7.83480591342285, -19.541400147987865]","[517.5977172851562, 545.259765625, 558.7409057617188, 534.08837890625]"
6.5717585086823,"[3.4466989040374756, 8.699882507324219, -4.292056560516357]","[3.426490084624376, 8.543790553322694, -5.217839135384264]","[0.7110135555267334, 2.4744973182678223, -0.13606826961040497]","[0.7140240145776708, 0.580727777015887, 0.023212827155949668]","[-0.17361412942409515, 0.009243304841220379, 0.00808463804423809, 0.9847372174263]","[[0.9996983998866119, -0.019132024589183644, 0.015397237786814177], [0.012712951297143643, 0.9395855453840144, 0.3420780469778936], [-0.02101166736985144, -0.3417791318819983, 0.9395453907598517]]","[-1.156020998954773, 0.01455783937126398, -0.024058425799012184]",[0.6408320709515449],"[-0.2588052814437033, -0.009961433407316828, -0.002669158036946951, 0.9658744596150635]",[0.68],"[-0.39646505938949184, -8.387316689805562, -19.003793611716816]","[524.0280151367188, 537.8865356445312, 550.060791015625, 537.6724243164062]"
6.6027479171753,"[3.470072031021118, 8.779481887817383, -4.296651840209961]","[3.448591281341715, 8.561731827719917, -5.217120251875288]","[0.7055320739746094, 2.3478944301605225, -0.141373410820961]","[0.7123472322689147, 0.577170165489372, 0.02318260583226813]","[-0.19066721200942993, 0.009155290201306343, 0.007772806100547314, 0.9815812706947327]","[[0.9997115282933063, -0.01875050909371867, 0.01500928424139214], [0.011768054462437338, 0.9271711954997488, 0.37445305307913446], [-0.02093736131611712, -0.37416840389701844, 0.9271243898517619]]","[-0.934149444103241, -0.005352026782929897, -0.030865728855133057]",[0.6384713914467726],"[-0.2588059562252555, -0.009714184943115932, -0.002602908010634485, 0.9658769779341002]",[0.68],"[-0.4123229249728415, -9.779189819425866, -18.61489667299059]","[521.92236328125, 540.2590942382812, 547.8128662109375, 534.7420043945312]"
6.6337687969208,"[3.4911656379699707, 8.848084449768066, -4.300905227661133]","[3.470662904666755, 8.579580976849762, -5.216401576251764]","[0.7007461786270142, 2.2243597507476807, -0.1414629966020584]","[0.7106702589375892, 0.5736135054919371, 0.02315235520027346]","[-0.20304442942142487, 0.008859729394316673, 0.007415570318698883, 0.9791013598442078]","[[0.9997330290238158, -0.018119027365511353, 0.014337765707264971], [0.010923352566722333, 0.9174359379955529, 0.39773355380327313], [-0.020360526684043645, -0.3974707540179603, 0.9173889297519751]]","[-0.7639978528022766, -0.002906183712184429, -0.03572306036949158]",[0.6369951680087567],"[-0.25880849817842905, -0.008720053437915775, -0.002336531276645767, 0.9658864646324946]",[0.68],"[-0.3710529852258434, -9.831743077127541, -18.244909310281855]","[527.0425415039062, 535.8941040039062, 544.0758056640625, 533.8648071289062]"
6.6647679805756,"[3.5121192932128906, 8.912882804870605, -4.305103778839111]","[3.492667147836667, 8.597307497959155, -5.215684340667534]","[0.6961525082588196, 2.094452142715454, -0.137777179479599]","[0.7089959694983792, 0.5700638950158775, 0.023122127107818486]","[-0.21324852108955383, 0.008599326014518738, 0.00696897367015481, 0.9769352674484253]","[[0.9997549699961614, -0.017284059422513542, 0.013829723062395022], [0.00994888520266135, 0.9089530033182056, 0.4167798589203614], [-0.019774216377085235, -0.41654014501405634, 0.9089022396904283]]","[-0.6257303953170776, -0.01426595076918602, -0.03939378261566162]",[0.6361014589653172],"[-0.2588106733565165, -0.007769000876931014, -0.002081697510970349, 0.9658945825076324]",[0.68],"[-0.35659472405313086, -10.320043711558322, -17.966431407850138]","[525.725341796875, 537.6661987304688, 541.35009765625, 533.7064819335938]"
6.6957712173462,"[3.535012722015381, 8.979559898376465, -4.309535503387451]","[3.514622379675028, 8.61492635089121, -5.214967948513939]","[0.6913488507270813, 1.9455856084823608, -0.13021191954612732]","[0.707322971927215, 0.5665183817132887, 0.023091896445017072]","[-0.2222738265991211, 0.008112143725156784, 0.006449982523918152, 0.9749292135238647]","[[0.9997851816992471, -0.016182787233997686, 0.012950207209741826], [0.008970318323147097, 0.90110548746885, 0.4335071402769596], [-0.018684856398096805, -0.4332978475359245, 0.9010570782663325]]","[-0.5026111602783203, -0.019841443747282028, -0.04218828305602074]",[0.6357192013349056],"[-0.25881084643728625, -0.0076882730367023, -0.0020600665513743565, 0.965895228453859]",[0.68],"[-0.3589516144132837, -11.419100616699376, -17.69549758738136]","[528.6531372070312, 536.0618286132812, 539.2949829101562, 532.978759765625]"
6.7277762889862,"[3.5556914806365967, 9.035842895507812, -4.313305377960205]","[3.5372326858150096, 8.632999305288584, -5.214229390094302]","[0.6872545480728149, 1.8058991432189941, -0.12071558833122253]","[0.7055974982144876, 0.5628630841848412, 0.02306069036195916]","[-0.22893807291984558, 0.007668564096093178, 0.00593405868858099, 0.9733927249908447]","[[0.9998119601443691, -0.015063591686710676, 0.012211985083012189], [0.008041086541823117, 0.8951042914304559, 0.44578432072600915], [-0.01764611292604018, -0.44560229788839567, 0.8950571037849031]]","[-0.4106844365596771, -0.013005425222218037, -0.04374982416629791]",[0.6358178205268904],"[-0.25881319711923817, -0.006493237208617196, -0.001739857666312695, 0.965904001318336]",[0.68],"[-0.31673087363584346, -11.073327682870087, -17.545190572976686]","[530.4473876953125, 535.7036743164062, 538.4801025390625, 531.7033081054688]"
6.758633852005,"[3.5782999992370605, 9.092850685119629, -4.317085266113281]","[3.558980057300885, 8.65031357303728, -5.213518257579369]","[0.6829825639724731, 1.648362636566162, -0.10801828652620316]","[0.7039354141137845, 0.5593434463902598, 0.023030604535155753]","[-0.23485633730888367, 0.007234160788357258, 0.005325374659150839, 0.9719886183738708]","[[0.9998386146048558, -0.013750384127056758, 0.011561647925048185], [0.006954430102028231, 0.8896282824211911, 0.45663242286750433], [-0.01656443987403103, -0.4564783244013341, 0.8895803354870881]]","[-0.33011218905448914, -0.024955013766884804, -0.044472888112068176]",[0.6364006722808752],"[-0.2588130875287545, -0.006553795346722151, -0.00175608417051305, 0.9659035923210829]",[0.68],"[-0.31974687475891506, -12.06917472177484, -17.342385830401156]","[530.856201171875, 537.0516357421875, 535.8035278320312, 532.792724609375]"
6.7894465923309,"[3.5987346172332764, 9.140117645263672, -4.320133209228516]","[3.5806446861114467, 8.66749438922396, -5.212809084364838]","[0.6793442368507385, 1.5022341012954712, -0.09493464231491089]","[0.7022772377566817, 0.5558334300801887, 0.023000563776147984]","[-0.2392173558473587, 0.006721355952322483, 0.00478967884555459, 0.9709309935569763]","[[0.9998637647014372, -0.01251662527791328, 0.010760397008093933], [0.006085165283419319, 0.8855042312759092, 0.46459147625073405], [-0.015343494243260328, -0.46446270370506093, 0.8854597600711207]]","[-0.2697579562664032, -0.013205204159021378, -0.04433990269899368]",[0.6372606193606626],"[-0.2588144551407687, -0.0057525879665262635, -0.0015414013000197063, 0.9659086963186049]",[0.68],"[-0.28084122217449, -11.577612068226134, -17.296222657884663]","[533.7381591796875, 535.7295532226562, 536.9680786132812, 531.0264282226562]"
6.8214702606201,"[3.619063377380371, 9.182964324951172, -4.322771072387695]","[3.6031066065749586, 8.685235867571716, -5.21207302183183]","[0.6758958101272583, 1.3537895679473877, -0.08079248666763306]","[0.7005554772493646, 0.5521902463627465, 0.022969343874359078]","[-0.24278023838996887, 0.006372329778969288, 0.00421620300039649, 0.9700512886047363]","[[0.999883234090895, -0.011274017792782864, 0.010315751887933461], [0.005085714821432219, 0.8820799589591387, 0.47107230026777597], [-0.014410194966080508, -0.47096483212404155, 0.8820342985209959]]","[-0.22106727957725525, -0.019536536186933517, -0.04356395825743675]",[0.6383933738794108],"[-0.2588162360349194, -0.004500290797020333, -0.0012058492847668116, 0.965915342706058]",[0.68],"[-0.2674269686218902, -11.760691018021937, -17.22621926951382]","[532.997802734375, 537.6699829101562, 535.0017700195312, 532.8322143554688]"
6.8514487743378,"[3.639291286468506, 9.221327781677246, -4.324972152709961]","[3.624084077209341, 8.701738644801992, -5.211384873101808]","[0.6726263165473938, 1.2034116983413696, -0.06586454063653946]","[0.6989451358271271, 0.5487841408685262, 0.022940119131791323]","[-0.24569617211818695, 0.005873603746294975, 0.003693393664434552, 0.9693220853805542]","[[0.999903719244542, -0.01004642001188949, 0.009571922293161096], [0.004273932183874618, 0.8792394996994195, 0.476360838916969], [-0.013201733035069628, -0.4762740647935132, 0.8791977835710035]]","[-0.18078668415546417, -0.027663342654705048, -0.04219144582748413]",[0.6397878975669483],"[-0.2588169152047876, -0.003918674066897352, -0.0010500055516259287, 0.9659178774025133]",[0.68],"[-0.25182238544709334, -11.915647473260476, -17.178493868562693]","[534.6719360351562, 538.5654296875, 534.4346923828125, 533.0693359375]"
6.8819329738617,"[3.661432981491089, 9.258283615112305, -4.326866626739502]","[3.645365919538974, 8.71841515357009, -5.210686014876645]","[0.6693283915519714, 1.0360662937164307, -0.04892411082983017]","[0.6973090793215442, 0.5453249537965865, 0.02291040274330685]","[-0.2482929825782776, 0.005246331915259361, 0.003163766348734498, 0.968665599822998]","[[0.9999249331678511, -0.008734518053464146, 0.008592800537314343], [0.0035240084581227293, 0.8766811707697475, 0.4810589381387925], [-0.011734964468946646, -0.48099254546532133, 0.8766461416076361]]","[-0.14514775574207306, -0.02677660994231701, -0.0402071475982666]",[0.6415719032298495],"[-0.2588165142487398, -0.004271625066109482, -0.0011445784868325767, 0.9659163810141713]",[0.68],"[-0.24442793074608948, -12.819768090596863, -17.0768804860357]","[536.6506958007812, 538.4559936523438, 535.1880493164062, 532.8140869140625]"
6.9129660129547,"[3.681471586227417, 9.287065505981445, -4.328100204467773]","[3.666979715871421, 8.73528366174532, -5.209975504831466]","[0.6666029095649719, 0.8823814988136292, -0.03336899355053902]","[0.6956450675437419, 0.54180801722823, 0.022880152711428545]","[-0.25020521879196167, 0.00479055754840374, 0.002682636957615614, 0.9681772589683533]","[[0.9999397080346581, -0.007591781191930658, 0.00793379821844814], [0.0027972911937952927, 0.8747803038964405, 0.484511708472611], [-0.010618637286126609, -0.48446030316570327, 0.874748798095284]]","[-0.11873440444469452, -0.012235304340720177, -0.038098953664302826]",[0.6433416037054492],"[-0.2588175422461969, -0.0032916887391957073, -0.0008820053394021101, 0.9659202175529114]",[0.68],"[-0.20990886056195437, -12.18106497001541, -17.150917827337203]","[538.3768310546875, 538.75634765625, 535.9845581054688, 532.9923706054688]"
6.9435486793518,"[3.7014312744140625, 9.311216354370117, -4.328867435455322]","[3.688229340118525, 8.75180065447175, -5.209276224586971]","[0.6640306711196899, 0.727388858795166, -0.01787983998656273]","[0.6940066860339343, 0.5383465921928221, 0.02285034304341056]","[-0.2517695724964142, 0.004453082103282213, 0.0022044461220502853, 0.9677744507789612]","[[0.9999506209541528, -0.006509114424947643, 0.0075091332580751735], [0.00202451211520846, 0.8732144455645356, 0.48733195265028967], [-0.009729183089035087, -0.4872926863319947, 0.8731845048495086]]","[-0.09721125662326813, -0.02305482141673565, -0.03569629415869713]",[0.6452431988347899],"[-0.2588182514665164, -0.0023920541607244414, -0.0006409489806176211, 0.9659228643991773]",[0.68],"[-0.19851130517296245, -12.286001458129777, -17.16365191273515]","[537.8579711914062, 541.2474365234375, 534.655517578125, 535.2655639648438]"
6.974493265152,"[3.7213165760040283, 9.330700874328613, -4.329172134399414]","[3.709679459322975, 8.768405434992601, -5.208569596850575]","[0.6616419553756714, 0.5712816715240479, -0.002516521606594324]","[0.6923504120617383, 0.5348487219490421, 0.022820181972521444]","[-0.25304946303367615, 0.003962666727602482, 0.001804246217943728, 0.967443585395813]","[[0.999962083935982, -0.0054965142352510765, 0.006754185940098474], [0.001485511484846186, 0.8719254279079064, 0.4896364588524823], [-0.00858044008662328, -0.48960786034665726, 0.8719005330615482]]","[-0.07954874634742737, -0.025415753945708275, -0.03304671496152878]",[0.6472610439371945],"[-0.2588188602722922, -0.0011543754535414323, -0.0003093139705387377, 0.9659251364932645]",[0.68],"[-0.18250429801160292, -12.37743401064332, -17.183373073696824]","[539.823486328125, 541.1787109375, 536.0409545898438, 535.153076171875]"
7.006224155426,"[3.7431116104125977, 9.346704483032227, -4.328980922698975]","[3.7316214296546124, 8.785319817928668, -5.207845982819533]","[0.6592930555343628, 0.3983460068702698, 0.013971417210996151]","[0.6906536150546735, 0.5312666895468173, 0.02278925593607508]","[-0.2541901767253876, 0.003379085101187229, 0.0014230313245207071, 0.9671473503112793]","[[0.9999731135314567, -0.004470422427922116, 0.005812705236447738], [0.0010347014717584924, 0.8707706580763314, 0.49168832887812325], [-0.007259587571910461, -0.4916690947023344, 0.8707518716803904]]","[-0.06383471190929413, -0.036396194249391556, -0.030038120225071907]",[0.6495898085422],"[-0.2588189241936506, -0.0009336620169382167, -0.00025017398344220833, 0.9659253750510219]",[0.68],"[-0.17191752844932467, -13.2545363002981, -17.145669857973232]","[540.4107666015625, 542.351806640625, 536.3392333984375, 536.4923095703125]"
7.0370149612427,"[3.7628629207611084, 9.356284141540527, -4.328342437744141]","[3.7528618815350074, 8.801624493175963, -5.20714474526041]","[0.6574811339378357, 0.2400740683078766, 0.02839067205786705]","[0.689008601692486, 0.5277953492381217, 0.022759247522825488]","[-0.2550298869609833, 0.002769798506051302, 0.0011409457074478269, 0.9669285416603088]","[[0.999982052918257, -0.003619188737838161, 0.004774443950700098], [0.0007936631382263054, 0.8699169099991215, 0.4931976737373859], [-0.005938344969896252, -0.493185032978522, 0.8699041699458079]]","[-0.05225319415330887, -0.028048241510987282, -0.02734381891787052]",[0.6517472868754297],"[-0.25881899004514536, 0.0006300403873399688, 0.00016881881298673636, 0.965925620812146]",[0.68],"[-0.13548737400686459, -12.550845179330453, -17.268235590514262]","[542.4078369140625, 542.05322265625, 538.4159545898438, 536.6126098632812]"
7.0683295726776,"[3.784531831741333, 9.361318588256836, -4.327150821685791]","[3.7744117434420557, 8.818096983108477, -5.206432526093357]","[0.6558215618133545, 0.06494820863008499, 0.043610721826553345]","[0.6873371322554183, 0.524269570086948, 0.022728730011975562]","[-0.2557787001132965, 0.0021845034789294004, 0.0008549632620997727, 0.9667325615882874]","[[0.9999889939647421, -0.0027705405693342552, 0.0037862985043188822], [0.000535542728400111, 0.8691530512123455, 0.49454293126093984], [-0.004661024071616896, -0.49453546058005815, 0.8691449690258057]]","[-0.04193390533328056, -0.04421498253941536, -0.02451436035335064]",[0.654185884864654],"[-0.25881899584237705, 0.0005959481517182548, 0.00015968382598372657, 0.9659256424477092]",[0.68],"[-0.11871215210198333, -13.42358810144514, -17.251634358561134]","[541.0816040039062, 544.9619750976562, 537.0956420898438, 539.7794799804688]"
7.0993194580078,"[3.8041887283325195, 9.360867500305176, -4.325643062591553]","[3.795686631216318, 8.834290030962261, -5.205728633302189]","[0.6546897888183594, -0.09520575404167175, 0.05666007846593857]","[0.6856845131006166, 0.5207849340738337, 0.02269853034954538]","[-0.2563299536705017, 0.001483414089307189, 0.0006801866693422198, 0.9665879607200623]","[[0.999994673657469, -0.0020754074208294976, 0.00251899596409412], [0.0005544335616843726, 0.8685889843947466, 0.49553291237665387], [-0.0032164048338532564, -0.49552887638269927, 0.8685855086678362]]","[-0.03433564305305481, -0.030504679307341576, -0.022114235907793045]",[0.65639426164284],"[-0.2588172903026404, 0.0035569169300256635, 0.0009530730189449645, 0.9659192772867576]",[0.68],"[-0.08044216240431659, -12.700123514419529, -17.382561393128043]","[544.7783203125, 542.839111328125, 541.1802978515625, 538.240478515625]"
7.1313848495483,"[3.8257784843444824, 9.354805946350098, -4.323549270629883]","[3.81764597927701, 8.850931460646734, -5.205001297005354]","[0.6538474559783936, -0.27235865592956543, 0.07006298005580902]","[0.6839761287503376, 0.5171841611732565, 0.022667284059213234]","[-0.25682151317596436, 0.0007367671350948513, 0.0005218067090027034, 0.9664584398269653]","[[0.9999983697838941, -0.0013870442967347518, 0.001156087254616217], [0.0006301736947612324, 0.8680848761755329, 0.496415406776154], [-0.0016921320089819947, -0.49641386897601775, 0.8680843350883932]]","[-0.02755960449576378, -0.07338521629571915, -0.019764810800552368]",[0.6588227202895827],"[-0.2588140346114807, 0.006010335340286348, 0.0016104645006699639, 0.9659071268819361]",[0.68],"[-0.05310465781489076, -13.575818674701932, -17.390550848522924]","[542.7247314453125, 546.3001098632812, 539.4608154296875, 542.2872924804688]"
7.1623532772064,"[3.8453898429870605, 9.34421157836914, -4.3212738037109375]","[3.8388021163791692, 8.866894053162003, -5.2042997941131]","[0.6536860466003418, -0.4341779351234436, 0.08144915848970413]","[0.6823277227799862, 0.513711203433038, 0.022637108114497522]","[-0.25718313455581665, -0.00045873597264289856, 0.0005473698838613927, 0.9663624167442322]","[[0.9999989798950353, -0.0008219570568869863, -0.0011681590113272675], [0.0012938736783982344, 0.8677130713725099, 0.4970637287139199], [0.0006050618013555623, -0.4970647331069442, 0.8677132497227042]]","[-0.02257549948990345, -0.08226481825113297, -0.01801336742937565]",[0.6610086534878888],"[-0.06747315102196286, 0.019267170808499316, 0.0013032302495322888, 0.9975341856854432]",[0.68],"[0.0030691210099058463, -12.830974561467073, -17.515223628942916]","[544.7510375976562, 545.09619140625, 542.6138916015625, 542.3370971679688]"
7.1933522224426,"[3.8650076389312744, 9.32891845703125, -4.31838321685791]","[3.859928000988031, 8.882764735433001, -5.203598535792648]","[0.6542595028877258, -0.5792374014854431, 0.12084994465112686]","[0.6806792021186703, 0.5102393813682121, 0.022606903814126944]","[-0.24560461938381195, -0.0023110955953598022, 0.0007869264809414744, 0.9693670272827148]","[[0.9999880791677254, -0.00039040965892467305, -0.004867145291749562], [0.002660872675156467, 0.8793555033680929, 0.4761584022333289], [0.004094054176410868, -0.47616567688262484, 0.8793460595489639]]","[2.721653938293457, -0.22508813440799713, -0.016708998009562492]",[0.667579353755303],"[0.258793514081144, 0.013567006867586107, -0.0036352685338771925, 0.9658305432201212]",[0.68],"[0.07554738495799358, -11.838766282770118, -16.308778955927558]","[266.07012939453125, 666.744140625, 648.525634765625, 303.4910888671875]"
7.2239949703217,"[3.8866372108459473, 9.307157516479492, -4.3142595291137695]","[3.880760933765316, 8.898347347583755, -5.202906255575235]","[0.6571245789527893, -0.7357965111732483, 0.12298457324504852]","[0.6790511085214345, 0.5068119347372378, 0.022577047938079478]","[-0.19902676343917847, -0.005876573733985424, 0.001552406931295991, 0.9799752235412598]","[[0.9999261118277374, -0.0007034497582739663, -0.0121357343713909], [0.005381831559821193, 0.9207718749352899, 0.39006434831641085], [0.010899852263085347, -0.39010083965159853, 0.9207076266321487]]","[2.0966334342956543, -0.10684217512607574, -0.015074116177856922]",[0.6689310740112658],"[0.25881902495791737, -0.00038110093368617096, 0.00010211568741595633, 0.965925751108385]",[0.68],"[0.26036745619813734, -11.59219910714317, -18.588386697425562]","[605.1483764648438, 479.4472961425781, 507.9904479980469, 586.1138305664062]"
7.2553026676178,"[3.9064126014709473, 9.283214569091797, -4.31075382232666]","[3.901994441184675, 8.9141597051308, -5.20219989767549]","[0.6612526178359985, -0.8568981289863586, 0.10925634950399399]","[0.6773892095354358, 0.5033147145281694, 0.022546545582130782]","[-0.16502954065799713, -0.005958522204309702, 0.0015597327146679163, 0.9862694144248962]","[[0.9999241264939991, -0.0011099689775543459, -0.012268220357466338], [0.0050432977070651724, 0.9455256358881385, 0.3255085894511186], [0.011238612463662749, -0.32554576425917114, 0.9454594934467024]]","[2.734316349029541, 0.11461763083934784, -0.017049236223101616]",[0.6677117139917313],"[0.25881818821516034, -0.002485548086329358, 0.0006660006024806738, 0.9659226283419029]",[0.68],"[0.32457831751493743, -9.190615098243605, -19.603760976469637]","[539.55615234375, 552.3495483398438, 569.9000244140625, 528.760498046875]"
7.2863075733185,"[3.9263057708740234, 9.255980491638184, -4.307787895202637]","[3.9229713350445334, 8.929711298526275, -5.201501312425947]","[0.664704442024231, -0.9543108940124512, 0.08723171055316925]","[0.675744901982766, 0.4998559019427248, 0.02251633961787749]","[-0.12655837833881378, -0.004178062081336975, 0.001221257378347218, 0.9919496178627014]","[[0.9999621046553206, -0.0013653140563012617, -0.008597974876653581], [0.0034803891027528483, 0.967962970805331, 0.25106886508273096], [0.00797973346330184, -0.2510892750393071, 0.9679310413389883]]","[2.366643190383911, 0.0852765142917633, -0.01942291297018528]",[0.6650862473467156],"[0.2588171760397397, -0.0036708938072382144, 0.0009836130311498888, 0.965918850851807]",[0.68],"[0.25508746446206915, -7.279605644932662, -20.198382375762268]","[554.1315307617188, 538.874267578125, 533.5885620117188, 562.43115234375]"
7.3174028396606,"[3.9482877254486084, 9.223094940185547, -4.30540132522583]","[3.943958182811087, 8.945200577204115, -5.2008016318304415]","[0.667355477809906, -1.0337575674057007, 0.05662737041711807]","[0.6740973199165374, 0.4963915910342004, 0.022486047009653527]","[-0.08606758713722229, -0.002916155382990837, 0.000905867200344801, 0.9962846040725708]","[[0.9999813508847952, -0.001303030175013209, -0.0059665730307151], [0.002306976005138184, 0.985183099697984, 0.17149034064995286], [0.005654709813913389, -0.17150090724800313, 0.9851677329643178]]","[2.5754001140594482, 0.09237271547317505, -0.02019267901778221]",[0.6609978159242718],"[0.2588138731802878, -0.006106389239226462, 0.001636202065320828, 0.9659065244125222]",[0.68],"[0.18944822750081264, -5.607642501278878, -20.734644052863135]","[546.60400390625, 546.4575805664062, 549.6461181640625, 542.5375366210938]"
7.3480968475342,"[3.9683332443237305, 9.191324234008789, -4.304162979125977]","[3.964623991183199, 8.960384401517016, -5.200111903810644]","[0.6688346862792969, -1.079986572265625, 0.025755349546670914]","[0.6724724890917012, 0.4929764844309269, 0.022456146665727737]","[-0.048547182232141495, -0.0014109497424215078, 0.0005854213377460837, 0.9988197684288025]","[[0.9999953330053634, -0.0010324655414701862, -0.0028754101027125443], [0.0013064560785331063, 0.9952856567583531, 0.09697811862978549], [0.0027617278772479716, -0.09698142263012828, 0.9952823606362872]]","[2.460099220275879, 0.10894562304019928, -0.02016090601682663]",[0.6565258348245719],"[0.25881385086890135, -0.006119546245550261, 0.0016397274745401011, 0.9659064411452943]",[0.68],"[0.10119444080486081, -3.229964009578079, -20.780269273398147]","[544.77490234375, 546.45166015625, 545.137451171875, 542.1521606445312]"
7.378965139389,"[3.988407850265503, 9.158534049987793, -4.303863525390625]","[3.9853568671683695, 8.975548792936777, -5.199419185010511]","[0.6692666411399841, -1.1017037630081177, -0.0055845510214567184]","[0.6708399258237827, 0.4895464956649091, 0.022426077910500383]","[-0.011090166866779327, 8.228095975937322e-05, 0.0002651449467521161, 0.9999384880065918]","[[0.9999998458560018, -0.0005320822934631789, 0.00015867079358030918], [0.0005284322551684181, 0.9997538757940484, 0.02217901300977763], [-0.00017043280039376633, -0.022178925744254858, 0.9997540028574213]]","[2.520874500274658, 0.08264455944299698, -0.019437208771705627]",[0.6516995937157216],"[0.2588143849679093, -0.005796394512465089, 0.0015531392286272116, 0.9659084344299284]",[0.68],"[0.020105963864240253, -1.2943805186820678, -20.776407252020626]","[544.7413330078125, 543.9161987304688, 538.6446533203125, 543.7799072265625]"
7.4099569320679,"[4.0104875564575195, 9.122169494628906, -4.304600715637207]","[4.006122019273562, 8.990667411756682, -5.198724628442019]","[0.668749213218689, -1.0972936153411865, -0.03839666396379471]","[0.6692023375953906, 0.486107333001687, 0.022395890231580416]","[0.03013685904443264, 0.00127211504150182, -6.229209247976542e-05, 0.9995449781417847]","[[0.9999967556860327, 0.00020120259982027216, 0.0025393178266822536], [-4.785239304410044e-05, 0.9981835316932625, -0.060246450715074555], [-0.0025468269787248354, 0.06024613374424332, 0.9981803029005144]]","[2.4914138317108154, 0.06331173330545425, -0.017916373908519745]",[0.6463396691044837],"[0.25881283418180445, -0.0066916936102396005, 0.0017930338988602047, 0.9659026468173932]",[0.68],"[-0.04954901178263764, 0.7822694020307158, -20.75803828941614]","[541.875244140625, 543.4217529296875, 538.733642578125, 539.4032592773438]"
7.4419584274292,"[4.030534744262695, 9.089627265930176, -4.306155681610107]","[4.027510459524248, 9.006166814889012, -5.198008425207647]","[0.6676162481307983, -1.068089246749878, -0.06428983807563782]","[0.6675129816129828, 0.4825609069099629, 0.022364720496989624]","[0.06762383133172989, 0.0021967932116240263, -0.0003380678244866431, 0.9977084398269653]","[[0.9999901196194628, 0.0009716973906756347, 0.004337795372500212], [-0.0003774750962214253, 0.9908538062923276, -0.13493921983640797], [-0.004429241138667291, 0.13493624917600036, 0.9908443830712063]]","[2.504159927368164, 0.06528039276599884, -0.016240639612078667]",[0.6417647859855209],"[0.2588146962530512, -0.005599458419094358, 0.001500370361447984, 0.9659095961618935]",[0.68],"[-0.0968093025831023, 2.709539811743629, -20.278293143991597]","[541.4138793945312, 539.63134765625, 536.7623291015625, 536.5560302734375]"
7.4735014438629,"[4.052536964416504, 9.055280685424805, -4.308669567108154]","[4.048539591234083, 9.02133317295058, -5.197303458993269]","[0.6657190918922424, -1.0089794397354126, -0.08666902035474777]","[0.6658494040035452, 0.4790700458616215, 0.022333998765838546]","[0.10666532814502716, 0.003102221991866827, -0.0006172637222334743, 0.9942899346351624]","[[0.9999799904084208, 0.001889277265546746, 0.006037334928065952], [-0.0005656791585819665, 0.9772442535144218, -0.21211635407650217], [-0.00630069747800217, 0.21210869452012662, 0.9772257679808537]]","[2.081752300262451, 0.032256223261356354, -0.014311828650534153]",[0.6374318394836904],"[0.2588140854199669, -0.005979784321686788, 0.0016022783799082634, 0.9659073165017881]",[0.68],"[-0.15037648998822872, 4.906089367282839, -19.915421427430125]","[561.107177734375, 515.0625610351562, 507.0392761230469, 561.1307983398438]"
7.5044910907745,"[4.072478294372559, 9.026084899902344, -4.311494827270508]","[4.069148724231452, 9.03612630264524, -5.196611803916059]","[0.6636320352554321, -0.9345081448554993, -0.10047433525323868]","[0.6642165341159658, 0.4756450244113117, 0.02230381738928883]","[0.13398362696170807, 0.003530466463416815, -0.0008550622733309865, 0.9909769296646118]","[[0.9999736093501188, 0.0026407433758656867, 0.0067680929430833335], [-0.0007486445693246496, 0.9640953131493891, -0.2655554040810446], [-0.007226350321719369, 0.26554332900632405, 0.9640718470254731]]","[1.689279317855835, 0.035714033991098404, -0.012402902357280254]",[0.6342950201506681],"[0.2588151606678793, -0.005292037833945821, 0.0014179972639207302, 0.9659113293816278]",[0.68],"[-0.16628520337536895, 6.1535662358402785, -19.322138659257423]","[543.8119506835938, 529.3912963867188, 526.6878051757812, 539.2246704101562]"
7.5354952812195,"[4.092352867126465, 8.999360084533691, -4.314642906188965]","[4.089716914881822, 9.050820230555386, -5.19592076019037]","[0.6612951159477234, -0.844795286655426, -0.10830989480018616]","[0.6625844085349352, 0.47222295637902895, 0.022273623230330587]","[0.1571316421031952, 0.004005196038633585, -0.0010452454444020987, 0.9875689744949341]","[[0.9999657317333062, 0.0033231900042387796, 0.007582332422889512], [-0.0008058178822559492, 0.9506171090238287, -0.3103650421309416], [-0.008239296955208655, 0.3103482964792883, 0.950587210909291]]","[1.3901087045669556, 0.017423469573259354, -0.01059617381542921]",[0.6319568680782397],"[0.2588161320250858, -0.004582848000116933, 0.0012279704206659178, 0.9659149545360747]",[0.68],"[-0.18597338621976195, 7.315212188037574, -18.86819333654262]","[546.999755859375, 523.2174682617188, 516.6600341796875, 546.5410766601562]"
7.5670800209045,"[4.114130973815918, 8.973308563232422, -4.318277835845947]","[4.110618233587079, 9.065680276820022, -5.195217739346168]","[0.6585507392883301, -0.7318569421768188, -0.11086659878492355]","[0.6609232753004802, 0.46874150138006143, 0.02224286511104915]","[0.17719608545303345, 0.004164895974099636, -0.0012588490499183536, 0.9841659665107727]","[[0.9999621378811889, 0.003953839309667237, 0.007751771495889584], [-0.0010018262579490206, 0.9371999251983816, -0.34879119935430025], [-0.008644023991176794, 0.3487702274529403, 0.9371684018832924]]","[1.1178333759307861, 0.004830960649996996, -0.008659201674163342]",[0.6302611028857381],"[0.258815746375617, -0.004876772070312132, 0.00130672713791079, 0.9659135152726633]",[0.68],"[-0.2077013754891297, 8.818281414933665, -18.458985721883586]","[539.9977416992188, 528.2095947265625, 524.3604736328125, 537.4169921875]"
7.5982713699341,"[4.13385009765625, 8.953023910522461, -4.3215765953063965]","[4.131207758348463, 9.080247397671835, -5.194524428077746]","[0.6560410857200623, -0.6189683079719543, -0.10832630097866058]","[0.6592843705361741, 0.46530805442188516, 0.0222124914944784]","[0.1921902447938919, 0.0042479573749005795, -0.001422413275577128, 0.9813475012779236]","[[0.999959863197229, 0.004424595363056644, 0.007790696799525123], [-0.0011589314920320004, 0.9261217730930748, -0.37722291769888483], [-0.008884192622050122, 0.3771987482950283, 0.9260897293284098]]","[0.9095771312713623, 0.009159664623439312, -0.006958290934562683]",[0.6294340309680874],"[0.25881673888049694, -0.00407765286265794, 0.0010926037915636505, 0.9659172193513019]",[0.68],"[-0.19622619056713148, 9.069808765672605, -18.092353579294333]","[540.9306030273438, 525.638427734375, 523.0840454101562, 537.3477172851562]"
7.6288475990295,"[4.155454158782959, 8.934770584106445, -4.325044631958008]","[4.151341645606387, 9.094423364786651, -5.193845709029545]","[0.6532522439956665, -0.48574936389923096, -0.10114981979131699]","[0.6576792706963335, 0.46194679937904437, 0.02218271822921617]","[0.2053692638874054, 0.004330281633883715, -0.0015620741760358214, 0.9786737561225891]","[[0.9999576171704796, 0.004836135505557851, 0.00783426193606327], [-0.0012789084992544525, 0.9156420507492276, -0.401992546203867], [-0.009117470030743278, 0.40196548931940596, 0.915609428222633]]","[0.7348801493644714, -0.006568297743797302, -0.005193675402551889]",[0.629256468381975],"[0.2588157022598197, -0.004909273513634801, 0.001315435873401945, 0.9659133506302663]",[0.68],"[-0.21056112384183825, 10.310215411742949, -17.763032488741963]","[536.83251953125, 528.86669921875, 524.3148803710938, 535.6846923828125]"
7.6608469486237,"[4.175014495849609, 8.922101020812988, -4.327939987182617]","[4.172360099038421, 9.109149142933317, -5.193136374988952]","[0.6507670879364014, -0.35798895359039307, -0.09139813482761383]","[0.6560010378484298, 0.458433851578629, 0.02215156065562803]","[0.21512983739376068, 0.004272221587598324, -0.001681406400166452, 0.976574718952179]","[[0.9999578419904479, 0.0051222026362741785, 0.007620845821499255], [-0.0014458732944736125, 0.9074326518709032, -0.4201950876635202], [-0.009067728563341804, 0.420166354300639, 0.9074018023712811]]","[0.5977938771247864, 0.009367899969220161, -0.0036595764104276896]",[0.6296289242044824],"[0.2588171395330572, -0.0037065704033943654, 0.0009931725462786207, 0.9659187146070128]",[0.68],"[-0.19348040828608837, 10.204788285479545, -17.564639555578395]","[537.8114624023438, 527.6302490234375, 526.4741821289062, 533.4838256835938]"
7.6916267871857,"[4.19450044631958, 8.91334342956543, -4.33050537109375]","[4.19252688107736, 9.123207718330963, -5.192455014748272]","[0.6482780575752258, -0.2250109314918518, -0.07929658144712448]","[0.6543882819684785, 0.4550593691025582, 0.022121591901752696]","[0.22306443750858307, 0.004349233582615852, -0.0017416538903489709, 0.97479248046875]","[[0.9999561016179401, 0.005335820917181933, 0.0077021982935015325], [-0.001455183546383354, 0.9004784467214113, -0.4348982224058947], [-0.009256202475042847, 0.43486792296753796, 0.9004466817724466]]","[0.49184390902519226, -0.012876089662313461, -0.0022312344517558813]",[0.6304619933868386],"[0.2588177881586848, -0.003010357469611772, 0.0008066228529114722, 0.9659211353108101]",[0.68],"[-0.19450564110406554, 10.604448913960345, -17.394792318331024]","[534.5305786132812, 530.9666748046875, 525.290771484375, 535.249267578125]"
7.7225389480591,"[4.215849876403809, 8.90839958190918, -4.332873344421387]","[4.212730422174505, 9.137222264522338, -5.191771653713739]","[0.6456384658813477, -0.07374711334705353, -0.06393536180257797]","[0.652770091662403, 0.45167490486300577, 0.0220914956834051]","[0.23015357553958893, 0.004049717448651791, -0.0018642342183738947, 0.9731441140174866]","[[0.9999602488387302, 0.005492451014985633, 0.0070237970551748005], [-0.0017642232120565482, 0.8940517125942435, -0.4479602939565449], [-0.008740037739182811, 0.44793009546917484, 0.8940258629098576]]","[0.3932752311229706, -0.01704137772321701, -0.0007508939597755671]",[0.6318437593812647],"[0.2588169277474907, -0.003907118784828652, 0.0010469093231273068, 0.9659179242125185]",[0.68],"[-0.19600342928331635, 11.646472359879414, -17.191230982818965]","[536.1007080078125, 530.0792846679688, 527.981689453125, 533.29248046875]"
7.7535376548767,"[4.2351861000061035, 8.908297538757324, -4.334565162658691]","[4.232940319218192, 9.151171057403923, -5.191087313675995]","[0.6434230804443359, 0.06759384274482727, -0.04870864376425743]","[0.6511488791764907, 0.4482855188923453, 0.022061316583246105]","[0.23535887897014618, 0.003878561081364751, -0.0019247985910624266, 0.9718989133834839]","[[0.9999625038286439, 0.005567126894525758, 0.006633101723668204], [-0.001915711742016775, 0.8892049864805999, -0.45750500835028945], [-0.008445175478211282, 0.4574751465546704, 0.8891823097077084]]","[0.3230476379394531, -0.0002907407470047474, 0.0006168696563690901]",[0.6334093395073256],"[0.25881769665898197, -0.0031180026381004114, 0.0008354662888771152, 0.9659207938292705]",[0.68],"[-0.17138163477149448, 11.247665072276419, -17.173888631660155]","[536.470703125, 530.8831787109375, 529.52734375, 532.9151000976562]"
7.7839856147766,"[4.254456520080566, 8.912484169006348, -4.335787296295166]","[4.2527422500691285, 9.164769810149707, -5.190416042859378]","[0.6412666440010071, 0.21202000975608826, -0.03270409628748894]","[0.6495579408233503, 0.4449607908008306, 0.02203167501327488]","[0.23962175846099854, 0.0038262801244854927, -0.001932939630933106, 0.9708568453788757]","[[0.9999632466495842, 0.005586935288378211, 0.006503191715661466], [-0.0019194954012038828, 0.8851553532328841, -0.46529164094415126], [-0.008355889289114043, 0.4652620570701846, 0.8851335449049357]]","[0.2639380395412445, -0.01467626541852951, 0.0019064178923144937]",[0.635237719971387],"[0.2588181240498931, -0.002576929262589645, 0.0006904861148630237, 0.9659223888738655]",[0.68],"[-0.16741862065337998, 11.485351819591298, -17.121347344570783]","[534.9114990234375, 533.513916015625, 528.8098754882812, 535.146484375]"
7.8137006759644,"[4.2736639976501465, 8.92104434967041, -4.336520195007324]","[4.2720208530143715, 9.17794369169359, -5.189761800072194]","[0.6392151713371277, 0.3590090274810791, -0.01612970232963562]","[0.6480067022589893, 0.44172033276298656, 0.022002748217014093]","[0.24310564994812012, 0.0035535921342670918, -0.001973643433302641, 0.9699913263320923]","[[0.9999669534290829, 0.005556630674054763, 0.005934299355884298], [-0.0021010373722486486, 0.8817914953898005, -0.4716347707115656], [-0.00785351483435981, 0.4716067166164439, 0.8817740298924908]]","[0.21646864712238312, -0.017070332542061806, 0.0030896198004484177]",[0.6373048598448234],"[0.25881810999569044, -0.0025965152818275146, 0.0006957341729007514, 0.9659223364228672]",[0.68],"[-0.15713393643974571, 11.685689179614254, -17.08836347739065]","[536.5376586914062, 533.3091430664062, 531.3663330078125, 534.2437133789062]"
7.8439438343048,"[4.292812347412109, 8.934048652648926, -4.336751937866211]","[4.291594766185066, 9.191252892096928, -5.189096812650207]","[0.6373317241668701, 0.5082374215126038, 0.0006478556897491217]","[0.6464293201788782, 0.438426587946361, 0.021973308636298115]","[0.2459578812122345, 0.0033083416055887938, -0.0019872868433594704, 0.9692728519439697]","[[0.9999702111336459, 0.005479871755861329, 0.005435793683800594], [-0.0022250209893137224, 0.8790015427211811, -0.47681374320884956], [-0.007390949129215174, 0.4767874447138651, 0.8789875510908182]]","[0.1770651489496231, -0.01364082470536232, 0.004252361599355936]",[0.6395513129243543],"[0.2588183843536411, -0.002182622365694453, 0.0005848319002699352, 0.9659233603406784]",[0.68],"[-0.14432553610850535, 11.860726543271724, -17.08107279226244]","[537.2000122070312, 534.2990112304688, 532.5554809570312, 534.7879028320312]"
7.8743166923523,"[4.311906337738037, 8.951560020446777, -4.33648157119751]","[4.311204632935948, 9.204518981142876, -5.188429869448863]","[0.6355880498886108, 0.6594561338424683, 0.017297368496656418]","[0.6448466203622651, 0.4351230863158692, 0.02194374412564724]","[0.2482910454273224, 0.0030807643197476864, -0.001977320061996579, 0.9686785936355591]","[[0.9999731981931572, 0.005360627620975139, 0.0049866391664765], [-0.002300922846313752, 0.8766952939319596, -0.4810406247078742], [-0.0069504426278266945, 0.4810162580794913, 0.876684131303627]]","[0.14510321617126465, -0.01732766628265381, 0.005363660864531994]",[0.6419303575216009],"[0.2588187644883348, -0.001422379073031747, 0.00038112532394978546, 0.965924779022669]",[0.68],"[-0.13336392915959763, 12.015751545571435, -17.096311489687984]","[537.4276123046875, 535.8733520507812, 533.4447631835938, 535.982421875]"
7.9051761627197,"[4.332850456237793, 8.976091384887695, -4.335608959197998]","[4.331079465284597, 9.217894917897095, -5.18775316059087]","[0.6338511109352112, 0.8276774287223816, 0.03546202927827835]","[0.6432400487521548, 0.4317711420734088, 0.02191370731190014]","[0.25037145614624023, 0.002743597375229001, -0.001968111377209425, 0.9681439995765686]","[[0.9999771984220991, 0.005184667380517538, 0.004326876849424149], [-0.0024369935008571875, 0.8746205209696364, -0.48480204527687826], [-0.0062979124949037735, 0.4847804464560436, 0.8746132132413079]]","[0.11640570312738419, -0.02390383370220661, 0.006510773673653603]",[0.6447163199865437],"[0.15807439902147652, -0.006153044215230722, 0.000985042877481726, 0.9874075420571862]",[0.68],"[-0.12709114715714745, 12.920199369471465, -17.03652786415043]","[538.0929565429688, 537.0948486328125, 534.61865234375, 536.90185546875]"
7.9362821578979,"[4.351845741271973, 9.003233909606934, -4.3343024253845215]","[4.351062920141809, 9.231273098941871, -5.187071983793422]","[0.6324623227119446, 0.9816270470619202, 0.05121811479330063]","[0.6416221577239023, 0.42839699406966236, 0.021883431930943376]","[0.24384582042694092, 0.002715198090299964, -0.0018531319219619036, 0.9698084592819214]","[[0.9999783872028205, 0.004918545440069755, 0.004362687205457738], [-0.002270186616266323, 0.8810715635247838, -0.47297754206168646], [-0.006170201100938355, 0.4729574155806641, 0.8810636871192851]]","[-1.6722660064697266, 0.051771119236946106, 0.007549058645963669]",[0.6472720445173425],"[-0.2169021563021005, -0.002707160230025297, -0.0006015112286353942, 0.976189409929871]",[0.68],"[-0.11017753473968335, 12.114074784454798, -17.249437255477794]","[576.9083862304688, 497.5675964355469, 501.7088623046875, 570.0967407226562]"
7.9673759937286,"[4.370796203613281, 9.034891128540039, -4.332599639892578]","[4.370988290486578, 9.244541227108101, -5.186392014440405]","[0.6307369470596313, 1.1260489225387573, 0.06058226153254509]","[0.6400064191490153, 0.4250287541981598, 0.021853169775047858]","[0.21358489990234375, 0.0033242660574615, -0.0014956190716475248, 0.9769177436828613]","[[0.9999734247575435, 0.004342219684029258, 0.005856185693093874], [-0.0015021675515025645, 0.9087585073145966, -0.4173197006660844], [-0.007133952291933365, 0.41729981332322535, 0.90874087957777]]","[-2.682339668273926, -0.018660956993699074, 0.008435670286417007]",[0.6489902186368315],"[-0.2588189207309778, 0.0009469370727536149, 0.00025373102392742237, 0.965925362128151]",[0.68],"[-0.14109813108485925, 11.128307187150405, -17.850004828053905]","[584.6251220703125, 489.5718078613281, 475.4408874511719, 595.0718383789062]"
7.9980752468109,"[4.391576290130615, 9.074357032775879, -4.330595016479492]","[4.390611542359854, 9.257538304919548, -5.185721597051459]","[0.6287099719047546, 1.2607338428497314, 0.058536894619464874]","[0.6384126753153038, 0.4217077588144645, 0.021823293011609703]","[0.1703735888004303, 0.0026704075280576944, -0.0013583748368546367, 0.9853749871253967]","[[0.9999820474828733, 0.0035869510029839513, 0.004799843175376579], [-0.0017670833465244506, 0.9419419901141289, -0.3357710005702438], [-0.005725567958941073, 0.3357564909126828, 0.941931418325792]]","[-2.331806182861328, -0.05612136423587799, 0.008291424252092838]",[0.6490922417429662],"[-0.25881887298991135, -0.0011139531679410382, -0.000298482851755892, 0.9659251839560655]",[0.68],"[-0.1462950178666617, 9.87844264487874, -18.73261788605585]","[517.8674926757812, 560.8704223632812, 558.7061767578125, 519.4533081054688]"
8.0285255908966,"[4.410415172576904, 9.11371898651123, -4.328988552093506]","[4.410027378290761, 9.270329354618356, -5.1850575214438885]","[0.6272633671760559, 1.3596293926239014, 0.04732288047671318]","[0.636833316956059, 0.41841810832081217, 0.021793659827072546]","[0.13446958363056183, 0.002071464667096734, -0.0012517983559519053, 0.9909147620201111]","[[0.999988284070018, 0.0030379489225503334, 0.0037686322278299086], [-0.0019237529573906606, 0.9638327281581988, -0.26650097703657255], [-0.004441947442687007, 0.26649060481231385, 0.9638272802247126]]","[-2.597264051437378, -0.009787955321371555, 0.00833296962082386]",[0.6477032737158196],"[-0.25881904141639206, -0.00016302188315519997, -4.368158194003668e-05, 0.9659258125322487]",[0.68],"[-0.10754460817316952, 7.434981867014768, -19.376772429033114]","[542.8551025390625, 537.281005859375, 540.2730102539062, 538.2891235351562]"
8.0600457191467,"[4.429214000701904, 9.1557035446167, -4.32781982421875]","[4.430074700953216, 9.283464341187647, -5.184371065901028]","[0.6259604692459106, 1.4351533651351929, 0.02970827743411064]","[0.6352000076166013, 0.41501752047583906, 0.021762986971158103]","[0.0966731458902359, 0.0019790977239608765, -0.001059442525729537, 0.9953136444091797]","[[0.9999899215074673, 0.0024916064086508705, 0.0037348066528504822], [-0.001726303996652856, 0.9813063608904397, -0.19244439578560468], [-0.004144485220259168, 0.19243600882443934, 0.9813007720717684]]","[-2.444838285446167, -0.027933726087212563, 0.008674129843711853]",[0.6452177162948085],"[-0.25881886783889413, 0.001130499569793145, 0.0003029164467698048, 0.9659251647322075]",[0.68],"[-0.09990927760119117, 5.567512322988607, -19.824888136461652]","[532.7657470703125, 545.970703125, 541.0579223632812, 536.5839233398438]"
8.0910382270813,"[4.449849605560303, 9.20406436920166, -4.3272271156311035]","[4.449736275420403, 9.29627502017054, -5.1836970436946315]","[0.6246968507766724, 1.4909040927886963, 0.005707850679755211]","[0.6335955611804521, 0.41167845282331994, 0.021732828945775946]","[0.05575070530176163, 0.0014234090922400355, -0.0008908332674764097, 0.9984433650970459]","[[0.9999943606452913, 0.001937605252289731, 0.0027430575619955795], [-0.001620181008988442, 0.9937821305488914, -0.11133037965639439], [-0.0029417158938679104, 0.111325307575704, 0.9937796655298246]]","[-2.5308167934417725, -0.03777514398097992, 0.00867494661360979]",[0.6416062205972106],"[-0.2588190375291604, -0.00023367108072012673, -6.261197737346564e-05, 0.9659257980249029]",[0.68],"[-0.08857097496372529, 3.8180229872419496, -20.20855848795481]","[538.8571166992188, 537.70556640625, 537.2190551757812, 538.593994140625]"
8.1220457553864,"[4.4685773849487305, 9.249236106872559, -4.327407360076904]","[4.4693576402229755, 9.3089884171764, -5.183023630157606]","[0.6238590478897095, 1.5163483619689941, -0.017686383798718452]","[0.6319918480879568, 0.4083423286455242, 0.02170265768653934]","[0.018238894641399384, 0.0010357517749071121, -0.0007334569236263633, 0.9998328685760498]","[[0.999996778518404, 0.0015044506148469694, 0.0020444024493681736], [-0.0014288867448582765, 0.9993336095264023, -0.03647321205655431], [-0.002097912223584278, 0.03647017333931245, 0.9993325398810414]]","[-2.48372220993042, -0.007814302109181881, 0.008630148135125637]",[0.6378549318896738],"[-0.258819037455199, 0.00023480932389945163, 6.291696871415598e-05, 0.9659257977488751]",[0.68],"[-0.06070272631255599, 1.6078397891101952, -20.175565173436894]","[538.7070922851562, 534.6327514648438, 537.4678344726562, 535.5055541992188]"
8.1536769866943,"[4.487282752990723, 9.294811248779297, -4.328283786773682]","[4.489322467147219, 9.32185102550684, -5.182337635128838]","[0.6231371164321899, 1.517952799797058, -0.04032765328884125]","[0.6303574342024865, 0.4049438012101988, 0.02167188096990275]","[-0.01925223134458065, 0.0009599993354640901, -0.0005651852115988731, 0.9998140931129456]","[[0.999997517933905, 0.0010931960209571545, 0.0019414038828445938], [-0.0011671245381451479, 0.9992580643078627, 0.038496219289509956], [-0.0018978795770596447, -0.038498389599220154, 0.9992568599790613]]","[-2.5084798336029053, -0.017421474680304527, 0.008603660389780998]",[0.634004608935633],"[-0.25881893567681, 0.0008882194985030745, 0.00023799769732547562, 0.9659254179067563]",[0.68],"[-0.0538535241752112, -0.27188180900090997, -20.081715225936513]","[533.5740356445312, 536.2540893554688, 535.0101928710938, 535.1588134765625]"
8.1856768131256,"[4.507834434509277, 9.344563484191895, -4.329990863800049]","[4.509467361735019, 9.334754211422878, -5.181644636842832]","[0.622466504573822, 1.4924139976501465, -0.06231287121772766]","[0.6287055749820497, 0.40151050268999944, 0.021640747079543922]","[-0.060458313673734665, 0.0006358634564094245, -0.0003787866735365242, 0.9981704354286194]","[[0.9999989043966415, 0.0006793008531144891, 0.001315201813362888], [-0.0008330737823195535, 0.9926892976567685, 0.12069492085677662], [-0.001223598599266481, -0.12069588428319052, 0.9926887759707862]]","[-2.4965476989746094, -0.02167004719376564, 0.008252644911408424]",[0.6300017581879771],"[-0.2588190443307159, 7.459580646290896e-05, 1.9987886100484776e-05, 0.9659258234086534]",[0.68],"[-0.045484070052949126, -2.3739002560160163, -19.931513196229027]","[533.6912231445312, 532.5421752929688, 533.34521484375, 533.9537963867188]"
8.2176773548126,"[4.5283684730529785, 9.3930082321167, -4.332339763641357]","[4.529559871372414, 9.34754789486509, -5.180952619355956]","[0.6220112442970276, 1.4389355182647705, -0.07883583009243011]","[0.6270552884667551, 0.398081987146804, 0.021609613965652832]","[-0.1005629375576973, 0.00041744462214410305, -0.00020891509484499693, 0.994930624961853]","[[0.9999995641889412, 0.00033175313681524723, 0.0008726751088691097], [-0.0004996709666971431, 0.9797741038884996, 0.2001061182035935], [-0.0007886386463180784, -0.2001064670455248, 0.9797738426595083]]","[-2.2199721336364746, -0.00281631201505661, 0.007724097929894924]",[0.626626132175604],"[-0.2588189574900466, -0.0007947738994727198, -0.00021295902452904953, 0.9659254993148633]",[0.68],"[-0.030651999848285788, -4.482883971327251, -19.493306876931268]","[508.1516418457031, 553.4664916992188, 555.9232177734375, 507.2120056152344]"
8.2483067512512,"[4.547023773193359, 9.435169219970703, -4.3348588943481445]","[4.548742024991214, 9.359690707313643, -5.180291186270012]","[0.6216645836830139, 1.368860125541687, -0.08809246867895126]","[0.6254772203768301, 0.39480492703065984, 0.0215798162089465]","[-0.12913495302200317, 0.00044923796667717397, -8.756694296607748e-05, 0.9916269779205322]","[[0.9999995810345595, 5.764283859326785e-05, 0.0009135688806589113], [-0.0002896921334834962, 0.9666483124800711, 0.256107327741447], [-0.0008683370683940919, -0.2561074850950286, 0.9666479241865087]]","[-1.7219552993774414, 0.006185717415064573, 0.00718974182382226]",[0.6242982381494059],"[-0.25881893386200955, -0.0008955546679419617, -0.00023996315005297088, 0.9659254111338288]",[0.68],"[-0.025561015895001784, -5.810379838652722, -18.97886929192591]","[523.348388671875, 536.0498046875, 537.9310913085938, 523.6119384765625]"
8.2792973518372,"[4.565668106079102, 9.47498607635498, -4.337574005126953]","[4.568101218058633, 9.371874629705685, -5.179622881957644]","[0.6212790608406067, 1.2831165790557861, -0.09195956587791443]","[0.6238820434084706, 0.39149375273611264, 0.021549668428260595]","[-0.15310610830783844, 0.0005665412754751742, 1.2721886378130876e-05, 0.9882096648216248]","[[0.9999993577382735, -0.00019862564191478892, 0.001115827530862495], [-0.0001483380776202629, 0.9531170388739642, 0.30260188636101226], [-0.0011236187249172556, -0.30260185753111735, 0.9531163972596233]]","[-1.4630777835845947, 0.005208227783441544, 0.006600205786526203]",[0.6227176230585204],"[-0.25881894506826525, -0.000849248895752542, -0.00022755555578991629, 0.9659254529561443]",[0.68],"[-0.029300309824397706, -7.005636918221613, -18.565787980963165]","[514.626708984375, 542.3831176757812, 543.2135620117188, 516.1845092773438]"
8.3112990856171,"[4.58616304397583, 9.5155668258667, -4.340602874755859]","[4.58804018918439, 9.384348461837346, -5.178933753315924]","[0.6207994222640991, 1.1739801168441772, -0.090598925948143]","[0.622236404787465, 0.3880793278044888, 0.02151853846237535]","[-0.17399641871452332, 0.0006423486629500985, 0.00011733131395885721, 0.9847460985183716]","[[0.9999991472431159, -0.0004546158411487967, 0.001224270222593383], [7.550373471278474e-06, 0.9394504650157661, 0.3426847397058169], [-0.001305931136321025, -0.3426844382353663, 0.939449667325431]]","[-1.1509538888931274, 0.0029401113279163837, 0.0058915396220982075]",[0.6218204379459271],"[-0.25881855163856005, -0.0018862018815729107, -0.0005054062709295255, 0.9659239846564953]",[0.68],"[-0.034964458197490306, -8.530936284076816, -18.169464951992758]","[521.7783203125, 534.1160278320312, 535.32373046875, 523.0635375976562]"
8.3417770862579,"[4.604780673980713, 9.549162864685059, -4.343246936798096]","[4.606980845999876, 9.396126846553639, -5.178278363071344]","[0.6203327178955078, 1.0641570091247559, -0.0849015861749649]","[0.6206706183554894, 0.3848319961045633, 0.021488892090198428]","[-0.18958152830600739, 0.0007661324343644083, 0.00018919669673778117, 0.9818646907806396]","[[0.999998754491406, -0.0006620202278615327, 0.0014327403736924633], [8.10419966951071e-05, 0.928117616659537, 0.3722871072352497], [-0.0015762131693644503, -0.3722865274363464, 0.9281165143325031]]","[-0.9507753849029541, 0.018085939809679985, 0.00522591220214963]",[0.6216984498294891],"[-0.2588183609972203, -0.002220863422490962, -0.0005950785605562724, 0.9659232731733293]",[0.68],"[-0.036185344200380214, -8.830166583440569, -17.849330582744834]","[520.5003662109375, 534.5936279296875, 537.8540649414062, 519.7229614257812]"
8.3728446960449,"[4.623382568359375, 9.579334259033203, -4.345664024353027]","[4.626238824841145, 9.408031296196175, -5.177611223969295]","[0.6197440028190613, 0.9460955262184143, -0.07566222548484802]","[0.6190760439198351, 0.3815263805475938, 0.021458673571678053]","[-0.20214678347110748, 0.0010646517621353269, 0.00021596651640720665, 0.9793546795845032]","[[0.9999976397501783, -0.0008534474954189283, 0.0019980294974918855], [-7.416221511083454e-06, 0.918273262581498, 0.39594725656903335], [-0.0021726572440085934, -0.3959463368525043, 0.9182710888978212]]","[-0.7741504311561584, 0.016996311023831367, 0.004627805668860674]",[0.6221716766506596],"[-0.258818335028994, -0.002262622093424077, -0.0006062677627097976, 0.9659231762585893]",[0.68],"[-0.047369549889465096, -9.456994325957865, -17.590195789058804]","[522.4081420898438, 532.8055419921875, 533.2337036132812, 524.1373901367188]"
8.4045116901398,"[4.643821716308594, 9.608307838439941, -4.34794807434082]","[4.645817388039388, 9.420059802681735, -5.176932179957008]","[0.61891770362854, 0.8085247874259949, -0.062247779220342636]","[0.6174522668653931, 0.3781617040310737, 0.021427873478488478]","[-0.21342650055885315, 0.0013093081070110202, 0.00025048069073818624, 0.9769582152366638]","[[0.999996445943409, -0.0010483004320150473, 0.0024513601882771314], [-6.946375771574656e-05, 0.9088981322372508, 0.4170182020531661], [-0.002665197057404393, -0.41701689022756994, 0.9088948291429655]]","[-0.6225672364234924, 0.013511459343135357, 0.00409055408090353]",[0.6233067405325723],"[-0.25881695867287624, -0.0038784809059904703, -0.0010392358266196756, 0.9659180396276287]",[0.68],"[-0.06335787557868894, -10.628413136613425, -17.312165749196065]","[523.0925903320312, 532.747802734375, 533.575439453125, 523.9605102539062]"
8.4343910217285,"[4.662376880645752, 9.630614280700684, -4.349603652954102]","[4.664243577922241, 9.431311646805623, -5.176292363570687]","[0.6180312633514404, 0.6776624917984009, -0.0478086918592453]","[0.615921600439376, 0.3749913335453301, 0.021398813431642835]","[-0.22166693210601807, 0.0016160374507308006, 0.00025312905199825764, 0.9751210808753967]","[[0.9999946486972817, -0.0012101070773148648, 0.003039443690616761], [-0.00022278117817284282, 0.901727414272778, 0.4323050149911628], [-0.003263885052150195, -0.43230337872705127, 0.9017223192673276]]","[-0.510059654712677, 0.03573229908943176, 0.003706549294292927]",[0.6247945589951104],"[-0.25881567683888174, -0.0049279045377961335, -0.0013204280412801388, 0.9659132557580342]",[0.68],"[-0.07171828371592534, -10.439730760646102, -17.21579219114259]","[526.4757690429688, 530.5031127929688, 534.1353149414062, 524.1821899414062]"
8.4663820266724,"[4.6827521324157715, 9.650528907775879, -4.350893497467041]","[4.683921335350791, 9.443253762953088, -5.175608291686726]","[0.6167374849319458, 0.5284485816955566, -0.03016068786382675]","[0.6142843122360473, 0.3716015988401449, 0.021367701036005354]","[-0.2290380597114563, 0.0022687797900289297, 0.00017690958338789642, 0.9734148383140564]","[[0.9999896426825273, -0.0013836866690610551, 0.004335889769515367], [-0.00069486101502211, 0.8950830718132213, 0.4458988944613598], [-0.004497965880409471, -0.44589728898580994, 0.8950728396837515]]","[-0.40886008739471436, 0.04077957570552826, 0.0035231169313192368]",[0.6268594434230793],"[-0.2588121431501509, -0.007054134633402341, -0.001890149678320571, 0.9659000678521527]",[0.68],"[-0.10389997350644681, -11.493123888696905, -17.022074060923682]","[526.195068359375, 532.5855712890625, 532.5379638671875, 526.5343017578125]"
8.4973375797272,"[4.701231956481934, 9.664297103881836, -4.351541519165039]","[4.702912344435759, 9.454706188388334, -5.174947308629889]","[0.615167498588562, 0.38878485560417175, -0.013006431981921196]","[0.6127015495166624, 0.3683262031919162, 0.021337597055171704]","[-0.23444366455078125, 0.0029499996453523636, 8.36239050840959e-05, 0.972125232219696]","[[0.9999825810182699, -0.0015458032708578155, 0.0056963279910684506], [-0.0012206316382618373, 0.8900723223180865, 0.45581769706871017], [-0.005774748370076299, -0.4558167103067488, 0.8900549313081864]]","[-0.33535608649253845, 0.06300036609172821, 0.0036857845261693]",[0.6290483821669021],"[-0.2588108645447005, -0.007679778392165152, -0.002057790418230638, 0.9658952960316489]",[0.68],"[-0.1301931973874137, -11.119708195612436, -17.029489410347153]","[529.6019897460938, 531.5870971679688, 533.7601928710938, 526.3945922851562]"
8.5293500423431,"[4.721496105194092, 9.674541473388672, -4.351649284362793]","[4.722500251902674, 9.46644306404736, -5.174264737885618]","[0.6128351092338562, 0.23138901591300964, 0.006509292870759964]","[0.6110663310840115, 0.3649437594424667, 0.021306466689003222]","[-0.23926910758018494, 0.0039829956367611885, -8.383175736526027e-05, 0.9709451198577881]","[[0.999968257435988, -0.0017432235516014367, 0.007774657051399608], [-0.0020688076944130433, 0.8855005742600367, 0.46463367687236967], [-0.007694423652312949, -0.46463501247846495, 0.8854688598070789]]","[-0.2687215507030487, 0.05574094131588936, 0.004328903276473284]",[0.6317460674708272],"[-0.2588031702514339, -0.010698153652302388, -0.0028665616316384903, 0.9658665805382496]",[0.68],"[-0.18747665077662984, -12.104401083282173, -16.904258347366387]","[529.3011474609375, 534.7105712890625, 531.6968994140625, 529.3672485351562]"
8.5603549480438,"[4.739841938018799, 9.679299354553223, -4.351182460784912]","[4.741421773739474, 9.4777073851761, -5.173604600284731]","[0.6101269125938416, 0.08538731187582016, 0.024527529254555702]","[0.6094841149393142, 0.3616724105727203, 0.021276317521385615]","[-0.24281509220600128, 0.004924733657389879, -0.00022727834584657103, 0.9700600504875183]","[[0.9999513906859145, -0.0019506520269249542, 0.009664947985656739], [-0.0028325466015115316, 0.8820815586830892, 0.4710882026383313], [-0.00944420153564409, -0.4710926797796088, 0.8820331559907897]]","[-0.22031515836715698, 0.0912594199180603, 0.005381305236369371]",[0.634396674709416],"[-0.20364909312163865, -0.010812450267985186, -0.0022492205881322774, 0.9789816539632815]",[0.68],"[-0.2238644504850948, -11.611533882048732, -16.981548210549512]","[535.008056640625, 531.7543334960938, 536.1724853515625, 526.4619140625]"
8.5913498401642,"[4.758097171783447, 9.679640769958496, -4.35017728805542]","[4.760288175246576, 9.488866760236133, -5.172945610184793]","[0.6066668629646301, -0.06278908252716064, 0.042237538844347]","[0.6079039201085753, 0.35840667810403265, 0.021246179472492167]","[-0.24127885699272156, 0.006240047514438629, -0.00047427997924387455, 0.9704356789588928]","[[0.9999216737310377, -0.0020906666363797732, 0.012339996955392993], [-0.003931699491076329, 0.8835685764535742, 0.46828530374910343], [-0.011882262030247018, -0.46829714186752597, 0.8834911499506067]]","[0.7924119830131531, 0.0686025470495224, 0.006866163574159145]",[0.6371614789750543],"[0.05180183985231844, -0.007412068707092881, 0.0003844856173024771, 0.9986298026777521]",[0.68],"[-0.28643162656562415, -11.713294175169615, -17.04554251663376]","[493.3621826171875, 573.9589233398438, 567.1098022460938, 494.0829162597656]"
8.622350692749,"[4.7780442237854, 9.67496109008789, -4.348449230194092]","[4.779109236166655, 9.499927101755695, -5.172287427731568]","[0.6021271347999573, -0.21805641055107117, 0.06315737217664719]","[0.6063249318999673, 0.3551448780595954, 0.02121603700960412]","[-0.21864470839500427, 0.0069512613117694855, -0.0006736851646564901, 0.9757795929908752]","[[0.9999024522289488, -0.0017249765334336267, 0.01386039325989601], [-0.004354449476523629, 0.904388075278325, 0.42668872321132895], [-0.013271202474390575, -0.42670745505781454, 0.9042923429140781]]","[2.9536798000335693, 0.005620908923447132, 0.008929555304348469]",[0.640623358477064],"[0.25881549430963857, -0.005059665911350159, 0.0013557333949175553, 0.965912574549625]",[0.68],"[-0.35508324849905526, -11.706795436387603, -17.121418518755846]","[416.0945129394531, 631.0155639648438, 623.100341796875, 417.9307861328125]"
8.6533505916595,"[4.796041965484619, 9.666497230529785, -4.346463680267334]","[4.797880793789568, 9.510886059802228, -5.17163019990342]","[0.5976770520210266, -0.3417755961418152, 0.06656334549188614]","[0.6047475028421179, 0.3518877390254579, 0.021185896855747816]","[-0.17479899525642395, 0.006797965615987778, -0.0008075067889876664, 0.984580397605896]","[[0.9999062711925392, -0.0007864444081828875, 0.013668590128956482], [-0.003966665829666635, 0.9388893183802608, 0.3441963496945896], [-0.013103984627445341, -0.34421830730813446, 0.9387981978416571]]","[2.2018537521362305, -0.021592719480395317, 0.01104053482413292]",[0.6415341060581872],"[0.2588189176127541, 0.0009587343113974052, -0.0002568920844949432, 0.9659253504907818]",[0.68],"[-0.34900793719971257, -9.371521592141956, -18.328347105290675]","[566.6805419921875, 507.1492004394531, 503.2441101074219, 564.0640869140625]"
8.6843574047089,"[4.813907146453857, 9.654667854309082, -4.344548225402832]","[4.816607645095485, 9.521746528066386, -5.170973760121753]","[0.5933731198310852, -0.44344592094421387, 0.05991429090499878]","[0.6031712330172561, 0.3486344356510961, 0.021155751361713066]","[-0.14139287173748016, 0.006098340265452862, -0.0007427998352795839, 0.989934504032135]","[[0.9999245169888229, -0.00025387731286408144, 0.01228396809587317], [-0.0031951700589946674, 0.9600150081404664, 0.2799303050219541], [-0.01186386168852794, -0.2799484244065327, 0.9599417321356705]]","[2.686450719833374, -0.10434387624263763, 0.012857663445174694]",[0.6409142758558883],"[0.25881624638330997, 0.00449199382961052, -0.001203626119049725, 0.9659153813267776]",[0.68],"[-0.328775787099778, -7.671788497286576, -19.01819968924708]","[498.3183288574219, 574.3573608398438, 561.7796630859375, 507.5425720214844]"
8.715354681015,"[4.83342170715332, 9.63853931427002, -4.342800140380859]","[4.835279907453425, 9.532502898637942, -5.170318456503887]","[0.5895488858222961, -0.5289536714553833, 0.04480482265353203]","[0.6015969585346845, 0.34538669342064454, 0.021125616521227634]","[-0.0988147184252739, 0.004191035404801369, -0.0005097053362987936, 0.9950969219207764]","[[0.9999643508454117, 0.00018614045560344517, 0.008441705640530123], [-0.0018426843893466494, 0.980470783246008, 0.19665617190469567], [-0.008240240083385225, -0.19666471667713745, 0.980436173289539]]","[2.366048812866211, -0.1196623370051384, 0.014502547681331635]",[0.6389740512795873],"[0.2588167288062821, 0.004086549274937346, -0.001094987578049452, 0.9659171817538204]",[0.68],"[-0.26902852788997267, -6.08819172033094, -19.603271669458376]","[546.4118041992188, 526.2587280273438, 525.0949096679688, 546.9255981445312]"
8.7469184398651,"[4.851070880889893, 9.62181282043457, -4.341723442077637]","[4.854243290092705, 9.543352470268077, -5.169652136895651]","[0.5872465968132019, -0.5822330713272095, 0.026544369757175446]","[0.5999954657657716, 0.34208428351963094, 0.02109493237902724]","[-0.06203502416610718, 0.002559009473770857, -0.0002774858439806849, 0.9980706572532654]","[[0.9999867489442391, 0.00023640452826721378, 0.005142572216881813], [-0.000871397386453903, 0.9923031575566338, 0.12382925450657041], [-0.005073716852733435, -0.12383209486218476, 0.9922902144944473]]","[2.5745580196380615, -0.09016316384077072, 0.014854073524475098]",[0.6363551265463709],"[0.25881473702620084, 0.0055731476324023385, -0.0014933204074016298, 0.9659097483293596]",[0.68],"[-0.1623251071041909, -3.80076694482895, -19.83260256658324]","[534.9641723632812, 534.4904174804688, 539.2222290039062, 533.1779174804688]"
8.7779221534729,"[4.86866569519043, 9.603843688964844, -4.34122896194458]","[4.872821011794849, 9.553908127847995, -5.168998582856927]","[0.585874080657959, -0.6116859316825867, 0.00628870353102684]","[0.5984239133351789, 0.33884507218962334, 0.021064794069332666]","[-0.024308815598487854, 0.0012718045618385077, -7.6121068559587e-05, 0.9997037053108215]","[[0.9999967534374788, 9.036490344038056e-05, 0.0025465562918398736], [-0.00021402915372457226, 0.9988181513795633, 0.04860303242880711], [-0.002539154639764774, -0.0486034196732961, 0.9988149279947104]]","[2.4591569900512695, -0.09723711013793945, 0.014347436837852001]",[0.6332648407611225],"[0.2588140082156276, 0.006026145965692739, -0.0016147009449794375, 0.9659070283712712]",[0.68],"[-0.09189057714321996, -1.9166694641114632, -19.947733358016265]","[530.4208984375, 535.7020263671875, 538.0784912109375, 533.2194213867188]"
8.8086669445038,"[4.887988567352295, 9.583491325378418, -4.34139347076416]","[4.891195492318453, 9.564276527952435, -5.168351409576517]","[0.5853715538978577, -0.6168514490127563, -0.01597515121102333]","[0.5968669775249018, 0.3356374173519461, 0.021034908819749624]","[0.01686377264559269, -0.000257713720202446, 0.00014080002438277006, 0.9998578429222107]","[[0.9999998275179831, -0.00029025206849579016, -0.0005106053295467817], [0.0002728679661552144, 0.9994311866950217, -0.033722823254101954], [0.0005201030079455215, 0.0337226781097096, 0.9994310935115923]]","[2.520397424697876, -0.08007435500621796, 0.013375611044466496]",[0.6296765612083257],"[0.25881664759256695, 0.004157572817333403, -0.0011140182788780728, 0.9659168786601091]",[0.68],"[-0.020487993886083095, 0.04806261032449227, -20.002035175023714]","[532.8661499023438, 530.2938842773438, 535.4471435546875, 533.7572021484375]"
8.8406686782837,"[4.905553817749023, 9.565225601196289, -4.342152118682861]","[4.91027036057813, 9.574964146912793, -5.167678753745004]","[0.5857287049293518, -0.5968446135520935, -0.033889565616846085]","[0.5952479674843614, 0.3323033882882977, 0.021003803211723755]","[0.054329149425029755, -0.0011967025930061936, 0.0003300287644378841, 0.9985223412513733]","[[0.9999969179678371, -0.0007891138570791361, -0.00235400818578486], [0.0005290505211081199, 0.9940964692075349, -0.10849852885670916], [0.002425728914015675, 0.10849694907159649, 0.9940938228513133]]","[2.489548444747925, -0.03727971017360687, 0.012088648043572903]",[0.6265542724779529],"[0.25881620143988365, 0.004527917483057202, -0.001213251832979939, 0.9659152135956272]",[0.68],"[0.03913535337489525, 1.981056371464046, -19.691301765061056]","[531.1318969726562, 528.7589111328125, 535.669921875, 530.6917114257812]"
8.8711626529694,"[4.924896717071533, 9.546253204345703, -4.343538284301758]","[4.928398334160107, 9.585049016892933, -5.16703871620584]","[0.5865943431854248, -0.5482134819030762, -0.049072667956352234]","[0.593706734756654, 0.32913096378494344, 0.02097416451196382]","[0.09501856565475464, -0.001739631057716906, 0.0005326391546986997, 0.9954738616943359]","[[0.9999933799586278, -0.001391051208180491, -0.0033622932769156386], [0.0007298622166895946, 0.9819423769528879, -0.18917885016122293], [0.003564735710879764, 0.18917514377875866, 0.9819368917293922]]","[2.332070827484131, -0.04184020683169365, 0.010390021838247776]",[0.6236625558628336],"[0.25881836846041245, 0.002208716051214877, -0.0005918236822326844, 0.9659233010263416]",[0.68],"[0.07353330437258282, 4.133645901095164, -19.403886343912248]","[549.9192504882812, 506.4461364746094, 508.4794616699219, 554.2528076171875]"
8.9031248092651,"[4.942511081695557, 9.530755043029785, -4.345149517059326]","[4.947348685967269, 9.595515675247187, -5.166368833125936]","[0.5876997113227844, -0.4818666875362396, -0.057317137718200684]","[0.5920928657977282, 0.3258105345564094, 0.020943100244303507]","[0.12489840388298035, -0.0021607165690511465, 0.0006913549150340259, 0.9921669960021973]","[[0.9999897066645794, -0.001911619159877323, -0.004114885084246494], [0.0008321389570053322, 0.9687998214717307, -0.2478431360161316], [0.004460281585864107, 0.24783716072805154, 0.9687914400227843]]","[1.7566171884536743, 0.004509298596531153, 0.008860234171152115]",[0.6217352994983953],"[0.2588183452931303, 0.0022462094497537432, -0.0006018700080926719, 0.9659232145648676]",[0.68],"[0.09217664647622537, 5.540355346253865, -18.911746006149492]","[536.6201782226562, 518.2334594726562, 525.0847778320312, 535.8859252929688]"
8.9341180324554,"[4.961926460266113, 9.516316413879395, -4.347110748291016]","[4.965675320833572, 9.605563758305156, -5.165720205725117]","[0.5889527201652527, -0.390241414308548, -0.06045861542224884]","[0.5905294547980223, 0.32259539406658605, 0.020912979092982075]","[0.151722714304924, -0.0020218330901116133, 0.0008954483782872558, 0.9884206056594849]","[[0.9999902207263152, -0.0023836752654134777, -0.0037251232579936476], [0.0011566432482004937, 0.9539588322722965, -0.2999353352254714], [0.004268562691888387, 0.2999280934368245, 0.9539522603098043]]","[1.487742304801941, -0.0052788290195167065, 0.007016367744654417]",[0.6204749093253098],"[0.25881904303858966, -0.00012198551176256861, 3.268591936507747e-05, 0.9659258185863727]",[0.68],"[0.09599500022533008, 7.266063739014856, -18.506151485412534]","[537.0784912109375, 516.12451171875, 516.0925903320312, 543.0433959960938]"
8.9641206264496,"[4.979611873626709, 9.506036758422852, -4.348903179168701]","[4.983370050782173, 9.615195821726514, -5.16509319950144]","[0.5900359153747559, -0.29309529066085815, -0.058226291090250015]","[0.5890174530241797, 0.3194873607683413, 0.020883822012661354]","[0.1711779087781906, -0.001951664569787681, 0.0010396074503660202, 0.9852376580238342]","[[0.9999902204435124, -0.002716684538710979, -0.003489791201363654], [0.0013803570999400099, 0.9413940855253492, -0.33730590183013887], [0.004201622518579182, 0.33729778597002935, 0.941388629103465]]","[1.1801698207855225, 0.035103894770145416, 0.00538041815161705]",[0.6200781237769981],"[0.2588187513442498, -0.001455310252917888, 0.000389949207006081, 0.9659247299682762]",[0.68],"[0.08537782312347142, 7.874689219760546, -18.119612305117222]","[535.2969360351562, 516.918212890625, 524.8847045898438, 533.3232421875]"
8.9961943626404,"[4.997326374053955, 9.498834609985352, -4.350564479827881]","[5.002236140307085, 9.625389753872456, -5.1644238771514015]","[0.590869665145874, -0.1855235993862152, -0.05189880356192589]","[0.587402639394424, 0.31616949779314607, 0.020852653589103022]","[0.1872485727071762, -0.0012943672481924295, 0.0012516920687630773, 0.9823108911514282]","[[0.9999935157607837, -0.002943838342593562, -0.002074186983408697], [0.001974364663461771, 0.9298728105721807, -0.36787586494407576], [0.0030116971967878124, 0.3678693843472013, 0.9298725932651043]]","[0.987599790096283, 0.043631020933389664, 0.0036020521074533463]",[0.6203232822200281],"[0.25881868094683497, -0.0016203321735498396, 0.0004341666973728452, 0.9659244672415472]",[0.68],"[0.06024954465023034, 8.670733485435083, -17.815125746197708]","[533.3489990234375, 518.239990234375, 520.3914794921875, 537.6834716796875]"
9.0274078845978,"[5.016833782196045, 9.49480152130127, -4.352108001708984]","[5.020546539641319, 9.635208186231269, -5.163773465764125]","[0.5913035869598389, -0.05729801580309868, -0.041025564074516296]","[0.5858326874428409, 0.3129453069355679, 0.02082232251954322]","[0.20141834020614624, -0.0006768745370209217, 0.0014271799009293318, 0.9795041084289551]","[[0.999995009996783, -0.0030685270444041346, -0.0007510823661643629], [0.0025231872613059037, 0.918857230772263, -0.39458211553319184], [0.0019009231934473958, 0.3945782514462531, 0.9188603881389246]]","[0.7828842997550964, 0.03426796942949295, 0.0014579144772142172]",[0.6212920734693587],"[0.2588160979083005, -0.004609605962760644, 0.0012351401951474022, 0.9659148272104986]",[0.68],"[0.028428080870723644, 9.947939129743848, -17.502131304099432]","[530.5428466796875, 520.9696655273438, 524.5008544921875, 534.2179565429688]"
9.0584006309509,"[5.03457498550415, 9.494926452636719, -4.353154182434082]","[5.038678966626149, 9.644857669999132, -5.163128591482956]","[0.5913186073303223, 0.06659045070409775, -0.028380397707223892]","[0.5842753551143716, 0.3097484957538163, 0.02079220736995931]","[0.21190707385540009, 2.388772008998785e-05, 0.0015833828365430236, 0.977288544178009]","[[0.9999949846563395, -0.0030847198606724635, 0.0007177504377503428], [0.0031049677681338483, 0.9101857698976699, -0.4141886357715196], [0.0006243696569884387, 0.41418878706514356, 0.9101907829588377]]","[0.6450167298316956, 0.07533145695924759, -0.0006228559650480747]",[0.6226787274875947],"[0.2588143419318944, -0.005823097409226142, 0.0015602942482499074, 0.965908273817334]",[0.68],"[-0.005696574101957116, 9.915103179204735, -17.354036772402665]","[533.8665771484375, 518.2404174804688, 527.4954833984375, 532.1951904296875]"
9.0894029140472,"[5.052307605743408, 9.498856544494629, -4.353789329528809]","[5.056768708246668, 9.654411069992491, -5.162484452528868]","[0.590726375579834, 0.19627490639686584, -0.013764151372015476]","[0.5827190541342715, 0.3065552614827713, 0.020762084335419234]","[0.22042454779148102, 0.0011955188820138574, 0.001807315624319017, 0.9754016399383545]","[[0.9999906086896737, -0.0029986738298057973, 0.0031289756146011642], [0.004052760665582123, 0.9028195046823104, -0.4300006094370523], [-0.0015354686977731742, 0.4300092521568708, 0.9028231789310477]]","[0.5260319113731384, 0.07269226014614105, -0.0029651864897459745]",[0.6244858371095814],"[0.2588120868740266, -0.007082834347318228, 0.001897839743487337, 0.9658998578267975]",[0.68],"[-0.05780092484523849, 10.358152696721216, -17.212835965183867]","[529.0722045898438, 523.6023559570312, 526.4495849609375, 535.1101684570312]"
9.1204359531403,"[5.071780204772949, 9.507762908935547, -4.353952884674072]","[5.0748280986650025, 9.663874873431523, -5.161840609804486]","[0.5892691612243652, 0.3444167375564575, 0.00406208261847496]","[0.5811627222512991, 0.3033634274342318, 0.02073193280115851]","[0.22804026305675507, 0.002334397519007325, 0.001977758714929223, 0.9736469388008118]","[[0.9999812781173776, -0.002786604188327997, 0.005447775231881884], [0.004915950685581864, 0.8959874537909429, -0.44405217434700817], [-0.003643740761420884, 0.4440706418471575, 0.8959843780264584]]","[0.4229654371738434, 0.07594284415245056, -0.005930839106440544]",[0.62691741930118],"[0.2587987977208458, -0.012081937967801534, 0.0032373455214753408, 0.9658502620319371]",[0.68],"[-0.12213151763678304, 11.423190769102327, -17.022155329010715]","[531.181396484375, 522.4044189453125, 529.4939575195312, 533.9768676757812]"
9.1506781578064,"[5.08942985534668, 9.520169258117676, -4.353574752807617]","[5.09238082531926, 9.673002273736968, -5.161214074738584]","[0.5872013568878174, 0.48334649205207825, 0.021208928897976875]","[0.5796475077624432, 0.3002573300318094, 0.020702550969600813]","[0.23362284898757935, 0.0037673641927540302, 0.002184611512348056, 0.9723175764083862]","[[0.9999620688791585, -0.002487987630390265, 0.008346899173584305], [0.006008557053930219, 0.8908311838069336, -0.4542947441880777], [-0.006305398511801036, 0.45432766509682454, 0.8908123427959317]]","[0.3462262451648712, 0.13682229816913605, -0.008915391750633717]",[0.6294164145299136],"[0.15883768898804135, -0.014757710123871942, 0.002374494155768332, 0.987191551992997]",[0.68],"[-0.17918220974834564, 11.071600933827181, -17.041463046554274]","[531.181396484375, 522.4044189453125, 529.4939575195312, 533.9768676757812]"
9.1822884082794,"[5.107001304626465, 9.536794662475586, -4.352675437927246]","[5.110678616894116, 9.682442230968617, -5.160560147289099]","[0.5840017199516296, 0.6251682639122009, 0.03854689374566078]","[0.578065287192036, 0.29701536357713826, 0.02067184141794184]","[0.23017136752605438, 0.005860977806150913, 0.0025508191902190447, 0.973129153251648]","[[0.9999182845212292, -0.002266494483988607, 0.01258122782210152], [0.007662611590715046, 0.8940292697852896, -0.4479430353774836], [-0.010232725656803839, 0.44800283655612905, 0.8939735810206836]]","[-1.4706299304962158, 0.1362617462873459, -0.012247087433934212]",[0.6320940864397162],"[-0.070954407053545, -0.011689700794533846, -0.0008315890106791582, 0.9974107135351672]",[0.68],"[-0.2747086384575883, 11.17583040172979, -17.09514559777135]","[531.181396484375, 522.4044189453125, 529.4939575195312, 533.9768676757812]"
9.2142877578735,"[5.126196384429932, 9.559892654418945, -4.351160526275635]","[5.129150724786589, 9.69189408484479, -5.159899159180238]","[0.579062283039093, 0.7715877294540405, 0.05140803009271622]","[0.5764651903805149, 0.29373832074632444, 0.020640755317430853]","[0.19719845056533813, 0.007475060410797596, 0.0029256122652441263, 0.980330765247345]","[[0.9998711285294568, -0.0027879947598244137, 0.015809915796896862], [0.008684276083390757, 0.9222084237750067, -0.38659567763977476], [-0.013502210974252499, 0.3866831541534599, 0.9221137891329696]]","[-2.8824622631073, 0.05358918756246567, -0.01621854119002819]",[0.6342845959047259],"[-0.25881173825585063, -0.007258094066398157, -0.0019448004436805094, 0.9658985567660523]",[0.68],"[-0.3916402914727802, 10.858512412239381, -17.60473440688446]","[531.181396484375, 522.4044189453125, 529.4939575195312, 533.9768676757812]"
9.2452893257141,"[5.143492221832275, 9.584768295288086, -4.349573612213135]","[5.146998040012695, 9.700951280553609, -5.159259730219721]","[0.5739125609397888, 0.8826472163200378, 0.05253293737769127]","[0.574916521716524, 0.2905680949036117, 0.020610639926496855]","[0.1573817878961563, 0.007870467379689217, 0.0030557243153452873, 0.9875017404556274]","[[0.9998574365842677, -0.0035577297039243727, 0.016506031183418285], [0.008512402615099834, 0.9504432707750358, -0.31078147896985503], [-0.014582369759151087, 0.310877678884036, 0.950338057163669]]","[-2.276207685470581, -0.0007040887139737606, -0.02027306891977787]",[0.6347444706504947],"[-0.2588189064338462, -0.0009998843816173967, -0.0002679182125788739, 0.9659253087705295]",[0.68],"[-0.4086338534588021, 8.398838397342825, -18.456116581629757]","[531.181396484375, 522.4044189453125, 529.4939575195312, 533.9768676757812]"
9.2762835025787,"[5.162337303161621, 9.615565299987793, -4.347949981689453]","[5.164793129738895, 9.709908140804112, -5.158621386972318]","[0.5682704448699951, 0.9794824123382568, 0.044474780559539795]","[0.5733697324410483, 0.2874031843214332, 0.020580533096665785]","[0.11772631108760834, 0.007126263342797756, 0.002906438894569874, 0.9930163025856018]","[[0.9998815379674425, -0.004094385019180663, 0.014837320010751193], [0.007450179799926376, 0.9722641365813116, -0.23376686820861342], [-0.013468662692914163, 0.23384971640442326, 0.9721794640969456]]","[-2.6368837356567383, -0.0984019860625267, -0.02457641251385212]",[0.6338396275339522],"[-0.25881895745736583, 0.000794922116786202, 0.0002129987392385014, 0.9659254991928972]",[0.68],"[-0.4177792776488244, 6.979340113944753, -19.102583692384005]","[531.181396484375, 522.4044189453125, 529.4939575195312, 533.9768676757812]"
9.3070464134216,"[5.179318428039551, 9.645967483520508, -4.346804141998291]","[5.182408056506216, 9.718701239472242, -5.15798872948154]","[0.5639584064483643, 1.043237566947937, 0.03115960769355297]","[0.5718359778193587, 0.28426639703914247, 0.020550652277643282]","[0.08007197827100754, 0.005663635209202766, 0.00261625531129539, 0.9967696070671082]","[[0.9999221568887264, -0.004308610606441887, 0.011709656360971866], [0.006122604508066676, 0.9871632670078269, -0.15959699360516177], [-0.010871701407222056, 0.15965626366795105, 0.9871128030639688]]","[-2.4262375831604004, -0.08073662221431732, -0.027660109102725983]",[0.6320058666562136],"[-0.2588173971681991, 0.0034469098001674923, 0.000923596697337802, 0.9659196761144526]",[0.68],"[-0.3223660484028059, 4.642901521222722, -19.475872202398136]","[531.181396484375, 522.4044189453125, 529.4939575195312, 533.9768676757812]"
9.337797164917,"[5.196185111999512, 9.677933692932129, -4.346113681793213]","[5.1999688888727755, 9.727394492098307, -5.157357240710084]","[0.5605661869049072, 1.0838693380355835, 0.014559727162122726]","[0.5703043160935358, 0.28113533807564967, 0.020520784629203228]","[0.04276955872774124, 0.0042935935780406, 0.0022966170217841864, 0.9990731477737427]","[[0.9999525812088838, -0.00422170658899125, 0.008775678695724955], [0.004956246999747491, 0.9963309807929791, -0.08544011385384488], [-0.00838277750937164, 0.08547955681422868, 0.9963046598008418]]","[-2.5392701625823975, -0.11034424602985382, -0.029403824359178543]",[0.629544003632231],"[-0.2588155403667613, 0.005026744718744104, 0.0013469121879448936, 0.9659127464371469]",[0.68],"[-0.24931255156378573, 2.807564046011186, -19.688530636946055]","[531.181396484375, 522.4044189453125, 529.4939575195312, 533.9768676757812]"
9.3687965869904,"[5.212964057922363, 9.710765838623047, -4.345943450927734]","[5.217624080200288, 9.736060660765915, -5.15672157491188]","[0.5582252144813538, 1.1009126901626587, -0.00319182057864964]","[0.568761772803161, 0.2779835014989382, 0.020490676827689208]","[0.005249131005257368, 0.0025486040394753218, 0.0019356014672666788, 0.9999811053276062]","[[0.9999795161288197, -0.0038443738764546717, 0.005117432220225171], [0.0038978857023896077, 0.9999374001412992, -0.010488197485856762], [-0.005076791317522566, 0.010507929812729924, 0.9999319024822793]]","[-2.4794394969940186, -0.10677454620599747, -0.03029501438140869]",[0.6267527331073005],"[-0.2588140068361253, 0.006026971121423435, 0.0016149220447911074, 0.9659070232228985]",[0.68],"[-0.16331957268558003, 0.947000103666655, -19.738791531137355]","[531.181396484375, 522.4044189453125, 529.4939575195312, 533.9768676757812]"
9.4002327919006,"[5.2313618659973145, 9.747039794921875, -4.346363067626953]","[5.235479224534048, 9.744749229075627, -5.156077905683357]","[0.5569106936454773, 1.092714548110962, -0.02176031656563282]","[0.5671990376105283, 0.27479191274102055, 0.020460146217339766]","[-0.036005664616823196, 0.0008496053051203489, 0.0015289239818230271, 0.9993500709533691]","[[0.9999938811245667, -0.0031170417867799737, 0.0015880063956804835], [0.0029946793720886256, 0.9974025090139174, 0.07196712494294312], [-0.0018082060921370347, -0.07196192901523878, 0.9974057405726527]]","[-2.508678674697876, -0.09660183638334274, -0.0302138514816761]",[0.6236600183104167],"[-0.2588156622167093, 0.004938589296282621, 0.0013232910136879148, 0.9659132011873438]",[0.68],"[-0.08001367344012932, -1.0574106483044026, -19.712296606147902]","[531.181396484375, 522.4044189453125, 529.4939575195312, 533.9768676757812]"
9.4312677383423,"[5.248064994812012, 9.779401779174805, -4.347235202789307]","[5.253058295844315, 9.753228547695892, -5.155443393834047]","[0.5567268133163452, 1.0609395503997803, -0.03559623658657074]","[0.5656577732635151, 0.2716456625723557, 0.020430006700076976]","[-0.07341649383306503, -0.0004915424506179988, 0.001153716817498207, 0.9973006248474121]","[[0.9999968546470486, -0.0022290303593868873, -0.001149834873514638], [0.0023733796525648313, 0.989217374741529, 0.14643549614606027], [0.0008110274990467958, -0.14643776454922747, 0.9892195536385575]]","[-2.4954288005828857, -0.06112241372466087, -0.029463043436408043]",[0.621144344463018],"[-0.258815593455292, 0.004988527998696381, 0.00133667204867074, 0.9659129445662408]",[0.68],"[0.0011095625669800806, -2.9009467419535815, -19.366113893436598]","[531.181396484375, 522.4044189453125, 529.4939575195312, 533.9768676757812]"
9.46226978302,"[5.266445159912109, 9.813482284545898, -4.34859561920166]","[5.270570997086273, 9.761601459230327, -5.154810488533737]","[0.5573121309280396, 1.0000951290130615, -0.045732688158750534]","[0.5641196544553017, 0.26850731155709495, 0.020399900517954254]","[-0.11140222102403641, -0.0014212337555363774, 0.0007246327004395425, 0.9937741160392761]","[[0.9999949100041231, -0.0011235852487427502, -0.002986222022697909], [0.0017568996365870896, 0.9751780401167224, 0.22141522770103922], [0.0026633192536754677, -0.22141934719085615, 0.9751750504910477]]","[-1.9796456098556519, -0.052572064101696014, -0.027942592278122902]",[0.6190375156137703],"[-0.25881781795779363, 0.0029744593540737456, 0.0007970039818432589, 0.9659212465225985]",[0.68],"[0.055934415529187424, -5.019575630484195, -19.02564922087613]","[511.3813781738281, 548.1636352539062, 545.1723022460938, 508.0622863769531]"
9.4930875301361,"[5.283179759979248, 9.842403411865234, -4.350039005279541]","[5.287932353393568, 9.769828236761667, -5.154182270685382]","[0.5583529472351074, 0.9252931475639343, -0.04960225522518158]","[0.5625921766050681, 0.265392137704658, 0.020369974677403164]","[-0.1378442347049713, -0.002070647431537509, 0.00034554809099063277, 0.9904516935348511]","[[0.9999911860314622, -0.00011364376275060928, -0.004197016134872566], [0.001255351004927019, 0.9619976951102351, 0.2730546803985745], [0.0040064888862470956, -0.2730575424316428, 0.9619893587556301]]","[-1.659324049949646, -0.010360470041632652, -0.0261896513402462]",[0.6178469577688935],"[-0.25881829071766255, 0.0023321518552741984, 0.000624898206247466, 0.965923010886449]",[0.68],"[0.08945029316627376, -6.173931271289144, -18.578027131816604]","[511.3813781738281, 548.1636352539062, 545.1723022460938, 508.0622863769531]"
9.5240705013275,"[5.2999491691589355, 9.868855476379395, -4.35152530670166]","[5.305339360245104, 9.77800241494004, -5.153551614410238]","[0.5595851540565491, 0.8358668684959412, -0.048621054738759995]","[0.5610580143246544, 0.26226480585252926, 0.020339889771134975]","[-0.1602795571088791, -0.0021490799263119698, -7.269303750945255e-05, 0.9870693683624268]","[[0.9999907523423852, 0.0008324132987993331, -0.004219279515136425], [0.000545401016324127, 0.9486209165774078, 0.31641439484003697], [0.004265884346564081, -0.3164137699474462, 0.9486116900569038]]","[-1.3350651264190674, -0.0023598773404955864, -0.02405359223484993]",[0.6173699832137033],"[-0.2588186919950791, 0.0015955629665008123, 0.00042752980834689913, 0.9659245084741558]",[0.68],"[0.09918922709397159, -7.289449238517001, -18.20972144459929]","[511.3813781738281, 548.1636352539062, 545.1723022460938, 508.0622863769531]"
9.5551826953888,"[5.318438529968262, 9.894625663757324, -4.353043556213379]","[5.322771160626161, 9.786113255894891, -5.152919265750153]","[0.5609452724456787, 0.723842442035675, -0.04259643331170082]","[0.559518971762258, 0.2591290147750588, 0.02030968077650087]","[-0.17972663044929504, -0.0022060766350477934, -0.00048678216990083456, 0.9837139844894409]","[[0.9999897925379987, 0.0017506902961232501, -0.0041653214351857], [-0.00016472741560301374, 0.9353962027009232, 0.35360134727381737], [0.004515272311821993, -0.35359705175873185, 0.9353869430664457]]","[-1.0896164178848267, 0.010144593194127083, -0.02141604758799076]",[0.6176388603443465],"[-0.25881880988233164, -0.0013022604747328908, -0.0003489396425396485, 0.9659249484353716]",[0.68],"[0.1051203865284856, -8.751932682081598, -17.84339290382509]","[511.3813781738281, 548.1636352539062, 545.1723022460938, 508.0622863769531]"
9.5858473777771,"[5.33528470993042, 9.914685249328613, -4.354191303253174]","[5.339905393526693, 9.79401203488738, -5.152296932334709]","[0.5620936155319214, 0.6119913458824158, -0.0333542600274086]","[0.5580035553315639, 0.25604282336058926, 0.020279907663983923]","[-0.19423910975456238, -0.0018943250179290771, -0.0008833641186356544, 0.9809520244598389]","[[0.9999912624011207, 0.0024689796511583317, -0.0033733162026590713], [-0.0009971716308849743, 0.9245407758191779, 0.38108184264352934], [0.004059651642630724, -0.38107514912852986, 0.924535159548963]]","[-0.8783153891563416, 0.050972502678632736, -0.018748225644230843]",[0.618503727479844],"[-0.25881793139552794, -0.0028336464743529766, -0.0007592732844381781, 0.9659216698779864]",[0.68],"[0.08751666726877858, -8.992881717766815, -17.597357541112288]","[511.3813781738281, 548.1636352539062, 545.1723022460938, 508.0622863769531]"
9.6178801059723,"[5.352160930633545, 9.931268692016602, -4.355015754699707]","[5.357754436436216, 9.802162213612426, -5.151647809676566]","[0.5628483295440674, 0.49237051606178284, -0.021229319274425507]","[0.5564221099559726, 0.25282371302294626, 0.02024880772517816]","[-0.20596298575401306, -0.001080597867257893, -0.0013293834635987878, 0.9785583019256592]","[[0.999994130095712, 0.003046884775774271, -0.00156724845334711], [-0.0021566321232148536, 0.9151549624777978, 0.40309645225584256], [0.002662463602846381, -0.40309070614010045, 0.915156161615083]]","[-0.7274201512336731, 0.05978308245539665, -0.01569066382944584]",[0.6198893395188887],"[-0.25881732368846333, -0.003522918620737007, -0.0009439631994270455, 0.9659194018843451]",[0.68],"[0.05175131409323805, -9.58585862152881, -17.387825508780125]","[511.3813781738281, 548.1636352539062, 545.1723022460938, 508.0622863769531]"
9.6493818759918,"[5.370738983154297, 9.945244789123535, -4.355459213256836]","[5.375258242176545, 9.810076807120023, -5.151010418105551]","[0.5630394816398621, 0.3534252345561981, -0.0052642822265625]","[0.5548684508177936, 0.24966271016648225, 0.020218224721975344]","[-0.21646879613399506, -0.0002045728178927675, -0.0017552135977894068, 0.9762879610061646]","[[0.9999937547503767, 0.003515755072254201, 0.0003604539904273514], [-0.0033386205458102555, 0.9062763590510501, 0.4226724773362177], [0.001159341907458613, -0.4226710410602509, 0.9062824369005221]]","[-0.5787394642829895, 0.05660632252693176, -0.011824781075119972]",[0.6219677625559188],"[-0.2588109276285215, -0.007650110504186206, -0.0020498409316055425, 0.9658955314636739]",[0.68],"[0.0063233233565901555, -10.739819524946029, -17.143638865133486]","[511.3813781738281, 548.1636352539062, 545.1723022460938, 508.0622863769531]"
9.6813595294952,"[5.389313697814941, 9.954526901245117, -4.355341911315918]","[5.392976438010074, 9.818009194616497, -5.1503643830747645]","[0.5625507235527039, 0.2080613076686859, 0.012579717673361301]","[0.5532929166129117, 0.24645877213350134, 0.020187181174036745]","[-0.2248525321483612, 0.0010143279796466231, -0.0021899931598454714, 0.9743898510932922]","[[0.999988350137419, 0.0038116657885293656, 0.002961552792852956], [-0.004723962647139264, 0.89887308543286, 0.43818360789330824], [-0.0009918507633375762, -0.4381924933786573, 0.8988806198504398]]","[-0.46785151958465576, 0.1156948134303093, -0.007516436278820038]",[0.6244926440264308],"[-0.25879749551440084, -0.012464392243627774, -0.0033398238358248113, 0.9658454021313226]",[0.68],"[-0.05111919911211579, -11.2158909547425, -17.016017543097668]","[511.3813781738281, 548.1636352539062, 545.1723022460938, 508.0622863769531]"
9.7123851776123,"[5.4061713218688965, 9.958728790283203, -4.354705810546875]","[5.4101190159132155, 9.825607575450697, -5.149738529913167]","[0.561124861240387, 0.07126548886299133, 0.029892221093177795]","[0.55176582384859, 0.2433548566691957, 0.02015706322754006]","[-0.23102502524852753, 0.0028535022865980864, -0.002687792992219329, 0.9729399085044861]","[[0.9999692665870628, 0.003911661260241638, 0.0067944673950607395], [-0.006548583011473853, 0.8932404269554964, 0.4495315946081995], [-0.004310677619499596, -0.4495622731019963, 0.8932385904672352]]","[-0.3811069428920746, 0.1499101221561432, -0.003028469393029809]",[0.6270981416102397],"[-0.14046857956534115, -0.014784785770355482, -0.002097833846454191, 0.9899725184861309]",[0.68],"[-0.13276139086609695, -10.906619167490401, -17.025337228343272]","[511.3813781738281, 548.1636352539062, 545.1723022460938, 508.0622863769531]"
9.7433025836945,"[5.422967433929443, 9.958779335021973, -4.353522777557373]","[5.427154678833871, 9.833083719831233, -5.149115789746259]","[0.5583999156951904, -0.0678510069847107, 0.049060121178627014]","[0.5502455639482454, 0.24026631441952326, 0.020127051733100615]","[-0.22672829031944275, 0.005061900243163109, -0.0032492470927536488, 0.9739394783973694]","[[0.999927639118517, 0.004033788061601429, 0.0113333614413825], [-0.008624492013201202, 0.8971674495243054, 0.441606370893993], [-0.008386576488720682, -0.4416721603525886, 0.8971373190695016]]","[1.7384488582611084, 0.1484023630619049, 0.00201224023476243]",[0.630145709106957],"[0.07022040544453854, -0.013810068426500881, 0.00097224198949619, 0.9974354271905395]",[0.68],"[-0.23927635622286425, -10.970370511476503, -17.00728168222209]","[511.3813781738281, 548.1636352539062, 545.1723022460938, 508.0622863769531]"
9.7753078937531,"[5.441324234008789, 9.954126358032227, -4.351667404174805]","[5.444740295509058, 9.840722417215357, -5.148472114358568]","[0.5538549423217773, -0.21066629886627197, 0.06132284551858902]","[0.5486733927731304, 0.23707387291481485, 0.020095985659176568]","[-0.19135858118534088, 0.006986328866332769, -0.0038348243106156588, 0.9814878702163696]","[[0.9998729706629563, 0.004853879131448982, 0.015181647157645119], [-0.010201455049671501, 0.92673437505848, 0.37557866990289585], [-0.012246341000947257, -0.3756858352780101, 0.9266661692314095]]","[2.725148916244507, 0.09813883900642395, 0.007839127443730831]",[0.6323517720518775],"[0.25880532996954964, -0.009943858103435522, 0.002664448748465223, 0.9658746407159876]",[0.68],"[-0.3657448274152128, -10.567020160935147, -17.65047250835397]","[523.9341430664062, 550.8570556640625, 537.0097045898438, 514.4437255859375]"
9.8063054084778,"[5.4578657150268555, 9.946127891540527, -4.349791049957275]","[5.4617242275361795, 9.848023257258017, -5.147849655053341]","[0.5487714409828186, -0.3185269236564636, 0.062041230499744415]","[0.5471522615927616, 0.23398659024062674, 0.020065899209551385]","[-0.15242761373519897, 0.0079573355615139, -0.004169092047959566, 0.9882738590240479]","[[0.9998385989645142, 0.005814574031063335, 0.016999022950479004], [-0.01066624471639055, 0.9534968824849772, 0.3012141023669992], [-0.014457083941227522, -0.301346801824649, 0.9534050067635089]]","[2.365821123123169, 0.03643285483121872, 0.013674888759851456]",[0.6328372191388761],"[0.25881734749992286, -0.0034984684692959634, 0.0009374118010935993, 0.965919490749922]",[0.68],"[-0.4093694748630832, -8.142997776334656, -18.47829427892205]","[523.9341430664062, 550.8570556640625, 537.0097045898438, 514.4437255859375]"
9.8383004665375,"[5.47587776184082, 9.934005737304688, -4.3478569984436035]","[5.4792052995100295, 9.855458757053336, -5.1472081422219]","[0.5428227782249451, -0.4116716980934143, 0.05385740101337433]","[0.5455837622950696, 0.23080473686969386, 0.02003484598487403]","[-0.11238910257816315, 0.007838983088731766, -0.004223341587930918, 0.9936243891716003]","[[0.9998414274599324, 0.006630797862205828, 0.016527324708432392], [-0.01015486296007767, 0.9747017060150136, 0.22327889339097193], [-0.01462869442463803, -0.22341132020411483, 0.9746144799316194]]","[2.5861034393310547, -0.059998318552970886, 0.020218171179294586]",[0.6319977551890912],"[0.25881904491094254, -3.71649630000532e-05, 9.958321822596809e-06, 0.9659258255740887]",[0.68],"[-0.4481209717881661, -6.692983368546342, -19.105236097630673]","[523.9341430664062, 550.8570556640625, 537.0097045898438, 514.4437255859375]"
9.8687109947205,"[5.492088317871094, 9.920687675476074, -4.346427917480469]","[5.49577414056361, 9.862431723464319, -5.146599320744573]","[0.5379335880279541, -0.47220420837402344, 0.04074078053236008]","[0.5440944332144858, 0.22778496543691729, 0.02000533201086657]","[-0.07479052990674973, 0.00652321008965373, -0.004041632171720266, 0.9971697926521301]","[[0.9998822258790295, 0.007084638350704435, 0.01361404772867484], [-0.00903613570789747, 0.9887800836913122, 0.14910498556739066], [-0.012404944481430334, -0.14921044323043559, 0.9887276487327876]]","[2.453139305114746, -0.08945679664611816, 0.025620831176638603]",[0.630275142977664],"[0.2588178016219289, 0.0029941919927992276, -0.000802291326454287, 0.9659211855563214]",[0.68],"[-0.36824722392307874, -4.382384336696978, -19.455981339165092]","[523.9341430664062, 550.8570556640625, 537.0097045898438, 514.4437255859375]"
9.8999750614166,"[5.509767055511475, 9.90436840057373, -4.345372200012207]","[5.5127608302178785, 9.869504737167821, -5.145974347004907]","[0.533685564994812, -0.5120257139205933, 0.022879604250192642]","[0.542564818264976, 0.22468501279797054, 0.019974991048323298]","[-0.03367704153060913, 0.004823844414204359, -0.003732470329850912, 0.9994142055511475]","[[0.9999255983806087, 0.007135662121553643, 0.00989343438246909], [-0.007785473356251071, 0.9977038510779648, 0.06727861770094978], [-0.009390640149228469, -0.06735063712555711, 0.9976851747976263]]","[2.5228946208953857, -0.11324537545442581, 0.03007027506828308]",[0.6277230583504112],"[0.2588172856487903, 0.003561630385252239, -0.0009543359854664858, 0.9659192599183527]",[0.68],"[-0.30199439411707085, -2.6003388833754997, -19.737924393522032]","[523.9341430664062, 550.8570556640625, 537.0097045898438, 514.4437255859375]"
9.9302797317505,"[5.525735378265381, 9.888774871826172, -4.344944000244141]","[5.52918063074265, 9.876268268374996, -5.145369457097837]","[0.5310257077217102, -0.5235850214958191, 0.005761798471212387]","[0.54108360882087, 0.22168461532515593, 0.019945582496328187]","[0.0037942228373140097, 0.003119361586868763, -0.0033817130606621504, 0.9999822378158569]","[[0.9999576672001315, 0.006786977094045571, 0.006212950414539681], [-0.00673963488216262, 0.9999483357796723, -0.007609408458897071], [-0.0062642743062357115, 0.007567213315620103, 0.9999517469127024]]","[2.4883785247802734, -0.09033502638339996, 0.0328691303730011]",[0.6250991810136348],"[0.258816106571314, 0.004602826253534897, -0.0012333235775354456, 0.9659148595413051]",[0.68],"[-0.18902109485666008, -0.509343923897507, -19.683430093439696]","[523.9341430664062, 550.8570556640625, 537.0097045898438, 514.4437255859375]"
9.9612786769867,"[5.541640281677246, 9.87318229675293, -4.345015525817871]","[5.545930187219632, 9.883092745745186, -5.144751631320461]","[0.5294201970100403, -0.5118848085403442, -0.010076172649860382]","[0.5395699586631653, 0.21861998849990744, 0.019915501565536575]","[0.04130075126886368, 0.0017033503390848637, -0.002995298942551017, 0.9991408586502075]","[[0.9999762535637342, 0.00612615041210552, 0.0031563576475463657], [-0.005844751817392406, 0.9965705522577444, -0.08254074025828112], [-0.0036511900339551255, 0.08252033208440329, 0.9965826930844995]]","[2.5058720111846924, -0.09040786325931549, 0.034471262246370316]",[0.6225129515810963],"[0.2588148885610541, 0.005474254395179859, -0.0014668220443509671, 0.9659103138651312]",[0.68],"[-0.10862172556330021, 1.326281367286061, -19.55187365495221]","[523.9341430664062, 550.8570556640625, 537.0097045898438, 514.4437255859375]"
9.9922776222229,"[5.557511329650879, 9.858288764953613, -4.345520973205566]","[5.562632845549613, 9.889822293598769, -5.144134737998797]","[0.5287759304046631, -0.4771142899990082, -0.022885901853442192]","[0.5380578189658805, 0.21555992199197208, 0.019885422016402633]","[0.0787079781293869, 0.0002466371515765786, -0.002587508177384734, 0.996894359588623]","[[0.9999864879430949, 0.005197769237912927, 8.442729647297614e-05], [-0.005120119991784192, 0.9875967179604318, -0.1569283552549141], [-0.0008990574446138058, 0.1569258025523279, 0.9876099866977989]]","[2.4880340099334717, -0.08403846621513367, 0.035278189927339554]",[0.6202506744587243],"[0.25881424266861053, 0.005884225997902663, -0.0015766736042202355, 0.9659079033617154]",[0.68],"[-0.032968788091154985, 3.142725261522335, -19.287648385249728]","[523.9341430664062, 550.8570556640625, 537.0097045898438, 514.4437255859375]"
10.02327466011,"[5.57496452331543, 9.843526840209961, -4.346439361572266]","[5.579287629172626, 9.896456647980578, -5.143518814961078]","[0.529099702835083, -0.413318932056427, -0.03170108422636986]","[0.5365472826307642, 0.21250460366473395, 0.01985534569957753]","[0.11546902358531952, -0.001152338576503098, -0.0021131718531250954, 0.9933081865310669]","[[0.9999884132410485, 0.0039319429819753456, -0.0027772664644888367], [-0.0044641806230493845, 0.9733248781939442, -0.22938778265720317], [0.0018012429022954968, 0.22939752301498373, 0.9733311534161161]]","[1.8973548412322998, -0.07055233418941498, 0.035336121916770935]",[0.6184638805947502],"[0.25881679001952296, 0.004032189923226854, -0.001080422033657546, 0.9659174102047454]",[0.68],"[0.04096808996462893, 5.236423266496091, -18.93506395927625]","[523.9341430664062, 550.8570556640625, 537.0097045898438, 514.4437255859375]"
10.055062770844,"[5.5908522605896, 9.832240104675293, -4.347446441650391]","[5.5963188530616685, 9.903162029690805, -5.142888141248909]","[0.5301557183265686, -0.33654242753982544, -0.034554898738861084]","[0.5349997646042902, 0.20937604660545686, 0.019824503242375998]","[0.1412997990846634, -0.0020858575589954853, -0.0016522931400686502, 0.9899632930755615]","[[0.9999858382512458, 0.002681956608126465, -0.004596782213420782], [-0.003860881624147619, 0.9600632734120261, -0.2797563359292654], [0.0036629074585381102, 0.27977012172180893, 0.9600600319537547]]","[1.6282687187194824, -0.027550121769309044, 0.03473510220646858]",[0.6175406333048507],"[0.2588167701542321, 0.0040499109215432205, -0.0010851703608454899, 0.9659173360664705]",[0.68],"[0.09375319373685002, 6.33115533860137, -18.50580005828151]","[523.9341430664062, 550.8570556640625, 537.0097045898438, 514.4437255859375]"
10.084721088409,"[5.606778144836426, 9.823476791381836, -4.3484673500061035]","[5.612164652944539, 9.909328539284996, -5.1423006065440635]","[0.5315959453582764, -0.24547690153121948, -0.03266419097781181]","[0.5335573620689639, 0.20646142614594204, 0.019795728530006208]","[0.16301652789115906, -0.0025052556302398443, -0.001143246190622449, 0.9866195321083069]","[[0.9999848333647495, 0.0014391018947100959, -0.005316204324478005], [-0.0030726941919960032, 0.9468486092449172, -0.3216648526998806], [0.004570732226397742, 0.32167630919570384, 0.9468386706570763]]","[1.2894567251205444, -0.02609112299978733, 0.03355734422802925]",[0.6173380262103223],"[0.25881824850926516, 0.0023965066532602897, -0.0006421420223969072, 0.9659228533625656]",[0.68],"[0.11935751449710222, 7.418026334355383, -18.148018218969113]","[523.9341430664062, 550.8570556640625, 537.0097045898438, 514.4437255859375]"
10.114669322968,"[5.622750282287598, 9.817625045776367, -4.349366188049316]","[5.628121961626797, 9.915467676809651, -5.141708194494631]","[0.5332639217376709, -0.14285865426063538, -0.026644267141819]","[0.532102262689066, 0.2035225503995098, 0.019766673821432077]","[0.18038615584373474, -0.0028739094268530607, -0.0006565817748196423, 0.9835914373397827]","[[0.9999826190899584, 0.00025478947574572586, -0.00589038193259905], [-0.0023284433707581043, 0.9349208073605857, -0.3548487826919699], [0.005416628883171962, 0.3548563305181785, 0.9349051508490522]]","[1.081586241722107, 0.00533716008067131, 0.03195014223456383]",[0.6177907488590016],"[0.2588190209872303, 0.00041697200588552134, -0.00011172731224341077, 0.9659257362895791]",[0.68],"[0.13589708396041755, 8.293516357387274, -17.841383425013973]","[533.2006225585938, 515.8140258789062, 522.3153686523438, 533.70703125]"
10.146246671677,"[5.640379428863525, 9.814924240112305, -4.350080966949463]","[5.644900136481086, 9.921845514631865, -5.141084499013737]","[0.5351147651672363, -0.01913093775510788, -0.016046375036239624]","[0.5305695362169673, 0.20042841668110933, 0.019736040001153407]","[0.19603243470191956, -0.0026321569457650185, -4.5743861846858636e-05, 0.9805939197540283]","[[0.9999861393146239, -0.0009422639636055743, -0.005180088754932037], [-0.0011216885747779657, 0.9231425649046735, -0.38445618627651446], [0.005144219632490006, 0.38445666789660915, 0.9231287125893011]]","[0.8523566126823425, 0.03463627025485039, 0.02960461750626564]",[0.6189771917777449],"[0.25881718304296253, -0.003664010110905962, 0.0009817685502767207, 0.9659188769881902]",[0.68],"[0.13879858341451043, 9.61944741266904, -17.52332747446721]","[533.2006225585938, 515.8140258789062, 522.3153686523438, 533.70703125]"
10.177248954773,"[5.656455039978027, 9.816140174865723, -4.350379943847656]","[5.661325696851361, 9.928012223581476, -5.1404731029077375]","[0.5365006923675537, 0.10139798372983932, -0.0035490929149091244]","[0.5290662475346654, 0.1973952348657502, 0.01970596545834936]","[0.20744827389717102, -0.001993437996134162, 0.0005472269840538502, 0.9782438278198242]","[[0.9999914534951669, -0.0018977133819724074, -0.003673094245175673], [0.00024357229629613786, 0.9139298283994245, -0.40587216878969284], [0.004127179418263377, 0.40586780533744277, 0.9139224797240798]]","[0.7079901099205017, 0.08461961150169373, 0.02685363031923771]",[0.6205781691971082],"[0.25881346015318063, -0.006345530513283247, 0.0017002797765812933, 0.9659049829743733]",[0.68],"[0.10218066445737387, 9.660119231516353, -17.3672578470129]","[533.2006225585938, 515.8140258789062, 522.3153686523438, 533.70703125]"
10.20821762085,"[5.672563552856445, 9.821069717407227, -4.350271701812744]","[5.677686940086734, 9.934078433593656, -5.13986330060521]","[0.5372195839881897, 0.22827987372875214, 0.010982728563249111]","[0.527566097257907, 0.19436989593427825, 0.019675924906287216]","[0.21681341528892517, -0.0006316829822026193, 0.0012407352915033698, 0.9762120842933655]","[[0.9999961231050928, -0.0026963562594521685, -0.0006952970092966443], [0.0021485268804471956, 0.905980807053377, -0.42331331958666746], [0.0017713292333780273, 0.42331018458119124, 0.9059830878547241]]","[0.5739789009094238, 0.10545722395181656, 0.023318003863096237]",[0.6226082783504163],"[0.21421458951824418, -0.009559737311485553, 0.002096607337590678, 0.9767375928557974]",[0.68],"[0.04218976659203858, 10.146311675615525, -17.22098527467284]","[533.2006225585938, 515.8140258789062, 522.3153686523438, 533.70703125]"
10.238253355026,"[5.688679218292236, 9.829887390136719, -4.349704265594482]","[5.693510942853068, 9.939872465265335, -5.1392727572927726]","[0.5369832515716553, 0.36020591855049133, 0.026889311149716377]","[0.5261125791230716, 0.19144004323053657, 0.019646790643939153]","[0.22083377838134766, 0.0009179534972645342, 0.0019161534728482366, 0.9753091335296631]","[[0.9999909714344907, -0.0033322536882683385, 0.002636879682810428], [0.004143114244985535, 0.9024575413633726, -0.4307588842148243], [-0.0009442740373399594, 0.43076591997395103, 0.9024631993743893]]","[-0.31394484639167786, 0.12914419174194336, 0.018923956900835037]",[0.6249894597648039],"[0.05726053145497964, -0.013638880390672526, 0.0007823262525527748, 0.9982657964915039]",[0.68],"[-0.035591761860021366, 10.480193224174618, -17.15163289528485]","[533.2006225585938, 515.8140258789062, 522.3153686523438, 533.70703125]"
10.269249916077,"[5.706378936767578, 9.844143867492676, -4.348494529724121]","[5.709795395014076, 9.945759645799907, -5.138664240304826]","[0.5354310274124146, 0.5021608471870422, 0.04585085064172745]","[0.5246140505512644, 0.18842095507184187, 0.019616725752347245]","[0.20104528963565826, 0.0031068073585629463, 0.0027308138087391853, 0.9795732498168945]","[[0.9999657808079575, -0.004100846344054027, 0.007184725267803144], [0.006599282285031954, 0.9191466683425126, -0.39386020723268944], [-0.004988656255327045, 0.3938941436824329, 0.9191422785267022]]","[-2.773770809173584, 0.1609853208065033, 0.013661669567227364]",[0.6280179178494594],"[-0.16201668380653578, -0.01730369062805754, -0.0028414707798902336, 0.9866322022429577]",[0.68],"[-0.14270540818481575, 10.666152214061363, -17.189427457581214]","[533.2006225585938, 515.8140258789062, 522.3153686523438, 533.70703125]"
10.301318407059,"[5.722403049468994, 9.860956192016602, -4.347011089324951]","[5.7265941384205306, 9.951752002517747, -5.138035660231406]","[0.5325959324836731, 0.6151202321052551, 0.0511762797832489]","[0.5230652890045772, 0.18530225900334046, 0.01958562260395439]","[0.16455000638961792, 0.005355108063668013, 0.0034903730265796185, 0.986348032951355]","[[0.9999182802275235, -0.005123079005879216, 0.01171268241733342], [0.00864781127025388, 0.9458222253866241, -0.3245697675995854], [-0.009415318802030115, 0.3246445328985447, 0.9457892364296063]]","[-2.217270612716675, 0.17683637142181396, 0.008383670821785927]",[0.6290790422239129],"[-0.2588010881693966, -0.011378085954448698, -0.0030487489429064283, 0.9658588101023009]",[0.68],"[-0.24805191083805161, 8.593566566560554, -18.127135005362824]","[533.2006225585938, 515.8140258789062, 522.3153686523438, 533.70703125]"
10.332159519196,"[5.739903450012207, 9.882986068725586, -4.345357894897461]","[5.742703104642116, 9.957420738289747, -5.137432079101139]","[0.5278123021125793, 0.715423047542572, 0.04747483879327774]","[0.521577329115289, 0.18230753069804106, 0.019555711282040387]","[0.12324485927820206, 0.007472360972315073, 0.004193033557385206, 0.9923393130302429]","[[0.9998531645821721, -0.006479963926678982, 0.015863774769419713], [0.010163684232714583, 0.9695862462621656, -0.24453877426066034], [-0.013796695446504838, 0.24466410170189962, 0.9695097369659912]]","[-2.609316349029541, 0.051415830850601196, 0.0014910022728145123]",[0.6288457730587145],"[-0.2588081784438919, -0.008851239946987567, -0.0023716825958094117, 0.965885271366957]",[0.68],"[-0.3830980806435621, 7.2336026575491195, -18.790488669053754]","[533.2006225585938, 515.8140258789062, 522.3153686523438, 533.70703125]"
10.362955093384,"[5.75566291809082, 9.905511856079102, -4.344071865081787]","[5.758742519660456, 9.962989017075417, -5.13683030961416]","[0.5227739214897156, 0.7824077010154724, 0.03748585283756256]","[0.5200930580578762, 0.17932172821526504, 0.019525845489804548]","[0.08651560544967651, 0.00767106469720602, 0.004480139352381229, 0.9962109327316284]","[[0.9998421662355891, -0.00759899399256192, 0.01605920097123692], [0.010253661219451593, 0.9849899567301182, -0.17230684912407837], [-0.014508793096956185, 0.1724443188793768, 0.9849124095601743]]","[-2.44846248626709, 0.020817596465349197, -0.005728107411414385]",[0.6275610533187782],"[-0.25881644143383326, -0.004332638240054382, -0.0011609269175187724, 0.9659161092652405]",[0.68],"[-0.3973108638564974, 4.909211194872517, -19.226345010375212]","[533.2006225585938, 515.8140258789062, 522.3153686523438, 533.70703125]"
10.39472079277,"[5.771270275115967, 9.929706573486328, -4.3431477546691895]","[5.775239342905469, 9.968636442430196, -5.136210546754242]","[0.5177282691001892, 0.8266488313674927, 0.023721279576420784]","[0.5185635912347286, 0.17624658227113366, 0.01949504029115122]","[0.048753734678030014, 0.00756460428237915, 0.004643557593226433, 0.9987714290618896]","[[0.9998424282698588, -0.0085380998863811, 0.015563402808523655], [0.010013310726890712, 0.9952030214556453, -0.0973174211616501], [-0.014657839709074402, 0.09745792786427088, 0.9951317002339906]]","[-2.523564100265503, -0.04480352625250816, -0.012342422269284725]",[0.625597018023402],"[-0.2588190426635439, -0.0001326064035652863, -3.553177874651401e-05, 0.9659258171866828]",[0.68],"[-0.3927447729755913, 3.0903615205322947, -19.479448474042538]","[533.2006225585938, 515.8140258789062, 522.3153686523438, 533.70703125]"
10.42627286911,"[5.788270950317383, 9.957423210144043, -4.342645645141602]","[5.791577154918306, 9.974149263045048, -5.1355959204516015]","[0.5127319097518921, 0.8482815623283386, 0.006638059392571449]","[0.5170459801569287, 0.17319685706680232, 0.019464443692466665]","[0.007746742106974125, 0.006280850153416395, 0.004640401806682348, 0.9999395608901978]","[[0.9998780351848457, -0.009182930437153923, 0.012632837080986854], [0.009377554942558188, 0.9998369093156011, -0.015434256464755795], [-0.012489045096710432, 0.015550839138353452, 0.9998010778161567]]","[-2.4965758323669434, -0.0875527486205101, -0.019038323312997818]",[0.6230106911493403],"[-0.25881883295249297, 0.0012367505669185098, 0.00033138631564454785, 0.9659250345343859]",[0.68],"[-0.36335995421402634, 1.220357259197025, -19.650218539377164]","[533.2006225585938, 515.8140258789062, 522.3153686523438, 533.70703125]"
10.458314657211,"[5.805125713348389, 9.985389709472656, -4.342703342437744]","[5.808119563151163, 9.97964924683386, -5.134972742644674]","[0.5088950395584106, 0.8418629169464111, -0.009724118746817112]","[0.5155064160882278, 0.17010463292708167, 0.01943337367664864]","[-0.03362672030925751, 0.00462876632809639, 0.0045227427035570145, 0.9994135499000549]","[[0.9999162386414346, -0.009351481142676588, 0.008947933567394817], [0.008728880219909363, 0.9976975769593608, 0.06725586926981637], [-0.009556273583087804, -0.0671721303932689, 0.9976956364070457]]","[-2.4972927570343018, -0.0841241329908371, -0.024591054767370224]",[0.6203625114790726],"[-0.25881840044354193, 0.002155884093160318, 0.0005776674017374104, 0.9659234203890059]",[0.68],"[-0.27192430749979324, -0.9228481895737977, -19.55712720476378]","[523.870849609375, 526.0005493164062, 534.0975341796875, 531.0896606445312]"
10.489312410355,"[5.820353984832764, 10.010252952575684, -4.343188762664795]","[5.824076039661428, 9.98487580393794, -5.134370817566223]","[0.5064680576324463, 0.8118404746055603, -0.021968578919768333]","[0.514018552249673, 0.16711780116207897, 0.019403317436822626]","[-0.0709993839263916, 0.0032637976109981537, 0.004332678392529488, 0.9974616169929504]","[[0.9999411510462027, -0.009106816029928355, 0.005895790691966329], [0.008179905551363165, 0.9898806307600395, 0.14166660256421726], [-0.007126260678449459, -0.1416100386226702, 0.9898968702144546]]","[-2.502052068710327, -0.07859740406274796, -0.028529655188322067]",[0.6182100474868132],"[-0.2588173430444592, 0.003503056419952612, 0.0009386411387669622, 0.9659194741219053]",[0.68],"[-0.1739312307073856, -2.7645883298903113, -19.250706413215525]","[523.870849609375, 526.0005493164062, 534.0975341796875, 531.0896606445312]"
10.520155906677,"[5.835524559020996, 10.033876419067383, -4.3439812660217285]","[5.839907356986676, 9.989984526473943, -5.1337728126116895]","[0.504976749420166, 0.7593348026275635, -0.03002435527741909]","[0.5125395916864822, 0.16415035901311692, 0.019373412139738318]","[-0.10641922801733017, 0.0018917213892564178, 0.004081175662577152, 0.9943112134933472]","[[0.9999595307907932, -0.008518548510810285, 0.0028932884534565856], [0.007713286391336128, 0.9773165838268134, 0.21164310439246195], [-0.004630550707114892, -0.21161222260328513, 0.9773427385967618]]","[-2.0883095264434814, -0.08307772874832153, -0.03160613402724266]",[0.6165947989262531],"[-0.25881648439849103, 0.004296742018419375, 0.0011513085539203436, 0.9659162696115262]",[0.68],"[-0.10030204100464622, -4.507909697230064, -18.90653271271708]","[523.870849609375, 526.0005493164062, 534.0975341796875, 531.0896606445312]"
10.552398681641,"[5.852176666259766, 10.057674407958984, -4.345043182373047]","[5.856408152504653, 9.99522724450236, -5.1331486640112525]","[0.5043855905532837, 0.6796184778213501, -0.03329896926879883]","[0.5109951336836295, 0.16105311931731803, 0.0193421515896761]","[-0.13624727725982666, 0.00041511657764203846, 0.003735445672646165, 0.9906677603721619]","[[0.9999717482477074, -0.00751428820392281, -0.00019540338396809367], [0.007288054190126229, 0.9628454517698213, 0.2699546713304421], [-0.0018403738250320732, -0.2699484687487477, 0.9628730142350218]]","[-1.6734569072723389, -0.07414352148771286, -0.034085698425769806]",[0.615607948034557],"[-0.2588171853191237, 0.0036617700112904776, 0.0009811683173937865, 0.9659188854829394]",[0.68],"[-0.02782255612948418, -6.38329716230707, -18.525054040471346]","[523.870849609375, 526.0005493164062, 534.0975341796875, 531.0896606445312]"
