t,p,p_d,v,v_d,q,R,w,T_sp,q_sp,hover_throttle,fa,pwm
0.34082221984863,"[3.3230764865875244, -0.8700109124183655, -0.18030712008476257]","[3.3230764865875244, -0.8700109124183655, -0.18030712008476257]","[0.08726228773593903, 0.09563618898391724, -3.043609857559204]","[0.08726228773593903, 0.09563618898391724, -3.043609857559204]","[0.0011119470000267029, -0.009043212980031967, 0.6205713748931885, 0.7840970754623413]","[[0.22961877792435104, -0.973196511485874, -0.012801428743622445], [0.9731562891916992, 0.2297798644740937, -0.012967667006520855], [0.015561598658082154, -0.009480169443360609, 0.9998339677457339]]","[-0.004992504604160786, 0.0007110406877472997, -0.3253559172153473]",[0.0],"[0.0011119470000267029, -0.009043212980031967, 0.6205713748931885, 0.7840970754623413]",[0.44],"[0.2873614430427551, 0.29371902346611023, -17.694502410888674]","[658.644287109375, 658.6143188476562, 669.857421875, 669.8291015625]"
0.37182092666626,"[3.3257811069488525, -0.8670544028282166, -0.2739478051662445]","[3.3257811069488525, -0.8670544028282166, -0.2739478051662445]","[0.09303700178861618, 0.10144978016614914, -3.198469877243042]","[0.09303700178861618, 0.10144978016614914, -3.198469877243042]","[0.0010890630073845387, -0.009073134511709213, 0.6166931986808777, 0.7871506214141846]","[[0.23921435386175993, -0.9708806315574235, -0.012940611438954808], [0.9708411066967927, 0.2393766252850269, -0.012905193934219517], [0.015627082437310758, -0.009476167442131755, 0.9998329843437967]]","[-0.005008980631828308, 0.0011500633554533124, -0.33258455991744995]",[0.0],"[0.0010890630073845387, -0.009073134511709213, 0.6166931986808777, 0.7871506214141846]",[0.44],"[0.2887357026338577, 0.29067955911159515, -17.553000984191897]","[660.0156860351562, 659.9893188476562, 669.857421875, 669.8359985351562]"
0.40382790565491,"[3.328956365585327, -0.8636019825935364, -0.3822627067565918]","[3.328956365585327, -0.8636019825935364, -0.3822627067565918]","[0.09941477328538895, 0.10776377469301224, -3.365281343460083]","[0.09941477328538895, 0.10776377469301224, -3.365281343460083]","[0.0010602494003251195, -0.0091004753485322, 0.612316906452179, 0.7905594110488892]","[[0.2499703748425286, -0.9681650834272866, -0.01309051559785139], [0.9681264883331628, 0.2501337638880853, -0.012821130108287032], [0.01568735012935081, -0.009468369542343175, 0.9998321144392798]]","[-0.005051512736827135, 0.001553160254843533, -0.33961230516433716]",[0.0],"[0.0010602494003251195, -0.0091004753485322, 0.612316906452179, 0.7905594110488892]",[0.44],"[0.3188885748386383, 0.3156997263431549, -18.150573310852053]","[661.0147094726562, 660.9913940429688, 669.857421875, 669.8411865234375]"
0.43483233451843,"[3.332026243209839, -0.8602839112281799, -0.4854552447795868]","[3.332026243209839, -0.8602839112281799, -0.4854552447795868]","[0.10523112863302231, 0.11342188715934753, -3.513503074645996]","[0.10523112863302231, 0.11342188715934753, -3.513503074645996]","[0.001031070132739842, -0.009121240116655827, 0.6082467436790466, 0.7936949729919434]","[[0.2599054035651409, -0.9655435748700725, -0.01322467475459689], [0.9655059563170412, 0.260069671396435, -0.012732639560856684], [0.015733254957571816, -0.009459218836225691, 0.9998314797462313]]","[-0.005103857256472111, 0.0018607878591865301, -0.3452552556991577]",[0.0],"[0.001031070132739842, -0.009121240116655827, 0.6082467436790466, 0.7936949729919434]",[0.44],"[0.2908177673816681, 0.28290562331676483, -17.221086559295657]","[662.1016235351562, 662.081298828125, 669.857421875, 669.84619140625]"
0.46582221984863,"[3.335604429244995, -0.856439471244812, -0.6040399670600891]","[3.335604429244995, -0.856439471244812, -0.6040399670600891]","[0.11164452135562897, 0.11954788863658905, -3.6725728511810303]","[0.11164452135562897, 0.11954788863658905, -3.6725728511810303]","[0.00099601736292243, -0.009140459820628166, 0.6036777496337891, 0.7971754670143127]","[[0.27097925318270355, -0.9624923920943032, -0.013370553611979252], [0.9624559758675575, 0.2711443650929941, -0.012623785643153862], [0.015775647692960026, -0.009447783217385652, 0.9998309198873605]]","[-0.005172291304916143, 0.0021441474091261625, -0.35073673725128174]",[0.0],"[0.00099601736292243, -0.009140459820628166, 0.6036777496337891, 0.7971754670143127]",[0.44],"[0.32066963613033295, 0.3063000738620758, -17.76348882675171]","[663.0568237304688, 663.0391845703125, 669.857421875, 669.849609375]"
0.49682068824768,"[3.3390417098999023, -0.8527706265449524, -0.7163416147232056]","[3.3390417098999023, -0.8527706265449524, -0.7163416147232056]","[0.11748519539833069, 0.12502224743366241, -3.813415050506592]","[0.11748519539833069, 0.12502224743366241, -3.813415050506592]","[0.0009617216419428587, -0.009155220352113247, 0.5994477272033691, 0.8003609776496887]","[[0.28115720858203874, -0.9595667475358436, -0.013501958518301493], [0.9595315284416461, 0.28132299488439705, -0.01251560101138513], [0.01580796592816125, -0.009436703117096129, 0.9998305140635754]]","[-0.005240576341748238, 0.0023608587216585875, -0.35513466596603394]",[0.0],"[0.0009617216419428587, -0.009155220352113247, 0.5994477272033691, 0.8003609776496887]",[0.44],"[0.29203370213508606, 0.2737179398536682, -16.85210996627808]","[663.8961181640625, 663.8814086914062, 669.857421875, 669.8531494140625]"
0.52783274650574,"[3.34265398979187, -0.8489390015602112, -0.8328131437301636]","[3.34265398979187, -0.8489390015602112, -0.8328131437301636]","[0.12333262711763382, 0.13040193915367126, -3.950549840927124]","[0.12333262711763382, 0.13040193915367126, -3.950549840927124]","[0.0009253587923012674, -0.009167902171611786, 0.5951509475708008, 0.8035610914230347]","[[0.2914225983506994, -0.9564972571806548, -0.01363248262599781], [0.956463322785129, 0.29158898663336685, -0.012399735971541329], [0.015835395274322095, -0.009425406687143298, 0.9998301865617545]]","[-0.005309447180479765, 0.0025425697676837444, -0.3590385317802429]",[0.0],"[0.0009253587923012674, -0.009167902171611786, 0.5951509475708008, 0.8035610914230347]",[0.44],"[0.29237158596515656, 0.2689845860004425, -16.666739521026614]","[664.4415893554688, 664.4281005859375, 669.857421875, 669.8546752929688]"
0.55882263183594,"[3.346830129623413, -0.8445395827293396, -0.965613603591919]","[3.346830129623413, -0.8445395827293396, -0.965613603591919]","[0.12976911664009094, 0.13620485365390778, -4.097004413604736]","[0.12976911664009094, 0.13620485365390778, -4.097004413604736]","[0.0008831946761347353, -0.009179861284792423, 0.5903534293174744, 0.8070921897888184]","[[0.30279711727977954, -0.9529554992435864, -0.01377519468097927], [0.9529230688251288, 0.30296409692052373, -0.012264364230614666], [0.01586078270422358, -0.009413086129929027, 0.9998299002279121]]","[-0.0053875138983130455, 0.0027140071615576744, -0.3628270626068115]",[0.0],"[0.0008831946761347353, -0.009179861284792423, 0.5903534293174744, 0.8070921897888184]",[0.44],"[0.32182447612285614, 0.29014572501182556, -17.132728633880618]","[665.1119995117188, 665.1004638671875, 669.857421875, 669.8568725585938]"
0.5901951789856,"[3.350811243057251, -0.8403756022453308, -1.0904723405838013]","[3.350811243057251, -0.8403756022453308, -1.0904723405838013]","[0.13562192022800446, 0.14137311279773712, -4.226072788238525]","[0.13562192022800446, 0.14137311279773712, -4.226072788238525]","[0.0008430986781604588, -0.009189242497086525, 0.5859325528144836, 0.8103073239326477]","[[0.3131972027492641, -0.9495863726286632, -0.013904223072026538], [0.9495553828758528, 0.31336466547384245, -0.012134890696921204], [0.015880218915102835, -0.009402214562075788, 0.9998296940138972]]","[-0.005454548168927431, 0.002843623049557209, -0.365864098072052]",[0.0],"[0.0008430986781604588, -0.009189242497086525, 0.5859325528144836, 0.8103073239326477]",[0.44],"[0.29264017939567566, 0.2584129571914673, -16.263418731689455]","[665.7486572265625, 665.739013671875, 669.8561401367188, 669.857421875]"
0.62219405174255,"[3.355393171310425, -0.8356179594993591, -1.232216715812683]","[3.355393171310425, -0.8356179594993591, -1.232216715812683]","[0.14205937087535858, 0.14693862199783325, -4.363504886627197]","[0.14205937087535858, 0.14693862199783325, -4.363504886627197]","[0.0007972697494551539, -0.009198197163641453, 0.5810092091560364, 0.8138446807861328]","[[0.32468738408963194, -0.945717175607492, -0.01404536553567344], [0.9456878418300996, 0.32485532647364757, -0.011986182008908774], [0.01589824980213332, -0.009390767029925695, 0.9998295150597708]]","[-0.005527691449970007, 0.0029643720481544733, -0.36881008744239807]",[0.0],"[0.0007972697494551539, -0.009198197163641453, 0.5810092091560364, 0.8138446807861328]",[0.44],"[0.3218725323677063, 0.2782754600048065, -16.681604919433596]","[666.2571411132812, 666.2490844726562, 669.8547973632812, 669.857421875]"
0.65320205688477,"[3.3597426414489746, -0.8311351537704468, -1.364946722984314]","[3.3597426414489746, -0.8311351537704468, -1.364946722984314]","[0.14790917932987213, 0.15188780426979065, -4.484279155731201]","[0.14790917932987213, 0.15188780426979065, -4.484279155731201]","[0.0007542012608610094, -0.009205305017530918, 0.5764824748039246, 0.8170573711395264]","[[0.3351664372069534, -0.9420523960479074, -0.014172957017599817], [0.942024625437304, 0.33533477484880125, -0.01184584543468084], [0.015912092255045397, -0.00938094263664399, 0.9998293870799847]]","[-0.005590090062469244, 0.0030573364347219467, -0.3711707293987274]",[0.0],"[0.0007542012608610094, -0.009205305017530918, 0.5764824748039246, 0.8170573711395264]",[0.44],"[0.2924904227256775, 0.24745911359786987, -15.848713455200196]","[666.5873413085938, 666.5800170898438, 669.8540649414062, 669.857421875]"
0.68419480323792,"[3.364729881286621, -0.8260346055030823, -1.5150606632232666]","[3.364729881286621, -0.8260346055030823, -1.5150606632232666]","[0.15433943271636963, 0.15720929205417633, -4.612534523010254]","[0.15433943271636963, 0.15720929205417633, -4.612534523010254]","[0.0007054409943521023, -0.009212171658873558, 0.5714510083198547, 0.8205841183662415]","[[0.34671776196709747, -0.9378602409903658, -0.01431247358280513], [0.937834246416225, 0.3468864948864496, -0.011686356919377416], [0.01592497345293581, -0.009370862213738118, 0.9998292764926618]]","[-0.005654414650052786, 0.0031423510517925024, -0.3734597861766815]",[0.0],"[0.0007054409943521023, -0.009212171658873558, 0.5714510083198547, 0.8205841183662415]",[0.44],"[0.3215126693248749, 0.26607438921928406, -16.22276836395264]","[666.99267578125, 666.9866333007812, 669.8532104492188, 669.857421875]"
0.71420836448669,"[3.369447946548462, -0.8212470412254333, -1.6551361083984375]","[3.369447946548462, -0.8212470412254333, -1.6551361083984375]","[0.16017960011959076, 0.16193491220474243, -4.724956035614014]","[0.16017960011959076, 0.16193491220474243, -4.724956035614014]","[0.0006600045599043369, -0.00921765249222517, 0.5668329000473022, 0.8237810134887695]","[[0.3572309966129953, -0.933904529144843, -0.014438429626595028], [0.9338801943741372, 0.35740005563589194, -0.01153713583812288], [0.015934878821535103, -0.009362338937062065, 0.999829198553027]]","[-0.005707843694835901, 0.003209190908819437, -0.37529343366622925]",[0.0],"[0.0006600045599043369, -0.00921765249222517, 0.5668329000473022, 0.8237810134887695]",[0.44],"[0.2920083701610565, 0.23628100752830505, -15.431075630187989]","[667.3477783203125, 667.3429565429688, 669.852294921875, 669.857421875]"
0.74623870849609,"[3.3743410110473633, -0.8163193464279175, -1.7985252141952515]","[3.3743410110473633, -0.8163193464279175, -1.7985252141952515]","[0.16601336002349854, 0.1665535420179367, -4.833420276641846]","[0.16601336002349854, 0.1665535420179367, -4.833420276641846]","[0.0006136193405836821, -0.009222527965903282, 0.5621753931045532, 0.826966404914856]","[[0.3677475447313183, -0.9298116457775945, -0.014563518204361137], [0.9297890092914787, 0.3679169017180919, -0.01138424172943625], [0.01594336498039789, -0.009354471409161402, 0.999829136898446]]","[-0.005758419167250395, 0.0032656951807439327, -0.3769189119338989]",[0.0],"[0.0006136193405836821, -0.009222527965903282, 0.5621753931045532, 0.826966404914856]",[0.44],"[0.2916879951953888, 0.23093149065971375, -15.233212051391602]","[667.65966796875, 667.6555786132812, 669.8524169921875, 669.857421875]"
0.77734446525574,"[3.379925489425659, -0.8107408285140991, -1.9599387645721436]","[3.379925489425659, -0.8107408285140991, -1.9599387645721436]","[0.17242202162742615, 0.17151060700416565, -4.948198318481445]","[0.17242202162742615, 0.17151060700416565, -4.948198318481445]","[0.0005616163252852857, -0.009227239526808262, 0.5570095777511597, 0.8304546475410461]","[[0.3793103766883794, -0.9251527494733637, -0.0146999565536141], [0.9251320207999413, 0.379480029761156, -0.01121211536020874], [0.01595125924243536, -0.009346527810336382, 0.9998290852756362]]","[-0.005809481255710125, 0.003317945171147585, -0.3784944713115692]",[0.0],"[0.0005616163252852857, -0.009227239526808262, 0.5570095777511597, 0.8304546475410461]",[0.44],"[0.3204330801963806, 0.24785324931144714, -15.548902091979981]","[667.88525390625, 667.8820190429688, 669.8516235351562, 669.857421875]"
0.80933809280396,"[3.385185718536377, -0.8055291771888733, -2.1099019050598145]","[3.385185718536377, -0.8055291771888733, -2.1099019050598145]","[0.17823952436447144, 0.1759052574634552, -5.04846715927124]","[0.17823952436447144, 0.1759052574634552, -5.04846715927124]","[0.000513546634465456, -0.009231016971170902, 0.5522768497467041, 0.8336095213890076]","[[0.3898101391190687, -0.9207759618985542, -0.014822887443581956], [0.9207569996677613, 0.3899800350074213, -0.011052348673928625], [0.015957367113504373, -0.009339959217257887, 0.9998290491910644]]","[-0.005851638503372669, 0.0033597596921026707, -0.3797560930252075]",[0.0],"[0.000513546634465456, -0.009231016971170902, 0.5522768497467041, 0.8336095213890076]",[0.44],"[0.2908751368522644, 0.21973252296447754, -14.823442039489747]","[668.1304321289062, 668.127685546875, 669.8516235351562, 669.857421875]"
0.84033608436584,"[3.3911731243133545, -0.7996460199356079, -2.2782647609710693]","[3.3911731243133545, -0.7996460199356079, -2.2782647609710693]","[0.18462863564491272, 0.18061713874340057, -5.1543450355529785]","[0.18462863564491272, 0.18061713874340057, -5.1543450355529785]","[0.00045989820500835776, -0.009234649129211903, 0.5470332503318787, 0.8370597958564758]","[[0.401338688573601, -0.9158075756961304, -0.014956747809993558], [0.9157905877018968, 0.4015088230499624, -0.010873244852852591], [0.015963066249623632, -0.009333395662456369, 0.9998290194982028]]","[-0.0058938381262123585, 0.0033972198143601418, -0.38097870349884033]",[0.0],"[0.00045989820500835776, -0.009234649129211903, 0.5470332503318787, 0.8370597958564758]",[0.44],"[0.3194555640220642, 0.23559406399726868, -15.103893814086915]","[668.3446655273438, 668.3428955078125, 669.85107421875, 669.857421875]"
0.8723361492157,"[3.396799087524414, -0.7941644787788391, -2.4342925548553467]","[3.396799087524414, -0.7941644787788391, -2.4342925548553467]","[0.19042497873306274, 0.18478886783123016, -5.246504306793213]","[0.19042497873306274, 0.18478886783123016, -5.246504306793213]","[0.00041052160668186843, -0.009237535297870636, 0.5422338843345642, 0.8401767015457153]","[[0.4117941652421421, -0.9111521372287347, -0.015077126423165384], [0.9111369683974057, 0.41196449230292176, -0.01070763067131452], [0.015967521324742887, -0.009327987913653642, 0.9998289988272621]]","[-0.005928004626184702, 0.0034259408712387085, -0.381780207157135]",[0.0],"[0.00041052160668186843, -0.009237535297870636, 0.5422338843345642, 0.8401767015457153]",[0.44],"[0.2898171544075012, 0.2085864543914795, -14.41796356201172]","[669.4490356445312, 669.4473266601562, 662.7501831054688, 662.7565307617188]"
0.90334343910217,"[3.403184413909912, -0.787994921207428, -2.608797788619995]","[3.403184413909912, -0.787994921207428, -2.608797788619995]","[0.196458637714386, 0.18902599811553955, -5.321772575378418]","[0.196458637714386, 0.18902599811553955, -5.321772575378418]","[0.00035435252357274294, -0.009240308776497841, 0.53703373670578, 0.8435101509094238]","[[0.42301876466708377, -0.9059933652377556, -0.015207989981335948], [0.9059802679308215, 0.423189280148232, -0.010522515002383659], [0.01596918702071752, -0.00932691519984774, 0.999828982256008]]","[-0.005959308240562677, 0.003452189266681671, -0.36020734906196594]",[0.0],"[0.00035435252357274294, -0.009240308776497841, 0.53703373670578, 0.8435101509094238]",[0.44],"[0.3016829490661621, 0.21185651421546936, -13.573413429260254]","[669.85400390625, 669.8538208007812, 623.42822265625, 623.4349365234375]"
0.93435668945312,"[3.409156084060669, -0.7822705507278442, -2.769155740737915]","[3.409156084060669, -0.7822705507278442, -2.769155740737915]","[0.20158401131629944, 0.1925356239080429, -5.363670825958252]","[0.20158401131629944, 0.1925356239080429, -5.363670825958252]","[0.00029878749046474695, -0.009242640808224678, 0.5326963663101196, 0.8462559580802917]","[[0.43229830982177, -0.9016004708462254, -0.015324953683773374], [0.9015894245044159, 0.4324689840920608, -0.010352743735313127], [0.015961605725651334, -0.009341340959290526, 0.9998289686338514]]","[-0.0059106419794261456, 0.0034296095836907625, -0.3212207853794098]",[0.0],"[0.00029878749046474695, -0.009242640808224678, 0.5326963663101196, 0.8462559580802917]",[0.44],"[0.2562686800956726, 0.17548128962516785, -11.9049125289917]","[664.9899291992188, 665.0008544921875, 594.8577880859375, 594.8616943359375]"
0.96530556678772,"[3.415276050567627, -0.7764458060264587, -2.9303693771362305]","[3.415276050567627, -0.7764458060264587, -2.9303693771362305]","[0.206320658326149, 0.19570216536521912, -5.377773284912109]","[0.206320658326149, 0.19570216536521912, -5.377773284912109]","[0.00023903277178760618, -0.009244824759662151, 0.5288954973220825, 0.8486365675926208]","[[0.4403681722551803, -0.8976845385573826, -0.015438145990648165], [0.8976756992930346, 0.440538991551522, -0.010184796279818], [0.015943839417491692, -0.009373388475850062, 0.9998289521569943]]","[-0.005747344344854355, 0.00333918328396976, -0.27725687623023987]",[0.0],"[0.00023903277178760618, -0.009244824759662151, 0.5288954973220825, 0.8486365675926208]",[0.44],"[0.23683235049247742, 0.15832707285881042, -10.515122947692872]","[630.3861083984375, 630.4107055664062, 564.9642944335938, 564.9645385742188]"
0.99630999565125,"[3.4221596717834473, -0.7699381113052368, -3.1073710918426514]","[3.4221596717834473, -0.7699381113052368, -3.1073710918426514]","[0.21073468029499054, 0.19858084619045258, -5.339357852935791]","[0.21073468029499054, 0.19858084619045258, -5.339357852935791]","[0.00017112481873482466, -0.0092470096424222, 0.5253015160560608, 0.85086590051651]","[[0.44794562008375416, -0.893925459789154, -0.015556146119536388], [0.8939191302177584, 0.44811657589100107, -0.01000614491428585], [0.015915714626401276, -0.009423727822311725, 0.9998289270579387]]","[-0.005454336758702993, 0.0031739857513457537, -0.23691673576831818]",[0.0],"[0.00017112481873482466, -0.0092470096424222, 0.5253015160560608, 0.85086590051651]",[0.44],"[0.22070109844207764, 0.14393404126167297, -7.8892284011840825]","[582.7371215820312, 582.7720947265625, 528.4014892578125, 528.3986206054688]"
1.0277533531189,"[3.4285318851470947, -0.7639485001564026, -3.2663676738739014]","[3.4285318851470947, -0.7639485001564026, -3.2663676738739014]","[0.2139298915863037, 0.200614795088768, -5.250216007232666]","[0.2139298915863037, 0.200614795088768, -5.250216007232666]","[0.00011015033669536933, -0.009248737245798111, 0.5224512815475464, 0.8526189923286438]","[[0.45391823853736923, -0.8909058079307984, -0.015656201692510786], [0.8909017329247119, 0.45408929255245944, -0.00985186179168323], [0.01588639443078834, -0.009476196715371761, 0.999828897452523]]","[-0.005133999045938253, 0.002993361558765173, -0.21119794249534607]",[0.0],"[0.00011015033669536933, -0.009248737245798111, 0.5224512815475464, 0.8526189923286438]",[0.44],"[0.15976056456565857, 0.10169744491577148, -5.3529077148437505]","[535.2587890625, 535.2992553710938, 494.8773498535156, 494.8733215332031]"
1.0588393211365,"[3.4349887371063232, -0.7579056024551392, -3.4219515323638916]","[3.4349887371063232, -0.7579056024551392, -3.4219515323638916]","[0.21647703647613525, 0.20220009982585907, -5.118511199951172]","[0.21647703647613525, 0.20220009982585907, -5.118511199951172]","[5.2047980716452e-05, -0.009250208735466003, 0.5198550820350647, 0.8542043566703796]","[[0.4593302546413329, -0.8881259147325515, -0.015749022389320706], [0.888123988913808, 0.4595013819466477, -0.009706455265802081], [0.015857252018461148, -0.009528616818266524, 0.999828861858716]]","[-0.004799937829375267, 0.002804623218253255, -0.1953476220369339]",[0.0],"[5.2047980716452e-05, -0.009250208735466003, 0.5198550820350647, 0.8542043566703796]",[0.44],"[0.12735724449157715, 0.07926523685455322, -3.2247596359252935]","[499.6923828125, 499.7349853515625, 472.1224670410156, 472.1179504394531]"
1.090273141861,"[3.4421780109405518, -0.751205325126648, -3.58838152885437]","[3.4421780109405518, -0.751205325126648, -3.58838152885437]","[0.21922123432159424, 0.20387107133865356, -4.968917369842529]","[0.21922123432159424, 0.20387107133865356, -4.968917369842529]","[-7.634816029167268e-06, -0.00925153773277998, 0.5172009468078613, 0.8558140397071838]","[[0.4648351793412615, -0.885255521988455, -0.015843089229345728], [0.8852558045236094, 0.46500636112552274, -0.009556740184148234], [0.015827294293029773, -0.009582876115141607, 0.9998288179825771]]","[-0.004453032277524471, 0.002610345371067524, -0.18113845586776733]",[0.0],"[-7.634816029167268e-06, -0.00925153773277998, 0.5172009468078613, 0.8558140397071838]",[0.44],"[0.13720989227294922, 0.08354857563972473, -2.3303084945678716]","[496.8183288574219, 496.8578186035156, 472.6097106933594, 472.60491943359375]"
1.1212520599365,"[3.4487931728363037, -0.7450660467147827, -3.7354702949523926]","[3.4487931728363037, -0.7450660467147827, -3.7354702949523926]","[0.22180336713790894, 0.20541204512119293, -4.837580680847168]","[0.22180336713790894, 0.20541204512119293, -4.837580680847168]","[-5.814690302941017e-05, -0.009252474643290043, 0.5149447917938232, 0.8571734428405762]","[[0.46949250623478256, -0.8827929241039786, -0.015921835979315985], [0.882795076114962, 0.4696637160467074, -0.009429343295412767], [0.015802066199820247, -0.009628711219653713, 0.9998287766638259]]","[-0.004160014912486076, 0.0024465294554829597, -0.1704457700252533]",[0.0],"[-5.814690302941017e-05, -0.009252474643290043, 0.5149447917938232, 0.8571734428405762]",[0.44],"[0.12910664081573486, 0.07704868912696838, -3.243165550231934]","[494.1338195800781, 494.1713562011719, 474.5245666503906, 474.5201110839844]"
1.1517400741577,"[3.4554872512817383, -0.7388800978660583, -3.8786911964416504]","[3.4554872512817383, -0.7388800978660583, -3.8786911964416504]","[0.22447533905506134, 0.20697805285453796, -4.711108684539795]","[0.22447533905506134, 0.20697805285453796, -4.711108684539795]","[-0.00010516170004848391, -0.009253188036382198, 0.5128105878829956, 0.8584519624710083]","[[0.47387935893251953, -0.8804445649261685, -0.015994690924340384], [0.8804484572501077, 0.47405057979222653, -0.009309713057891297], [0.01577897879144183, -0.00967081812902493, 0.9998287349043604]]","[-0.0038890724536031485, 0.0022963194642215967, -0.1613718569278717]",[0.0],"[-0.00010516170004848391, -0.009253188036382198, 0.5128105878829956, 0.8584519624710083]",[0.44],"[0.13359859585762024, 0.07830038666725159, -3.486400184631348]","[492.90570068359375, 492.93975830078125, 475.7928466796875, 475.7886962890625]"
1.1837298870087,"[3.462944746017456, -0.7320206761360168, -4.031932830810547]","[3.462944746017456, -0.7320206761360168, -4.031932830810547]","[0.22750580310821533, 0.20872269570827484, -4.5768513679504395]","[0.22750580310821533, 0.20872269570827484, -4.5768513679504395]","[-0.00015312795585487038, -0.009253735654056072, 0.5105859041213989, 0.8597769737243652]","[[0.478432805777957, -0.8779771729323811, -0.01606866762415202], [0.87798284095488, 0.47860402212872555, -0.009186342189898292], [0.015755927721006337, -0.009712965751808286, 0.9998286898565479]]","[-0.0036192506086081266, 0.002145315520465374, -0.15258684754371643]",[0.0],"[-0.00015312795585487038, -0.009253735654056072, 0.5105859041213989, 0.8597769737243652]",[0.44],"[0.15152320265769958, 0.08723214268684387, -3.097134170532227]","[491.17236328125, 491.2028503417969, 476.1788330078125, 476.1747741699219]"
1.2139604091644,"[3.4698128700256348, -0.7257346510887146, -4.167473793029785]","[3.4698128700256348, -0.7257346510887146, -4.167473793029785]","[0.23036295175552368, 0.21034006774425507, -4.46043062210083]","[0.23036295175552368, 0.21034006774425507, -4.46043062210083]","[-0.00019359980069566518, -0.009254039265215397, 0.5086622834205627, 0.8609163761138916]","[[0.4823540883653139, -0.8758277962561815, -0.016130861730633043], [0.875834962576811, 0.4825252878889925, -0.009081015009353453], [0.015736954063866555, -0.009747707964678588, 0.99982865055279]]","[-0.0033939825370907784, 0.002022701548412442, -0.1455574333667755]",[0.0],"[-0.00019359980069566518, -0.009254039265215397, 0.5086622834205627, 0.8609163761138916]",[0.44],"[0.14285743236541748, 0.08086860179901123, -3.9889627075195317]","[493.6947937011719, 493.72216796875, 480.6707763671875, 480.6670837402344]"
1.2439596652985,"[3.4767684936523438, -0.7193995118141174, -4.2996368408203125]","[3.4767684936523438, -0.7193995118141174, -4.2996368408203125]","[0.23334504663944244, 0.21200285851955414, -4.351096153259277]","[0.23334504663944244, 0.21200285851955414, -4.351096153259277]","[-0.00023137303651310503, -0.009254167787730694, 0.5068256258964539, 0.8619988560676575]","[[0.48608429062644865, -0.8737619371672326, -0.01618869566185668], [0.8737705018268384, 0.48625546280237153, -0.008981612176736428], [0.01571963252567141, -0.009779385347933215, 0.999828613690149]]","[-0.0031912035774439573, 0.0019084790255874395, -0.13854819536209106]",[0.0],"[-0.00023137303651310503, -0.009254167787730694, 0.5068256258964539, 0.8619988560676575]",[0.44],"[0.1491047441959381, 0.08313953876495361, -4.343276557922364]","[494.7787170410156, 494.80450439453125, 480.8872985839844, 480.8838195800781]"
1.2755715847015,"[3.4845261573791504, -0.7123721837997437, -4.441378593444824]","[3.4845261573791504, -0.7123721837997437, -4.441378593444824]","[0.23682312667369843, 0.2139132022857666, -4.242298603057861]","[0.23682312667369843, 0.2139132022857666, -4.242298603057861]","[-0.00027022691210731864, -0.009254147298634052, 0.5049111247062683, 0.8631216883659363]","[[0.4899582338112527, -0.8715944834231388, -0.0162477916298042], [0.8716044863017336, 0.49012936625053427, -0.008878566424261623], [0.015702029333332167, -0.009811521258741553, 0.9998285754703823]]","[-0.0029859435744583607, 0.0017957368399947882, -0.12960119545459747]",[0.0],"[-0.00027022691210731864, -0.009254147298634052, 0.5049111247062683, 0.8631216883659363]",[0.44],"[0.17390400171279907, 0.09551718831062317, -4.3701224899292]","[510.93585205078125, 510.95819091796875, 490.7119140625, 490.7087707519531]"
1.3064782619476,"[3.491682767868042, -0.7059264183044434, -4.567441940307617]","[3.491682767868042, -0.7059264183044434, -4.567441940307617]","[0.2403569519519806, 0.21582716703414917, -4.1656084060668945]","[0.2403569519519806, 0.21582716703414917, -4.1656084060668945]","[-0.00030396695365197957, -0.009253961965441704, 0.503322958946228, 0.8640487790107727]","[[0.49316072637111164, -0.8697855504538995, -0.01629773616757204], [0.8697968020484109, 0.49333181320340946, -0.008790178486518706], [0.0156857619814361, -0.009840747587169175, 0.9998285435840665]]","[-0.002809921745210886, 0.0016970888245850801, -0.11445700377225876]",[0.0],"[-0.00030396695365197957, -0.009253961965441704, 0.503322958946228, 0.8640487790107727]",[0.44],"[0.17669126391410828, 0.09569823741912842, -5.975490150451661]","[536.9111938476562, 536.93310546875, 504.2757568359375, 504.27239990234375]"
1.3380491733551,"[3.4989514350891113, -0.6994207501411438, -4.691519260406494]","[3.4989514350891113, -0.6994207501411438, -4.691519260406494]","[0.24421876668930054, 0.21789254248142242, -4.108389377593994]","[0.24421876668930054, 0.21789254248142242, -4.108389377593994]","[-0.0003369180776644498, -0.00925362017005682, 0.5019538998603821, 0.8648448586463928]","[[0.4959133058574037, -0.8682182637196773, -0.016344126341914667], [0.8682307345673538, 0.49608433780232497, -0.008707017729867175], [0.015667656969846133, -0.009872545198879677, 0.9998285139999146]]","[-0.0026169174816459417, 0.0015888978959992528, -0.09622681140899658]",[0.0],"[-0.0003369180776644498, -0.00925362017005682, 0.5019538998603821, 0.8648448586463928]",[0.44],"[0.19309073686599731, 0.10326877236366272, -6.949048576354981]","[552.7505493164062, 552.7743530273438, 514.6857299804688, 514.681884765625]"
1.3700478076935,"[3.507084846496582, -0.6921911835670471, -4.826272964477539]","[3.507084846496582, -0.6921911835670471, -4.826272964477539]","[0.24872232973575592, 0.2202710658311844, -4.060335159301758]","[0.24872232973575592, 0.2202710658311844, -4.060335159301758]","[-0.0003723049012478441, -0.00925307534635067, 0.5007427930831909, 0.8655466437339783]","[[0.49834207154375876, -0.8668255979236615, -0.016390794612761696], [0.8668393777848739, 0.4985130331286103, -0.008622327071640134], [0.015645078628244068, -0.00991131610252326, 0.9998284839713906]]","[-0.0023840656504034996, 0.0014535237569361925, -0.0733080729842186]",[0.0],"[-0.0003723049012478441, -0.00925307534635067, 0.5007427930831909, 0.8655466437339783]",[0.44],"[0.22517815232276917, 0.11892616748809814, -7.407289085388184]","[557.6768188476562, 557.7030029296875, 520.615966796875, 520.6119384765625]"
1.4010496139526,"[3.5146119594573975, -0.6855488419532776, -4.947656154632568]","[3.5146119594573975, -0.6855488419532776, -4.947656154632568]","[0.2531398832798004, 0.22257722914218903, -4.03571891784668]","[0.2531398832798004, 0.22257722914218903, -4.03571891784668]","[-0.0004034523153677583, -0.009252471849322319, 0.4999281167984009, 0.8660174608230591]","[[0.4999725395981639, -0.8658854907452287, -0.016428998667053413], [0.8659004224699907, 0.5001434305212673, -0.008552348155287909], [0.015622210042094381, -0.009949935154159789, 0.9998284579818134]]","[-0.0021488729398697615, 0.001314703724347055, -0.051789771765470505]",[0.0],"[-0.0004034523153677583, -0.009252471849322319, 0.4999281167984009, 0.8660174608230591]",[0.44],"[0.22087767720222473, 0.11530816555023193, -8.579187927246094]","[578.9920654296875, 579.0193481445312, 540.5496215820312, 540.5452880859375]"
1.4320499897003,"[3.5230515003204346, -0.678159236907959, -5.080724716186523]","[3.5230515003204346, -0.678159236907959, -5.080724716186523]","[0.25839972496032715, 0.22529470920562744, -4.032326698303223]","[0.25839972496032715, 0.22529470920562744, -4.032326698303223]","[-0.0004362972395028919, -0.009251720272004604, 0.49936145544052124, 0.8663442730903625]","[[0.5011050849846658, -0.865229801245897, -0.016466089796816092], [0.8652459472459584, 0.5012758929300862, -0.00848393777109666], [0.015594609698724709, -0.009995872230330518, 0.9998284306334547]]","[-0.0018684022361412644, 0.0011472373735159636, -0.027561359107494354]",[0.0],"[-0.0004362972395028919, -0.009251720272004604, 0.49936145544052124, 0.8663442730903625]",[0.44],"[0.26299208402633667, 0.13587400317192078, -9.640389022827149]","[592.3060302734375, 592.3350830078125, 555.7928466796875, 555.7875366210938]"
1.4630539417267,"[3.5308797359466553, -0.6713613271713257, -5.201904296875]","[3.5308797359466553, -0.6713613271713257, -5.201904296875]","[0.2635146379470825, 0.22791296243667603, -4.048887252807617]","[0.2635146379470825, 0.22791296243667603, -4.048887252807617]","[-0.00046446442138403654, -0.009250951930880547, 0.4991423189640045, 0.8664705157279968]","[[0.501542730615217, -0.8649756115927469, -0.016495021877781756], [0.8649927985448902, 0.5017134593840744, -0.008430193745340639], [0.015567686484318145, -0.010039972652276366, 0.9998284083223477]]","[-0.00159593450371176, 0.0009824903681874275, -0.006195409223437309]",[0.0],"[-0.00046446442138403654, -0.009250951930880547, 0.4991423189640045, 0.8664705157279968]",[0.44],"[0.25574564933776855, 0.1309126615524292, -10.638027725219727]","[609.4248657226562, 609.4547119140625, 574.547607421875, 574.5430908203125]"
1.4940550327301,"[3.5388662815093994, -0.6644827723503113, -5.323853492736816]","[3.5388662815093994, -0.6644827723503113, -5.323853492736816]","[0.268972784280777, 0.23068583011627197, -4.085742950439453]","[0.268972784280777, 0.23068583011627197, -4.085742950439453]","[-0.0004906908725388348, -0.009250184521079063, 0.49919745326042175, 0.8664387464523315]","[[0.50143267348927, -0.8650389533080848, -0.01651933982961205], [0.86505710923254, 0.5016033237615534, -0.008385029941226987], [0.015539533293973968, -0.010085644279219583, 0.9998283866175872]]","[-0.0013141860254108906, 0.0008083219872787595, 0.014728063717484474]",[0.0],"[-0.0004906908725388348, -0.009250184521079063, 0.49919745326042175, 0.8664387464523315]",[0.44],"[0.2729073166847229, 0.13864338397979736, -11.652784881591797]","[628.1363525390625, 628.1663818359375, 594.3765869140625, 594.3715209960938]"
1.5260589122772,"[3.547847032546997, -0.6568172574043274, -5.459672451019287]","[3.547847032546997, -0.6568172574043274, -5.459672451019287]","[0.2753128707408905, 0.23388588428497314, -4.146125316619873]","[0.2753128707408905, 0.23388588428497314, -4.146125316619873]","[-0.0005170319345779717, -0.009249328635632992, 0.4995710551738739, 0.8662234544754028]","[[0.5006864215045046, -0.8654707659407141, -0.016540559182903963], [0.8654898947338263, 0.5008569870208817, -0.00834566335541774], [0.015507382426441136, -0.010137124109194665, 0.9998283651955374]]","[-0.0009932583197951317, 0.0006102807819843292, 0.03737533092498779]",[0.0],"[-0.0005170319345779717, -0.009249328635632992, 0.4995710551738739, 0.8662234544754028]",[0.44],"[0.31700432300567627, 0.1600027084350586, -12.829118309020997]","[631.1715087890625, 631.2022705078125, 599.8228149414062, 599.8182373046875]"
1.5570514202118,"[3.5561931133270264, -0.6497569680213928, -5.584892749786377]","[3.5561931133270264, -0.6497569680213928, -5.584892749786377]","[0.2810966372489929, 0.23678986728191376, -4.201857089996338]","[0.2810966372489929, 0.23678986728191376, -4.201857089996338]","[-0.0005384134710766375, -0.009248580783605576, 0.5001804828643799, 0.8658716082572937]","[[0.49946789663008984, -0.8661741991124162, -0.01655477485428372], [0.8661941173543451, 0.49963838934497984, -0.008319525328091083], [0.015477559214508524, -0.010184313080525163, 0.9998283477288465]]","[-0.000698208634275943, 0.0004235477827023715, 0.05608372017741203]",[0.0],"[-0.0005384134710766375, -0.009248580783605576, 0.5001804828643799, 0.8658716082572937]",[0.44],"[0.28918832540512085, 0.14519914984703064, -12.596588668823243]","[631.59619140625, 631.6270141601562, 604.2413330078125, 604.2367553710938]"
1.5879278182983,"[3.565575122833252, -0.6418899297714233, -5.724598407745361]","[3.565575122833252, -0.6418899297714233, -5.724598407745361]","[0.2875043749809265, 0.23999537527561188, -4.265639781951904]","[0.2875043749809265, 0.23999537527561188, -4.265639781951904]","[-0.0005587073974311352, -0.009247836656868458, 0.501113772392273, 0.8653318285942078]","[[0.4975989292719063, -0.8672490603263935, -0.016564846752837425], [0.8672697276653952, 0.4977693499296586, -0.008301502039445408], [0.015444942866476685, -0.010235371214918187, 0.9998283307264239]]","[-0.0003765980654861778, 0.00021902710432186723, 0.07420668751001358]",[0.0],"[-0.0005587073974311352, -0.009247836656868458, 0.501113772392273, 0.8653318285942078]",[0.44],"[0.3203868865966797, 0.160275399684906, -12.99913459777832]","[633.3745727539062, 633.4051513671875, 608.6771240234375, 608.672607421875]"
1.619934797287,"[3.5742883682250977, -0.6346460580825806, -5.853466987609863]","[3.5742883682250977, -0.6346460580825806, -5.853466987609863]","[0.29336079955101013, 0.24291875958442688, -4.325355529785156]","[0.29336079955101013, 0.24291875958442688, -4.325355529785156]","[-0.0005740112392231822, -0.00924724992364645, 0.5021727681159973, 0.8647177219390869]","[[0.4954739986631328, -0.868464768079445, -0.016569027402214706], [0.8684860001809972, 0.49564436294762804, -0.00829471880093896], [0.015416016150493109, -0.01028014956553297, 0.9998283177598938]]","[-9.137278539128602e-05, 3.562233905540779e-05, 0.08870832622051239]",[0.0],"[-0.0005740112392231822, -0.00924724992364645, 0.5021727681159973, 0.8647177219390869]",[0.44],"[0.2928212285041809, 0.14616921544075012, -12.795787391662598]","[633.699462890625, 633.7293090820312, 612.1569213867188, 612.1529541015625]"
1.6509549617767,"[3.584075927734375, -0.6265763640403748, -5.997305393218994]","[3.584075927734375, -0.6265763640403748, -5.997305393218994]","[0.2998233735561371, 0.24614274501800537, -4.392241954803467]","[0.2998233735561371, 0.24614274501800537, -4.392241954803467]","[-0.0005872921901755035, -0.009246733970940113, 0.5035402774810791, 0.863922119140625]","[[0.49272337373029707, -0.8700283061189329, -0.016568366559415265], [0.8700500282575159, 0.49289368808432243, -0.00829745655205949], [0.01538546546980149, -0.01032695540602413, 0.999828305997508]]","[0.0002044260036200285, -0.00015862610598560423, 0.10275270789861679]",[0.0],"[-0.0005872921901755035, -0.009246733970940113, 0.5035402774810791, 0.863922119140625]",[0.44],"[0.32312870025634766, 0.16119927167892456, -13.154321250915528]","[635.0911254882812, 635.1190185546875, 616.3261108398438, 616.3226928710938]"
1.6825456619263,"[3.5931589603424072, -0.6191478967666626, -6.129997730255127]","[3.5931589603424072, -0.6191478967666626, -6.129997730255127]","[0.3057049810886383, 0.24907922744750977, -4.453510761260986]","[0.3057049810886383, 0.24907922744750977, -4.453510761260986]","[-0.0005961673450656235, -0.009246386587619781, 0.5049456357955933, 0.8631014227867126]","[[0.48988881845211274, -0.8716275685827487, -0.016563203037010685], [0.8716496181577224, 0.49005909895096156, -0.0083087393411048], [0.015359074640631756, -0.010366950876085267, 0.999828297839138]]","[0.0004621408588718623, -0.0003263454418629408, 0.11416112631559372]",[0.0],"[-0.0005961673450656235, -0.009246386587619781, 0.5049456357955933, 0.8631014227867126]",[0.44],"[0.29408037662506104, 0.14682412147521973, -12.873440322875977]","[636.0447998046875, 636.0712280273438, 618.2570190429688, 618.254150390625]"
1.7125513553619,"[3.6024181842803955, -0.6116313338279724, -6.2645134925842285]","[3.6024181842803955, -0.6116313338279724, -6.2645134925842285]","[0.3115701377391815, 0.2520146071910858, -4.514007091522217]","[0.3115701377391815, 0.2520146071910858, -4.514007091522217]","[-0.0006021474255248904, -0.009246151894330978, 0.5064951777458191, 0.8621930480003357]","[[0.4867542871907562, -0.8733821071031608, -0.01655390530273544], [0.8734043772893975, 0.4869245446774181, -0.0083279280460503], [0.015333966233453775, -0.010404597342685742, 0.9998282921872498]]","[0.0007009590626694262, -0.00048555369721725583, 0.12514401972293854]",[0.0],"[-0.0006021474255248904, -0.009246151894330978, 0.5064951777458191, 0.8621930480003357]",[0.44],"[0.29325783252716064, 0.1467689871788025, -12.834816513061524]","[636.2069702148438, 636.23193359375, 619.97998046875, 619.977294921875]"
1.7445516586304,"[3.612806797027588, -0.6032610535621643, -6.414602279663086]","[3.612806797027588, -0.6032610535621643, -6.414602279663086]","[0.3180583715438843, 0.25527411699295044, -4.5831122398376465]","[0.3180583715438843, 0.25527411699295044, -4.5831122398376465]","[-0.0006055653793737292, -0.009246022440493107, 0.5083543062210083, 0.8610982298851013]","[[0.48298082083117444, -0.8754747883405842, -0.016539150650579065], [0.8754971846249318, 0.4831510652742572, -0.008357608093564659], [0.01530778357736709, -0.01044341319859833, 0.9998282887192024]]","[0.0009500751039013267, -0.0006512445397675037, 0.13616803288459778]",[0.0],"[-0.0006055653793737292, -0.009246022440493107, 0.5083543062210083, 0.8610982298851013]",[0.44],"[0.32441169023513794, 0.1629754900932312, -13.265257415771485]","[641.4578247070312, 641.48095703125, 626.8714599609375, 626.8693237304688]"
1.7753527164459,"[3.6224377155303955, -0.5955575704574585, -6.553103923797607]","[3.6224377155303955, -0.5955575704574585, -6.553103923797607]","[0.32402127981185913, 0.2582838535308838, -4.650198459625244]","[0.32402127981185913, 0.2582838535308838, -4.650198459625244]","[-0.0006059131701476872, -0.009246023371815681, 0.5101702809333801, 0.860023558139801]","[[0.4792815910083277, -0.87750571595635, -0.016521833622216327], [0.8775281251056799, 0.4794518346431724, -0.008391893481203248], [0.015285358053274405, -0.01047629188325997, 0.9998282878420761]]","[0.0011604903265833855, -0.0007963633397594094, 0.14502231776714325]",[0.0],"[-0.0006059131701476872, -0.009246023371815681, 0.5101702809333801, 0.860023558139801]",[0.44],"[0.2981454133987427, 0.15048682689666748, -13.164310989379883]","[643.6019287109375, 643.6239624023438, 630.9002075195312, 630.8986206054688]"
1.8069252967834,"[3.633239507675171, -0.5869788527488708, -6.707826137542725]","[3.633239507675171, -0.5869788527488708, -6.707826137542725]","[0.33062776923179626, 0.26163798570632935, -4.727361679077148]","[0.33062776923179626, 0.26163798570632935, -4.727361679077148]","[-0.0006033887038938701, -0.009246169589459896, 0.5122920870780945, 0.8587613701820374]","[[0.474942651730186, -0.8798621511966309, -0.016498729048034406], [0.8798844673337691, 0.4751129068784842, -0.00843714521270831], [0.015262284014285858, -0.010509812853141363, 0.99982828853999]]","[0.0013756470289081335, -0.0009429437341168523, 0.15481673181056976]",[0.0],"[-0.0006033887038938701, -0.009246169589459896, 0.5122920870780945, 0.8587613701820374]",[0.44],"[0.3303244709968567, 0.16770660877227783, -13.668160972595215]","[649.563232421875, 649.5830688476562, 633.3280639648438, 633.3265991210938]"
1.8379333019257,"[3.6432483196258545, -0.5790835618972778, -6.85070276260376]","[3.6432483196258545, -0.5790835618972778, -6.85070276260376]","[0.3366186022758484, 0.26470041275024414, -4.79713773727417]","[0.3366186022758484, 0.26470041275024414, -4.79713773727417]","[-0.0005989479832351208, -0.009246380999684334, 0.5143517851829529, 0.8575292825698853]","[[0.47071349103503635, -0.8821323584704507, -0.016474224858871678], [0.8821545108754586, 0.4708837646808457, -0.008484554278618162], [0.015241945001236823, -0.010539016016059333, 0.9998282913994441]]","[0.0015587308444082737, -0.0010698495898395777, 0.16474899649620056]",[0.0],"[-0.0005989479832351208, -0.009246380999684334, 0.5143517851829529, 0.8575292825698853]",[0.44],"[0.2995416522026062, 0.15312135219573975, -13.298802909851075]","[647.54052734375, 647.5604858398438, 636.0092163085938, 636.0081176757812]"
1.8694570064545,"[3.6544644832611084, -0.5702927112579346, -7.010241508483887]","[3.6544644832611084, -0.5702927112579346, -7.010241508483887]","[0.3431563973426819, 0.2680685222148895, -4.87141227722168]","[0.3431563973426819, 0.2680685222148895, -4.87141227722168]","[-0.0005915562505833805, -0.009246720932424068, 0.5167374014854431, 0.8560938835144043]","[[0.46579391211613963, -0.8847405176784998, -0.016443480945143564], [0.8847623975007598, 0.46596421593454873, -0.008543397718005441], [0.015220763986107853, -0.010569108469522026, 0.9998282964264006]]","[0.0017542302375659347, -0.001207040622830391, 0.1725010871887207]",[0.0],"[-0.0005915562505833805, -0.009246720932424068, 0.5167374014854431, 0.8560938835144043]",[0.44],"[0.3268897533416748, 0.1684054732322693, -13.523726997375489]","[647.4707641601562, 647.4895629882812, 637.3629150390625, 637.3624877929688]"
1.8997466564178,"[3.6648483276367188, -0.5622044801712036, -7.157382011413574]","[3.6648483276367188, -0.5622044801712036, -7.157382011413574]","[0.3490578532218933, 0.2711353302001953, -4.937077522277832]","[0.3490578532218933, 0.2711353302001953, -4.937077522277832]","[-0.0005825478001497686, -0.009247152134776115, 0.5189911127090454, 0.854729413986206]","[[0.46112543021284647, -0.8871831654434352, -0.016412300112408837], [0.8872047130759704, 0.46129577113417497, -0.008602538071952631], [0.015202951588385097, -0.010594221031316492, 0.9998283016309137]]","[0.00191442237701267, -0.001320454990491271, 0.17863856256008148]",[0.0],"[-0.0005825478001497686, -0.009247152134776115, 0.5189911127090454, 0.854729413986206]",[0.44],"[0.2950727939605713, 0.1533403992652893, -13.093262252807618]","[646.4254150390625, 646.4423828125, 637.6873168945312, 637.6868286132812]"
1.9309628009796,"[3.675407886505127, -0.5540243983268738, -7.306435585021973]","[3.675407886505127, -0.5540243983268738, -7.306435585021973]","[0.3548884093761444, 0.2741928994655609, -4.999154567718506]","[0.3548884093761444, 0.2741928994655609, -4.999154567718506]","[-0.0005714864237233996, -0.009247648529708385, 0.5213151574134827, 0.8533139228820801]","[[0.4562899752952535, -0.8896803942496038, -0.01637814355852639], [0.8897015338719482, 0.4564603601084466, -0.008666564053736447], [0.01518644541875426, -0.010617193342141507, 0.9998283087998769]]","[0.0020636634435504675, -0.0014267433434724808, 0.184074267745018]",[0.0],"[-0.0005714864237233996, -0.009247648529708385, 0.5213151574134827, 0.8533139228820801]",[0.44],"[0.29152780771255493, 0.15287846326828003, -12.913852272033692]","[645.7890014648438, 645.8045654296875, 638.1419677734375, 638.1422729492188]"
1.9617273807526,"[3.6861414909362793, -0.5457525253295898, -7.457313537597656]","[3.6861414909362793, -0.5457525253295898, -7.457313537597656]","[0.3606656789779663, 0.27725207805633545, -5.058766841888428]","[0.3606656789779663, 0.27725207805633545, -5.058766841888428]","[-0.000558535975869745, -0.009248241782188416, 0.523701012134552, 0.851851761341095]","[[0.451303439826368, -0.8922209282543667, -0.01634127381468411], [0.8922415901573624, 0.451473875853619, -0.008735047453960233], [0.015171250391177928, -0.010638206873228272, 0.9998283161230037]]","[0.0021976574789732695, -0.001524230814538896, 0.18888860940933228]",[0.0],"[-0.000558535975869745, -0.009248241782188416, 0.523701012134552, 0.851851761341095]",[0.44],"[0.28886348009109497, 0.1529589295387268, -12.790613708496094]","[645.4370727539062, 645.451904296875, 638.4981079101562, 638.498291015625]"
1.9937279224396,"[3.698147773742676, -0.5365474224090576, -7.625300884246826]","[3.698147773742676, -0.5365474224090576, -7.625300884246826]","[0.36695992946624756, 0.2806215286254883, -5.121599197387695]","[0.36695992946624756, 0.2806215286254883, -5.121599197387695]","[-0.00054225540952757, -0.00924895703792572, 0.5263875126838684, 0.8501943349838257]","[[0.44566128656840176, -0.8950533319861306, -0.016297694708827644], [0.8950733931740759, 0.44583178489912223, -0.00881502602563801], [0.015155948803785284, -0.010659115934816707, 0.9998283255055629]]","[0.0023328163661062717, -0.0016214243369176984, 0.1935512274503708]",[0.0],"[-0.00054225540952757, -0.00924895703792572, 0.5263875126838684, 0.8501943349838257]",[0.44],"[0.3147125244140625, 0.1684725284576416, -12.95161777496338]","[645.0060424804688, 645.0191650390625, 638.9340209960938, 638.9348754882812]"
2.0247361660004,"[3.7092418670654297, -0.5280826091766357, -7.779778003692627]","[3.7092418670654297, -0.5280826091766357, -7.779778003692627]","[0.37262722849845886, 0.28369033336639404, -5.176304340362549]","[0.37262722849845886, 0.28369033336639404, -5.176304340362549]","[-0.0005257503362372518, -0.009249679744243622, 0.5288785696029663, 0.8486469984054565]","[[0.4404038040786985, -0.8976526951845861, -0.016255542073923074], [0.8976721472735286, 0.44057436440260855, -0.00889156189532539], [0.015143309730733329, -0.010676267674359002, 0.9998283340224258]]","[0.002445894991979003, -0.0017049906309694052, 0.19728223979473114]",[0.0],"[-0.0005257503362372518, -0.009249679744243622, 0.5288785696029663, 0.8486469984054565]",[0.44],"[0.2833649516105652, 0.15344023704528809, -12.545257148742676]","[644.6284790039062, 644.6404418945312, 639.3156127929688, 639.3163452148438]"
2.0555593967438,"[3.7216410636901855, -0.5186648368835449, -7.951557159423828]","[3.7216410636901855, -0.5186648368835449, -7.951557159423828]","[0.3788016438484192, 0.28707411885261536, -5.2339067459106445]","[0.3788016438484192, 0.28707411885261536, -5.2339067459106445]","[-0.0005058814422227442, -0.009250516071915627, 0.5316647291183472, 0.8469042778015137]","[[0.43449408752783547, -0.9005289075641989, -0.016206521906244706], [0.9005476262218459, 0.4346647197909619, -0.008979479928202194], [0.01513068462646329, -0.01069321255811756, 0.9998283440727392]]","[0.0025544711388647556, -0.0017851896118372679, 0.20089571177959442]",[0.0],"[-0.0005058814422227442, -0.009250516071915627, 0.5316647291183472, 0.8469042778015137]",[0.44],"[0.30872076749801636, 0.16918927431106567, -12.690120277404786]","[644.2979125976562, 644.308837890625, 639.6491088867188, 639.650146484375]"
2.0855643749237,"[3.733088731765747, -0.5100061297416687, -8.109335899353027]","[3.733088731765747, -0.5100061297416687, -8.109335899353027]","[0.3843611180782318, 0.29015910625457764, -5.2840094566345215]","[0.3843611180782318, 0.29015910625457764, -5.2840094566345215]","[-0.00048659820458851755, -0.009251314215362072, 0.5342499017715454, 0.84527587890625]","[[0.4289829112847654, -0.903168107205267, -0.01615975559486337], [0.9031861138968161, 0.4291536113585628, -0.009062407971514252], [0.015119895422848868, -0.010707646871745302, 0.9998283528149519]]","[0.002643363317474723, -0.0018539363518357277, 0.20674379169940948]",[0.0],"[-0.00048659820458851755, -0.009251314215362072, 0.5342499017715454, 0.84527587890625]",[0.44],"[0.2779737114906311, 0.154249370098114, -12.315135536193848]","[646.6734008789062, 646.6836547851562, 637.2476196289062, 637.2489624023438]"
2.1168675422668,"[3.7447028160095215, -0.5012547969818115, -8.268583297729492]","[3.7447028160095215, -0.5012547969818115, -8.268583297729492]","[0.38987013697624207, 0.29325374960899353, -5.332027912139893]","[0.38987013697624207, 0.29325374960899353, -5.332027912139893]","[-0.00046646411647088826, -0.009252102114260197, 0.5369067788124084, 0.8435907363891602]","[[0.42329101894350163, -0.9058505382741067, -0.01611087076384485], [0.9058678013686596, 0.42346178655302313, -0.00914802307179624], [0.015109079779021008, -0.010722042301847423, 0.9998283620353907]]","[0.0027382737025618553, -0.0019200608367100358, 0.21255478262901306]",[0.0],"[-0.00046646411647088826, -0.009252102114260197, 0.5369067788124084, 0.8435907363891602]",[0.44],"[0.2754509449005127, 0.15473216772079468, -12.210922775268555]","[646.1060791015625, 646.1166381835938, 637.82275390625, 637.8239135742188]"
2.1479165554047,"[3.756481170654297, -0.49241045117378235, -8.429243087768555]","[3.756481170654297, -0.49241045117378235, -8.429243087768555]","[0.39532923698425293, 0.29635924100875854, -5.378029823303223]","[0.39532923698425293, 0.29635924100875854, -5.378029823303223]","[-0.0004453902365639806, -0.009252864867448807, 0.5396274924278259, 0.8418529629707336]","[[0.41743310781560283, -0.9085657645303203, -0.01605979304227688], [0.9085822490730092, 0.41760394208718765, -0.009236294351730609], [0.015098413776241451, -0.010736106713049101, 0.9998283722385638]]","[0.0028247334994375706, -0.0019876020960509777, 0.2177041620016098]",[0.0],"[-0.0004453902365639806, -0.009252864867448807, 0.5396274924278259, 0.8418529629707336]",[0.44],"[0.2729550004005432, 0.15527456998825073, -12.110095558166504]","[645.591552734375, 645.6016845703125, 638.343505859375, 638.34521484375]"
2.1794533729553,"[3.769625663757324, -0.48257383704185486, -8.607524871826172]","[3.769625663757324, -0.48257383704185486, -8.607524871826172]","[0.40127724409103394, 0.2997892200946808, -5.426384925842285]","[0.40127724409103394, 0.2997892200946808, -5.426384925842285]","[-0.00042110373033210635, -0.009253722615540028, 0.5426841378211975, 0.8398857712745667]","[[0.41081659035003626, -0.9115775777506336, -0.01600119254188461], [0.9115931648590851, 0.41098749845782356, -0.009336338895828557], [0.015087087282570334, -0.01075105502117487, 0.9998283825788059]]","[0.0029203605372458696, -0.0020590657368302345, 0.22269132733345032]",[0.0],"[-0.00042110373033210635, -0.009253722615540028, 0.5426841378211975, 0.8398857712745667]",[0.44],"[0.2974003553390503, 0.17149895429611206, -12.227755126953125]","[645.1408081054688, 645.15087890625, 638.7991333007812, 638.8007202148438]"
2.2104535102844,"[3.7817444801330566, -0.4735330045223236, -8.770954132080078]","[3.7817444801330566, -0.4735330045223236, -8.770954132080078]","[0.40663331747055054, 0.3029212951660156, -5.4683732986450195]","[0.40663331747055054, 0.3029212951660156, -5.4683732986450195]","[-0.000397961848648265, -0.009254478849470615, 0.5455129146575928, 0.8380512595176697]","[[0.4046600291260052, -0.914328204564879, -0.015945641967914245], [0.9143429362829237, 0.40483100313628984, -0.009429850604624205], [0.01507726865599969, -0.01076390031862284, 0.9998283924951834]]","[0.00300193321891129, -0.0021206995006650686, 0.22668208181858063]",[0.0],"[-0.000397961848648265, -0.009254478849470615, 0.5455129146575928, 0.8380512595176697]",[0.44],"[0.2678036689758301, 0.15660375356674194, -11.90941864013672]","[644.8489990234375, 644.8582153320312, 639.0940551757812, 639.095703125]"
2.2424547672272,"[3.795260190963745, -0.46347931027412415, -8.952149391174316]","[3.795260190963745, -0.46347931027412415, -8.952149391174316]","[0.4124693274497986, 0.3063831329345703, -5.512474536895752]","[0.4124693274497986, 0.3063831329345703, -5.512474536895752]","[-0.00037139770574867725, -0.00925526861101389, 0.5486716032028198, 0.8359866142272949]","[[0.39774762368357086, -0.9173573569973179, -0.015882112089049272], [0.9173711065394308, 0.39791866780518315, -0.009535239112634208], [0.015067010590493368, -0.010777173154876696, 0.9998284041333643]]","[0.0030863897409290075, -0.0021848566830158234, 0.23054714500904083]",[0.0],"[-0.00037139770574867725, -0.00925526861101389, 0.5486716032028198, 0.8359866142272949]",[0.44],"[0.29180049896240234, 0.17309188842773438, -12.015061912536622]","[644.4907836914062, 644.4998779296875, 639.4551391601562, 639.4573364257812]"
2.2734541893005,"[3.807713270187378, -0.45424020290374756, -9.118106842041016]","[3.807713270187378, -0.45424020290374756, -9.118106842041016]","[0.41772472858428955, 0.30954650044441223, -5.550741195678711]","[0.41772472858428955, 0.30954650044441223, -5.550741195678711]","[-0.00034623389365151525, -0.009255989454686642, 0.5515798330307007, 0.8340707421302795]","[[0.3913480289060781, -0.9201067918854874, -0.0158222512537408], [0.9201196108345614, 0.3915191358318305, -0.009633267114642817], [0.015058348720741313, -0.01078840135715712, 0.9998284135626112]]","[0.0031593262683600187, -0.0022428787779062986, 0.23364001512527466]",[0.0],"[-0.00034623389365151525, -0.009255989454686642, 0.5515798330307007, 0.8340707421302795]",[0.44],"[0.26277005672454834, 0.15816837549209595, -11.72333293914795]","[644.1509399414062, 644.1593017578125, 639.7979125976562, 639.7999267578125]"
2.304491519928,"[3.8215932846069336, -0.4439672529697418, -9.301952362060547]","[3.8215932846069336, -0.4439672529697418, -9.301952362060547]","[0.42345130443573, 0.3130451738834381, -5.590904712677002]","[0.42345130443573, 0.3130451738834381, -5.590904712677002]","[-0.00031749281333759427, -0.009256736375391483, 0.5548129081726074, 0.8319236040115356]","[[0.3841938995134607, -0.9231180303436052, -0.01575409319578419], [0.9231297861327018, 0.3843650722467348, -0.009743254126197073], [0.015049496751417257, -0.010799773188275366, 0.99982842405998]]","[0.0032317652367055416, -0.0022980154026299715, 0.2366354614496231]",[0.0],"[-0.00031749281333759427, -0.009256736375391483, 0.5548129081726074, 0.8319236040115356]",[0.44],"[0.2863287925720215, 0.17493367195129395, -11.818175849914551]","[643.9503173828125, 643.9581298828125, 640.0000610351562, 640.0021362304688]"
2.3359203338623,"[3.8343749046325684, -0.43452775478363037, -9.470210075378418]","[3.8343749046325684, -0.43452775478363037, -9.470210075378418]","[0.4286084473133087, 0.3162439465522766, -5.625730514526367]","[0.4286084473133087, 0.3162439465522766, -5.625730514526367]","[-0.0002904668217524886, -0.009257369674742222, 0.5577782392501831, 0.8299383521080017]","[[0.3775954738513413, -0.9258377275325049, -0.015690124410215694], [0.9258484833674938, 0.3777667028959819, -0.009844979603756895], [0.015042060120624895, -0.010809257825306132, 0.9998284334714612]]","[0.003294028341770172, -0.0023468132130801678, 0.23903249204158783]",[0.0],"[-0.0002904668217524886, -0.009257369674742222, 0.5577782392501831, 0.8299383521080017]",[0.44],"[0.25785714387893677, 0.15993863344192505, -11.551290092468262]","[643.7042236328125, 643.711669921875, 640.2476806640625, 640.25]"
2.3673894405365,"[3.848612070083618, -0.42403313517570496, -9.656471252441406]","[3.848612070083618, -0.42403313517570496, -9.656471252441406]","[0.43422815203666687, 0.31978368759155273, -5.662257671356201]","[0.43422815203666687, 0.31978368759155273, -5.662257671356201]","[-0.0002598066639620811, -0.009258014149963856, 0.5610642433166504, 0.8277205228805542]","[[0.37024240809102715, -0.9288039671077383, -0.015617633084736321], [0.9288135882828231, 0.37041369474402375, -0.009958586791843534], [0.015034560167438288, -0.010818776022813718, 0.9998284433489929]]","[0.0033542306628078222, -0.002394147450104356, 0.24135403335094452]",[0.0],"[-0.0002598066639620811, -0.009258014149963856, 0.5610642433166504, 0.8277205228805542]",[0.44],"[0.2809852361679077, 0.17698705196380615, -11.6363578414917]","[643.489013671875, 643.4957275390625, 640.46435546875, 640.4666137695312]"
2.3983886241913,"[3.861715078353882, -0.4143909215927124, -9.826822280883789]","[3.861715078353882, -0.4143909215927124, -9.826822280883789]","[0.43928924202919006, 0.3230215609073639, -5.693910121917725]","[0.43928924202919006, 0.3230215609073639, -5.693910121917725]","[-0.00023116271768230945, -0.00925853755325079, 0.5640695691108704, 0.825675368309021]","[[0.3634796013709042, -0.9314724179976521, -0.015549876517681612], [0.9314809789124625, 0.36365093553375005, -0.01006318785239466], [0.01502830909945138, -0.01082664930064128, 0.9998284520923459]]","[0.0034057535231113434, -0.002434525638818741, 0.2432117462158203]",[0.0],"[-0.00023116271768230945, -0.00925853755325079, 0.5640695691108704, 0.825675368309021]",[0.44],"[0.25305449962615967, 0.16189366579055786, -11.392622528076172]","[643.3005981445312, 643.3067626953125, 640.65380859375, 640.65625]"
2.4283401966095,"[3.874969244003296, -0.4046512544155121, -9.998100280761719]","[3.874969244003296, -0.4046512544155121, -9.998100280761719]","[0.444305419921875, 0.32627907395362854, -5.724142074584961]","[0.444305419921875, 0.32627907395362854, -5.724142074584961]","[-0.00020182270964141935, -0.009259002283215523, 0.5670892596244812, 0.8236043453216553]","[[0.35664808499055434, -0.9341106194700673, -0.015480412009570782], [0.9341180941777848, 0.3568194617723033, -0.010168917378009616], [0.015022606045626946, -0.010833805620590671, 0.9998284602886266]]","[0.0034519522450864315, -0.002471317071467638, 0.24485716223716736]",[0.0],"[-0.00020182270964141935, -0.009259002283215523, 0.5670892596244812, 0.8236043453216553]",[0.44],"[0.2508088946342468, 0.16287565231323242, -11.321597633361817]","[643.1641235351562, 643.169677734375, 640.7910766601562, 640.7935791015625]"
2.4603397846222,"[3.8897218704223633, -0.3938244581222534, -10.187525749206543]","[3.8897218704223633, -0.3938244581222534, -10.187525749206543]","[0.4497719407081604, 0.3298858106136322, -5.755824565887451]","[0.4497719407081604, 0.3298858106136322, -5.755824565887451]","[-0.00016882532509043813, -0.009259430691599846, 0.57042396068573, 0.8212982416152954]","[[0.3490615360377445, -0.9369732653200515, -0.015402112311943592], [0.9369795182256382, 0.3492329531472288, -0.01028629037232097], [0.015016904269535017, -0.010840914142868599, 0.9998284688825542]]","[0.003497636178508401, -0.002508873352780938, 0.2464507669210434]",[0.0],"[-0.00016882532509043813, -0.009259430691599846, 0.57042396068573, 0.8212982416152954]",[0.44],"[0.27332603931427, 0.1803368330001831, -11.394124565124512]","[643.01611328125, 643.0215454101562, 640.9395751953125, 640.9423217773438]"
2.4913454055786,"[3.903289318084717, -0.3838782012462616, -10.36061954498291]","[3.903289318084717, -0.3838782012462616, -10.36061954498291]","[0.4546954333782196, 0.3331865668296814, -5.783254146575928]","[0.4546954333782196, 0.3331865668296814, -5.783254146575928]","[-0.00013822305481880903, -0.009259741753339767, 0.5734649300575256, 0.8191777467727661]","[[0.3421044623535574, -0.9395368586958676, -0.015329280919325158], [0.9395419783350355, 0.3422759097770087, -0.010393815812662438], [0.015012216621469135, -0.01084673281505652, 0.9998284761540971]]","[0.0035361244808882475, -0.0025379061698913574, 0.24772599339485168]",[0.0],"[-0.00013822305481880903, -0.009259741753339767, 0.5734649300575256, 0.8191777467727661]",[0.44],"[0.2461746335029602, 0.16503781080245972, -11.181479034423829]","[642.88671875, 642.8916625976562, 641.0697021484375, 641.0722045898438]"
2.522332906723,"[3.917003870010376, -0.373832643032074, -10.534516334533691]","[3.917003870010376, -0.373832643032074, -10.534516334533691]","[0.4595755636692047, 0.33650869131088257, -5.809432506561279]","[0.4595755636692047, 0.33650869131088257, -5.809432506561279]","[-0.00010709043999668211, -0.009259963408112526, 0.5765127539634705, 0.8170357346534729]","[[0.33509459519027074, -0.9420610596361705, -0.015254920020994283], [0.9420650262503933, 0.3352660660981853, -0.010501980579389726], [0.015007964003051695, -0.010851967444657938, 0.9998284832186362]]","[0.0035698276478797197, -0.0025670849718153477, 0.24885550141334534]",[0.0],"[-0.00010709043999668211, -0.009259963408112526, 0.5765127539634705, 0.8170357346534729]",[0.44],"[0.24400651454925537, 0.1661062240600586, -11.118917999267579]","[642.773681640625, 642.7778930664062, 641.183349609375, 641.18603515625]"
2.5533652305603,"[3.932258129119873, -0.36266693472862244, -10.726690292358398]","[3.932258129119873, -0.36266693472862244, -10.726690292358398]","[0.46490225195884705, 0.34019389748573303, -5.837376594543457]","[0.46490225195884705, 0.34019389748573303, -5.837376594543457]","[-7.231046765809879e-05, -0.009260119870305061, 0.5798710584640503, 0.8146556615829468]","[[0.3273276114715391, -0.9447891423244722, -0.015171479653399387], [0.9447918207388658, 0.3274991006539565, -0.010621534757656799], [0.015003756663723658, -0.010857167285134322, 0.9998284899023677]]","[0.003601644653826952, -0.0025932779535651207, 0.24994945526123047]",[0.0],"[-7.231046765809879e-05, -0.009260119870305061, 0.5798710584640503, 0.8146556615829468]",[0.44],"[0.2663344144821167, 0.1842603087425232, -11.207204399108887]","[643.4932250976562, 643.497314453125, 642.0518188476562, 642.0546264648438]"
2.5834529399872,"[3.946277141571045, -0.3524101674556732, -10.902192115783691]","[3.946277141571045, -0.3524101674556732, -10.902192115783691]","[0.4697107672691345, 0.34357500076293945, -5.862275123596191]","[0.4697107672691345, 0.34357500076293945, -5.862275123596191]","[-4.023631845484488e-05, -0.009260150603950024, 0.582927405834198, 0.8124715089797974]","[[0.3202197782764088, -0.9472230728988419, -0.015094126774617318], [0.9472245632763164, 0.32039127581690185, -0.010730609413647538], [0.015000307363668513, -0.010861372863130738, 0.9998284959836616]]","[0.0036320583894848824, -0.002615501871332526, 0.250824898481369]",[0.0],"[-4.023631845484488e-05, -0.009260150603950024, 0.582927405834198, 0.8124715089797974]",[0.44],"[0.24042576551437378, 0.16905516386032104, -11.05492645263672]","[643.4822998046875, 643.4862670898438, 642.22119140625, 642.2238159179688]"
2.6140882968903,"[3.960439920425415, -0.3420516848564148, -11.078423500061035]","[3.960439920425415, -0.3420516848564148, -11.078423500061035]","[0.4744764268398285, 0.34697842597961426, -5.886027812957764]","[0.4744764268398285, 0.34697842597961426, -5.886027812957764]","[-7.766370799799915e-06, -0.0092600854113698, 0.5859856605529785, 0.8102685213088989]","[[0.31307011288892717, -0.9496113255344467, -0.015015413390775872], [0.9496116132034744, 0.3132416111319458, -0.010839968841549284], [0.01499720946308299, -0.010865140224684846, 0.9998285015157152]]","[0.003654330037534237, -0.0026361842174082994, 0.2516002357006073]",[0.0],"[-7.766370799799915e-06, -0.0092600854113698, 0.5859856605529785, 0.8102685213088989]",[0.44],"[0.2382829785346985, 0.17017126083374023, -10.997634468078614]","[643.40380859375, 643.4074096679688, 642.3001098632812, 642.3029174804688]"
2.6452898979187,"[3.974745035171509, -0.33159077167510986, -11.255351066589355]","[3.974745035171509, -0.33159077167510986, -11.255351066589355]","[0.47919967770576477, 0.35040441155433655, -5.908677101135254]","[0.47919967770576477, 0.35040441155433655, -5.908677101135254]","[2.504910844436381e-05, -0.009259912185370922, 0.5890442728996277, 0.8080477118492126]","[[0.30588219718093634, -0.9519522176939437, -0.014935391638886443], [0.9519512898837657, 0.3060536878733823, -0.010949478230217096], [0.01499441177436802, -0.010868514731167773, 0.9998285067977227]]","[0.003677906235679984, -0.0026536029763519764, 0.25228697061538696]",[0.0],"[2.504910844436381e-05, -0.009259912185370922, 0.5890442728996277, 0.8080477118492126]",[0.44],"[0.23616254329681396, 0.1712992787361145, -10.942464408874512]","[643.3469848632812, 643.3501586914062, 642.3572387695312, 642.360107421875]"
2.6762943267822,"[3.989191770553589, -0.3210267722606659, -11.432936668395996]","[3.989191770553589, -0.3210267722606659, -11.432936668395996]","[0.4838715195655823, 0.3538462519645691, -5.929632663726807]","[0.4838715195655823, 0.3538462519645691, -5.929632663726807]","[5.817876080982387e-05, -0.009259628131985664, 0.5921024680137634, 0.805809497833252]","[[0.2986578533177352, -0.9542446622593802, -0.014854097014593084], [0.9542425074046191, 0.29882932797448414, -0.011059059335742222], [0.014991888166039, -0.010871535343611322, 0.9998285118041783]]","[0.0036964351311326027, -0.002670002868399024, 0.2528952360153198]",[0.0],"[5.817876080982387e-05, -0.009259628131985664, 0.5921024680137634, 0.805809497833252]",[0.44],"[0.23359209299087524, 0.1720920205116272, -10.857778129577637]","[642.2667846679688, 642.2697143554688, 641.3991088867188, 641.4022216796875]"
2.7072880268097,"[4.00524377822876, -0.3092869222164154, -11.628971099853516]","[4.00524377822876, -0.3092869222164154, -11.628971099853516]","[0.4889500141143799, 0.35764947533607483, -5.950661659240723]","[0.4889500141143799, 0.35764947533607483, -5.950661659240723]","[9.494506957707927e-05, -0.00925920158624649, 0.5954647064208984, 0.8033281564712524]","[[0.29067210118611697, -0.9567088879366694, -0.014763281805386524], [0.9567053714745142, 0.29084354878501395, -0.011179599603911147], [0.014989427557313834, -0.010874511413073587, 0.999828516342838]]","[0.0037161381915211678, -0.002686628606170416, 0.25345173478126526]",[0.0],"[9.494506957707927e-05, -0.00925920158624649, 0.5954647064208984, 0.8033281564712524]",[0.44],"[0.25392472743988037, 0.19016116857528687, -10.861449775695801]","[641.6888427734375, 641.6913452148438, 641.9205322265625, 641.9232177734375]"
2.7382826805115,"[4.019981384277344, -0.2985050678253174, -11.807770729064941]","[4.019981384277344, -0.2985050678253174, -11.807770729064941]","[0.4935298264026642, 0.36113613843917847, -5.96917724609375]","[0.4935298264026642, 0.36113613843917847, -5.96917724609375]","[0.0001287200429942459, -0.009258677251636982, 0.5985108613967896, 0.80106121301651]","[[0.28339805137124596, -0.9588900568228048, -0.01467945377262634], [0.9588852897134693, 0.283569464442447, -0.011289063062105236], [0.014987615147872412, -0.010876612526983204, 0.9998285206534011]]","[0.0037318922113627195, -0.0026988142635673285, 0.25263679027557373]",[0.0],"[0.0001287200429942459, -0.009258677251636982, 0.5985108613967896, 0.80106121301651]",[0.44],"[0.2289906144142151, 0.17433315515518188, -10.735779342651368]","[641.8070068359375, 641.8096313476562, 643.2200317382812, 643.2230834960938]"
2.7698745727539,"[4.036351203918457, -0.2865232527256012, -12.005112648010254]","[4.036351203918457, -0.2865232527256012, -12.005112648010254]","[0.4985489845275879, 0.3650204539299011, -5.990407943725586]","[0.4985489845275879, 0.3650204539299011, -5.990407943725586]","[0.00016630197933409363, -0.009257977828383446, 0.6018393039703369, 0.798563539981842]","[[0.2754074840860591, -0.9612169293975953, -0.014585992960431941], [0.9612107709174452, 0.27557884908030417, -0.01140923525946025], [0.014986341230397222, -0.010878024470168167, 0.9998285243803616]]","[0.0037408489733934402, -0.0027086923364549875, 0.2516888380050659]",[0.0],"[0.00016630197933409363, -0.009257977828383446, 0.6018393039703369, 0.798563539981842]",[0.44],"[0.2509579062461853, 0.1942157745361328, -10.871534881591797]","[642.7500610351562, 642.7516479492188, 643.9989013671875, 644.0018920898438]"
2.801867723465,"[4.051375865936279, -0.27551934123039246, -12.185087203979492]","[4.051375865936279, -0.27551934123039246, -12.185087203979492]","[0.5030444860458374, 0.3685571551322937, -6.007068157196045]","[0.5030444860458374, 0.3685571551322937, -6.007068157196045]","[0.0002007281727856025, -0.009257221594452858, 0.6048459410667419, 0.7962887287139893]","[[0.268151382846877, -0.9632677273300563, -0.01450002318860688], [0.9632602945893534, 0.268322694566576, -0.011518060976969467], [0.01498566167087534, -0.01087871065087135, 0.9998285271131037]]","[0.0037471589166671038, -0.002714050468057394, 0.25092974305152893]",[0.0],"[0.0002007281727856025, -0.009257221594452858, 0.6048459410667419, 0.7962887287139893]",[0.44],"[0.22477507591247559, 0.1768350601196289, -10.64301067352295]","[640.953125, 640.9544677734375, 642.0357666015625, 642.0386962890625]"
2.8328695297241,"[4.068057537078857, -0.2632923126220703, -12.383598327636719]","[4.068057537078857, -0.2632923126220703, -12.383598327636719]","[0.5079291462898254, 0.37246352434158325, -6.023421287536621]","[0.5079291462898254, 0.37246352434158325, -6.023421287536621]","[0.00023880781373009086, -0.00925624929368496, 0.6081334948539734, 0.7937808036804199]","[[0.2601759485714109, -0.9654538095096533, -0.014404411946090899], [0.9654449676510247, 0.2603471908150409, -0.011637192581032185], [0.014985320067539366, -0.010878948347800843, 0.9998285296396825]]","[0.0037495389115065336, -0.002717074938118458, 0.2501945495605469]",[0.0],"[0.00023880781373009086, -0.00925624929368496, 0.6081334948539734, 0.7937808036804199]",[0.44],"[0.24423301219940186, 0.19531846046447754, -10.627656517028809]","[640.8092041015625, 640.8101806640625, 641.7567749023438, 641.7593994140625]"
2.8628087043762,"[4.083361625671387, -0.2520645558834076, -12.564518928527832]","[4.083361625671387, -0.2520645558834076, -12.564518928527832]","[0.5123339891433716, 0.37604430317878723, -6.037830829620361]","[0.5123339891433716, 0.37604430317878723, -6.037830829620361]","[0.0002735416346695274, -0.009255214594304562, 0.6111053824424744, 0.791495144367218]","[[0.252929105105301, -0.9673789491728392, -0.014316589292400022], [0.9673688224267217, 0.2531002734496225, -0.011744836659725724], [0.014985240353474667, -0.010878809157232914, 0.9998285323555749]]","[0.0037495000287890434, -0.002715865382924676, 0.2496061474084854]",[0.0],"[0.0002735416346695274, -0.009255214594304562, 0.6111053824424744, 0.791495144367218]",[0.44],"[0.22024214267730713, 0.17903894186019897, -10.530477104187012]","[641.8388671875, 641.8394775390625, 642.6663208007812, 642.66943359375]"
2.893506526947,"[4.0987982749938965, -0.2407286912202835, -12.74588680267334]","[4.0987982749938965, -0.2407286912202835, -12.74588680267334]","[0.5167248845100403, 0.3796696364879608, -6.05322790145874]","[0.5167248845100403, 0.3796696364879608, -6.05322790145874]","[0.0003083209739997983, -0.009254065342247486, 0.6140620708465576, 0.7892034649848938]","[[0.24568427084455735, -0.9692455345006847, -0.014228024435037179], [0.9692341216109257, 0.24585535617162846, -0.011851797017636015], [0.014985337298156154, -0.010878485093603382, 0.9998285344256368]]","[0.0037455856800079346, -0.0027164628263562918, 0.24908500909805298]",[0.0],"[0.0003083209739997983, -0.009254065342247486, 0.6140620708465576, 0.7892034649848938]",[0.44],"[0.21954476833343506, 0.1812666654586792, -10.579853591918946]","[642.4100952148438, 642.4105224609375, 643.1600952148438, 643.1633911132812]"
2.9251549243927,"[4.114365577697754, -0.22928345203399658, -12.927728652954102]","[4.114365577697754, -0.22928345203399658, -12.927728652954102]","[0.5211036205291748, 0.38334137201309204, -6.069761276245117]","[0.5211036205291748, 0.38334137201309204, -6.069761276245117]","[0.00034313893411308527, -0.009252808056771755, 0.61700439453125, 0.7869052886962891]","[[0.2384399253443803, -0.971054392408373, -0.01413873072976557], [0.9710416924135963, 0.23861091876959495, -0.011958082149587046], [0.01498560365089574, -0.010878010781542269, 0.9998285355974729]]","[0.0037456927821040154, -0.0027162290643900633, 0.24847640097141266]",[0.0],"[0.00034313893411308527, -0.009252808056771755, 0.61700439453125, 0.7869052886962891]",[0.44],"[0.21893680095672607, 0.18358677625656128, -10.636668739318848]","[642.5940551757812, 642.594482421875, 647.684326171875, 647.6875610351562]"
2.9569993019104,"[4.131641387939453, -0.21656538546085358, -13.128365516662598]","[4.131641387939453, -0.21656538546085358, -13.128365516662598]","[0.5259189009666443, 0.38744524121284485, -6.0902099609375]","[0.5259189009666443, 0.38744524121284485, -6.0902099609375]","[0.00038212069193832576, -0.009251275099813938, 0.6201682090759277, 0.7844142913818359]","[[0.23061161272116792, -0.9729446827269571, -0.014039706593257456], [0.9729305423123874, 0.23078249287066632, -0.012074175284218946], [0.01498762301393844, -0.010875211557062392, 0.9998285357856087]]","[0.003737467108294368, -0.0027131035458296537, 0.23756077885627747]",[0.0],"[0.00038212069193832576, -0.009251275099813938, 0.6201682090759277, 0.7844142913818359]",[0.44],"[0.24076402187347412, 0.20519345998764038, -10.832434234619141]","[637.4932861328125, 637.492431640625, 656.6260375976562, 656.62890625]"
2.9876418113708,"[4.147484302520752, -0.20488521456718445, -13.311368942260742]","[4.147484302520752, -0.20488521456718445, -13.311368942260742]","[0.5302811861038208, 0.3912234902381897, -6.109887599945068]","[0.5302811861038208, 0.3912234902381897, -6.109887599945068]","[0.00041896780021488667, -0.009249720722436905, 0.6228861808776855, 0.7822577357292175]","[[0.22385449667633628, -0.9745228176110836, -0.013949392670949079], [0.9745073162705089, 0.2240252602751872, -0.012178528035446917], [0.014993269682895383, -0.010867564824488724, 0.9998285342650786]]","[0.003698871470987797, -0.002687927568331361, 0.2247122824192047]",[0.0],"[0.00041896780021488667, -0.009249720722436905, 0.6228861808776855, 0.7822577357292175]",[0.44],"[0.21811425685882568, 0.18891245126724243, -10.793881950378418]","[638.0249633789062, 638.01953125, 658.794189453125, 658.7975463867188]"
3.0176436901093,"[4.163458347320557, -0.19309090077877045, -13.494987487792969]","[4.163458347320557, -0.19309090077877045, -13.494987487792969]","[0.5346361398696899, 0.39505311846733093, -6.131124973297119]","[0.5346361398696899, 0.39505311846733093, -6.131124973297119]","[0.00045675173169001937, -0.00924804899841547, 0.6254332661628723, 0.7802227735519409]","[[0.21749540633312925, -0.9759630033192805, -0.013859741424223061], [0.9759461070697015, 0.21766604190939465, -0.012280811187274213], [0.015002412333728808, -0.010855338775578857, 0.999828529935157]]","[0.0036323298700153828, -0.0026399593334645033, 0.2095421403646469]",[0.0],"[0.00045675173169001937, -0.00924804899841547, 0.6254332661628723, 0.7802227735519409]",[0.44],"[0.21774768829345703, 0.19148141145706177, -10.87186866760254]","[637.6470336914062, 637.6387939453125, 661.6865234375, 661.689453125]"
3.0496437549591,"[4.181180477142334, -0.1799839586019516, -13.6976957321167]","[4.181180477142334, -0.1799839586019516, -13.6976957321167]","[0.5393834710121155, 0.3992938697338104, -6.153802394866943]","[0.5393834710121155, 0.3992938697338104, -6.153802394866943]","[0.000499045301694423, -0.009246067143976688, 0.6280181407928467, 0.7781436443328857]","[[0.2110154501549305, -0.9773858779801528, -0.01376271776123808], [0.9773674211546834, 0.2111859315777661, -0.012390053654307537], [0.015016355771404227, -0.010836737935316726, 0.9998285223923119]]","[0.003524078754708171, -0.0025622809771448374, 0.19282376766204834]",[0.0],"[0.000499045301694423, -0.009246067143976688, 0.6280181407928467, 0.7781436443328857]",[0.44],"[0.23736655712127686, 0.2120375633239746, -10.943871078491211]","[639.0436401367188, 639.0317993164062, 660.3781127929688, 660.3809204101562]"
3.0803887844086,"[4.1974263191223145, -0.16794680058956146, -13.882610321044922]","[4.1974263191223145, -0.16794680058956146, -13.882610321044922]","[0.5436550974845886, 0.4031681418418884, -6.173372268676758]","[0.5436550974845886, 0.4031681418418884, -6.173372268676758]","[0.0005374127067625523, -0.009244185872375965, 0.6301871538162231, 0.7763881087303162]","[[0.2055573923851297, -0.9785495608809397, -0.013676810804212236], [0.9785296891091336, 0.20572772470518108, -0.012485616038543534], [0.015031493140609697, -0.010816652698499463, 0.9998285124302791]]","[0.0034021337050944567, -0.002472634194418788, 0.17941045761108398]",[0.0],"[0.0005374127067625523, -0.009244185872375965, 0.6301871538162231, 0.7763881087303162]",[0.44],"[0.21358132362365723, 0.19371360540390015, -10.788493690490723]","[640.3980712890625, 640.3840942382812, 659.06591796875, 659.0685424804688]"
3.1113958358765,"[4.213799476623535, -0.1557931751012802, -14.068097114562988]","[4.213799476623535, -0.1557931751012802, -14.068097114562988]","[0.5478862524032593, 0.4070596396923065, -6.191988468170166]","[0.5478862524032593, 0.4070596396923065, -6.191988468170166]","[0.0005751370918005705, -0.009242229163646698, 0.6322042942047119, 0.7747463583946228]","[[0.2004646231784174, -0.9796065804906925, -0.013593558497582259], [0.9795853182954807, 0.2006347992128954, -0.012577124665463263], [0.01504797505435318, -0.0107947831956626, 0.9998285008348246]]","[0.003268567146733403, -0.002372312592342496, 0.16752946376800537]",[0.0],"[0.0005751370918005705, -0.009242229163646698, 0.6322042942047119, 0.7747463583946228]",[0.44],"[0.21155774593353271, 0.19457489252090454, -10.74080997467041]","[641.274169921875, 641.2591552734375, 658.2140502929688, 658.2166748046875]"
3.1421761512756,"[4.231956481933594, -0.14228904247283936, -14.272761344909668]","[4.231956481933594, -0.14228904247283936, -14.272761344909668]","[0.5524955987930298, 0.41135910153388977, -6.211416244506836]","[0.5524955987930298, 0.41135910153388977, -6.211416244506836]","[0.0006154124275781214, -0.009240035898983479, 0.6342688202857971, 0.7730571627616882]","[[0.19523537069969743, -0.9806634821425299, -0.01350547804291024], [0.9806407364108359, 0.19540536976161438, -0.012672831308476983], [0.015066825700627014, -0.01076983536770968, 0.9998284860082589]]","[0.003112002508714795, -0.0022564593236893415, 0.15602193772792816]",[0.0],"[0.0006154124275781214, -0.009240035898983479, 0.6342688202857971, 0.7730571627616882]",[0.44],"[0.2304673194885254, 0.2149730920791626, -10.781388816833497]","[642.345947265625, 642.3305053710938, 657.16845703125, 657.1708984375]"
3.1732702255249,"[4.248593807220459, -0.12988914549350739, -14.459362030029297]","[4.248593807220459, -0.12988914549350739, -14.459362030029297]","[0.5566470623016357, 0.4152836203575134, -6.228167533874512]","[0.5566470623016357, 0.4152836203575134, -6.228167533874512]","[0.0006506575737148523, -0.00923802237957716, 0.6360223293304443, 0.7716151475906372]","[[0.19078051107118044, -0.9815409486129582, -0.013428730512464848], [0.9815169054560485, 0.19095034647559517, -0.012755291504076782], [0.01508406149498731, -0.010747062544984975, 0.9998284711744724]]","[0.002968891290947795, -0.002149339532479644, 0.14681290090084076]",[0.0],"[0.0006506575737148523, -0.00923802237957716, 0.6360223293304443, 0.7716151475906372]",[0.44],"[0.20757317543029785, 0.19622594118118286, -10.64756446838379]","[643.3613891601562, 643.3455810546875, 656.1746826171875, 656.1768188476562]"
3.204035282135,"[4.265355110168457, -0.1173713281750679, -14.646449089050293]","[4.265355110168457, -0.1173713281750679, -14.646449089050293]","[0.5607638359069824, 0.41922318935394287, -6.2441534996032715]","[0.5607638359069824, 0.41922318935394287, -6.2441534996032715]","[0.0006844179006293416, -0.00923600047826767, 0.6376724243164062, 0.770251989364624]","[[0.18657715112320516, -0.9823495493534642, -0.013355226640436868], [0.9823242642172341, 0.18674682167714884, -0.012833434130961885], [0.015100964328196298, -0.010724737132895845, 0.9998284557346054]]","[0.002827595453709364, -0.002042135689407587, 0.1386559158563614]",[0.0],"[0.0006844179006293416, -0.00923600047826767, 0.6376724243164062, 0.770251989364624]",[0.44],"[0.20583868026733398, 0.19697844982147217, -10.609298286437989]","[644.1953125, 644.18017578125, 655.819091796875, 655.8209838867188]"
3.2351162433624,"[4.283935070037842, -0.10346478223800659, -14.852803230285645]","[4.283935070037842, -0.10346478223800659, -14.852803230285645]","[0.5652649998664856, 0.42358314990997314, -6.261699676513672]","[0.5652649998664856, 0.42358314990997314, -6.261699676513672]","[0.0007197702652774751, -0.009233768098056316, 0.6393822431564331, 0.768833339214325]","[[0.18221016932591838, -0.9831700624640387, -0.013278040867177862], [0.983143477697185, 0.18237965813402612, -0.01291458147168404], [0.015118874174259514, -0.010701047965602194, 0.9998284389149531]]","[0.0026778588071465492, -0.001928958692587912, 0.130755215883255]",[0.0],"[0.0007197702652774751, -0.009233768098056316, 0.6393822431564331, 0.768833339214325]",[0.44],"[0.2250581979751587, 0.21799802780151367, -10.68730884552002]","[645.3859252929688, 645.371337890625, 655.5499877929688, 655.5518188476562]"
3.2661190032959,"[4.300954341888428, -0.09069737792015076, -15.040887832641602]","[4.300954341888428, -0.09069737792015076, -15.040887832641602]","[0.5693240761756897, 0.42756056785583496, -6.2769365310668945]","[0.5693240761756897, 0.42756056785583496, -6.2769365310668945]","[0.0007502532680518925, -0.009231756441295147, 0.6408522129058838, 0.7676084041595459]","[[0.1784464317732808, -0.9838609412124779, -0.0132111447248425], [0.9838332365907181, 0.1786157566673311, -0.012984184516433878], [0.015134350593126206, -0.010680581661214689, 0.9998284235860848]]","[0.002546608680859208, -0.0018312395550310612, 0.12443256378173828]",[0.0],"[0.0007502532680518925, -0.009231756441295147, 0.6408522129058838, 0.7676084041595459]",[0.44],"[0.20295381546020508, 0.19887089729309082, -10.571842727661133]","[646.0274047851562, 646.0133666992188, 654.9212036132812, 654.9229125976562]"
3.2974820137024,"[4.318094730377197, -0.07781047374010086, -15.22942066192627]","[4.318094730377197, -0.07781047374010086, -15.22942066192627]","[0.5733574628829956, 0.4315541982650757, -6.291830539703369]","[0.5733574628829956, 0.4315541982650757, -6.291830539703369]","[0.0007791688549332321, -0.00922976341098547, 0.6422514915466309, 0.7664380669593811]","[[0.1748556661470103, -0.9845063664539346, -0.013147239335921157], [0.9844776002771816, 0.17502482900404692, -0.013050027976675836], [0.015148928772911352, -0.010661289292635913, 0.9998284087265454]]","[0.0024233509320765734, -0.0017367256805300713, 0.11883216351270676]",[0.0],"[0.0007791688549332321, -0.00922976341098547, 0.6422514915466309, 0.7664380669593811]",[0.44],"[0.2016693353652954, 0.19968152046203613, -10.554700431823731]","[649.0752563476562, 649.0620727539062, 656.8281860351562, 656.829833984375]"
3.3294885158539,"[4.337090015411377, -0.06349525600671768, -15.437389373779297]","[4.337090015411377, -0.06349525600671768, -15.437389373779297]","[0.5778288841247559, 0.4360276162624359, -6.31264591217041]","[0.5778288841247559, 0.4360276162624359, -6.31264591217041]","[0.0008092136704362929, -0.00922759436070919, 0.6437185406684875, 0.7652063369750977]","[[0.17108258380389385, -0.9851699472867814, -0.013080215673656213], [0.9851400789047737, 0.17125157114573664, -0.01311837800868243], [0.015163839045745177, -0.010641516294343512, 0.9998283933510995]]","[0.0022971152793616056, -0.0016421618638560176, 0.11340773850679398]",[0.0],"[0.0008092136704362929, -0.00922759436070919, 0.6437185406684875, 0.7652063369750977]",[0.44],"[0.2235710620880127, 0.22367089986801147, -10.850768623352051]","[651.716064453125, 651.7041625976562, 658.4783935546875, 658.4796752929688]"
3.3602800369263,"[4.354486465454102, -0.05035274103283882, -15.627069473266602]","[4.354486465454102, -0.05035274103283882, -15.627069473266602]","[0.5818867683410645, 0.4401276111602783, -6.332610130310059]","[0.5818867683410645, 0.4401276111602783, -6.332610130310059]","[0.0008350311545655131, -0.009225647896528244, 0.6449943780899048, 0.7641311883926392]","[[0.1677942793066125, -0.9857360486796496, -0.013022029781283001], [0.9857052338659911, 0.16796310991077568, -0.013177128751961392], [0.015176391382181714, -0.0106248353580293, 0.9998283802877204]]","[0.002189942402765155, -0.0015606734668835998, 0.10906669497489929]",[0.0],"[0.0008350311545655131, -0.009225647896528244, 0.6449943780899048, 0.7641311883926392]",[0.44],"[0.2028942108154297, 0.20499974489212036, -10.808210906982422]","[653.260498046875, 653.2491455078125, 659.3121948242188, 659.3134155273438]"
3.3917922973633,"[4.373762607574463, -0.03575348109006882, -15.836416244506836]","[4.373762607574463, -0.03575348109006882, -15.836416244506836]","[0.5863319039344788, 0.44466084241867065, -6.354797840118408]","[0.5863319039344788, 0.44466084241867065, -6.354797840118408]","[0.0008618430583737791, -0.009223553352057934, 0.6463416218757629, 0.7629919648170471]","[[0.16431486778914006, -0.9863228265469106, -0.012960904109059736], [0.9862910295251905, 0.16448353011510208, -0.013238291522998595], [0.01518908426966644, -0.010607974209108424, 0.9998283665802089]]","[0.0020808859262615442, -0.0014801750658079982, 0.10486201196908951]",[0.0],"[0.0008618430583737791, -0.009223553352057934, 0.6463416218757629, 0.7629919648170471]",[0.44],"[0.22225677967071533, 0.2266615629196167, -10.919385490417481]","[654.32470703125, 654.314453125, 659.614990234375, 659.6160278320312]"
3.4229140281677,"[4.391412734985352, -0.022351374849677086, -16.027362823486328]","[4.391412734985352, -0.022351374849677086, -16.027362823486328]","[0.5903493165969849, 0.44879472255706787, -6.374610900878906]","[0.5903493165969849, 0.44879472255706787, -6.374610900878906]","[0.0008848756551742554, -0.009221682325005531, 0.6475213766098022, 0.761991024017334]","[[0.1612620548168866, -0.9868272737564123, -0.01290772651125316], [0.9867946335876556, 0.16143056765684305, -0.013291007480720207], [0.015199630120720897, -0.010593938254263247, 0.9998283551403431]]","[0.001989953452721238, -0.0014110167976468801, 0.1014970988035202]",[0.0],"[0.0008848756551742554, -0.009221682325005531, 0.6475213766098022, 0.761991024017334]",[0.44],"[0.20087063312530518, 0.20669400691986084, -10.800653038024903]","[654.8460083007812, 654.8367919921875, 659.47412109375, 659.47509765625]"
3.4539136886597,"[4.410967826843262, -0.0074656070210039616, -16.23808479309082]","[4.410967826843262, -0.0074656070210039616, -16.23808479309082]","[0.5947443246841431, 0.45335593819618225, -6.396084308624268]","[0.5947443246841431, 0.45335593819618225, -6.396084308624268]","[0.0009088492952287197, -0.00921966228634119, 0.6487757563591003, 0.7609232664108276]","[[0.15801003157600613, -0.9873538939609862, -0.01285163230639802], [0.9873203768267015, 0.15817838390727168, -0.013346115895194188], [0.015210189862111811, -0.010579857597591724, 0.9998283436405687]]","[0.0019005570793524384, -0.001345059834420681, 0.09823789447546005]",[0.0],"[0.0009088492952287197, -0.00921966228634119, 0.6487757563591003, 0.7609232664108276]",[0.44],"[0.21975040435791016, 0.228060781955719, -10.883670387268067]","[655.5852661132812, 655.576904296875, 659.7819213867188, 659.783203125]"
3.4849247932434,"[4.428870677947998, 0.006197621114552021, -16.430255889892578]","[4.428870677947998, 0.006197621114552021, -16.430255889892578]","[0.5987114310264587, 0.45750677585601807, -6.414755344390869]","[0.5987114310264587, 0.45750677585601807, -6.414755344390869]","[0.0009295030031353235, -0.00921787228435278, 0.6498813629150391, 0.759979248046875]","[[0.15513848993248125, -0.987809835095641, -0.012802649937486699], [0.9877755629357576, 0.15530670031971694, -0.013393852793424088], [0.015218916651531522, -0.010568240819903707, 0.999828333709433]]","[0.0018248507985845208, -0.0012859911657869816, 0.09562959522008896]",[0.0],"[0.0009295030031353235, -0.00921787228435278, 0.6498813629150391, 0.759979248046875]",[0.44],"[0.1983553171157837, 0.20754188299179077, -10.743551788330079]","[655.8526000976562, 655.8445434570312, 659.5250854492188, 659.5255737304688]"
3.5159149169922,"[4.4468913078308105, 0.01998540386557579, -16.622970581054688]","[4.4468913078308105, 0.01998540386557579, -16.622970581054688]","[0.6026504039764404, 0.46165913343429565, -6.432481288909912]","[0.6026504039764404, 0.46165913343429565, -6.432481288909912]","[0.0009491377859376371, -0.009216089732944965, 0.6509575247764587, 0.7590576410293579]","[[0.1523387292538808, -0.9882460610122654, -0.012755389896796636], [0.9882110716562489, 0.15250680014873885, -0.01343946649896248], [0.015226783432019726, -0.010557665343739878, 0.9998283256549952]]","[0.0017569668125361204, -0.0012358500389382243, 0.09331919997930527]",[0.0],"[0.0009491377859376371, -0.009216089732944965, 0.6509575247764587, 0.7590576410293579]",[0.44],"[0.19694864749908447, 0.2076178789138794, -10.696297225952149]","[656.0822143554688, 656.0752563476562, 659.2957153320312, 659.2969970703125]"
3.5469155311584,"[4.466850280761719, 0.03529586270451546, -16.835554122924805]","[4.466850280761719, 0.03529586270451546, -16.835554122924805]","[0.6069522500038147, 0.46622830629348755, -6.4509406089782715]","[0.6069522500038147, 0.46622830629348755, -6.4509406089782715]","[0.0009696829947642982, -0.009214179590344429, 0.6521112322807312, 0.758066713809967]","[[0.14933207925556624, -0.988705507453763, -0.012705243339739707], [0.988669768120725, 0.14950000089639182, -0.013487508816787695], [0.015234608030289372, -0.01054717121167418, 0.9998283172187331]]","[0.0016900094924494624, -0.0011847990099340677, 0.09108138084411621]",[0.0],"[0.0009696829947642982, -0.009214179590344429, 0.6521112322807312, 0.758066713809967]",[0.44],"[0.21509230136871338, 0.22845864295959473, -10.73296600341797]","[656.3001708984375, 656.2940673828125, 659.07861328125, 659.079345703125]"
3.5770175457001,"[4.485117435455322, 0.049345340579748154, -17.029329299926758]","[4.485117435455322, 0.049345340579748154, -17.029329299926758]","[0.6108360290527344, 0.4703834354877472, -6.466825008392334]","[0.6108360290527344, 0.4703834354877472, -6.466825008392334]","[0.0009874928509816527, -0.009212465956807137, 0.6531360149383545, 0.7571839690208435]","[[0.1466569529228805, -0.9891064346915049, -0.012661128784348719], [0.9890700457144158, 0.14682474169662962, -0.013529414118140529], [0.015240997366229803, -0.010538559092996544, 0.9998283106577278]]","[0.0016325856558978558, -0.0011433461913838983, 0.08929046243429184]",[0.0],"[0.0009874928509816527, -0.009212465956807137, 0.6531360149383545, 0.7571839690208435]",[0.44],"[0.1941889524459839, 0.20775645971298218, -10.604219970703125]","[656.4288330078125, 656.4230346679688, 658.9501953125, 658.9511108398438]"
3.6077258586884,"[4.503500938415527, 0.06351949274539948, -17.22356605529785]","[4.503500938415527, 0.06351949274539948, -17.22356605529785]","[0.614695131778717, 0.4745398759841919, -6.481897354125977]","[0.614695131778717, 0.4745398759841919, -6.481897354125977]","[0.001004538033157587, -0.009210795164108276, 0.6541404128074646, 0.7563164234161377]","[[0.1440309631690493, -0.989492780041111, -0.012618333463293052], [0.989455769664879, 0.14419862247083948, -0.013569803926716029], [0.015246769158055062, -0.010530809477023118, 0.9998283043115695]]","[0.0015836164820939302, -0.001106011332012713, 0.08770409226417542]",[0.0],"[0.001004538033157587, -0.009210795164108276, 0.6541404128074646, 0.7563164234161377]",[0.44],"[0.1929551362991333, 0.2078220248222351, -10.56361728668213]","[656.5864868164062, 656.5812377929688, 658.79296875, 658.7936401367188]"
3.6397242546082,"[4.523856163024902, 0.0792551040649414, -17.43773651123047]","[4.523856163024902, 0.0792551040649414, -17.43773651123047]","[0.6189128160476685, 0.4791133999824524, -6.497585296630859]","[0.6189128160476685, 0.4791133999824524, -6.497585296630859]","[0.0010225005680695176, -0.009208977222442627, 0.6552243828773499, 0.7553775310516357]","[[0.14119240564302515, -0.989902385614331, -0.012572574348188745], [0.9898647208765659, 0.14135992515116869, -0.013612640744227578], [0.015252443563009102, -0.010523144925798589, 0.9998282984622097]]","[0.001533360336907208, -0.001068664831109345, 0.08616752177476883]",[0.0],"[0.0010225005680695176, -0.009208977222442627, 0.6552243828773499, 0.7553775310516357]",[0.44],"[0.2108842134475708, 0.2286761999130249, -10.594397125244141]","[656.724365234375, 656.7197265625, 658.6553344726562, 658.6558227539062]"
3.671276807785,"[4.54248046875, 0.09369035065174103, -17.632810592651367]","[4.54248046875, 0.09369035065174103, -17.632810592651367]","[0.6226158142089844, 0.48315587639808655, -6.5025248527526855]","[0.6226158142089844, 0.48315587639808655, -6.5025248527526855]","[0.00103817752096802, -0.009207349270582199, 0.6561930775642395, 0.7545361518859863]","[[0.13865173935236297, -0.9902619170051685, -0.012532065970306636], [0.9902236815530068, 0.13881913428841386, -0.013650282651435863], [0.015257045580474707, -0.010516912764852893, 0.999828293813689]]","[0.0014935454819351435, -0.0010386549402028322, 0.08479297161102295]",[0.0],"[0.00103817752096802, -0.009207349270582199, 0.6561930775642395, 0.7545361518859863]",[0.44],"[0.1851499080657959, 0.20212382078170776, -10.056977806091309]","[633.1701049804688, 633.1658935546875, 637.2352294921875, 637.2359008789062]"
3.7023129463196,"[4.561209201812744, 0.10823965817689896, -17.827497482299805]","[4.561209201812744, 0.10823965817689896, -17.827497482299805]","[0.6257647275924683, 0.4866178333759308, -6.464222431182861]","[0.6257647275924683, 0.4866178333759308, -6.464222431182861]","[0.0010534579632803798, -0.009205724112689495, 0.6571348905563354, 0.7537161111831665]","[[0.1361779805141482, -0.9906057041525423, -0.01249247719087096], [0.9905669127790452, 0.13634525167966527, -0.013686821493325313], [0.01526153312449477, -0.010510788535810806, 0.9998282897397613]]","[0.0014560753479599953, -0.00101207394618541, 0.0808844193816185]",[0.0],"[0.0010534579632803798, -0.009205724112689495, 0.6571348905563354, 0.7537161111831665]",[0.44],"[0.15744566917419434, 0.17309784889221191, -7.89487892150879]","[583.2562255859375, 583.251953125, 594.7915649414062, 594.7924194335938]"
3.7342767715454,"[4.58190393447876, 0.12434723973274231, -18.039094924926758]","[4.58190393447876, 0.12434723973274231, -18.039094924926758]","[0.6283696293830872, 0.48950666189193726, -6.354272842407227]","[0.6283696293830872, 0.48950666189193726, -6.354272842407227]","[0.0010705337626859546, -0.009203886613249779, 0.6580800414085388, 0.7528910040855408]","[[0.1336918951418925, -0.9909447924321929, -0.012450053061722963], [0.9909053801467232, 0.1338590261143976, -0.013725778646126022], [0.01526804067323341, -0.01050179768814162, 0.9998282848573468]]","[0.001407691277563572, -0.0009775655344128609, 0.07062581926584244]",[0.0],"[0.0010705337626859546, -0.009203886613249779, 0.6580800414085388, 0.7528910040855408]",[0.44],"[0.13024508953094482, 0.1444414258003235, -4.312520561218262]","[549.684814453125, 549.67822265625, 567.1925048828125, 567.1932983398438]"
3.7652776241302,"[4.600788593292236, 0.1390695422887802, -18.228031158447266]","[4.600788593292236, 0.1390695422887802, -18.228031158447266]","[0.6305645108222961, 0.49195778369903564, -6.241098403930664]","[0.6305645108222961, 0.49195778369903564, -6.241098403930664]","[0.0010864981450140476, -0.009202132001519203, 0.658818244934082, 0.7522451281547546]","[[0.13174768181720498, -0.9912056263809578, -0.012412908331514982], [0.9911656339835585, 0.13191467932751355, -0.013759690782457257], [0.015276127535604145, -0.010490439037113275, 0.9998282805768149]]","[0.0013425390934571624, -0.0009321098332293332, 0.06006656587123871]",[0.0],"[0.0010864981450140476, -0.009202132001519203, 0.658818244934082, 0.7522451281547546]",[0.44],"[0.10974407196044922, 0.12255609035491943, -4.1512780761718755]","[539.9318237304688, 539.921875, 559.3482055664062, 559.349609375]"
3.7962756156921,"[4.621635913848877, 0.15534749627113342, -18.431821823120117]","[4.621635913848877, 0.15534749627113342, -18.431821823120117]","[0.6328579783439636, 0.494535356760025, -6.107546329498291]","[0.6328579783439636, 0.494535356760025, -6.107546329498291]","[0.0011042095720767975, -0.009200170636177063, 0.6594879627227783, 0.7516580820083618]","[[0.12998196776804916, -0.9914392321685735, -0.012374339386861166], [0.9913985965026487, 0.1301488154899606, -0.013794779677273716], [0.015287191071292838, -0.010474827480943638, 0.9998282751629723]]","[0.001251139328815043, -0.0008677627774886787, 0.0478217713534832]",[0.0],"[0.0011042095720767975, -0.009200170636177063, 0.6594879627227783, 0.7516580820083618]",[0.44],"[0.11467337608337402, 0.128878653049469, -3.132396278381348]","[521.0480346679688, 521.0357666015625, 543.7904052734375, 543.791748046875]"
3.8272838592529,"[4.640650749206543, 0.1702161729335785, -18.613018035888672]","[4.640650749206543, 0.1702161729335785, -18.613018035888672]","[0.6346999406814575, 0.4966199994087219, -5.967053413391113]","[0.6346999406814575, 0.4966199994087219, -5.967053413391113]","[0.0011203428730368614, -0.009198356419801712, 0.6599512696266174, 0.7512512803077698]","[[0.12875942391478, -0.9915990831215862, -0.012341810671250841], [0.9915578618693519, 0.12892613310012502, -0.013824252030957829], [0.015299297477162077, -0.01045761595994732, 0.9998282701420422]]","[0.0011501254048198462, -0.0007982514798641205, 0.03349199891090393]",[0.0],"[0.0011203428730368614, -0.009198356419801712, 0.6599512696266174, 0.7512512803077698]",[0.44],"[0.09209811687469482, 0.10423213243484497, -2.785354194641114]","[490.4194641113281, 490.4045104980469, 522.3798828125, 522.381591796875]"
3.8582258224487,"[4.659715175628662, 0.18514080345630646, -18.789522171020508]","[4.659715175628662, 0.18514080345630646, -18.789522171020508]","[0.6361560821533203, 0.4982818067073822, -5.795731544494629]","[0.6361560821533203, 0.4982818067073822, -5.795731544494629]","[0.001136758248321712, -0.009196514263749123, 0.6602274179458618, 0.7510086297988892]","[[0.12803036143587387, -0.9916938854412507, -0.012312285226052128], [0.9916520685874701, 0.1281969287464504, -0.013851012241884092], [0.015314361078524547, -0.010436151223945395, 0.999828263812163]]","[0.0010263359872624278, -0.0007138358196243644, 0.015300163067877293]",[0.0],"[0.001136758248321712, -0.009196514263749123, 0.6602274179458618, 0.7510086297988892]",[0.44],"[0.07280707359313965, 0.08309036493301392, -1.2439065551757817]","[455.3040466308594, 455.2828369140625, 493.22430419921875, 493.2260437011719]"
3.8884880542755,"[4.678818702697754, 0.20011074841022491, -18.960556030273438]","[4.678818702697754, 0.20011074841022491, -18.960556030273438]","[0.6373490691184998, 0.49965447187423706, -5.603375434875488]","[0.6373490691184998, 0.49965447187423706, -5.603375434875488]","[0.0011531164636835456, -0.009194659069180489, 0.6603029370307922, 0.7509422898292542]","[[0.12783097918622233, -0.9917200040552712, -0.012286504295801817], [0.9916775940042686, 0.1279974033418616, -0.013874368612110041], [0.015332129046637041, -0.010410672941396706, 0.9998282571340454]]","[0.000873387383762747, -0.0006071178941056132, -0.0006069365190342069]",[0.0],"[0.0011531164636835456, -0.009194659069180489, 0.6603029370307922, 0.7509422898292542]",[0.44],"[0.05964934825897217, 0.06863325834274292, -0.19219451904296925]","[426.17608642578125, 426.14910888671875, 448.15325927734375, 448.1557312011719]"
3.9195065498352,"[4.699868202209473, 0.21661901473999023, -19.14157485961914]","[4.699868202209473, 0.21661901473999023, -19.14157485961914]","[0.6382825970649719, 0.5007418990135193, -5.3612380027771]","[0.6382825970649719, 0.5007418990135193, -5.3612380027771]","[0.0011694551212713122, -0.00919279083609581, 0.6602426767349243, 0.7509952187538147]","[[0.12799020082909207, -0.9916996880029414, -0.012263235570644598], [0.9916566857776532, 0.12815648038524308, -0.013895456065820197], [0.015351732289002745, -0.010382435247332525, 0.9998282499427262]]","[0.000689848093315959, -0.0004803984484169632, -0.007396847475320101]",[0.0],"[0.0011694551212713122, -0.00919279083609581, 0.6602426767349243, 0.7509952187538147]",[0.44],"[0.0466763973236084, 0.05437135696411133, 2.296871604919433]","[398.5769958496094, 398.5484619140625, 404.9311218261719, 404.9336242675781]"
3.9515225887299,"[4.7190260887146, 0.23165182769298553, -19.29878044128418]","[4.7190260887146, 0.23165182769298553, -19.29878044128418]","[0.6388113498687744, 0.5013707876205444, -5.115199565887451]","[0.6388113498687744, 0.5013707876205444, -5.115199565887451]","[0.001181650790385902, -0.009191385470330715, 0.6601572036743164, 0.7510703802108765]","[[0.12821596974008587, -0.9916707659410472, -0.012246604196730626], [0.9916273219094242, 0.12838214027663342, -0.013910524476795777], [0.015366905322733437, -0.010360512843149289, 0.9998282442690908]]","[0.0005431227036751807, -0.0003767307207453996, -0.0069015235640108585]",[0.0],"[0.001181650790385902, -0.009191385470330715, 0.6601572036743164, 0.7510703802108765]",[0.44],"[0.02643764019012451, 0.031444430351257324, 2.4919218444824214]","[357.8514709472656, 357.8254089355469, 347.95648193359375, 347.9590759277344]"
3.9822022914886,"[4.740110874176025, 0.24820205569267273, -19.462629318237305]","[4.740110874176025, 0.24820205569267273, -19.462629318237305]","[0.6389612555503845, 0.5015735626220703, -4.80943489074707]","[0.6389612555503845, 0.5015735626220703, -4.80943489074707]","[0.001191779039800167, -0.009190206415951252, 0.6601060628890991, 0.7511153221130371]","[[0.1283510516861699, -0.9916534615021848, -0.012232408565212571], [0.9916096507206729, 0.12851713079954596, -0.013923348943477576], [0.015379210844397528, -0.010342694954009302, 0.999828239537505]]","[0.00041724913171492517, -0.0002880576066672802, -0.0006616705213673413]",[0.0],"[0.001191779039800167, -0.009190206415951252, 0.6601060628890991, 0.7511153221130371]",[0.44],"[0.007495284080505371, 0.010138750076293945, 5.4782337570190425]","[312.4460754394531, 312.4245910644531, 290.26654052734375, 290.268310546875]"
4.0142312049866,"[4.759278774261475, 0.2632488012313843, -19.60249137878418]","[4.759278774261475, 0.2632488012313843, -19.60249137878418]","[0.6388256549835205, 0.5014486908912659, -4.509314060211182]","[0.6388256549835205, 0.5014486908912659, -4.509314060211182]","[0.0011981804855167866, -0.009189446456730366, 0.6601390242576599, 0.7510862946510315]","[[0.12826404545192716, -0.9916647685993006, -0.01222220318497208], [0.9916207261376321, 0.12843006603133766, -0.013932498317207942], [0.015386065971346563, -0.010332750552448033, 0.999828236874686]]","[0.00034239841625094414, -0.00023473685723729432, 0.006799710914492607]",[0.0],"[0.0011981804855167866, -0.009189446456730366, 0.6601390242576599, 0.7510862946510315]",[0.44],"[-0.006780028343200684, -0.006243586540222168, 5.196041526794433]","[242.1183319091797, 242.103515625, 206.02859497070312, 206.0300750732422]"
4.0452377796173,"[4.7803521156311035, 0.2797883450984955, -19.745399475097656]","[4.7803521156311035, 0.2797883450984955, -19.745399475097656]","[0.6382997632026672, 0.5008817911148071, -4.148435115814209]","[0.6382997632026672, 0.5008817911148071, -4.148435115814209]","[0.0012027680641040206, -0.009188903495669365, 0.6602810621261597, 0.7509614825248718]","[[0.1278889661001955, -0.9917133948340532, -0.012212695234055632], [0.9916691863553783, 0.12805494469306888, -0.01394098289689695], [0.015389355133487742, -0.010328052942684449, 0.9998282348030625]]","[0.00030154813430272043, -0.00020514750212896615, 0.016299892216920853]",[0.0],"[0.0012027680641040206, -0.009188903495669365, 0.6602810621261597, 0.7509614825248718]",[0.44],"[-0.026294589042663574, -0.02834498882293701, 8.233947219848632]","[198.12548828125, 198.11557006835938, 147.40936279296875, 147.41050720214844]"
4.0762321949005,"[4.79949426651001, 0.2948075234889984, -19.864946365356445]","[4.79949426651001, 0.2948075234889984, -19.864946365356445]","[0.6378528475761414, 0.5004016757011414, -3.822965621948242]","[0.6378528475761414, 0.5004016757011414, -3.822965621948242]","[0.0012052558595314622, -0.009188604541122913, 0.6605135798454285, 0.7507569193840027]","[[0.12727476077272726, -0.9917924300710349, -0.012204641152644982], [0.9917481315931785, 0.1274407163961797, -0.01394810451082483], [0.015388992602280202, -0.010328687806139394, 0.9998282338097998]]","[0.0002968807821162045, -0.00020126307208556682, 0.024946078658103943]",[0.0],"[0.0012052558595314622, -0.009188604541122913, 0.6605135798454285, 0.7507569193840027]",[0.44],"[-0.022345781326293945, -0.024005770683288574, 6.463474693298339]","[200.3129425048828, 200.31649780273438, 140.36709594726562, 140.3658447265625]"
4.107257604599,"[4.818624973297119, 0.3098143935203552, -19.97488021850586]","[4.818624973297119, 0.3098143935203552, -19.97488021850586]","[0.6375253200531006, 0.5000576972961426, -3.507324457168579]","[0.6375253200531006, 0.5000576972961426, -3.507324457168579]","[0.0012064512120559812, -0.009188453666865826, 0.6608636379241943, 0.7504488825798035]","[[0.12634964877762245, -0.9919109280777976, -0.012196330099916775], [0.9918665863935443, 0.1265155930901446, -0.013955389762314627], [0.015385529047826252, -0.010333869906416784, 0.9998282335893696]]","[0.0003184367378707975, -0.00021260713401716202, 0.03744643181562424]",[0.0],"[0.0012064512120559812, -0.009188453666865826, 0.6608636379241943, 0.7504488825798035]",[0.44],"[-0.016376376152038574, -0.017198920249938965, 5.972058238983154]","[205.70529174804688, 205.71807861328125, 132.32901000976562, 132.32608032226562]"
4.1378953456879,"[4.839659690856934, 0.3263123333454132, -20.085033416748047]","[4.839659690856934, 0.3263123333454132, -20.085033416748047]","[0.6372876167297363, 0.49981942772865295, -3.1702303886413574]","[0.6372876167297363, 0.49981942772865295, -3.1702303886413574]","[0.0012065242044627666, -0.009188413619995117, 0.6614115238189697, 0.7499659657478333]","[[0.12490073842923266, -0.9920944365221456, -0.012185976963223988], [0.992050092348413, 0.12506668091762496, -0.013964349488156003], [0.015378013013616743, -0.010344941127363783, 0.9998282347089839]]","[0.000378702359739691, -0.00025220942916348577, 0.050785791128873825]",[0.0],"[0.0012065242044627666, -0.009188413619995117, 0.6614115238189697, 0.7499659657478333]",[0.44],"[-0.01188516616821289, -0.011913478374481201, 7.0447034263610835]","[203.0949249267578, 203.1172637939453, 136.29461669921875, 136.29144287109375]"
4.1695215702057,"[4.858776569366455, 0.3413054645061493, -20.175647735595703]","[4.858776569366455, 0.3413054645061493, -20.175647735595703]","[0.6371697783470154, 0.4997155964374542, -2.8719167709350586]","[0.6371697783470154, 0.4997155964374542, -2.8719167709350586]","[0.001206209766678512, -0.009188416413962841, 0.6620440483093262, 0.7494077086448669]","[[0.12322650220400444, -0.9923039928461651, -0.012174612187641376], [0.9922596602156898, 0.12339244631239477, -0.013974158595286848], [0.015368868175809736, -0.010358387005720435, 0.9998282361236048]]","[0.00045687862439081073, -0.0003046463243663311, 0.0614856481552124]",[0.0],"[0.001206209766678512, -0.009188416413962841, 0.6620440483093262, 0.7494077086448669]",[0.44],"[-0.005891919136047363, -0.0051915645599365234, 5.105680885314941]","[199.5791473388672, 199.60845947265625, 141.3883514404297, 141.3849639892578]"
4.2005438804626,"[4.877892971038818, 0.3562968969345093, -20.25741958618164]","[4.877892971038818, 0.3562968969345093, -20.25741958618164]","[0.6371342539787292, 0.4997064471244812, -2.5804293155670166]","[0.6371342539787292, 0.4997064471244812, -2.5804293155670166]","[0.001206058426760137, -0.009188390336930752, 0.6627892851829529, 0.7487487196922302]","[[0.12125187385937308, -0.9925474208841173, -0.012160865796496265], [0.9925030939417404, 0.12141781773948324, -0.013986002732613925], [0.015358316206741177, -0.010373863920971213, 0.9998282378121749]]","[0.0005514032091014087, -0.0003677518689073622, 0.07096399366855621]",[0.0],"[0.001206058426760137, -0.009188390336930752, 0.6627892851829529, 0.7487487196922302]",[0.44],"[-0.0017762184143066406, -0.00045746564865112305, 4.764372768402099]","[196.4488525390625, 196.4831085205078, 145.70404052734375, 145.69940185546875]"
4.2325441837311,"[4.898921012878418, 0.3727886974811554, -20.337383270263672]","[4.898921012878418, 0.3727886974811554, -20.337383270263672]","[0.6371779441833496, 0.49979227781295776, -2.266700029373169]","[0.6371779441833496, 0.49979227781295776, -2.266700029373169]","[0.001206525950692594, -0.009188255295157433, 0.6637235283851624, 0.7479206323623657]","[[0.11877330766516314, -0.9928472138641329, -0.012142572099158103], [0.992802870390312, 0.11893924432616176, -0.014001693752418304], [0.015345770743485906, -0.010392151144403866, 0.9998282405195227]]","[0.0006643537199124694, -0.0004446806851774454, 0.08014524728059769]",[0.0],"[0.001206525950692594, -0.009188255295157433, 0.6637235283851624, 0.7479206323623657]",[0.44],"[0.0021845102310180664, 0.004291534423828125, 5.876464309692382]","[193.66835021972656, 193.70602416992188, 149.3776092529297, 149.37413024902344]"
4.2635424137115,"[4.918037414550781, 0.3877848982810974, -20.40117645263672]","[4.918037414550781, 0.3877848982810974, -20.40117645263672]","[0.6372827887535095, 0.49994611740112305, -1.9869451522827148]","[0.6372827887535095, 0.49994611740112305, -1.9869451522827148]","[0.0012077981373295188, -0.009188023395836353, 0.6646642088890076, 0.7470847368240356]","[[0.11627413929605457, -0.9931431657034866, -0.012122903694331486], [0.9930987765933137, 0.11644006129121831, -0.014018555710421293], [0.015334024468114452, -0.010409245496167757, 0.999828242899474]]","[0.0007709286874160171, -0.0005178970750421286, 0.08749333024024963]",[0.0],"[0.0012077981373295188, -0.009188023395836353, 0.6646642088890076, 0.7470847368240356]",[0.44],"[0.0052422285079956055, 0.00769197940826416, 4.177743854522705]","[191.2023162841797, 191.2419891357422, 152.5208740234375, 152.51657104492188]"
4.2936224937439,"[4.937158584594727, 0.4027866721153259, -20.456645965576172]","[4.937158584594727, 0.4027866721153259, -20.456645965576172]","[0.6374404430389404, 0.5001621246337891, -1.7116515636444092]","[0.6374404430389404, 0.5001621246337891, -1.7116515636444092]","[0.0012100512394681573, -0.009187649935483932, 0.6656813621520996, 0.7461786270141602]","[[0.11356782234397644, -0.9934566447335237, -0.012100238913966277], [0.9934121746247547, 0.1137337197186461, -0.014037923393025453], [0.015322273143418275, -0.010426265903092924, 0.9998282457293217]]","[0.0008779029594734311, -0.000590620911680162, 0.09400253742933273]",[0.0],"[0.0012100512394681573, -0.009187649935483932, 0.6656813621520996, 0.7461786270141602]",[0.44],"[0.00788271427154541, 0.010800361633300781, 3.9546794319152827]","[189.39642333984375, 189.43548583984375, 154.7579345703125, 154.75436401367188]"
4.3255896568298,"[4.958198547363281, 0.41929715871810913, -20.508193969726562]","[4.958198547363281, 0.41929715871810913, -20.508193969726562]","[0.637664794921875, 0.500460684299469, -1.413185477256775]","[0.637664794921875, 0.500460684299469, -1.413185477256775]","[0.0012137648882344365, -0.009187071584165096, 0.6668775677680969, 0.7451096773147583]","[[0.11037981464682944, -0.9938161605461042, -0.012071886734073486], [0.993771556766446, 0.11054567276500682, -0.014062079834335522], [0.015309617040105875, -0.010444527977502144, 0.9998282489810071]]","[0.0009935408597812057, -0.0006711718160659075, 0.10030774772167206]",[0.0],"[0.0012137648882344365, -0.009187071584165096, 0.6668775677680969, 0.7451096773147583]",[0.44],"[0.011217594146728516, 0.014927983283996582, 5.113304319381713]","[187.42105102539062, 187.45956420898438, 157.14462280273438, 157.14190673828125]"
4.3565893173218,"[4.979246139526367, 0.4358184039592743, -20.549957275390625]","[4.979246139526367, 0.4358184039592743, -20.549957275390625]","[0.6379324197769165, 0.5008118152618408, -1.118468999862671]","[0.6379324197769165, 0.5008118152618408, -1.118468999862671]","[0.0012188515393063426, -0.009186302311718464, 0.6681445837020874, 0.7439737915992737]","[[0.10699685423880412, -0.9941865120241469, -0.012039998214603748], [0.9941417250692941, 0.1071626593409789, -0.014089143469838014], [0.015297474431901686, -0.01046196906546061, 0.9998282525015257]]","[0.001105275354348123, -0.0007487756665796041, 0.10582585632801056]",[0.0],"[0.0012188515393063426, -0.009186302311718464, 0.6681445837020874, 0.7439737915992737]",[0.44],"[0.013381242752075195, 0.01755654811859131, 4.9258238697052]","[185.67527770996094, 185.7127685546875, 159.2042236328125, 159.2018280029297]"
4.386604309082,"[4.996474266052246, 0.4493448734283447, -20.576927185058594]","[4.996474266052246, 0.4493448734283447, -20.576927185058594]","[0.638176441192627, 0.5011304616928101, -0.8795657157897949]","[0.638176441192627, 0.5011304616928101, -0.8795657157897949]","[0.0012240352807566524, -0.009185529313981533, 0.6692272424697876, 0.7429999709129333]","[[0.10410104797501218, -0.994494130202295, -0.012011380514963338], [0.9944491565544841, 0.10426679934783112, -0.014113329262839716], [0.015288011537469365, -0.010475496550845328, 0.9998282555777069]]","[0.0011908712331205606, -0.0008084925357252359, 0.1098242923617363]",[0.0],"[0.0012240352807566524, -0.009185529313981533, 0.6692272424697876, 0.7429999709129333]",[0.44],"[0.012201070785522461, 0.015932321548461914, 2.1351642036437983]","[184.5359344482422, 184.5714874267578, 160.5242462158203, 160.52279663085938]"
4.4186511039734,"[5.017539978027344, 0.4658893644809723, -20.601165771484375]","[5.017539978027344, 0.4658893644809723, -20.601165771484375]","[0.6384972929954529, 0.5015491843223572, -0.589636504650116]","[0.6384972929954529, 0.5015491843223572, -0.589636504650116]","[0.0012315878411754966, -0.009184411726891994, 0.6705997586250305, 0.7417615652084351]","[[0.1004232206265635, -0.9948728759918252, -0.011973482218080603], [0.9948276303525804, 0.10058889384688052, -0.01414521762385737], [0.015277092254151844, -0.010491039524809315, 0.9998282595452408]]","[0.0012918781721964478, -0.0008781853248365223, 0.11415444314479828]",[0.0],"[0.0012315878411754966, -0.009184411726891994, 0.6705997586250305, 0.7417615652084351]",[0.44],"[0.016042590141296387, 0.020936131477355957, 4.686460556983947]","[183.1290740966797, 183.1632537841797, 162.128662109375, 162.1265106201172]"
4.4501585960388,"[5.038616180419922, 0.48244816064834595, -20.615861892700195]","[5.038616180419922, 0.48244816064834595, -20.615861892700195]","[0.6388341784477234, 0.5019904375076294, -0.30127277970314026]","[0.6388341784477234, 0.5019904375076294, -0.30127277970314026]","[0.0012404319131746888, -0.009183098562061787, 0.6720194220542908, 0.7404755353927612]","[[0.09661113416523293, -0.9952506646970063, -0.01193253097383569], [0.9952051006629334, 0.09677671542097155, -0.01417946014674129], [0.0152669083233931, -0.010505422206636111, 0.9998282640589364]]","[0.0013813572004437447, -0.0009422457660548389, 0.11794406175613403]",[0.0],"[0.0012404319131746888, -0.009183098562061787, 0.6720194220542908, 0.7404755353927612]",[0.44],"[0.01684427261352539, 0.02206265926361084, 4.608186247348785]","[181.88929748535156, 181.92149353027344, 163.518798828125, 163.51820373535156]"
4.4811580181122,"[5.057786464691162, 0.4975143373012543, -20.6209774017334]","[5.057786464691162, 0.4975143373012543, -20.6209774017334]","[0.6391469240188599, 0.5024024844169617, -0.03986848518252373]","[0.6391469240188599, 0.5024024844169617, -0.03986848518252373]","[0.0012495539849624038, -0.009181767702102661, 0.6733455657958984, 0.7392698526382446]","[[0.09304288832973207, -0.9955911006299409, -0.011892844842189998], [0.9955452081722562, 0.09320837527568016, -0.01421252031741102], [0.015258371382178115, -0.01051748995610427, 0.9998282675134066]]","[0.0014607799239456654, -0.0009990559192374349, 0.12097706645727158]",[0.0],"[0.0012495539849624038, -0.009181767702102661, 0.6733455657958984, 0.7392698526382446]",[0.44],"[0.01563727855682373, 0.02060234546661377, 3.260214726030826]","[180.7056884765625, 180.73411560058594, 164.82823181152344, 164.82730102539062]"
4.5121541023254,"[5.076966285705566, 0.5125930309295654, -20.618255615234375]","[5.076966285705566, 0.5125930309295654, -20.618255615234375]","[0.6394597291946411, 0.5028179287910461, 0.2213285118341446]","[0.6394597291946411, 0.5028179287910461, 0.2213285118341446]","[0.0012596402084454894, -0.009180286899209023, 0.6747012734413147, 0.7380328178405762]","[[0.08938782789823296, -0.9959264917940438, -0.011850944312184211], [0.9958802363600305, 0.08955320984642712, -0.014247214147914522], [0.01525046772304843, -0.010528590897897261, 0.9998282712779869]]","[0.0015317803481593728, -0.0010487684048712254, 0.12366383522748947]",[0.0],"[0.0012596402084454894, -0.009180286899209023, 0.6747012734413147, 0.7380328178405762]",[0.44],"[0.0156402587890625, 0.020772218704223633, 3.2498498508334155]","[180.0025177001953, 180.03041076660156, 165.5957489013672, 165.595703125]"
4.5431897640228,"[5.098074913024902, 0.5291939973831177, -20.606212615966797]","[5.098074913024902, 0.5291939973831177, -20.606212615966797]","[0.6398067474365234, 0.5032825469970703, 0.5081520080566406]","[0.6398067474365234, 0.5032825469970703, 0.5081520080566406]","[0.001271773362532258, -0.00917849875986576, 0.676222026348114, 0.7366396188735962]","[[0.08527905248433143, -0.996287217466473, -0.011802489336064342], [0.9962405255855495, 0.08544430734832986, -0.014287083350598861], [0.015242493977132815, -0.010539728770321444, 0.999828275506059]]","[0.0016034012660384178, -0.0011007855646312237, 0.12626641988754272]",[0.0],"[0.001271773362532258, -0.00917849875986576, 0.676222026348114, 0.7366396188735962]",[0.44],"[0.01735091209411621, 0.023230910301208496, 4.531174811124801]","[179.13778686523438, 179.16297912597656, 166.5319366455078, 166.53271484375]"
4.5741264820099,"[5.117274761199951, 0.544299304485321, -20.587068557739258]","[5.117274761199951, 0.544299304485321, -20.587068557739258]","[0.6401315331459045, 0.503720223903656, 0.767874002456665]","[0.6401315331459045, 0.503720223903656, 0.767874002456665]","[0.001283664139918983, -0.009176753461360931, 0.6776278018951416, 0.7353466749191284]","[[0.08147269858933626, -0.9966062616513789, -0.01175649726971889], [0.9965591421740221, 0.08163782861026925, -0.014324722867115974], [0.015235883307738562, -0.010548970239106586, 0.9998282788045706]]","[0.001661562011577189, -0.001143113593570888, 0.1283493936061859]",[0.0],"[0.001283664139918983, -0.009176753461360931, 0.6776278018951416, 0.7353466749191284]",[0.44],"[0.016239285469055176, 0.021883845329284668, 3.17609972000122]","[178.3770751953125, 178.40081787109375, 167.3475799560547, 167.3478240966797]"
4.6049854755402,"[5.136484146118164, 0.5594181418418884, -20.560152053833008]","[5.136484146118164, 0.5594181418418884, -20.560152053833008]","[0.6404714584350586, 0.5041804313659668, 1.0260690450668335]","[0.6404714584350586, 0.5041804313659668, 1.0260690450668335]","[0.0012963359476998448, -0.009174867533147335, 0.6790527105331421, 0.7340311408042908]","[[0.07760647624668382, -0.9969154589789735, -0.011708716086074517], [0.996867884136579, 0.07777147166140685, -0.014363539243443899], [0.015229837842263033, -0.010557335425220984, 0.9998282826377198]]","[0.0017183051677420735, -0.0011823450913652778, 0.13019457459449768]",[0.0],"[0.0012963359476998448, -0.009174867533147335, 0.6790527105331421, 0.7340311408042908]",[0.44],"[0.016996264457702637, 0.02301037311553955, 3.0997521305084224]","[177.70945739746094, 177.7303466796875, 168.05702209472656, 168.05908203125]"
4.6359770298004,"[5.157627105712891, 0.5760653018951416, -20.521635055541992]","[5.157627105712891, 0.5760653018951416, -20.521635055541992]","[0.6408698558807373, 0.5047217607498169, 1.3077013492584229]","[0.6408698558807373, 0.5047217607498169, 1.3077013492584229]","[0.001311085419729352, -0.009172665886580944, 0.6806390285491943, 0.7325602769851685]","[[0.0732927500322843, -0.9972422828588354, -0.011654309512273087], [0.9971941782648197, 0.07345758774126243, -0.014407446992953876], [0.015223813137991482, -0.010565650600041276, 0.9998282865111107]]","[0.0017703522462397814, -0.0012214394519105554, 0.13198193907737732]",[0.0],"[0.001311085419729352, -0.009172665886580944, 0.6806390285491943, 0.7325602769851685]",[0.44],"[0.019919872283935547, 0.027066469192504883, 4.271615209579467]","[177.22352600097656, 177.24351501464844, 168.57020568847656, 168.5716094970703]"
4.6679801940918,"[5.176858901977539, 0.5912151336669922, -20.478593826293945]","[5.176858901977539, 0.5912151336669922, -20.478593826293945]","[0.6412603259086609, 0.5052539110183716, 1.5610209703445435]","[0.6412603259086609, 0.5052539110183716, 1.5610209703445435]","[0.0013251659693196416, -0.009170547127723694, 0.6820960640907288, 0.7312039136886597]","[[0.06932172083462929, -0.9975269281434909, -0.011603298917035917], [0.997478318155596, 0.06948640657418037, -0.014448321288864835], [0.01521886088479553, -0.010572455116650642, 0.9998282900010639]]","[0.0018152964767068624, -0.0012521769385784864, 0.1334124505519867]",[0.0],"[0.0013251659693196416, -0.009170547127723694, 0.6820960640907288, 0.7312039136886597]",[0.44],"[0.0195235013961792, 0.026607513427734375, 2.8559810543060298]","[176.69705200195312, 176.71351623535156, 169.1239471435547, 169.1251678466797]"
4.6989796161652,"[5.198028564453125, 0.6078991293907166, -20.422531127929688]","[5.198028564453125, 0.6078991293907166, -20.422531127929688]","[0.6417274475097656, 0.5058921575546265, 1.8361008167266846]","[0.6417274475097656, 0.5058921575546265, 1.8361008167266846]","[0.0013413100969046354, -0.009168091230094433, 0.6837126612663269, 0.7296925783157349]","[[0.0649058858546272, -0.9978247037597501, -0.011545634863966842], [0.9977755147464049, 0.06507039542268178, -0.014494168153183218], [0.015213917647719094, -0.010579192061458131, 0.9998282939808412]]","[0.0018584521021693945, -0.0012847045436501503, 0.13479816913604736]",[0.0],"[0.0013413100969046354, -0.009168091230094433, 0.6837126612663269, 0.7296925783157349]",[0.44],"[0.023356080055236816, 0.03191232681274414, 3.943992319107055]","[176.23374938964844, 176.24960327148438, 169.60650634765625, 169.60873413085938]"
4.7299773693085,"[5.217287540435791, 0.623085618019104, -20.36374282836914]","[5.217287540435791, 0.623085618019104, -20.36374282836914]","[0.642191469669342, 0.5065279006958008, 2.0824332237243652]","[0.642191469669342, 0.5065279006958008, 2.0824332237243652]","[0.001356553635559976, -0.00916576199233532, 0.6851929426193237, 0.7283027768135071]","[[0.060853240383544005, -0.9980807132208498, -0.011491897866518469], [0.9980309778298362, 0.061017582293811934, -0.014536594421102764], [0.015209901775999596, -0.010584667302403608, 0.9998282971386674]]","[0.0018943945178762078, -0.0013116500340402126, 0.13590720295906067]",[0.0],"[0.001356553635559976, -0.00916576199233532, 0.6851929426193237, 0.7283027768135071]",[0.44],"[0.0232011079788208, 0.03178715705871582, 2.5066203498840327]","[175.82809448242188, 175.84178161621094, 170.02774047851562, 170.03077697753906]"
4.7609856128693,"[5.236560821533203, 0.6382920145988464, -20.29762077331543]","[5.236560821533203, 0.6382920145988464, -20.29762077331543]","[0.6426976323127747, 0.5072231888771057, 2.3247628211975098]","[0.6426976323127747, 0.5072231888771057, 2.3247628211975098]","[0.0013722693547606468, -0.00916333869099617, 0.6866817474365234, 0.7268990874290466]","[[0.05676842192311349, -0.9983218202693298, -0.011437020427615519], [0.9982715219938381, 0.056932589228681274, -0.014579597532736632], [0.015206269701538044, -0.010589592166007189, 0.9998283002017041]]","[0.0019266640301793814, -0.0013347710482776165, 0.13688963651657104]",[0.0],"[0.0013722693547606468, -0.00916333869099617, 0.6866817474365234, 0.7268990874290466]",[0.44],"[0.02530813217163086, 0.03476440906524658, 2.306479873657226]","[175.56419372558594, 175.5775909423828, 170.30072021484375, 170.30307006835938]"
4.7919783592224,"[5.257780075073242, 0.6550443172454834, -20.21657371520996]","[5.257780075073242, 0.6550443172454834, -20.21657371520996]","[0.6433079838752747, 0.5080640912055969, 2.586230754852295]","[0.6433079838752747, 0.5080640912055969, 2.586230754852295]","[0.0013900517951697111, -0.009160575456917286, 0.6883278489112854, 0.7253406047821045]","[[0.05224171254092158, -0.9985697437840709, -0.011375451960056099], [0.9985188090866363, 0.05240568033833881, -0.014627480417672478], [0.01520269740823385, -0.010594436378525085, 0.9998283032266098]]","[0.0019580363295972347, -0.0013582778628915548, 0.1378413289785385]",[0.0],"[0.0013900517951697111, -0.009160575456917286, 0.6883278489112854, 0.7253406047821045]",[0.44],"[0.030517578125, 0.04204511642456055, 3.2633966827392573]","[175.2403564453125, 175.25296020507812, 170.63455200195312, 170.636474609375]"
4.8229792118073,"[5.277088642120361, 0.6702989339828491, -20.135482788085938]","[5.277088642120361, 0.6702989339828491, -20.135482788085938]","[0.6439152359962463, 0.508903980255127, 2.818904399871826]","[0.6439152359962463, 0.508903980255127, 2.818904399871826]","[0.0014066146686673164, -0.009157976135611534, 0.689830482006073, 0.723911702632904]","[[0.048100075136737086, -0.9987784810013217, -0.011318480844236922], [0.998726954027051, 0.04826385506088582, -0.014671431823144787], [0.015199783543771272, -0.010598372544171286, 0.9998283058165469]]","[0.0019829128868877888, -0.0013774243416264653, 0.13860300183296204]",[0.0],"[0.0014066146686673164, -0.009157976135611534, 0.689830482006073, 0.723911702632904]",[0.44],"[0.030362606048583984, 0.041994452476501465, 1.823682250976562]","[174.95675659179688, 174.96804809570312, 170.9254913330078, 170.92848205566406]"
4.8529908657074,"[5.29641580581665, 0.6855798959732056, -20.047487258911133]","[5.29641580581665, 0.6855798959732056, -20.047487258911133]","[0.6445755958557129, 0.5098211169242859, 3.0464541912078857]","[0.6445755958557129, 0.5098211169242859, 3.0464541912078857]","[0.001423529931344092, -0.009155301377177238, 0.6913378238677979, 0.7224723100662231]","[[0.04393638749286155, -0.998970934982929, -0.011260623300751227], [0.9989188036007655, 0.04409997370454455, -0.014715734177796286], [0.015197183640535628, -0.010601890346009973, 0.9998283080384552]]","[0.002005665097385645, -0.0013943297090008855, 0.13927771151065826]",[0.0],"[0.001423529931344092, -0.009155301377177238, 0.6913378238677979, 0.7224723100662231]",[0.44],"[0.03301799297332764, 0.04585683345794678, 1.567489566802978]","[174.75148010253906, 174.7608184814453, 171.13650512695312, 171.13919067382812]"
4.8849215507507,"[5.317699909210205, 0.7024223208427429, -19.942907333374023]","[5.317699909210205, 0.7024223208427429, -19.942907333374023]","[0.6453665494918823, 0.5109248757362366, 3.290494203567505]","[0.6453665494918823, 0.5109248757362366, 3.290494203567505]","[0.001442475593648851, -0.009152267128229141, 0.6930004358291626, 0.7208777070045471]","[[0.039333263894008486, -0.9991635341112751, -0.011196058252438662], [0.999110726423439, 0.039496630409504796, -0.01476474721409464], [0.015194603112724997, -0.010605353220656213, 0.9998283105411505]]","[0.0020276098512113094, -0.0014110732590779662, 0.13993126153945923]",[0.0],"[0.001442475593648851, -0.009152267128229141, 0.6930004358291626, 0.7208777070045471]",[0.44],"[0.03954768180847168, 0.05518794059753418, 2.3920006179809565]","[174.528076171875, 174.5369415283203, 171.36428833007812, 171.3675537109375]"
4.9153645038605,"[5.337073802947998, 0.7177665829658508, -19.8409366607666]","[5.337073802947998, 0.7177665829658508, -19.8409366607666]","[0.6461464762687683, 0.512019157409668, 3.5063774585723877]","[0.6461464762687683, 0.512019157409668, 3.5063774585723877]","[0.0014599942369386554, -0.009149433113634586, 0.6945149898529053, 0.7194186449050903]","[[0.035130433486636026, -0.9993207819717337, -0.01113656977921601], [0.999267349493265, 0.03529359457289394, -0.014809531043166818], [0.015192521309827012, -0.010608142741136223, 0.9998283125810544]]","[0.0020466260612010956, -0.0014243682380765676, 0.14045436680316925]",[0.0],"[0.0014599942369386554, -0.009149433113634586, 0.6945149898529053, 0.7194186449050903]",[0.44],"[0.038996338844299316, 0.054714083671569824, 0.9841627502441401]","[174.3327178955078, 174.34036254882812, 171.5638885498047, 171.56666564941406]"
4.9466779232025,"[5.356471538543701, 0.7331451773643494, -19.732576370239258]","[5.356471538543701, 0.7331451773643494, -19.732576370239258]","[0.6469862461090088, 0.5132039785385132, 3.7163496017456055]","[0.6469862461090088, 0.5132039785385132, 3.7163496017456055]","[0.001477756886743009, -0.009146527387201786, 0.6960317492485046, 0.717951238155365]","[[0.030912290149643806, -0.9994607450244893, -0.011076389903239434], [0.9994066796491444, 0.031075240545300864, -0.01485446168678635], [0.015190652746614478, -0.010610632140667306, 0.9998283145426777]]","[0.002062191953882575, -0.0014368307311087847, 0.14091776311397552]",[0.0],"[0.001477756886743009, -0.009146527387201786, 0.6960317492485046, 0.717951238155365]",[0.44],"[0.041988492012023926, 0.05924105644226074, 0.6886071586608882]","[174.16090393066406, 174.1687774658203, 171.73812866210938, 171.74102783203125]"
4.9777100086212,"[5.375895023345947, 0.7485605478286743, -19.61800765991211]","[5.375895023345947, 0.7485605478286743, -19.61800765991211]","[0.6478869915008545, 0.5144824981689453, 3.920229434967041]","[0.6478869915008545, 0.5144824981689453, 3.920229434967041]","[0.0014957485254853964, -0.00914354994893074, 0.6975500583648682, 0.7164761424064636]","[[0.02668062313900088, -0.9995833028080362, -0.011015551848118421], [0.999528597002621, 0.026843357623035025, -0.014899503868177316], [0.015188989733124436, -0.010612831333977585, 0.9998283164613598]]","[0.0020772970747202635, -0.001447163405828178, 0.14132824540138245]",[0.0],"[0.0014957485254853964, -0.00914354994893074, 0.6975500583648682, 0.7164761424064636]",[0.44],"[0.045037269592285156, 0.06392598152160645, 0.38399166107177685]","[174.05062866210938, 174.056396484375, 171.8506317138672, 171.85418701171875]"
5.0082697868347,"[5.397293567657471, 0.7655636072158813, -19.485036849975586]","[5.397293567657471, 0.7655636072158813, -19.485036849975586]","[0.6489492654800415, 0.5160001516342163, 4.13728666305542]","[0.6489492654800415, 0.5160001516342163, 4.13728666305542]","[0.0015157409943640232, -0.00914020836353302, 0.6992214918136597, 0.7148451209068298]","[[0.022011523953902934, -0.9996978520894062, -0.010947989346922093], [0.9996424353353517, 0.022174015830236593, -0.014949100363633672], [0.015187344064051422, -0.010615020146115317, 0.9998283182406185]]","[0.002091024536639452, -0.0014578349655494094, 0.14172588288784027]",[0.0],"[0.0015157409943640232, -0.00914020836353302, 0.6992214918136597, 0.7148451209068298]",[0.44],"[0.053113698959350586, 0.0758826732635498, 1.0428614044189448]","[173.90199279785156, 173.9087677001953, 172.00064086914062, 172.00396728515625]"
5.0392575263977,"[5.416777610778809, 0.7810659408569336, -19.3580379486084]","[5.416777610778809, 0.7810659408569336, -19.3580379486084]","[0.6499803066253662, 0.5174835920333862, 4.327937126159668]","[0.6499803066253662, 0.5174835920333862, 4.327937126159668]","[0.0015341145917773247, -0.009137103334069252, 0.7007413506507874, 0.7133552432060242]","[[0.017756145661545597, -0.9997830679631233, -0.010885966079956844], [0.9997269985089178, 0.017918411961059144, -0.014994229638149448], [0.015186036204337339, -0.010616754887256552, 0.9998283196701637]]","[0.002102418802678585, -0.0014667786890640855, 0.14204412698745728]",[0.0],"[0.0015341145917773247, -0.009137103334069252, 0.7007413506507874, 0.7133552432060242]",[0.44],"[0.05155205726623535, 0.0741720199584961, -0.27747684478759815]","[173.7846221923828, 173.78976440429688, 172.1198272705078, 172.12359619140625]"
5.0702660083771,"[5.436293601989746, 0.796614408493042, -19.22541618347168]","[5.436293601989746, 0.796614408493042, -19.22541618347168]","[0.6510735750198364, 0.5190675854682922, 4.512152194976807]","[0.6510735750198364, 0.5190675854682922, 4.512152194976807]","[0.0015526346396654844, -0.009133940562605858, 0.7022613286972046, 0.7118589282035828]","[[0.013491194692471065, -0.9998503568754603, -0.010823443748278094], [0.9997936301854037, 0.013653231084225004, -0.01503934013244182], [0.015184864808409249, -0.010618312810505709, 0.999828320910949]]","[0.002112737623974681, -0.0014744726940989494, 0.14232602715492249]",[0.0],"[0.0015526346396654844, -0.009133940562605858, 0.7022613286972046, 0.7118589282035828]",[0.44],"[0.05466341972351074, 0.07919967174530029, -0.5992465591430669]","[173.7079315185547, 173.71322631835938, 172.19737243652344, 172.20069885253906]"
5.1022646427155,"[5.457800388336182, 0.8137743473052979, -19.073272705078125]","[5.457800388336182, 0.8137743473052979, -19.073272705078125]","[0.6523475050926208, 0.5209274291992188, 4.707302093505859]","[0.6523475050926208, 0.5209274291992188, 4.707302093505859]","[0.0015731632011011243, -0.009130388498306274, 0.7039329409599304, 0.7102060317993164]","[[0.00879010127474622, -0.9999035684863439, -0.010754111170814332], [0.9998461141215548, 0.008951879578091626, -0.015088902444292396], [0.015183716765858543, -0.010619822466585438, 0.9998283223268254]]","[0.0021222427021712065, -0.0014815216418355703, 0.14259910583496094]",[0.0],"[0.0015731632011011243, -0.009130388498306274, 0.7039329409599304, 0.7102060317993164]",[0.44],"[0.06369650363922119, 0.09299218654632568, -0.05250507354736378]","[173.6147918701172, 173.61842346191406, 172.29205322265625, 172.29550170898438]"
5.132096529007,"[5.477389335632324, 0.8294292688369751, -18.929475784301758]","[5.477389335632324, 0.8294292688369751, -18.929475784301758]","[0.653569757938385, 0.5227259993553162, 4.877889156341553]","[0.653569757938385, 0.5227259993553162, 4.877889156341553]","[0.0015919457655400038, -0.009127100929617882, 0.7054517865180969, 0.7086973786354065]","[[0.004508945854091895, -0.9999327234174324, -0.010690623038041719], [0.9998746040187263, 0.004670485214209985, -0.015133874894995708], [0.01518278697540218, -0.010621043731123964, 0.9998283234746003]]","[0.0021301417145878077, -0.001487863133661449, 0.1428176611661911]",[0.0],"[0.0015919457655400038, -0.009127100929617882, 0.7054517865180969, 0.7086973786354065]",[0.44],"[0.06111264228820801, 0.0899285078048706, -1.2806468582153325]","[173.53228759765625, 173.536376953125, 172.37486267089844, 172.37844848632812]"
5.1636462211609,"[5.497015953063965, 0.8451396822929382, -18.780656814575195]","[5.497015953063965, 0.8451396822929382, -18.780656814575195]","[0.6548518538475037, 0.5246275663375854, 5.0419921875]","[0.6548518538475037, 0.5246275663375854, 5.0419921875]","[0.0016108335694298148, -0.009123765863478184, 0.7069695591926575, 0.707183301448822]","[[0.00022159854281600389, -0.9999435275240288, -0.010626729132936066], [0.9998847400506988, 0.00038289518030232284, -0.015178758664788308], [0.015181970326986191, -0.010622140257932441, 0.9998283242233601]]","[0.00213732966221869, -0.00149346177931875, 0.14301127195358276]",[0.0],"[0.0016108335694298148, -0.009123765863478184, 0.7069695591926575, 0.707183301448822]",[0.44],"[0.06410479545593262, 0.09507834911346436, -1.6048484420776372]","[173.46022033691406, 173.46435546875, 172.44761657714844, 172.45068359375]"
5.1956446170807,"[5.518650531768799, 0.8624889850616455, -18.61139488220215]","[5.518650531768799, 0.8624889850616455, -18.61139488220215]","[0.6563301682472229, 0.5268381834030151, 5.215065002441406]","[0.6563301682472229, 0.5268381834030151, 5.215065002441406]","[0.0016317192930728197, -0.009120029397308826, 0.7086375951766968, 0.7055118680000305]","[[-0.004500832468039562, -0.9999342296721635, -0.010555982680928], [0.9998747043604795, -0.004339807611326796, -0.0152279860531144], [0.01518117322431417, -0.010623196747084424, 0.9998283251118817]]","[0.0021438628900796175, -0.0014987715985625982, 0.14319878816604614]",[0.0],"[0.0016317192930728197, -0.009120029397308826, 0.7086375951766968, 0.7055118680000305]",[0.44],"[0.07391571998596191, 0.11053085327148438, -1.156359252929688]","[173.40829467773438, 173.41183471679688, 172.4998016357422, 172.5035400390625]"
5.2266838550568,"[5.5383620262146, 0.8783259391784668, -18.45266342163086]","[5.5383620262146, 0.8783259391784668, -18.45266342163086]","[0.6577339768409729, 0.5289554595947266, 5.365706443786621]","[0.6577339768409729, 0.5289554595947266, 5.365706443786621]","[0.0016507877735421062, -0.009116577915847301, 0.710152268409729, 0.7039871215820312]","[[-0.008798712640758932, -0.9999062017161504, -0.010491285527223365], [0.9998460035747103, -0.008637938855514227, -0.015272583640223436], [0.015180528255399256, -0.010624050308068567, 0.999828325813662]]","[0.002149999840185046, -0.0015025702305138111, 0.14334890246391296]",[0.0],"[0.0016507877735421062, -0.009116577915847301, 0.710152268409729, 0.7039871215820312]",[0.44],"[0.0701904296875, 0.10586380958557129, -2.2779279327392583]","[173.35166931152344, 173.35533142089844, 172.5569610595703, 172.56007385253906]"
5.2576451301575,"[5.560093879699707, 0.8958218097686768, -18.272958755493164]","[5.560093879699707, 0.8958218097686768, -18.272958755493164]","[0.6593419909477234, 0.531402051448822, 5.524148464202881]","[0.6593419909477234, 0.531402051448822, 5.524148464202881]","[0.0016718496335670352, -0.009112716652452946, 0.7118164300918579, 0.702304482460022]","[[-0.013531343507009463, -0.9998542092683977, -0.010419703429179444], [0.999793268900413, -0.01337085045982822, -0.015321457855281911], [0.015179903580443715, -0.010624867888668815, 0.9998283266280297]]","[0.0021549800876528025, -0.0015069622313603759, 0.14349427819252014]",[0.0],"[0.0016718496335670352, -0.009112716652452946, 0.7118164300918579, 0.702304482460022]",[0.44],"[0.08040070533752441, 0.12232959270477295, -1.8878989791870122]","[173.30233764648438, 173.30560302734375, 172.60638427734375, 172.61012268066406]"
5.2886447906494,"[5.579897403717041, 0.911798894405365, -18.105152130126953]","[5.579897403717041, 0.911798894405365, -18.105152130126953]","[0.6608595848083496, 0.5337318181991577, 5.661696910858154]","[0.6608595848083496, 0.5337318181991577, 5.661696910858154]","[0.0016910588601604104, -0.009109151549637318, 0.713327169418335, 0.7007699012756348]","[[-0.017837254544656345, -0.9997872284039023, -0.010354282004212234], [0.999725611958156, -0.017677020620884942, -0.015365696882382651], [0.01517939492436432, -0.010625524280439058, 0.9998283273559544]]","[0.002159728202968836, -0.0015101752942427993, 0.1436106264591217]",[0.0],"[0.0016910588601604104, -0.009109151549637318, 0.713327169418335, 0.7007699012756348]",[0.44],"[0.07587969303131104, 0.11648833751678467, -2.9325776672363286]","[173.25921630859375, 173.26202392578125, 172.64991760253906, 172.6536102294922]"
5.3206512928009,"[5.601733207702637, 0.9294562339782715, -17.915908813476562]","[5.601733207702637, 0.9294562339782715, -17.915908813476562]","[0.6625877618789673, 0.5364091992378235, 5.806007385253906]","[0.6625877618789673, 0.5364091992378235, 5.806007385253906]","[0.0017122462159022689, -0.00910517293959856, 0.7149865031242371, 0.6990768909454346]","[[-0.022577207648169395, -0.9996922639399017, -0.010281966111478788], [0.9996299027482578, -0.022417262873857036, -0.015414135043142096], [0.01517889784906147, -0.010626167998557923, 0.9998283280772723]]","[0.0021635033190250397, -0.001513439230620861, 0.14372336864471436]",[0.0],"[0.0017122462159022689, -0.00910517293959856, 0.7149865031242371, 0.6990768909454346]",[0.44],"[0.08640885353088379, 0.13386905193328857, -2.594476280212403]","[173.23094177246094, 173.23410034179688, 172.67803955078125, 172.681884765625]"
5.3516442775726,"[5.621634006500244, 0.945586621761322, -17.739835739135742]","[5.621634006500244, 0.945586621761322, -17.739835739135742]","[0.6642099618911743, 0.5389456152915955, 5.9309892654418945]","[0.6642099618911743, 0.5389456152915955, 5.9309892654418945]","[0.0017315554432570934, -0.009101503528654575, 0.7164925932884216, 0.6975332498550415]","[[-0.026888947207299285, -0.9995863337030322, -0.010215909369895193], [0.9995232946711248, -0.02672926904284134, -0.015457954723417489], [0.015178495969743022, -0.01062668474086026, 0.9998283286985297]]","[0.002166848164051771, -0.001515875686891377, 0.1438135802745819]",[0.0],"[0.0017315554432570934, -0.009101503528654575, 0.7164925932884216, 0.6975332498550415]",[0.44],"[0.08111000061035156, 0.12682080268859863, -3.5609059906005864]","[173.19688415527344, 173.19924926757812, 172.712158203125, 172.71685791015625]"
5.3836538791656,"[5.643584251403809, 0.9634197354316711, -17.541929244995117]","[5.643584251403809, 0.9634197354316711, -17.541929244995117]","[0.6660475134849548, 0.5418460965156555, 6.061819553375244]","[0.6660475134849548, 0.5418460965156555, 6.061819553375244]","[0.0017528417520225048, -0.009097414091229439, 0.7181463837623596, 0.6958304643630981]","[[-0.031633982908203295, -0.9994481560425938, -0.010142921812161865], [0.9993843707335757, -0.03147460193032381, -0.015505911442940001], [0.015178109674252427, -0.010627188681880617, 0.9998283292052901]]","[0.0021697820629924536, -0.0015182583592832088, 0.14390094578266144]",[0.0],"[0.0017528417520225048, -0.009097414091229439, 0.7181463837623596, 0.6958304643630981]",[0.44],"[0.09187757968902588, 0.14502406120300293, -3.26848560333252]","[173.1639862060547, 173.166748046875, 172.7451171875, 172.74948120117188]"
5.4156451225281,"[5.663591384887695, 0.9797162413597107, -17.35835838317871]","[5.663591384887695, 0.9797162413597107, -17.35835838317871]","[0.6677637696266174, 0.5445812344551086, 6.174881935119629]","[0.6677637696266174, 0.5445812344551086, 6.174881935119629]","[0.0017722353804856539, -0.009093645960092545, 0.7196471095085144, 0.6942781209945679]","[[-0.03594931324161443, -0.999302718099703, -0.010076270722455344], [0.9992382537752706, -0.035790206084407084, -0.015549280559996104], [0.015177806998196236, -0.010627583560301412, 0.9998283295698173]]","[0.0021726349368691444, -0.0015198721084743738, 0.14397087693214417]",[0.0],"[0.0017722353804856539, -0.009093645960092545, 0.7196471095085144, 0.6942781209945679]",[0.44],"[0.08581280708312988, 0.13675689697265625, -4.156880912780762]","[173.13931274414062, 173.1392822265625, 172.7716064453125, 172.77525329589844]"
5.4458589553833,"[5.683650970458984, 0.9960961937904358, -17.171478271484375]","[5.683650970458984, 0.9960961937904358, -17.171478271484375]","[0.6695212125778198, 0.5474077463150024, 6.282519817352295]","[0.6695212125778198, 0.5474077463150024, 6.282519817352295]","[0.0017916472861543298, -0.00908982940018177, 0.7211452126502991, 0.6927219033241272]","[[-0.04026608545393895, -0.9991387400967481, -0.01000937211963486], [0.9990735970240424, -0.040107255456886204, -0.015592400547798715], [0.015177523572307242, -0.010627947275197377, 0.9998283300029552]]","[0.0021757767535746098, -0.0015231703873723745, 0.1440328061580658]",[0.0],"[0.0017916472861543298, -0.00908982940018177, 0.7211452126502991, 0.6927219033241272]",[0.44],"[0.08787214756011963, 0.14132559299468994, -4.4281058883667]","[173.12110900878906, 173.12368774414062, 172.7884063720703, 172.79229736328125]"
5.4778597354889,"[5.705778121948242, 1.0142136812210083, -16.962282180786133]","[5.705778121948242, 1.0142136812210083, -16.962282180786133]","[0.6714988946914673, 0.5506197214126587, 6.394861221313477]","[0.6714988946914673, 0.5506197214126587, 6.394861221313477]","[0.0018130297539755702, -0.009085576981306076, 0.722790002822876, 0.6910056471824646]","[[-0.045015871779552574, -0.9989368921980719, -0.009935490441999095], [0.9988710025124754, -0.04485735051516371, -0.01563955602094526], [0.015177249565974937, -0.010628300826917444, 0.999828330428056]]","[0.0021780880633741617, -0.0015225133392959833, 0.14409281313419342]",[0.0],"[0.0018130297539755702, -0.009085576981306076, 0.722790002822876, 0.6910056471824646]",[0.44],"[0.09888410568237305, 0.1605987548828125, -4.1929298019409185]","[173.10031127929688, 173.10305786132812, 172.8096160888672, 172.81260681152344]"
5.5088806152344,"[5.725951194763184, 1.0307775735855103, -16.768970489501953]","[5.725951194763184, 1.0307775735855103, -16.768970489501953]","[0.673334538936615, 0.5536305904388428, 6.491672039031982]","[0.673334538936615, 0.5536305904388428, 6.491672039031982]","[0.0018324999837204814, -0.009081668220460415, 0.7242821455001831, 0.689441442489624]","[[-0.04933420597602978, -0.9987335386399843, -0.009868062836576569], [0.9986669700125197, -0.0491759686930775, -0.01568218315114872], [0.015177050915929052, -0.010628577422594876, 0.9998283304922863]]","[0.0021775197237730026, -0.0015264758840203285, 0.14414082467556]",[0.0],"[0.0018324999837204814, -0.009081668220460415, 0.7242821455001831, 0.689441442489624]",[0.44],"[0.09178221225738525, 0.1505434513092041, -4.9694591140747075]","[173.08306884765625, 173.0840606689453, 172.8278045654297, 172.8307342529297]"
5.5396387577057,"[5.748205661773682, 1.0491037368774414, -16.55306053161621]","[5.748205661773682, 1.0491037368774414, -16.55306053161621]","[0.675392210483551, 0.5570396184921265, 6.592535972595215]","[0.675392210483551, 0.5570396184921265, 6.592535972595215]","[0.0018539271550253034, -0.00907729659229517, 0.7259201407432556, 0.687716543674469]","[[-0.05408489610026512, -0.998488237644565, -0.009793607954115116], [0.9984209230579784, -0.05392697556520831, -0.015728737590250855], [0.015176820199329963, -0.010628832089137882, 0.9998283312813587]]","[0.0021820138208568096, -0.0015249866992235184, 0.1441873461008072]",[0.0],"[0.0018539271550253034, -0.00907729659229517, 0.7259201407432556, 0.687716543674469]",[0.44],"[0.10288357734680176, 0.17045140266418457, -4.766803321838379]","[173.06698608398438, 173.06838989257812, 172.8424835205078, 172.84783935546875]"
5.5701704025269,"[5.768496036529541, 1.065863013267517, -16.35396957397461]","[5.768496036529541, 1.065863013267517, -16.35396957397461]","[0.6772950291633606, 0.560224175453186, 6.679309368133545]","[0.6772950291633606, 0.560224175453186, 6.679309368133545]","[0.0018734210170805454, -0.009073305875062943, 0.7274061441421509, 0.6861446499824524]","[[-0.05840404683050804, -0.9982456645788443, -0.009725724650878731], [0.9981776720911614, -0.05824641648411766, -0.01577083249847272], [0.015176676484436435, -0.010629081266334717, 0.9998283308283806]]","[0.0021813197527080774, -0.0015296555357053876, 0.14422455430030823]",[0.0],"[0.0018734210170805454, -0.009073305875062943, 0.7274061441421509, 0.6861446499824524]",[0.44],"[0.09514093399047852, 0.15922784805297852, -5.471330223083497]","[173.05487060546875, 173.05752563476562, 172.85560607910156, 172.8577423095703]"
5.6016891002655,"[5.788844108581543, 1.082718849182129, -16.1523380279541]","[5.788844108581543, 1.082718849182129, -16.1523380279541]","[0.6792260408401489, 0.5634874701499939, 6.761585712432861]","[0.6792260408401489, 0.5634874701499939, 6.761585712432861]","[0.0018929482903331518, -0.009069235064089298, 0.7288891077041626, 0.6845691204071045]","[[-0.06272316470883621, -0.997984285856734, -0.00965753776063566], [0.9979156154846973, -0.06256582916600051, -0.0158126411990257], [0.015176535321719864, -0.010629225414667709, 0.9998283314442449]]","[0.0021846548188477755, -0.0015276633203029633, 0.1442575454711914]",[0.0],"[0.0018929482903331518, -0.009069235064089298, 0.7288891077041626, 0.6845691204071045]",[0.44],"[0.0965505838394165, 0.16316473484039307, -5.69618278503418]","[173.04379272460938, 173.04368591308594, 172.86671447753906, 172.87156677246094]"
5.6326944828033,"[5.811294078826904, 1.1013747453689575, -15.927772521972656]","[5.811294078826904, 1.1013747453689575, -15.927772521972656]","[0.6813797354698181, 0.5671650171279907, 6.847110748291016]","[0.6813797354698181, 0.5671650171279907, 6.847110748291016]","[0.0019143923418596387, -0.009064724668860435, 0.7305168509483337, 0.682831883430481]","[[-0.06747407750558465, -0.9976751013004835, -0.00958237430672361], [0.9976056875425351, -0.06731706883501731, -0.015858284496453018], [0.015176357766943246, -0.010629451982785393, 0.9998283317372784]]","[0.0021834319923073053, -0.0015290721785277128, 0.14428949356079102]",[0.0],"[0.0019143923418596387, -0.009064724668860435, 0.7305168509483337, 0.682831883430481]",[0.44],"[0.10768473148345947, 0.1838773488998413, -5.533748207092286]","[173.0313720703125, 173.0343017578125, 172.87786865234375, 172.88223266601562]"
5.6636917591095,"[5.831766128540039, 1.1184412240982056, -15.721243858337402]","[5.831766128540039, 1.1184412240982056, -15.721243858337402]","[0.6833621263504028, 0.5705854892730713, 6.920530319213867]","[0.6833621263504028, 0.5705854892730713, 6.920530319213867]","[0.0019339397549629211, -0.009060577489435673, 0.7319931983947754, 0.6812489032745361]","[[-0.07179227312131009, -0.9973741724437408, -0.00951375546194777], [0.9973040819997019, -0.07163556523837755, -0.015899550865726475], [0.015176278448900238, -0.010629573517456414, 0.9998283316251642]]","[0.0021882751025259495, -0.001532197231426835, 0.14431504905223846]",[0.0],"[0.0019339397549629211, -0.009060577489435673, 0.7319931983947754, 0.6812489032745361]",[0.44],"[0.09911954402923584, 0.17102360725402832, -6.139021453857422]","[173.0233612060547, 173.0232391357422, 172.8877716064453, 172.89141845703125]"
5.6947226524353,"[5.852297306060791, 1.1356112957000732, -15.512572288513184]","[5.852297306060791, 1.1356112957000732, -15.512572288513184]","[0.6853653192520142, 0.5740767121315002, 6.99000883102417]","[0.6853653192520142, 0.5740767121315002, 6.99000883102417]","[0.001953480066731572, -0.00905638188123703, 0.7334664463996887, 0.6796625256538391]","[[-0.07611009209393238, -0.9970546978076807, -0.009444942600057987], [0.9969839319617538, -0.07595368815711723, -0.015940518863277325], [0.01517619093069092, -0.010629690079400483, 0.9998283317257002]]","[0.0021857076790183783, -0.0015307945432141423, 0.1443376988172531]",[0.0],"[0.001953480066731572, -0.00905638188123703, 0.7334664463996887, 0.6796625256538391]",[0.44],"[0.1001596450805664, 0.17456114292144775, -6.336074409484864]","[173.01661682128906, 173.0176239013672, 172.89390563964844, 172.89764404296875]"
5.7256906032562,"[5.874951362609863, 1.15462064743042, -15.280694007873535]","[5.874951362609863, 1.15462064743042, -15.280694007873535]","[0.6875903606414795, 0.577995777130127, 7.062091827392578]","[0.6875903606414795, 0.577995777130127, 7.062091827392578]","[0.0019749575294554234, -0.009051719680428505, 0.735083281993866, 0.67791348695755]","[[-0.08085873019209311, -0.9966814953251982, -0.009369049177941957], [0.9966099882774487, -0.08070266384823332, -0.015985236311528095], [0.015176082228144316, -0.010629834929983317, 0.9998283318271676]]","[0.002186953090131283, -0.0015313950134441257, 0.14435963332653046]",[0.0],"[0.0019749575294554234, -0.009051719680428505, 0.735083281993866, 0.67791348695755]",[0.44],"[0.1112520694732666, 0.19595324993133545, -6.20585018157959]","[173.00914001464844, 173.0099639892578, 172.90147399902344, 172.90524291992188]"
5.7576901912689,"[5.895610332489014, 1.1720153093338013, -15.067890167236328]","[5.895610332489014, 1.1720153093338013, -15.067890167236328]","[0.6896302103996277, 0.5816274881362915, 7.123858451843262]","[0.6896302103996277, 0.5816274881362915, 7.123858451843262]","[0.0019944708328694105, -0.009047437459230423, 0.7365497350692749, 0.67631995677948]","[[-0.08517473671039544, -0.9963226596762281, -0.009299871095676815], [0.9962504802757296, -0.08501898028904442, -0.01602557618227235], [0.015175978949890256, -0.010629974472335657, 0.9998283319230363]]","[0.0021878040861338377, -0.0015311359893530607, 0.1443771868944168]",[0.0],"[0.0019944708328694105, -0.009047437459230423, 0.7365497350692749, 0.67631995677948]",[0.44],"[0.10199248790740967, 0.18158555030822754, -6.721668777465821]","[173.0009307861328, 173.0037841796875, 172.9096221923828, 172.9114990234375]"
5.7886893749237,"[5.918406009674072, 1.1912763118743896, -14.831729888916016]","[5.918406009674072, 1.1912763118743896, -14.831729888916016]","[0.6918902397155762, 0.5856950283050537, 7.187868118286133]","[0.6918902397155762, 0.5856950283050537, 7.187868118286133]","[0.0020159718114882708, -0.009042639285326004, 0.7381590008735657, 0.6745631098747253]","[[-0.08992095979181047, -0.9959061218343864, -0.009223446279254838], [0.9958332030107838, -0.08976554942601078, -0.016069611589387217], [0.015175877231884655, -0.010630010731077971, 0.9998283330648216]]","[0.002189935650676489, -0.0015342601109296083, 0.14439420402050018]",[0.0],"[0.0020159718114882708, -0.009042639285326004, 0.7381590008735657, 0.6745631098747253]",[0.44],"[0.11300146579742432, 0.20337700843811035, -6.609516677856446]","[172.99600219726562, 172.99722290039062, 172.9134521484375, 172.9191436767578]"
5.8197045326233,"[5.939194202423096, 1.2089039087295532, -14.61525821685791]","[5.939194202423096, 1.2089039087295532, -14.61525821685791]","[0.6939573884010315, 0.5894564986228943, 7.242658615112305]","[0.6939573884010315, 0.5894564986228943, 7.242658615112305]","[0.0020355270244181156, -0.009038280695676804, 0.7396185398101807, 0.6729625463485718]","[[-0.09423454989775526, -0.995507947083764, -0.009153821732063028], [0.9954343564253227, -0.09407945560242181, -0.016109426840089536], [0.015175875834240182, -0.01063009304203455, 0.999828332223598]]","[0.0021894697565585375, -0.0015342965489253402, 0.14440780878067017]",[0.0],"[0.0020355270244181156, -0.009038280695676804, 0.7396185398101807, 0.6729625463485718]",[0.44],"[0.10335743427276611, 0.1880735158920288, -7.070475158691407]","[172.99249267578125, 172.99331665039062, 172.9187774658203, 172.92124938964844]"
5.8503310680389,"[5.960044860839844, 1.2266451120376587, -14.39719009399414]","[5.960044860839844, 1.2266451120376587, -14.39719009399414]","[0.6960344910621643, 0.5932759046554565, 7.294373035430908]","[0.6960344910621643, 0.5932759046554565, 7.294373035430908]","[0.002055067103356123, -0.00903385877609253, 0.7410747408866882, 0.6713586449623108]","[[-0.09854676436931697, -0.9950909980869393, -0.009084001731147928], [0.995016737342991, -0.0983919897621428, -0.016148903235030987], [0.015175835015645511, -0.010630154971767836, 0.9998283321896286]]","[0.0021896010730415583, -0.0015341137768700719, 0.1444198340177536]",[0.0],"[0.002055067103356123, -0.00903385877609253, 0.7410747408866882, 0.6713586449623108]",[0.44],"[0.10385513305664062, 0.1909703016281128, -7.224278984069825]","[172.9878692626953, 172.9888458251953, 172.9224395751953, 172.92666625976562]"
5.8813300132751,"[5.9830522537231445, 1.2462937831878662, -14.155576705932617]","[5.9830522537231445, 1.2462937831878662, -14.155576705932617]","[0.6983286738395691, 0.5975415706634521, 7.347887992858887]","[0.6983286738395691, 0.5975415706634521, 7.347887992858887]","[0.0020765485242009163, -0.00902895350009203, 0.7426726222038269, 0.6695906519889832]","[[-0.1032882915448301, -0.9946107887517879, -0.009007014246606104], [0.994535792511525, -0.10313387164976318, -0.01619198810375244], [0.01517579719701323, -0.010630238182926632, 0.9998283318898397]]","[0.0021896520629525185, -0.0015342114493250847, 0.14443153142929077]",[0.0],"[0.0020765485242009163, -0.00902895350009203, 0.7426726222038269, 0.6695906519889832]",[0.44],"[0.11470913887023926, 0.21328330039978027, -7.134252128601075]","[172.98387145996094, 172.98486328125, 172.9268035888672, 172.93028259277344]"
5.9122695922852,"[6.004034042358398, 1.2642792463302612, -13.934442520141602]","[6.004034042358398, 1.2642792463302612, -13.934442520141602]","[0.7004208564758301, 0.6014754772186279, 7.393631935119629]","[0.7004208564758301, 0.6014754772186279, 7.393631935119629]","[0.0020960657857358456, -0.009024446830153465, 0.7441216707229614, 0.667979896068573]","[[-0.10759700296024333, -0.994154464212265, -0.008936842162510561], [0.9940788008753216, -0.10744290866261919, -0.016230832516626104], [0.015175754060218538, -0.010630313293791216, 0.9998283317352632]]","[0.0021895268000662327, -0.0015341693069785833, 0.14444087445735931]",[0.0],"[0.0020960657857358456, -0.009024446830153465, 0.7441216707229614, 0.667979896068573]",[0.44],"[0.10460913181304932, 0.19669532775878906, -7.522802886962891]","[172.9810028076172, 172.98196411132812, 172.92955017089844, 172.93333435058594]"
5.9433696269989,"[6.025078296661377, 1.2823835611343384, -13.71197509765625]","[6.025078296661377, 1.2823835611343384, -13.71197509765625]","[0.7025175094604492, 0.605460524559021, 7.43675422668457]","[0.7025175094604492, 0.605460524559021, 7.43675422668457]","[0.0021155718713998795, -0.009019902907311916, 0.7455673217773438, 0.6663659811019897]","[[-0.11190397990139722, -0.993679564213232, -0.008866510392177007], [0.9936032352017382, -0.11175021389316853, -0.01626937995794675], [0.015175715408925372, -0.010630399455238138, 0.9998283314143992]]","[0.0021898134145885706, -0.0015342109836637974, 0.1444491744041443]",[0.0],"[0.0021155718713998795, -0.009019902907311916, 0.7455673217773438, 0.6663659811019897]",[0.44],"[0.10483264923095703, 0.19925236701965332, -7.65388542175293]","[172.9774169921875, 172.9792938232422, 172.9331817626953, 172.9359588623047]"
5.9743361473083,"[6.048300743103027, 1.3024373054504395, -13.465813636779785]","[6.048300743103027, 1.3024373054504395, -13.465813636779785]","[0.7048271298408508, 0.6099005937576294, 7.481323719024658]","[0.7048271298408508, 0.6099005937576294, 7.481323719024658]","[0.0021370509639382362, -0.009014813229441643, 0.7471535801887512, 0.6645869016647339]","[[-0.11663947849286083, -0.9931354960813144, -0.0087888430289772], [0.9930584356201075, -0.1164860787513824, -0.016311412115867174], [0.0151756641439863, -0.010630387800573793, 0.9998283323112316]]","[0.0021936397533863783, -0.001534180250018835, 0.14445719122886658]",[0.0],"[0.0021370509639382362, -0.009014813229441643, 0.7471535801887512, 0.6645869016647339]",[0.44],"[0.11548101902008057, 0.22200345993041992, -7.581525382995606]","[172.9755096435547, 172.9757080078125, 172.93505859375, 172.93955993652344]"
6.0050032138824,"[6.069477081298828, 1.3207958936691284, -13.24079418182373]","[6.069477081298828, 1.3207958936691284, -13.24079418182373]","[0.706928014755249, 0.6139863729476929, 7.519378662109375]","[0.706928014755249, 0.6139863729476929, 7.519378662109375]","[0.0021565603092312813, -0.009010148234665394, 0.7485920190811157, 0.6629661917686462]","[[-0.12094238760630427, -0.9926212620133444, -0.008718079652498933], [0.9925435383010918, -0.12078932356861771, -0.01634930326947759], [0.015175614997129494, -0.010630396967355682, 0.999828332952844]]","[0.0021920446306467056, -0.0015341932885348797, 0.14446359872817993]",[0.0],"[0.0021565603092312813, -0.009010148234665394, 0.7485920190811157, 0.6629661917686462]",[0.44],"[0.10504424571990967, 0.20428895950317383, -7.907252845764161]","[172.97247314453125, 172.97396850585938, 172.9381103515625, 172.94129943847656]"
6.0360083580017,"[6.09071683883667, 1.339277744293213, -13.014664649963379]","[6.09071683883667, 1.339277744293213, -13.014664649963379]","[0.7090285420417786, 0.6181169748306274, 7.555215835571289]","[0.7090285420417786, 0.6181169748306274, 7.555215835571289]","[0.0021760642994195223, -0.009005439467728138, 0.750027060508728, 0.6613423228263855]","[[-0.1252433788707401, -0.9920884695896289, -0.008647142291376253], [0.9920100839283238, -0.1250906535023968, -0.016386893421934196], [0.015175570731262689, -0.010630399748343483, 0.9998283336083158]]","[0.00219279108569026, -0.0015341833932325244, 0.1444692760705948]",[0.0],"[0.0021760642994195223, -0.009005439467728138, 0.750027060508728, 0.6613423228263855]",[0.44],"[0.10502636432647705, 0.20653009414672852, -8.018141326904297]","[172.97128295898438, 172.9720458984375, 172.93930053710938, 172.94320678710938]"
6.0669963359833,"[6.114153861999512, 1.359751582145691, -12.76471996307373]","[6.114153861999512, 1.359751582145691, -12.76471996307373]","[0.711337149143219, 0.6227102875709534, 7.592218399047852]","[0.711337149143219, 0.6227102875709534, 7.592218399047852]","[0.0021975026465952396, -0.009000211954116821, 0.75160151720047, 0.6595524549484253]","[[-0.12997168894653477, -0.9914808076042403, -0.008568931132321767], [0.991401695645884, -0.1298193393518603, -0.016427882450315123], [0.015175516425253888, -0.010630409389044915, 0.9998283343337984]]","[0.002192538697272539, -0.0015341873513534665, 0.1444747895002365]",[0.0],"[0.0021975026465952396, -0.009000211954116821, 0.75160151720047, 0.6595524549484253]",[0.44],"[0.11543035507202148, 0.2296656370162964, -7.9598718261718755]","[172.9691925048828, 172.9703369140625, 172.94139099121094, 172.94491577148438]"
6.097996711731,"[6.135525703430176, 1.378496527671814, -12.536469459533691]","[6.135525703430176, 1.378496527671814, -12.536469459533691]","[0.7134326100349426, 0.626928985118866, 7.623782634735107]","[0.7134326100349426, 0.626928985118866, 7.623782634735107]","[0.0022169817239046097, -0.008995414711534977, 0.7530292272567749, 0.6579219698905945]","[[-0.13426786917753608, -0.9909088305039678, -0.00849765786520329], [0.9908290598239101, -0.13411586422179944, -0.01646482234416835], [0.015175466002780413, -0.010630418412157283, 0.9998283350124068]]","[0.0021925324108451605, -0.0015341801336035132, 0.1444791853427887]",[0.0],"[0.0022169817239046097, -0.008995414711534977, 0.7530292272567749, 0.6579219698905945]",[0.44],"[0.10477304458618164, 0.21093487739562988, -8.231788215637208]","[172.96763610839844, 172.96856689453125, 172.94293212890625, 172.94668579101562]"
6.1290922164917,"[6.156960487365723, 1.3973686695098877, -12.307300567626953]","[6.156960487365723, 1.3973686695098877, -12.307300567626953]","[0.7155236005783081, 0.6311870217323303, 7.653481960296631]","[0.7155236005783081, 0.6311870217323303, 7.653481960296631]","[0.002236469415947795, -0.008990594185888767, 0.7544533610343933, 0.6562883257865906]","[[-0.138561409519816, -0.9903180807725122, -0.008426220276742308], [0.9902376520168005, -0.13840975154308222, -0.016501505539810696], [0.01517546774759207, -0.010630430465149526, 0.9998283348414724]]","[0.0021925719920545816, -0.0015383047284558415, 0.14448308944702148]",[0.0],"[0.002236469415947795, -0.008990594185888767, 0.7544533610343933, 0.6562883257865906]",[0.44],"[0.10454952716827393, 0.21290183067321777, -8.325033721923829]","[172.9659881591797, 172.96780395507812, 172.9438018798828, 172.9482421875]"
6.1598126888275,"[6.178457736968994, 1.416369080543518, -12.077266693115234]","[6.178457736968994, 1.416369080543518, -12.077266693115234]","[0.7176088690757751, 0.6354825496673584, 7.681419372558594]","[0.7176088690757751, 0.6354825496673584, 7.681419372558594]","[0.0022559582721441984, -0.008985740132629871, 0.7558740973472595, 0.6546515822410583]","[[-0.14285278913253108, -0.9897088905163975, -0.008354617145646087], [0.9896278046972633, -0.14270148077652012, -0.016537909728155303], [0.015175498836086404, -0.010630443118839289, 0.9998283342530864]]","[0.002192544750869274, -0.0015337435761466622, 0.14448654651641846]",[0.0],"[0.0022559582721441984, -0.008985740132629871, 0.7558740973472595, 0.6546515822410583]",[0.44],"[0.10426342487335205, 0.2147763967514038, -8.413129386901856]","[172.96595764160156, 172.96522521972656, 172.94631958007812, 172.94834899902344]"
6.1908023357391,"[6.202177047729492, 1.4374189376831055, -11.823293685913086]","[6.202177047729492, 1.4374189376831055, -11.823293685913086]","[0.7198951244354248, 0.6402492523193359, 7.710233211517334]","[0.7198951244354248, 0.6402492523193359, 7.710233211517334]","[0.0022773442324250937, -0.00898031797260046, 0.7574326395988464, 0.6528475880622864]","[[-0.14756969928112995, -0.9890170463141963, -0.008275688150407329], [0.9889352412128354, -0.14741877965285788, -0.016577489271500018], [0.015175427563371119, -0.010630454514194893, 0.999828335184716]]","[0.0021925773471593857, -0.0015374973881989717, 0.14448988437652588]",[0.0],"[0.0022773442324250937, -0.00898031797260046, 0.7574326395988464, 0.6528475880622864]",[0.44],"[0.11431276798248291, 0.23833513259887695, -8.369308052062989]","[172.96292114257812, 172.96595764160156, 172.94561767578125, 172.95132446289062]"
6.2218041419983,"[6.2238054275512695, 1.456692099571228, -11.591609001159668]","[6.2238054275512695, 1.456692099571228, -11.591609001159668]","[0.7219653129577637, 0.6446186900138855, 7.734786033630371]","[0.7219653129577637, 0.6446186900138855, 7.734786033630371]","[0.002296825870871544, -0.008975389413535595, 0.7588459849357605, 0.6512042880058289]","[[-0.1518555729364981, -0.98836874846556, -0.008203749964818097], [0.9882862888391354, -0.15170500852441116, -0.016613282151221376], [0.015175498325647907, -0.01063047072756429, 0.9998283339515885]]","[0.0021925633773207664, -0.0015370489563792944, 0.14449256658554077]",[0.0],"[0.002296825870871544, -0.008975389413535595, 0.7588459849357605, 0.6512042880058289]",[0.44],"[0.10350942611694336, 0.21847188472747803, -8.582358894348145]","[172.96400451660156, 172.962890625, 172.94866943359375, 172.95028686523438]"
6.2528104782104,"[6.245495796203613, 1.4760969877243042, -11.359210014343262]","[6.245495796203613, 1.4760969877243042, -11.359210014343262]","[0.724026620388031, 0.6490210890769958, 7.757867813110352]","[0.724026620388031, 0.6490210890769958, 7.757867813110352]","[0.002316245809197426, -0.008970375172793865, 0.7602555751800537, 0.6495579481124878]","[[-0.1561380144461899, -0.9877016580978716, -0.008131679402218817], [0.987618547722268, -0.1559878091740059, -0.016648627223439405], [0.015175434561937928, -0.01063048372285369, 0.9998283347492214]]","[0.00219253939576447, -0.001533067086711526, 0.1444949358701706]",[0.0],"[0.002316245809197426, -0.008970375172793865, 0.7602555751800537, 0.6495579481124878]",[0.44],"[0.1030653715133667, 0.22011995315551758, -8.655911026000977]","[172.96212768554688, 172.96347045898438, 172.94810485839844, 172.9521484375]"
6.283801317215,"[6.2694268226623535, 1.4975954294204712, -11.102797508239746]","[6.2694268226623535, 1.4975954294204712, -11.102797508239746]","[0.7262826561927795, 0.6539000272750854, 7.781658172607422]","[0.7262826561927795, 0.6539000272750854, 7.781658172607422]","[0.0023376340977847576, -0.008964844979345798, 0.7618022561073303, 0.6477434635162354]","[[-0.16084609171144448, -0.9869467768254987, -0.008052209614323458], [0.9868629507162785, -0.16069628388678736, -0.016687252675701703], [0.015175469332906866, -0.010630503847970707, 0.9998283340426424]]","[0.0021925731562078, -0.0015387253370136023, 0.14449724555015564]",[0.0],"[0.0023376340977847576, -0.008964844979345798, 0.7618022561073303, 0.6477434635162354]",[0.44],"[0.11280179023742676, 0.24394690990447998, -8.620482025146485]","[172.96180725097656, 172.96205139160156, 172.94949340820312, 172.9524688720703]"
6.3158023357391,"[6.29124641418457, 1.517279863357544, -10.869035720825195]","[6.29124641418457, 1.517279863357544, -10.869035720825195]","[0.7283223271369934, 0.6583670377731323, 7.801918029785156]","[0.7283223271369934, 0.6583670377731323, 7.801918029785156]","[0.002357054501771927, -0.008959763683378696, 0.7632045745849609, 0.6460906267166138]","[[-0.1651230000653463, -0.9862408811158174, -0.007979809110256975], [0.9861564065105186, -0.16497355674667102, -0.01672200690121972], [0.015175468223450617, -0.010630523620199561, 0.9998283338576274]]","[0.0021925349719822407, -0.0015329973539337516, 0.14449909329414368]",[0.0],"[0.002357054501771927, -0.008959763683378696, 0.7632045745849609, 0.6460906267166138]",[0.44],"[0.10198354721069336, 0.22335052490234375, -8.797007141113282]","[172.96096801757812, 172.96153259277344, 172.95005798339844, 172.9532928466797]"
6.3468010425568,"[6.315318584442139, 1.5390880107879639, -10.611217498779297]","[6.315318584442139, 1.5390880107879639, -10.611217498779297]","[0.7305527329444885, 0.6633138656616211, 7.82279109954834]","[0.7305527329444885, 0.6633138656616211, 7.82279109954834]","[0.0023783924989402294, -0.008954115211963654, 0.7647428512573242, 0.6442690491676331]","[[-0.16982360945682196, -0.9854428920755114, -0.007900001265401357], [0.9853577064736923, -0.16967457060012192, -0.016759840543046634], [0.015175435909595691, -0.010630541847688024, 0.9998283341397838]]","[0.0021925712935626507, -0.0015388355823233724, 0.14450086653232574]",[0.0],"[0.0023783924989402294, -0.008954115211963654, 0.7647428512573242, 0.6442690491676331]",[0.44],"[0.11152029037475586, 0.24734139442443848, -8.76634651184082]","[172.96006774902344, 172.9612274169922, 172.95034790039062, 172.95420837402344]"
6.3778469562531,"[6.337265968322754, 1.5590556859970093, -10.376258850097656]","[6.337265968322754, 1.5590556859970093, -10.376258850097656]","[0.7325671315193176, 0.6678399443626404, 7.840559482574463]","[0.7325671315193176, 0.6678399443626404, 7.840559482574463]","[0.002397810807451606, -0.008948961272835732, 0.7661375403404236, 0.6426099538803101]","[[-0.17409362925347383, -0.9846981347603785, -0.007827277433181984], [0.9846123030961567, -0.17394496043108498, -0.016793984541124518], [0.015175488930072617, -0.010630556171563776, 0.9998283331909379]]","[0.0021925552282482386, -0.001535993069410324, 0.14450229704380035]",[0.0],"[0.002397810807451606, -0.008948961272835732, 0.7661375403404236, 0.6426099538803101]",[0.44],"[0.10071992874145508, 0.22630393505096436, -8.921580848693848]","[172.9604949951172, 172.9600067138672, 172.95156860351562, 172.95376586914062]"
6.4088397026062,"[6.359273433685303, 1.5791594982147217, -10.140783309936523]","[6.359273433685303, 1.5791594982147217, -10.140783309936523]","[0.7345683574676514, 0.6723922491073608, 7.857247829437256]","[0.7345683574676514, 0.6723922491073608, 7.857247829437256]","[0.002417172072455287, -0.008943730033934116, 0.7675286531448364, 0.640947699546814]","[[-0.17836044741049295, -0.983934686207818, -0.007754428730853802], [0.9838482120699716, -0.17821215223830889, -0.01682769989257099], [0.01517542403161748, -0.010630576375574907, 0.9998283339445045]]","[0.002192560350522399, -0.0015351177426055074, 0.14450356364250183]",[0.0],"[0.002417172072455287, -0.008943730033934116, 0.7675286531448364, 0.640947699546814]",[0.44],"[0.10006129741668701, 0.22761523723602295, -8.975582656860352]","[172.95809936523438, 172.96145629882812, 172.95010375976562, 172.9561767578125]"
6.4408400058746,"[6.38355016708374, 1.6014318466186523, -9.881200790405273]","[6.38355016708374, 1.6014318466186523, -9.881200790405273]","[0.7367536425590515, 0.6774287819862366, 7.87443208694458]","[0.7367536425590515, 0.6774287819862366, 7.87443208694458]","[0.0024385058786720037, -0.00893796980381012, 0.7690548896789551, 0.6391156315803528]","[[-0.18305062128664717, -0.9830735936580678, -0.00767410269340929], [0.9829864124904278, -0.18290273930006018, -0.016864553212365768], [0.015175482171423615, -0.010630604313326325, 0.9998283327697317]]","[0.0021925640758126974, -0.0015378243988379836, 0.14450478553771973]",[0.0],"[0.0024385058786720037, -0.00893796980381012, 0.7690548896789551, 0.6391156315803528]",[0.44],"[0.10926425457000732, 0.2518266439437866, -8.95078712463379]","[172.9593505859375, 172.95936584472656, 172.9521942138672, 172.95492553710938]"
6.4718391895294,"[6.405682563781738, 1.621824026107788, -9.64474105834961]","[6.405682563781738, 1.621824026107788, -9.64474105834961]","[0.7387250661849976, 0.6820326447486877, 7.889053821563721]","[0.7387250661849976, 0.6820326447486877, 7.889053821563721]","[0.0024578534066677094, -0.008932659402489662, 0.770438551902771, 0.6374469995498657]","[[-0.18731070932407934, -0.9822713968306157, -0.007600943829391138], [0.9821835761612437, -0.18716320660281482, -0.01689763290821711], [0.015175443907080588, -0.01063062779056212, 0.9998283331052609]]","[0.002192543353885412, -0.0015328839654102921, 0.14450576901435852]",[0.0],"[0.0024578534066677094, -0.008932659402489662, 0.770438551902771, 0.6374469995498657]",[0.44],"[0.09857118129730225, 0.2301931381225586, -9.07891326904297]","[172.9587860107422, 172.95932006835938, 172.95223999023438, 172.95550537109375]"
6.5028395652771,"[6.430096626281738, 1.6444156169891357, -9.384145736694336]","[6.430096626281738, 1.6444156169891357, -9.384145736694336]","[0.7408758997917175, 0.687123715877533, 7.904106616973877]","[0.7408758997917175, 0.687123715877533, 7.904106616973877]","[0.00247914413921535, -0.008926787413656712, 0.7719563841819763, 0.6356080770492554]","[[-0.19199269322567925, -0.9813676874170015, -0.007520294073294437], [0.9812791642462072, -0.19184561046994797, -0.016933709146524423], [0.015175458655592916, -0.010630652990306022, 0.9998283326216167]]","[0.0021925654727965593, -0.0015388120664283633, 0.14450673758983612]",[0.0],"[0.00247914413921535, -0.008926787413656712, 0.7719563841819763, 0.6356080770492554]",[0.44],"[0.10754168033599854, 0.25455355644226074, -9.057360229492188]","[172.9582977294922, 172.9591522216797, 172.95240783691406, 172.9559783935547]"
6.5338397026062,"[6.452352523803711, 1.6650995016098022, -9.14682388305664]","[6.452352523803711, 1.6650995016098022, -9.14682388305664]","[0.7428146004676819, 0.6917750835418701, 7.916910648345947]","[0.7428146004676819, 0.6917750835418701, 7.916910648345947]","[0.002498489571735263, -0.008921405300498009, 0.7733322978019714, 0.6339331269264221]","[[-0.19624486859242563, -0.9805265034738146, -0.00744682335435673], [0.9804373433213807, -0.19609817054763412, -0.01696617233492001], [0.015175474080533907, -0.01063067110770724, 0.9998283321546484]]","[0.002192560350522399, -0.001534056500531733, 0.1445074826478958]",[0.0],"[0.002498489571735263, -0.008921405300498009, 0.7733322978019714, 0.6339331269264221]",[0.44],"[0.09693503379821777, 0.2325683832168579, -9.169798431396485]","[172.95870971679688, 172.9581756591797, 172.95338439941406, 172.95556640625]"
6.564129114151,"[6.474666595458984, 1.6859232187271118, -8.90912914276123]","[6.474666595458984, 1.6859232187271118, -8.90912914276123]","[0.7447369694709778, 0.6964476108551025, 7.928928852081299]","[0.7447369694709778, 0.6964476108551025, 7.928928852081299]","[0.0025177993811666965, -0.00891596358269453, 0.7747047543525696, 0.6322553157806396]","[[-0.2004939016461662, -0.9796672954150755, -0.0073732284387388325], [0.9795775009847115, -0.20034759146039804, -0.016998262839919343], [0.015175433043122022, -0.010630694668671947, 0.9998283325593366]]","[0.002192555693909526, -0.0015379866817966104, 0.14450815320014954]",[0.0],"[0.0025177993811666965, -0.00891596358269453, 0.7747047543525696, 0.6322553157806396]",[0.44],"[0.09611845016479492, 0.2336263656616211, -9.209089813232422]","[172.95721435546875, 172.9591522216797, 172.95240783691406, 172.95706176757812]"
6.5949709415436,"[6.497037887573242, 1.7068874835968018, -8.6710844039917]","[6.497037887573242, 1.7068874835968018, -8.6710844039917]","[0.7466424703598022, 0.7011404633522034, 7.940207004547119]","[0.7466424703598022, 0.7011404633522034, 7.940207004547119]","[0.0025371364317834377, -0.008910510689020157, 0.7760735154151917, 0.6305744647979736]","[[-0.20473899705926568, -0.9787894976162227, -0.007299472238206761], [0.978699068891043, -0.20459307678033434, -0.017030129604327593], [0.015175489797015274, -0.010630715813962466, 0.9998283314759747]]","[0.002192568499594927, -0.0015368033200502396, 0.1445087492465973]",[0.0],"[0.0025371364317834377, -0.008910510689020157, 0.7760735154151917, 0.6305744647979736]",[0.44],"[0.09527504444122314, 0.2346426248550415, -9.246092376708985]","[172.95794677734375, 172.95811462402344, 172.9534454345703, 172.95632934570312]"
6.6270112991333,"[6.521711826324463, 1.7301111221313477, -8.408858299255371]","[6.521711826324463, 1.7301111221313477, -8.408858299255371]","[0.74871826171875, 0.7063249945640564, 7.951811790466309]","[0.74871826171875, 0.7063249945640564, 7.951811790466309]","[0.002558341948315501, -0.008904424495995045, 0.7775749564170837, 0.628722071647644]","[[-0.2094042032452692, -0.9778026360451783, -0.0072182111739812205], [0.9777115137943234, -0.20925871592110834, -0.017064687078241103], [0.015175421689826912, -0.010630742879329136, 0.9998283322217413]]","[0.0021925512701272964, -0.001535040675662458, 0.14450933039188385]",[0.0],"[0.002558341948315501, -0.008904424495995045, 0.7775749564170837, 0.628722071647644]",[0.44],"[0.1037895679473877, 0.25922656059265137, -9.229760704040528]","[172.9562530517578, 172.95938110351562, 172.95217895507812, 172.9580078125]"
6.657972574234,"[6.544201850891113, 1.751372218132019, -8.170149803161621]","[6.544201850891113, 1.751372218132019, -8.170149803161621]","[0.7505865693092346, 0.7110578417778015, 7.9616780281066895]","[0.7505865693092346, 0.7110578417778015, 7.9616780281066895]","[0.0025776512920856476, -0.008898882195353508, 0.7789360880851746, 0.6270349621772766]","[[-0.2136412388515232, -0.9768861974923844, -0.007144169293757274], [0.9767944446316286, -0.2134961472152368, -0.017095875932037208], [0.015175471749376834, -0.010630766010280679, 0.9998283312189793]]","[0.0021925715263932943, -0.0015382181154564023, 0.14450977742671967]",[0.0],"[0.0025776512920856476, -0.008898882195353508, 0.7789360880851746, 0.6270349621772766]",[0.44],"[0.09341537952423096, 0.23664236068725586, -9.316688117980958]","[172.9576416015625, 172.9576416015625, 172.95391845703125, 172.95663452148438]"
6.6889822483063,"[6.569005012512207, 1.7749236822128296, -7.907240390777588]","[6.569005012512207, 1.7749236822128296, -7.907240390777588]","[0.7526208162307739, 0.7162846326828003, 7.971828460693359]","[0.7526208162307739, 0.7162846326828003, 7.971828460693359]","[0.002598846796900034, -0.00889271404594183, 0.7804290652275085, 0.6251757144927979]","[[-0.21829721242997135, -0.9758568185319361, -0.007062586562155249], [0.9757643753262799, -0.2181525597131131, -0.01712973682663843], [0.015175448867652042, -0.01063079321420124, 0.9998283312644467]]","[0.0021925431210547686, -0.0015331069007515907, 0.14451026916503906]",[0.0],"[0.002598846796900034, -0.00889271404594183, 0.7804290652275085, 0.6251757144927979]",[0.44],"[0.10171234607696533, 0.26133954524993896, -9.302478370666504]","[172.95631408691406, 172.95864868164062, 172.9529266357422, 172.95794677734375]"
6.7199778556824,"[6.591611862182617, 1.7964838743209839, -7.667949676513672]","[6.591611862182617, 1.7964838743209839, -7.667949676513672]","[0.7544505000114441, 0.7210542559623718, 7.980456352233887]","[0.7544505000114441, 0.7210542559623718, 7.980456352233887]","[0.0026181114371865988, -0.008887067437171936, 0.7817825675010681, 0.623482346534729]","[[-0.22252592563238993, -0.9749017939968229, -0.006988271556345377], [0.9748087246652216, -0.22238167471211923, -0.017160201321867852], [0.01517544708181598, -0.010630816272481802, 0.9998283310497392]]","[0.0021925540640950203, -0.0015388327883556485, 0.14451058208942413]",[0.0],"[0.0026181114371865988, -0.008887067437171936, 0.7817825675010681, 0.623482346534729]",[0.44],"[0.0914841890335083, 0.23848116397857666, -9.378605422973633]","[172.95664978027344, 172.95811462402344, 172.9534454345703, 172.95762634277344]"
6.751971244812,"[6.616542339324951, 1.8203660249710083, -7.4044413566589355]","[6.616542339324951, 1.8203660249710083, -7.4044413566589355]","[0.7564411163330078, 0.7263197302818298, 7.989329814910889]","[0.7564411163330078, 0.7263197302818298, 7.989329814910889]","[0.002639300422742963, -0.00888081919401884, 0.783267080783844, 0.6216163635253906]","[[-0.22717237757840336, -0.9738301471517091, -0.006906370790158073], [0.9737363905522968, -0.22702857149273248, -0.01719337131220955], [0.015175479339891856, -0.010630841988063522, 0.9998283302874433]]","[0.0021925740875303745, -0.0015347207663580775, 0.1445109099149704]",[0.0],"[0.002639300422742963, -0.00888081919401884, 0.783267080783844, 0.6216163635253906]",[0.44],"[0.09953081607818604, 0.2632737159729004, -9.366326866149903]","[172.9576416015625, 172.9569091796875, 172.95465087890625, 172.9566192626953]"
6.7829763889313,"[6.639263153076172, 1.8422280550003052, -7.164641857147217]","[6.639263153076172, 1.8422280550003052, -7.164641857147217]","[0.7582303881645203, 0.731123149394989, 7.996870994567871]","[0.7582303881645203, 0.731123149394989, 7.996870994567871]","[0.0026585187297314405, -0.008875065483152866, 0.7846126556396484, 0.6199169754981995]","[[-0.2313915723544635, -0.9728365978991114, -0.006831792622124522], [0.9727422197878532, -0.23124817422347577, -0.01722309917590556], [0.015175422384533843, -0.01063085561494384, 0.9998283309816668]]","[0.0021939310245215893, -0.001537343137897551, 0.14451120793819427]",[0.0],"[0.0026585187297314405, -0.008875065483152866, 0.7846126556396484, 0.6199169754981995]",[0.44],"[0.08946359157562256, 0.24017095565795898, -9.43294101715088]","[172.9549560546875, 172.95938110351562, 172.95379638671875, 172.9576873779297]"
6.8139712810516,"[6.662037372589111, 1.864234447479248, -6.924623966217041]","[6.662037372589111, 1.864234447479248, -6.924623966217041]","[0.7599998712539673, 0.7359418272972107, 8.003942489624023]","[0.7599998712539673, 0.7359418272972107, 8.003942489624023]","[0.00267779384739697, -0.008869275450706482, 0.7859547138214111, 0.6182147264480591]","[[-0.23560695245023355, -0.9718250569937981, -0.0067569839990947456], [0.9717300566288669, -0.23546396551597093, -0.017252600879032187], [0.015175482787109229, -0.010630794515620934, 0.9998283307461807]]","[0.002192686777561903, -0.0015372486086562276, 0.14451150596141815]",[0.0],"[0.00267779384739697, -0.008869275450706482, 0.7859547138214111, 0.6182147264480591]",[0.44],"[0.08847415447235107, 0.24093389511108398, -9.456425247192383]","[172.95828247070312, 172.9558563232422, 172.9538116455078, 172.9578857421875]"
6.8449776172638,"[6.687149524688721, 1.8886088132858276, -6.660367012023926]","[6.687149524688721, 1.8886088132858276, -6.660367012023926]","[0.76192307472229, 0.7412591576576233, 8.011214256286621]","[0.76192307472229, 0.7412591576576233, 8.011214256286621]","[0.0026988922618329525, -0.008862873539328575, 0.7874267101287842, 0.6163387298583984]","[[-0.24023874870322892, -0.9706909966363301, -0.006674704730796455], [0.9705953168730784, -0.2400962156873625, -0.01728459036408747], [0.015175424149705075, -0.010630863049356343, 0.9998283309063698]]","[0.002193351509049535, -0.0015348405577242374, 0.14451169967651367]",[0.0],"[0.0026988922618329525, -0.008862873539328575, 0.7874267101287842, 0.6163387298583984]",[0.44],"[0.0961601734161377, 0.2658665180206299, -9.446411666870118]","[172.95498657226562, 172.95901489257812, 172.95372009277344, 172.9581298828125]"
6.8756704330444,"[6.710033893585205, 1.9109196662902832, -6.4199323654174805]","[6.710033893585205, 1.9109196662902832, -6.4199323654174805]","[0.7636500597000122, 0.746107816696167, 8.017391204833984]","[0.7636500597000122, 0.746107816696167, 8.017391204833984]","[0.002718138275668025, -0.00885698664933443, 0.7887609601020813, 0.6146302819252014]","[[-0.24444459678732722, -0.9696408915871069, -0.006599621690564078], [0.9695445935294322, -0.24430248091368556, -0.01731339077565172], [0.015175467114588587, -0.010630790396909645, 0.9998283310236157]]","[0.002193666994571686, -0.0015382858691737056, 0.1445118486881256]",[0.0],"[0.002718138275668025, -0.00885698664933443, 0.7887609601020813, 0.6146302819252014]",[0.44],"[0.0863492488861084, 0.24243295192718506, -9.501152572631836]","[172.9581756591797, 172.95571899414062, 172.95323181152344, 172.95870971679688]"
6.90704870224,"[6.735265731811523, 1.935629963874817, -6.155247211456299]","[6.735265731811523, 1.935629963874817, -6.155247211456299]","[0.7655258774757385, 0.7514568567276001, 8.023741722106934]","[0.7655258774757385, 0.7514568567276001, 8.023741722106934]","[0.00273922854103148, -0.00885050930082798, 0.7902243137359619, 0.6127477288246155]","[[-0.24906559506871195, -0.9684647941427611, -0.006517048958041838], [0.9683678198720431, -0.248923938784944, -0.017344687411418286], [0.015175468934052083, -0.010630863142423869, 0.9998283302242319]]","[0.002192783635109663, -0.0015337819932028651, 0.14451201260089874]",[0.0],"[0.00273922854103148, -0.00885050930082798, 0.7902243137359619, 0.6127477288246155]",[0.44],"[0.09379088878631592, 0.2674520015716553, -9.49247413635254]","[172.95631408691406, 172.9574737548828, 172.95533752441406, 172.95672607421875]"
6.9382963180542,"[6.758256435394287, 1.9582473039627075, -5.914448261260986]","[6.758256435394287, 1.9582473039627075, -5.914448261260986]","[0.7672091126441956, 0.7563332915306091, 8.029136657714844]","[0.7672091126441956, 0.7563332915306091, 8.029136657714844]","[0.002758418209850788, -0.008844513446092606, 0.7915508151054382, 0.6110332012176514]","[[-0.2532618366243635, -0.9673764506945284, -0.006441726363538902], [0.9672788632267404, -0.25312060353020827, -0.0173727338730556], [0.015175439093175203, -0.01063079343680684, 0.9998283314217629]]","[0.002194780157878995, -0.0015383564168587327, 0.14451216161251068]",[0.0],"[0.002758418209850788, -0.008844513446092606, 0.7915508151054382, 0.6110332012176514]",[0.44],"[0.08416175842285156, 0.24382174015045166, -9.540253219604493]","[172.9562530517578, 172.9574432373047, 172.9525604248047, 172.95956420898438]"
6.9692952632904,"[6.781299114227295, 1.9810110330581665, -5.673492431640625]","[6.781299114227295, 1.9810110330581665, -5.673492431640625]","[0.7688713073730469, 0.7612220644950867, 8.03419303894043]","[0.7688713073730469, 0.7612220644950867, 8.03419303894043]","[0.002777585294097662, -0.008838552050292492, 0.7928735017776489, 0.609315812587738]","[[-0.2574530196469944, -0.9662698236942591, -0.006366391492011347], [0.966171624365475, -0.25731220960243495, -0.01740056071052859], [0.015175486606480604, -0.010630854148509117, 0.9998283300351766]]","[0.002191574312746525, -0.001536632771603763, 0.14451231062412262]",[0.0],"[0.002777585294097662, -0.008838552050292492, 0.7928735017776489, 0.609315812587738]",[0.44],"[0.08310973644256592, 0.24443864822387695, -9.557180938720704]","[172.95599365234375, 172.95761108398438, 172.95523071289062, 172.95701599121094]"
7.0013408660889,"[6.80670166015625, 2.006220817565918, -5.408272743225098]","[6.80670166015625, 2.006220817565918, -5.408272743225098]","[0.770675003528595, 0.7666134834289551, 8.03939151763916]","[0.770675003528595, 0.7666134834289551, 8.03939151763916]","[0.0027986466884613037, -0.008831861428916454, 0.7943242788314819, 0.6074234247207642]","[[-0.26205812343490686, -0.9650317820928218, -0.006283293006591029], [0.964932913053858, -0.2619177847288814, -0.01743065103270447], [0.01517542505665559, -0.010630796808350107, 0.9998283316008272]]","[0.0021958318538963795, -0.0015357296215370297, 0.14451247453689575]",[0.0],"[0.0027986466884613037, -0.008831861428916454, 0.7943242788314819, 0.6074234247207642]",[0.44],"[0.09018480777740479, 0.2695709466934204, -9.550076065063477]","[172.95596313476562, 172.95753479003906, 172.95248413085938, 172.95986938476562]"
7.0321233272552,"[6.829844951629639, 2.0292935371398926, -5.167018890380859]","[6.829844951629639, 2.0292935371398926, -5.167018890380859]","[0.7722919583320618, 0.7715270519256592, 8.043802261352539]","[0.7722919583320618, 0.7715270519256592, 8.043802261352539]","[0.0028177909553050995, -0.008825810626149178, 0.7956392168998718, 0.6057000756263733]","[[-0.26623931680449986, -0.9638872062738327, -0.0062076983493122295], [0.9637877291164104, -0.26609940682981814, -0.017457794499647017], [0.015175478305578194, -0.01063084972073658, 0.9998283302418471]]","[0.0021909887436777353, -0.0015379363903775811, 0.1445126235485077]",[0.0],"[0.0028177909553050995, -0.008825810626149178, 0.7956392168998718, 0.6057000756263733]",[0.44],"[0.08084774017333984, 0.24567842483520508, -9.589462814331055]","[172.9559326171875, 172.9574432373047, 172.95553588867188, 172.95692443847656]"
7.0631549358368,"[6.855357646942139, 2.0548439025878906, -4.901491641998291]","[6.855357646942139, 2.0548439025878906, -4.901491641998291]","[0.7740455269813538, 0.7769448161125183, 8.048337936401367]","[0.7740455269813538, 0.7769448161125183, 8.048337936401367]","[0.0028388265054672956, -0.008819036185741425, 0.7970812320709229, 0.6038010716438293]","[[-0.27083253183789147, -0.9626070756505676, -0.006124336342405834], [0.9625069327958606, -0.27069309891125704, -0.017487149429641774], [0.015175437656859692, -0.010630803484793533, 0.9998283313296529]]","[0.0021966935601085424, -0.0015329961897805333, 0.14451277256011963]",[0.0],"[0.0028388265054672956, -0.008819036185741425, 0.7970812320709229, 0.6038010716438293]",[0.44],"[0.08767843246459961, 0.27088820934295654, -9.583216247558594]","[172.95620727539062, 172.95709228515625, 172.95521545410156, 172.95733642578125]"
7.0941257476807,"[6.87860107421875, 2.0782268047332764, -4.659977436065674]","[6.87860107421875, 2.0782268047332764, -4.659977436065674]","[0.7756165266036987, 0.7818812727928162, 8.052188873291016]","[0.7756165266036987, 0.7818812727928162, 8.052188873291016]","[0.0028579295612871647, -0.008812876418232918, 0.7983883023262024, 0.6020717024803162]","[[-0.2750030961641572, -0.9614243820038834, -0.006048491956540392], [0.9613236356837408, -0.2748640981053856, -0.017513551917393178], [0.015175442078956103, -0.010630837851261232, 0.9998283308957193]]","[0.0021904560271650553, -0.0015388969331979752, 0.14451277256011963]",[0.0],"[0.0028579295612871647, -0.008812876418232918, 0.7983883023262024, 0.6020717024803162]",[0.44],"[0.07854998111724854, 0.24682283401489258, -9.617453155517579]","[172.95570373535156, 172.95753479003906, 172.9545440673828, 172.95803833007812]"
7.1261293888092,"[6.904223918914795, 2.104119300842285, -4.39418363571167]","[6.904223918914795, 2.104119300842285, -4.39418363571167]","[0.7773190140724182, 0.7873233556747437, 8.056143760681152]","[0.7773190140724182, 0.7873233556747437, 8.056143760681152]","[0.0028789581265300512, -0.008806036785244942, 0.7998217344284058, 0.6001662015914917]","[[-0.27958470629585275, -0.960102649026761, -0.005964864732734776], [0.9600012401820994, -0.2794461905279151, -0.0175422259567109], [0.015175477861166853, -0.010630812503348908, 0.9998283306324852]]","[0.0021967024076730013, -0.0015360666438937187, 0.14451277256011963]",[0.0],"[0.0028789581265300512, -0.008806036785244942, 0.7998217344284058, 0.6001662015914917]",[0.44],"[0.08512437343597412, 0.2721041440963745, -9.612255630493165]","[172.95664978027344, 172.95660400390625, 172.95484924316406, 172.95774841308594]"
7.1570990085602,"[6.927567481994629, 2.1278138160705566, -4.152442932128906]","[6.927567481994629, 2.1278138160705566, -4.152442932128906]","[0.7788432240486145, 0.7922810912132263, 8.059502601623535]","[0.7788432240486145, 0.7922810912132263, 8.059502601623535]","[0.0028980234637856483, -0.008799777366220951, 0.801120936870575, 0.5984309315681458]","[[-0.28374438314816564, -0.9588821010229746, -0.005888783388958041], [0.9587800931778409, -0.28360630806476883, -0.017567905538037998], [0.01517545247848151, -0.010630838013479638, 0.9998283307566166]]","[0.002190414583310485, -0.0015368798049166799, 0.14451277256011963]",[0.0],"[0.0028980234637856483, -0.008799777366220951, 0.801120936870575, 0.5984309315681458]",[0.44],"[0.07621049880981445, 0.2478867769241333, -9.64205795288086]","[172.9551239013672, 172.9581298828125, 172.95419311523438, 172.95840454101562]"
7.188615322113,"[6.950955390930176, 2.1516575813293457, -3.9106054306030273]","[6.950955390930176, 2.1516575813293457, -3.9106054306030273]","[0.7803449630737305, 0.7972484230995178, 8.062647819519043]","[0.7803449630737305, 0.7972484230995178, 8.062647819519043]","[0.002917109290137887, -0.008793489076197147, 0.802416205406189, 0.5966928005218506]","[[-0.2878981842972008, -0.9576432487132246, -0.005812551711773584], [0.957540642438517, -0.28776055245015564, -0.017593312497127145], [0.015175494781163923, -0.010630840050084411, 0.9998283300465124]]","[0.002196536399424076, -0.0015368049498647451, 0.14451277256011963]",[0.0],"[0.002917109290137887, -0.008793489076197147, 0.802416205406189, 0.5966928005218506]",[0.44],"[0.07508695125579834, 0.2483665943145752, -9.65273910522461]","[172.9568328857422, 172.9564208984375, 172.95584106445312, 172.95675659179688]"
7.2206137180328,"[6.976734638214111, 2.1780576705932617, -3.6444785594940186]","[6.976734638214111, 2.1780576705932617, -3.6444785594940186]","[0.781970739364624, 0.802723228931427, 8.065878868103027]","[0.781970739364624, 0.802723228931427, 8.065878868103027]","[0.002938044024631381, -0.008786477148532867, 0.8038368225097656, 0.5947777032852173]","[[-0.29246167880655616, -0.9562600683302581, -0.005728585450437862], [0.9561568081035229, -0.2923245386505742, -0.01762075389850487], [0.015175417343051834, -0.010630821590020434, 0.9998283314332552]]","[0.0021901275031268597, -0.0015350757166743279, 0.14451277256011963]",[0.0],"[0.002938044024631381, -0.008786477148532867, 0.8038368225097656, 0.5947777032852173]",[0.44],"[0.08128881454467773, 0.273740291595459, -9.648447570800782]","[172.955322265625, 172.9579315185547, 172.95297241210938, 172.95960998535156]"
7.2506153583527,"[7.000216484069824, 2.202214479446411, -3.4024555683135986]","[7.000216484069824, 2.202214479446411, -3.4024555683135986]","[0.7834247946739197, 0.8077096343040466, 8.068619728088379]","[0.7834247946739197, 0.8077096343040466, 8.068619728088379]","[0.0029570970218628645, -0.008780114352703094, 0.8051243424415588, 0.5930337309837341]","[[-0.296604594399998, -0.9549837127078945, -0.005652146355568238], [0.9548798581078785, -0.2964679024294985, -0.01764548414907599], [0.015175469536621161, -0.010630851030051097, 0.9998283303383135]]","[0.0021960153244435787, -0.0015382257988676429, 0.14451277256011963]",[0.0],"[0.0029570970218628645, -0.008780114352703094, 0.8051243424415588, 0.5930337309837341]",[0.44],"[0.07270276546478271, 0.24932026863098145, -9.672957000732422]","[172.95582580566406, 172.95742797851562, 172.95574951171875, 172.95684814453125]"
7.281617641449,"[7.023741245269775, 2.2265212535858154, -3.1603527069091797]","[7.023741245269775, 2.2265212535858154, -3.1603527069091797]","[0.7848559617996216, 0.8127046823501587, 8.071187019348145]","[0.7848559617996216, 0.8127046823501587, 8.071187019348145]","[0.0029761353507637978, -0.008773662149906158, 0.8064080476760864, 0.5912870168685913]","[[-0.30074183300855584, -0.9536894409905958, -0.00557554604360333], [0.9535849945662758, -0.30060559347676663, -0.01766980391725137], [0.015175464034920205, -0.010630803143850232, 0.9998283309417064]]","[0.0021906893234699965, -0.0015336615033447742, 0.14451277256011963]",[0.0],"[0.0029761353507637978, -0.008773662149906158, 0.8064080476760864, 0.5912870168685913]",[0.44],"[0.07155835628509521, 0.24975240230560303, -9.68163543701172]","[172.9568634033203, 172.95639038085938, 172.95445251464844, 172.95814514160156]"
7.312647819519,"[7.049668312072754, 2.2534339427948, -2.8940749168395996]","[7.049668312072754, 2.2534339427948, -2.8940749168395996]","[0.7865546345710754, 0.8186936974525452, 8.046415328979492]","[0.7865546345710754, 0.8186936974525452, 8.046415328979492]","[0.0029968260787427425, -0.008766619488596916, 0.8078290820121765, 0.5893439650535583]","[[-0.3053293587237873, -0.9522309326250762, -0.0054912620587692085], [0.9521258444894529, -0.30519361342236406, -0.017696183075290917], [0.01517495509933281, -0.010631537620002296, 0.9998283308323919]]","[0.002196055604144931, -0.0015386163722723722, 0.14782607555389404]",[0.0],"[0.0029968260787427425, -0.008766619488596916, 0.8078290820121765, 0.5893439650535583]",[0.44],"[0.08493363857269287, 0.29945075511932373, -11.048584518432618]","[322.07965087890625, 322.0821533203125, 315.0959777832031, 315.0975036621094]"
7.343857049942,"[7.073300361633301, 2.2781171798706055, -2.6552817821502686]","[7.073300361633301, 2.2781171798706055, -2.6552817821502686]","[0.7889413237571716, 0.826962947845459, 7.8647332191467285]","[0.7889413237571716, 0.826962947845459, 7.8647332191467285]","[0.003016343805938959, -0.008759906515479088, 0.8090757727622986, 0.5876312851905823]","[[-0.30936068406614115, -0.9509293181092632, -0.005414288856266991], [0.9508236265502289, -0.30922540880173255, -0.0177198522411946], [0.015176091639094336, -0.010629860292152349, 0.9998283314157689]]","[0.002200022339820862, -0.0015401686541736126, 0.13298572599887848]",[0.0],"[0.003016343805938959, -0.008759906515479088, 0.8090757727622986, 0.5876312851905823]",[0.44],"[0.11933445930480957, 0.4134625196456909, -18.894105491638186]","[445.0447082519531, 445.0447998046875, 480.42230224609375, 480.4237365722656]"
7.3758573532104,"[7.09937858581543, 2.3055601119995117, -2.3991641998291016]","[7.09937858581543, 2.3055601119995117, -2.3991641998291016]","[0.791553795337677, 0.8361712098121643, 7.659173965454102]","[0.791553795337677, 0.8361712098121643, 7.659173965454102]","[0.0030400545801967382, -0.00875175278633833, 0.810272753238678, 0.5859797596931458]","[[-0.3132370556356414, -0.9496600780696939, -0.005330153199880977], [0.9495536548451226, -0.31310235314567625, -0.017745434556416723], [0.015183246778648435, -0.010619792746985796, 0.9998283297826325]]","[0.002152338158339262, -0.0015107379294931889, 0.11452999711036682]",[0.0],"[0.0030400545801967382, -0.00875175278633833, 0.810272753238678, 0.5859797596931458]",[0.44],"[0.13062357902526855, 0.4604130983352661, -20.08796268463135]","[451.0196533203125, 451.0099182128906, 484.29669189453125, 484.29852294921875]"
7.4068577289581,"[7.123160362243652, 2.3307690620422363, -2.172046422958374]","[7.123160362243652, 2.3307690620422363, -2.172046422958374]","[0.7938295602798462, 0.8443530797958374, 7.483511447906494]","[0.7938295602798462, 0.8443530797958374, 7.483511447906494]","[0.0030626095831394196, -0.008743975311517715, 0.8112117648124695, 0.5846791863441467]","[[-0.31628196894881944, -0.9486508279718755, -0.0052559908913627496], [0.9485437104415404, -0.31614781389524005, -0.01776771944618538], [0.01519369059084319, -0.010605143129546413, 0.9998283266365857]]","[0.0020684131886810064, -0.001452634809538722, 0.09963706880807877]",[0.0],"[0.0030626095831394196, -0.008743975311517715, 0.8112117648124695, 0.5846791863441467]",[0.44],"[0.11378824710845947, 0.4090934991836548, -18.593125877380373]","[453.34259033203125, 453.3278503417969, 482.10577392578125, 482.1082458496094]"
7.4378623962402,"[7.147008895874023, 2.356220245361328, -1.9500395059585571]","[7.147008895874023, 2.356220245361328, -1.9500395059585571]","[0.7960145473480225, 0.85235595703125, 7.318400859832764]","[0.7960145473480225, 0.85235595703125, 7.318400859832764]","[0.003085349453613162, -0.00873612705618143, 0.8120258450508118, 0.5835478901863098]","[[-0.31892458589285333, -0.947765845321992, -0.005185130029373847], [0.9476580293026341, -0.3187909848234718, -0.017788820238820863], [0.015206664018763, -0.010587023582247085, 0.9998283214056147]]","[0.0019602098036557436, -0.0013781506568193436, 0.08644659072160721]",[0.0],"[0.003085349453613162, -0.00873612705618143, 0.8120258450508118, 0.5835478901863098]",[0.44],"[0.10924935340881348, 0.4001438617706299, -18.065529403686526]","[454.2266845703125, 454.2086486816406, 480.3491516113281, 480.3512268066406]"
7.4688603878021,"[7.173316478729248, 2.384491205215454, -1.7113738059997559]","[7.173316478729248, 2.384491205215454, -1.7113738059997559]","[0.7983235120773315, 0.8609732985496521, 7.14772367477417]","[0.7983235120773315, 0.8609732985496521, 7.14772367477417]","[0.003109878394752741, -0.008727625012397766, 0.8127946853637695, 0.5824766159057617]","[[-0.3214227439878923, -0.9469220792186808, -0.005111889701466588], [0.9468135118088266, -0.32128974379843855, -0.017810397338357653], [0.015222660226997142, -0.010564671565341577, 0.9998283144360256]]","[0.0018233873415738344, -0.0012802318669855595, 0.07367219030857086]",[0.0],"[0.003109878394752741, -0.008727625012397766, 0.8127946853637695, 0.5824766159057617]",[0.44],"[0.1154482364654541, 0.430867075920105, -18.34385925292969]","[455.9013366699219, 455.8815612792969, 478.7530517578125, 478.75537109375]"
7.500415802002,"[7.1972975730896, 2.4104363918304443, -1.4991503953933716]","[7.1972975730896, 2.4104363918304443, -1.4991503953933716]","[0.8003447651863098, 0.868653416633606, 7.001603126525879]","[0.8003447651863098, 0.868653416633606, 7.001603126525879]","[0.0031313186045736074, -0.008720171637833118, 0.8133924603462219, 0.5816416144371033]","[[-0.3233666718829469, -0.9462604188848573, -0.005050047531391738], [0.9461511963421187, -0.323234199408567, -0.01782845414323911], [0.015238011306999838, -0.010543233309314587, 0.9998283069008068]]","[0.0016908944817259908, -0.0011870295275002718, 0.06345051527023315]",[0.0],"[0.0031313186045736074, -0.008720171637833118, 0.8133924603462219, 0.5816416144371033]",[0.44],"[0.10106265544891357, 0.38400590419769287, -17.116027412414553]","[457.36480712890625, 457.34405517578125, 477.3558349609375, 477.35772705078125]"
7.5324153900146,"[7.223744869232178, 2.439239740371704, -1.27061927318573]","[7.223744869232178, 2.439239740371704, -1.27061927318573]","[0.8024904131889343, 0.8769450783729553, 6.850027084350586]","[0.8024904131889343, 0.8769450783729553, 6.850027084350586]","[0.0031536344904452562, -0.00871237087994814, 0.8139525055885315, 0.5808575749397278]","[[-0.3251891735203962, -0.9456359082911404, -0.0049874758521877005], [0.9455260057579381, -0.3250572535286955, -0.017846537179433325], [0.015255110633021013, -0.010519287249968062, 0.9998282983663018]]","[0.0015406544553115964, -0.0010794561821967363, 0.05355134233832359]",[0.0],"[0.0031536344904452562, -0.00871237087994814, 0.8139525055885315, 0.5808575749397278]",[0.44],"[0.10728240013122559, 0.41458308696746826, -17.38880210876465]","[458.64117431640625, 458.6202087402344, 476.1297607421875, 476.1317138671875]"
7.5634157657623,"[7.247848987579346, 2.4656600952148438, -1.0670833587646484]","[7.247848987579346, 2.4656600952148438, -1.0670833587646484]","[0.8043766021728516, 0.8843508958816528, 6.719932556152344]","[0.8043766021728516, 0.8843508958816528, 6.719932556152344]","[0.0031725862063467503, -0.008705713786184788, 0.8143836855888367, 0.5802528858184814]","[[-0.32659315361156827, -0.9451522067077756, -0.004935626199940979], [0.9450417281978778, -0.3264617053129877, -0.017861387161230646], [0.015270435990232867, -0.010497777954268206, 0.9998282904884727]]","[0.0014051926555112004, -0.0009832830401137471, 0.04563039541244507]",[0.0],"[0.0031725862063467503, -0.008705713786184788, 0.8143836855888367, 0.5802528858184814]",[0.44],"[0.09430944919586182, 0.3702908754348755, -16.31472640991211]","[459.754638671875, 459.73431396484375, 475.0542907714844, 475.05645751953125]"
7.5940856933594,"[7.27442741394043, 2.4949769973754883, -0.8475749492645264]","[7.27442741394043, 2.4949769973754883, -0.8475749492645264]","[0.806387186050415, 0.8923625946044922, 6.584660053253174]","[0.806387186050415, 0.8923625946044922, 6.584660053253174]","[0.0031918662134557962, -0.00869891420006752, 0.8147828578948975, 0.5796922445297241]","[[-0.3278935532552736, -0.9447021389355306, -0.004884030444381904], [0.9445910758542149, -0.3277625870586025, -0.017876052524060604], [0.015286741946052618, -0.010474852165993476, 0.9998282817636305]]","[0.001260584918782115, -0.0008796284673735499, 0.03795941546559334]",[0.0],"[0.0031918662134557962, -0.00869891420006752, 0.8147828578948975, 0.5796922445297241]",[0.44],"[0.10052919387817383, 0.4005849361419678, -16.5736251449585]","[460.5595397949219, 460.5397644042969, 474.274169921875, 474.2754821777344]"
7.6256868839264,"[7.298646450042725, 2.5218563079833984, -0.6517919898033142]","[7.298646450042725, 2.5218563079833984, -0.6517919898033142]","[0.8081621527671814, 0.8995315432548523, 6.468296051025391]","[0.8081621527671814, 0.8995315432548523, 6.468296051025391]","[0.003207914996892214, -0.008693207986652851, 0.8150856494903564, 0.579266369342804]","[[-0.32888037574043083, -0.9443591839119431, -0.0048419150992370374], [0.9442476356228572, -0.3287498134474869, -0.017887892702731556], [0.015300817014244017, -0.010454943609091216, 0.999828274832547]]","[0.0011329968692734838, -0.0007893114816397429, 0.03182142600417137]",[0.0],"[0.003207914996892214, -0.008693207986652851, 0.8150856494903564, 0.579266369342804]",[0.44],"[0.08874833583831787, 0.35844743251800537, -15.62820011138916]","[461.42919921875, 461.4105224609375, 473.4273376464844, 473.42913818359375]"
7.6566874980927,"[7.322917938232422, 2.5489487648010254, -0.459411084651947]","[7.322917938232422, 2.5489487648010254, -0.459411084651947]","[0.8098911643028259, 0.9065987467765808, 6.357787609100342]","[0.8098911643028259, 0.9065987467765808, 6.357787609100342]","[0.003222579834982753, -0.008687978610396385, 0.8153379559516907, 0.5789111852645874]","[[-0.3297029267756315, -0.9440725203517517, -0.00480415267870396], [0.9439605295330451, -0.3295727348725479, -0.017898452466864445], [0.015314119300887857, -0.01043610241934595, 0.9998282680137449]]","[0.0010134427575394511, -0.000705026846844703, 0.026385340839624405]",[0.0],"[0.003222579834982753, -0.008687978610396385, 0.8153379559516907, 0.5789111852645874]",[0.44],"[0.08645057678222656, 0.3533601760864258, -15.335422096252442]","[462.18865966796875, 462.17120361328125, 472.6855773925781, 472.6869201660156]"
7.6876876354218,"[7.349675178527832, 2.578994035720825, -0.25151923298835754]","[7.349675178527832, 2.578994035720825, -0.25151923298835754]","[0.8117450475692749, 0.9142626523971558, 6.24252986907959]","[0.8117450475692749, 0.9142626523971558, 6.24252986907959]","[0.003237146884202957, -0.00868275761604309, 0.8155642747879028, 0.5785923004150391]","[[-0.33044095318027367, -0.9438146344952376, -0.004767350704031337], [0.9437022050481854, -0.33031113086053554, -0.017908670361599377], [0.015327756108018953, -0.010416717311549917, 0.9998282612004623]]","[0.0008891798206605017, -0.00061689323047176, 0.021120846271514893]",[0.0],"[0.003237146884202957, -0.00868275761604309, 0.8155642747879028, 0.5785923004150391]",[0.44],"[0.09269416332244873, 0.38319528102874756, -15.572887001037598]","[462.6798400878906, 462.6633605957031, 472.2043151855469, 472.2056884765625]"
7.7186868190765,"[7.374053478240967, 2.6065258979797363, -0.06574343144893646]","[7.374053478240967, 2.6065258979797363, -0.06574343144893646]","[0.8133907318115234, 0.9211360812187195, 6.143095016479492]","[0.8133907318115234, 0.9211360812187195, 6.143095016479492]","[0.0032490284647792578, -0.008678484708070755, 0.8157289028167725, 0.5783601999282837]","[[-0.33097791797496723, -0.9436266559284714, -0.004737927452079016], [0.9435138693530807, -0.33084839815324063, -0.017916799122978222], [0.015339233151258402, -0.010400364113128557, 0.9998282554344137]]","[0.0007841561455279589, -0.0005434759659692645, 0.01690845750272274]",[0.0],"[0.0032490284647792578, -0.008678484708070755, 0.8157289028167725, 0.5783601999282837]",[0.44],"[0.08228421211242676, 0.34367144107818604, -14.781742630004883]","[463.2812194824219, 463.2658386230469, 471.61395263671875, 471.6150207519531]"
7.749219417572,"[7.398479461669922, 2.6342625617980957, 0.11712143570184708]","[7.398479461669922, 2.6342625617980957, 0.11712143570184708]","[0.815001904964447, 0.9279256463050842, 6.048418045043945]","[0.815001904964447, 0.9279256463050842, 6.048418045043945]","[0.0032596739474684, -0.008674630895256996, 0.8158590197563171, 0.5781766176223755]","[[-0.3314023786778153, -0.9434777699354949, -0.004712068717270951], [0.9433646640621621, -0.33127313118396495, -0.017923886232902586], [0.015349806283298045, -0.01038521720290636, 0.9998282506091745]]","[0.0006874775281175971, -0.00047488397103734314, 0.013177811168134212]",[0.0],"[0.0032596739474684, -0.008674630895256996, 0.8158590197563171, 0.5781766176223755]",[0.44],"[0.0805586576461792, 0.3394782543182373, -14.543848571777344]","[463.806396484375, 463.79266357421875, 471.0965881347656, 471.09783935546875]"
7.7812194824219,"[7.425403118133545, 2.6650068759918213, 0.3150753378868103]","[7.425403118133545, 2.6650068759918213, 0.3150753378868103]","[0.8167380690574646, 0.935303270816803, 5.949413776397705]","[0.8167380690574646, 0.935303270816803, 5.949413776397705]","[0.003270051209256053, -0.008670873008668423, 0.8159670829772949, 0.5780240893363953]","[[-0.3317549290824162, -0.9433539685303861, -0.004687438656368115], [0.943240551735317, -0.3316259474747738, -0.017930630656126684], [0.015360455241980264, -0.010369957166872251, 0.9998282454527128]]","[0.000587546091992408, -0.0004056353645864874, 0.009564953856170177]",[0.0],"[0.003270051209256053, -0.008670873008668423, 0.8159670829772949, 0.5780240893363953]",[0.44],"[0.0868082046508789, 0.3688812255859375, -14.760213432312012]","[464.2656555175781, 464.25286865234375, 470.64398193359375, 470.6443176269531]"
7.8122260570526,"[7.449929237365723, 2.6931660175323486, 0.4922668933868408]","[7.449929237365723, 2.6931660175323486, 0.4922668933868408]","[0.8182863593101501, 0.9419321417808533, 5.8637895584106445]","[0.8182863593101501, 0.9419321417808533, 5.8637895584106445]","[0.003278358606621623, -0.008667828515172005, 0.8160372376441956, 0.5779250860214233]","[[-0.33198380894627544, -0.9432736140248397, -0.0046681856777902875], [0.9431599490239859, -0.33185504171424585, -0.017935833035270854], [0.01536923648320862, -0.010357250316307354, 0.9998282422273559]]","[0.0005079513066448271, -0.00034954192233271897, 0.006674144882708788]",[0.0],"[0.003278358606621623, -0.008667828515172005, 0.8160372376441956, 0.5779250860214233]",[0.44],"[0.07741451263427734, 0.33144354820251465, -14.091210899353028]","[464.597900390625, 464.5861511230469, 470.3149719238281, 470.3163757324219]"
7.8442256450653,"[7.476961612701416, 2.724369525909424, 0.6842836141586304]","[7.476961612701416, 2.724369525909424, 0.6842836141586304]","[0.8199595212936401, 0.9491433501243591, 5.774112701416016]","[0.8199595212936401, 0.9491433501243591, 5.774112701416016]","[0.003286360763013363, -0.008664900436997414, 0.8160871863365173, 0.5778545141220093]","[[-0.3321467524044732, -0.9432162810609949, -0.0046501898471248415], [0.9431023771057486, -0.3320181917394365, -0.017940705238912003], [0.015378017480622064, -0.010344551631149113, 0.9998282386667044]]","[0.00042532957741059363, -0.0002919750695582479, 0.003874623915180564]",[0.0],"[0.003286360763013363, -0.008664900436997414, 0.8160871863365173, 0.5778545141220093]",[0.44],"[0.08365809917449951, 0.36056041717529297, -14.293842849731446]","[464.9573974609375, 464.9466552734375, 469.9593505859375, 469.9601745605469]"
7.8740873336792,"[7.474620342254639, 2.7216615676879883, 0.6677572727203369]","[7.474620342254639, 2.7216615676879883, 0.6677572727203369]","[0.0, 0.0, 0.0]","[0.0, 0.0, 0.0]","[0.0, 0.0, 0.8161543011665344, 0.5778338313102722]","[[-0.33221568662526835, -0.9432031335668327, 0.0], [0.9432031335668327, -0.33221568662526835, 0.0], [0.0, 0.0, 1.0]]","[0.0, 0.0, 0.0]",[0.0],"[0.0, 0.0, 0.8161543011665344, 0.5778338313102722]",[0.44],"[-40.99797606468201, -47.45716750621796, -298.5156350708008]","[462.00341796875, 469.04254150390625, 451.5884094238281, 486.5234680175781]"
7.9052362442017,"[7.474620342254639, 2.7216615676879883, 0.6677572727203369]","[7.474620342254639, 2.7216615676879883, 0.6677572727203369]","[0.0, 0.0, 0.0]","[0.0, 0.0, 0.0]","[0.0, 0.0, 0.8161543011665344, 0.5778338313102722]","[[-0.33221568662526835, -0.9432031335668327, 0.0], [0.9432031335668327, -0.33221568662526835, 0.0], [0.0, 0.0, 1.0]]","[0.0, 0.0, 0.0]",[0.0],"[0.0, 0.0, 0.8161543011665344, 0.5778338313102722]",[0.44],"[0.0, 0.0, -9.81]","[461.6875305175781, 469.4283447265625, 449.7381896972656, 488.16229248046875]"
7.9357159137726,"[7.474620342254639, 2.7216615676879883, 0.6677572727203369]","[7.474620342254639, 2.7216615676879883, 0.6677572727203369]","[0.0, 0.0, 0.0]","[0.0, 0.0, 0.0]","[0.0, 0.0, 0.8161543011665344, 0.5778338313102722]","[[-0.33221568662526835, -0.9432031335668327, 0.0], [0.9432031335668327, -0.33221568662526835, 0.0], [0.0, 0.0, 1.0]]","[0.0, 0.0, 0.0]",[0.0],"[0.0, 0.0, 0.8161543011665344, 0.5778338313102722]",[0.44],"[0.0, 0.0, -9.81]","[461.6871032714844, 469.4288635253906, 449.73565673828125, 488.16448974609375]"
7.967235326767,"[7.474620342254639, 2.7216615676879883, 0.6677572727203369]","[7.474620342254639, 2.7216615676879883, 0.6677572727203369]","[0.0, 0.0, 0.0]","[0.0, 0.0, 0.0]","[0.0, 0.0, 0.8161543011665344, 0.5778338313102722]","[[-0.33221568662526835, -0.9432031335668327, 0.0], [0.9432031335668327, -0.33221568662526835, 0.0], [0.0, 0.0, 1.0]]","[0.0, 0.0, 0.0]",[0.0],"[0.0, 0.0, 0.8161543011665344, 0.5778338313102722]",[0.44],"[0.0, 0.0, -9.81]","[461.6871032714844, 469.4288635253906, 449.73565673828125, 488.16448974609375]"
7.9982342720032,"[7.474620342254639, 2.7216615676879883, 0.6677572727203369]","[7.474620342254639, 2.7216615676879883, 0.6677572727203369]","[0.0, 0.0, 0.0]","[0.0, 0.0, 0.0]","[0.0, 0.0, 0.8161543011665344, 0.5778338313102722]","[[-0.33221568662526835, -0.9432031335668327, 0.0], [0.9432031335668327, -0.33221568662526835, 0.0], [0.0, 0.0, 1.0]]","[0.0, 0.0, 0.0]",[0.0],"[0.0, 0.0, 0.8161543011665344, 0.5778338313102722]",[0.44],"[0.0, 0.0, -9.81]","[461.6871032714844, 469.4288635253906, 449.73565673828125, 488.16448974609375]"
8.0288045406342,"[7.474620342254639, 2.7216615676879883, 0.6677572727203369]","[7.474620342254639, 2.7216615676879883, 0.6677572727203369]","[0.0, 0.0, 0.0]","[0.0, 0.0, 0.0]","[0.0, 0.0, 0.8161543011665344, 0.5778338313102722]","[[-0.33221568662526835, -0.9432031335668327, 0.0], [0.9432031335668327, -0.33221568662526835, 0.0], [0.0, 0.0, 1.0]]","[0.0, 0.0, 0.0]",[0.0],"[0.0, 0.0, 0.8161543011665344, 0.5778338313102722]",[0.44],"[0.0, 0.0, -9.81]","[461.6871032714844, 469.4288635253906, 449.73565673828125, 488.16448974609375]"
8.0607979297638,"[7.474620342254639, 2.7216615676879883, 0.6677572727203369]","[7.474620342254639, 2.7216615676879883, 0.6677572727203369]","[0.0, 0.0, 0.0]","[0.0, 0.0, 0.0]","[0.0, 0.0, 0.8161543011665344, 0.5778338313102722]","[[-0.33221568662526835, -0.9432031335668327, 0.0], [0.9432031335668327, -0.33221568662526835, 0.0], [0.0, 0.0, 1.0]]","[0.0, 0.0, 0.0]",[0.0],"[0.0, 0.0, 0.8161543011665344, 0.5778338313102722]",[0.44],"[0.0, 0.0, -9.81]","[461.6871032714844, 469.4288635253906, 449.73565673828125, 488.16448974609375]"
8.091796875,"[7.474620342254639, 2.7216615676879883, 0.6677572727203369]","[7.474620342254639, 2.7216615676879883, 0.6677572727203369]","[0.0, 0.0, 0.0]","[0.0, 0.0, 0.0]","[0.0, 0.0, 0.8161543011665344, 0.5778338313102722]","[[-0.33221568662526835, -0.9432031335668327, 0.0], [0.9432031335668327, -0.33221568662526835, 0.0], [0.0, 0.0, 1.0]]","[0.0, 0.0, 0.0]",[0.0],"[0.0, 0.0, 0.8161543011665344, 0.5778338313102722]",[0.44],"[0.0, 0.0, -9.81]","[461.6871032714844, 469.4288635253906, 449.73565673828125, 488.16448974609375]"
8.122798204422,"[7.474620342254639, 2.7216615676879883, 0.6677572727203369]","[7.474620342254639, 2.7216615676879883, 0.6677572727203369]","[0.0, 0.0, 0.0]","[0.0, 0.0, 0.0]","[0.0, 0.0, 0.8161543011665344, 0.5778338313102722]","[[-0.33221568662526835, -0.9432031335668327, 0.0], [0.9432031335668327, -0.33221568662526835, 0.0], [0.0, 0.0, 1.0]]","[0.0, 0.0, 0.0]",[0.0],"[0.0, 0.0, 0.8161543011665344, 0.5778338313102722]",[0.44],"[0.0, 0.0, -9.81]","[461.6871032714844, 469.4288635253906, 449.73565673828125, 488.16448974609375]"
8.1531357765198,"[7.474620342254639, 2.7216615676879883, 0.6677572727203369]","[7.474620342254639, 2.7216615676879883, 0.6677572727203369]","[0.0, 0.0, 0.0]","[0.0, 0.0, 0.0]","[0.0, 0.0, 0.8161543011665344, 0.5778338313102722]","[[-0.33221568662526835, -0.9432031335668327, 0.0], [0.9432031335668327, -0.33221568662526835, 0.0], [0.0, 0.0, 1.0]]","[0.0, 0.0, 0.0]",[0.0],"[0.0, 0.0, 0.8161543011665344, 0.5778338313102722]",[0.44],"[0.0, 0.0, -9.81]","[461.6871032714844, 469.4288635253906, 449.73565673828125, 488.16448974609375]"
8.1851317882538,"[7.474620342254639, 2.7216615676879883, 0.6677572727203369]","[7.474620342254639, 2.7216615676879883, 0.6677572727203369]","[0.0, 0.0, 0.0]","[0.0, 0.0, 0.0]","[0.0, 0.0, 0.8161543011665344, 0.5778338313102722]","[[-0.33221568662526835, -0.9432031335668327, 0.0], [0.9432031335668327, -0.33221568662526835, 0.0], [0.0, 0.0, 1.0]]","[0.0, 0.0, 0.0]",[0.0],"[0.0, 0.0, 0.8161543011665344, 0.5778338313102722]",[0.44],"[0.0, 0.0, -9.81]","[461.6871032714844, 469.4288635253906, 449.73565673828125, 488.16448974609375]"
8.2157175540924,"[7.474620342254639, 2.7216615676879883, 0.6677572727203369]","[7.474620342254639, 2.7216615676879883, 0.6677572727203369]","[0.0, 0.0, 0.0]","[0.0, 0.0, 0.0]","[0.0, 0.0, 0.8161543011665344, 0.5778338313102722]","[[-0.33221568662526835, -0.9432031335668327, 0.0], [0.9432031335668327, -0.33221568662526835, 0.0], [0.0, 0.0, 1.0]]","[0.0, 0.0, 0.0]",[0.0],"[0.0, 0.0, 0.8161543011665344, 0.5778338313102722]",[0.44],"[0.0, 0.0, -9.81]","[461.6871032714844, 469.4288635253906, 449.73565673828125, 488.16448974609375]"
8.2468781471252,"[7.474620342254639, 2.7216615676879883, 0.6677572727203369]","[7.474620342254639, 2.7216615676879883, 0.6677572727203369]","[0.0, 0.0, 0.0]","[0.0, 0.0, 0.0]","[0.0, 0.0, 0.8161543011665344, 0.5778338313102722]","[[-0.33221568662526835, -0.9432031335668327, 0.0], [0.9432031335668327, -0.33221568662526835, 0.0], [0.0, 0.0, 1.0]]","[0.0, 0.0, 0.0]",[0.0],"[0.0, 0.0, 0.8161543011665344, 0.5778338313102722]",[0.44],"[0.0, 0.0, -9.81]","[461.6871032714844, 469.4288635253906, 449.73565673828125, 488.16448974609375]"
8.2770164012909,"[7.474620342254639, 2.7216615676879883, 0.6677572727203369]","[7.474620342254639, 2.7216615676879883, 0.6677572727203369]","[0.0, 0.0, 0.0]","[0.0, 0.0, 0.0]","[0.0, 0.0, 0.8161543011665344, 0.5778338313102722]","[[-0.33221568662526835, -0.9432031335668327, 0.0], [0.9432031335668327, -0.33221568662526835, 0.0], [0.0, 0.0, 1.0]]","[0.0, 0.0, 0.0]",[0.0],"[0.0, 0.0, 0.8161543011665344, 0.5778338313102722]",[0.44],"[0.0, 0.0, -9.81]","[461.6871032714844, 469.4288635253906, 449.73565673828125, 488.16448974609375]"
8.3078556060791,"[7.474620342254639, 2.7216615676879883, 0.6677572727203369]","[7.474620342254639, 2.7216615676879883, 0.6677572727203369]","[0.0, 0.0, 0.0]","[0.0, 0.0, 0.0]","[0.0, 0.0, 0.8161543011665344, 0.5778338313102722]","[[-0.33221568662526835, -0.9432031335668327, 0.0], [0.9432031335668327, -0.33221568662526835, 0.0], [0.0, 0.0, 1.0]]","[0.0, 0.0, 0.0]",[0.0],"[0.0, 0.0, 0.8161543011665344, 0.5778338313102722]",[0.44],"[0.0, 0.0, -9.81]","[461.6871032714844, 469.4288635253906, 449.73565673828125, 488.16448974609375]"
8.3385918140411,"[7.474620342254639, 2.7216615676879883, 0.6677572727203369]","[7.474620342254639, 2.7216615676879883, 0.6677572727203369]","[0.0, 0.0, 0.0]","[0.0, 0.0, 0.0]","[0.0, 0.0, 0.8161543011665344, 0.5778338313102722]","[[-0.33221568662526835, -0.9432031335668327, 0.0], [0.9432031335668327, -0.33221568662526835, 0.0], [0.0, 0.0, 1.0]]","[0.0, 0.0, 0.0]",[0.0],"[0.0, 0.0, 0.8161543011665344, 0.5778338313102722]",[0.44],"[0.0, 0.0, -9.81]","[461.6871032714844, 469.4288635253906, 449.73565673828125, 488.16448974609375]"
8.3706028461456,"[7.474620342254639, 2.7216615676879883, 0.6677572727203369]","[7.474620342254639, 2.7216615676879883, 0.6677572727203369]","[0.0, 0.0, 0.0]","[0.0, 0.0, 0.0]","[0.0, 0.0, 0.8161543011665344, 0.5778338313102722]","[[-0.33221568662526835, -0.9432031335668327, 0.0], [0.9432031335668327, -0.33221568662526835, 0.0], [0.0, 0.0, 1.0]]","[0.0, 0.0, 0.0]",[0.0],"[0.0, 0.0, 0.8161543011665344, 0.5778338313102722]",[0.44],"[0.0, 0.0, -9.81]","[461.6871032714844, 469.4288635253906, 449.73565673828125, 488.16448974609375]"
8.4018428325653,"[7.474620342254639, 2.7216615676879883, 0.6677572727203369]","[7.474620342254639, 2.7216615676879883, 0.6677572727203369]","[0.0, 0.0, 0.0]","[0.0, 0.0, 0.0]","[0.0, 0.0, 0.8161543011665344, 0.5778338313102722]","[[-0.33221568662526835, -0.9432031335668327, 0.0], [0.9432031335668327, -0.33221568662526835, 0.0], [0.0, 0.0, 1.0]]","[0.0, 0.0, 0.0]",[0.0],"[0.0, 0.0, 0.8161543011665344, 0.5778338313102722]",[0.44],"[0.0, 0.0, -9.81]","[461.6871032714844, 469.4288635253906, 449.73565673828125, 488.16448974609375]"
8.4325530529022,"[7.474620342254639, 2.7216615676879883, 0.6677572727203369]","[7.474620342254639, 2.7216615676879883, 0.6677572727203369]","[0.0, 0.0, 0.0]","[0.0, 0.0, 0.0]","[0.0, 0.0, 0.8161543011665344, 0.5778338313102722]","[[-0.33221568662526835, -0.9432031335668327, 0.0], [0.9432031335668327, -0.33221568662526835, 0.0], [0.0, 0.0, 1.0]]","[0.0, 0.0, 0.0]",[0.0],"[0.0, 0.0, 0.8161543011665344, 0.5778338313102722]",[0.44],"[0.0, 0.0, -9.81]","[461.6871032714844, 469.4288635253906, 449.73565673828125, 488.16448974609375]"
8.4645547866821,"[7.474620342254639, 2.7216615676879883, 0.6677572727203369]","[7.474620342254639, 2.7216615676879883, 0.6677572727203369]","[0.0, 0.0, 0.0]","[0.0, 0.0, 0.0]","[0.0, 0.0, 0.8161543011665344, 0.5778338313102722]","[[-0.33221568662526835, -0.9432031335668327, 0.0], [0.9432031335668327, -0.33221568662526835, 0.0], [0.0, 0.0, 1.0]]","[0.0, 0.0, 0.0]",[0.0],"[0.0, 0.0, 0.8161543011665344, 0.5778338313102722]",[0.44],"[0.0, 0.0, -9.81]","[461.6871032714844, 469.4288635253906, 449.73565673828125, 488.16448974609375]"
8.4958329200745,"[7.474620342254639, 2.7216615676879883, 0.6677572727203369]","[7.474620342254639, 2.7216615676879883, 0.6677572727203369]","[0.0, 0.0, 0.0]","[0.0, 0.0, 0.0]","[0.0, 0.0, 0.8161543011665344, 0.5778338313102722]","[[-0.33221568662526835, -0.9432031335668327, 0.0], [0.9432031335668327, -0.33221568662526835, 0.0], [0.0, 0.0, 1.0]]","[0.0, 0.0, 0.0]",[0.0],"[0.0, 0.0, 0.8161543011665344, 0.5778338313102722]",[0.44],"[0.0, 0.0, -9.81]","[461.6871032714844, 469.4288635253906, 449.73565673828125, 488.16448974609375]"
8.5278284549713,"[7.474620342254639, 2.7216615676879883, 0.6677572727203369]","[7.474620342254639, 2.7216615676879883, 0.6677572727203369]","[0.0, 0.0, 0.0]","[0.0, 0.0, 0.0]","[0.0, 0.0, 0.8161543011665344, 0.5778338313102722]","[[-0.33221568662526835, -0.9432031335668327, 0.0], [0.9432031335668327, -0.33221568662526835, 0.0], [0.0, 0.0, 1.0]]","[0.0, 0.0, 0.0]",[0.0],"[0.0, 0.0, 0.8161543011665344, 0.5778338313102722]",[0.44],"[0.0, 0.0, -9.81]","[461.6871032714844, 469.4288635253906, 449.73565673828125, 488.16448974609375]"
8.5588338375092,"[7.474620342254639, 2.7216615676879883, 0.6677572727203369]","[7.474620342254639, 2.7216615676879883, 0.6677572727203369]","[0.0, 0.0, 0.0]","[0.0, 0.0, 0.0]","[0.0, 0.0, 0.8161543011665344, 0.5778338313102722]","[[-0.33221568662526835, -0.9432031335668327, 0.0], [0.9432031335668327, -0.33221568662526835, 0.0], [0.0, 0.0, 1.0]]","[0.0, 0.0, 0.0]",[0.0],"[0.0, 0.0, 0.8161543011665344, 0.5778338313102722]",[0.44],"[0.0, 0.0, -9.81]","[461.6871032714844, 469.4288635253906, 449.73565673828125, 488.16448974609375]"
8.5895822048187,"[7.474620342254639, 2.7216615676879883, 0.6677572727203369]","[7.474620342254639, 2.7216615676879883, 0.6677572727203369]","[0.0, 0.0, 0.0]","[0.0, 0.0, 0.0]","[0.0, 0.0, 0.8161543011665344, 0.5778338313102722]","[[-0.33221568662526835, -0.9432031335668327, 0.0], [0.9432031335668327, -0.33221568662526835, 0.0], [0.0, 0.0, 1.0]]","[0.0, 0.0, 0.0]",[0.0],"[0.0, 0.0, 0.8161543011665344, 0.5778338313102722]",[0.44],"[0.0, 0.0, -9.81]","[461.6871032714844, 469.4288635253906, 449.73565673828125, 488.16448974609375]"
8.6206164360046,"[7.474620342254639, 2.7216615676879883, 0.6677572727203369]","[7.474620342254639, 2.7216615676879883, 0.6677572727203369]","[0.0, 0.0, 0.0]","[0.0, 0.0, 0.0]","[0.0, 0.0, 0.8161543011665344, 0.5778338313102722]","[[-0.33221568662526835, -0.9432031335668327, 0.0], [0.9432031335668327, -0.33221568662526835, 0.0], [0.0, 0.0, 1.0]]","[0.0, 0.0, 0.0]",[0.0],"[0.0, 0.0, 0.8161543011665344, 0.5778338313102722]",[0.44],"[0.0, 0.0, -9.81]","[461.6871032714844, 469.4288635253906, 449.73565673828125, 488.16448974609375]"
8.6525843143463,"[7.474620342254639, 2.7216615676879883, 0.6677572727203369]","[7.474620342254639, 2.7216615676879883, 0.6677572727203369]","[0.0, 0.0, 0.0]","[0.0, 0.0, 0.0]","[0.0, 0.0, 0.8161543011665344, 0.5778338313102722]","[[-0.33221568662526835, -0.9432031335668327, 0.0], [0.9432031335668327, -0.33221568662526835, 0.0], [0.0, 0.0, 1.0]]","[0.0, 0.0, 0.0]",[0.0],"[0.0, 0.0, 0.8161543011665344, 0.5778338313102722]",[0.44],"[0.0, 0.0, -9.81]","[461.6871032714844, 469.4288635253906, 449.73565673828125, 488.16448974609375]"
8.6846148967743,"[7.474620342254639, 2.7216615676879883, 0.6677572727203369]","[7.474620342254639, 2.7216615676879883, 0.6677572727203369]","[0.0, 0.0, 0.0]","[0.0, 0.0, 0.0]","[0.0, 0.0, 0.8161543011665344, 0.5778338313102722]","[[-0.33221568662526835, -0.9432031335668327, 0.0], [0.9432031335668327, -0.33221568662526835, 0.0], [0.0, 0.0, 1.0]]","[0.0, 0.0, 0.0]",[0.0],"[0.0, 0.0, 0.8161543011665344, 0.5778338313102722]",[0.44],"[0.0, 0.0, -9.81]","[461.6871032714844, 469.4288635253906, 449.73565673828125, 488.16448974609375]"
8.7166152000427,"[7.474620342254639, 2.7216615676879883, 0.6677572727203369]","[7.474620342254639, 2.7216615676879883, 0.6677572727203369]","[0.0, 0.0, 0.0]","[0.0, 0.0, 0.0]","[0.0, 0.0, 0.8161543011665344, 0.5778338313102722]","[[-0.33221568662526835, -0.9432031335668327, 0.0], [0.9432031335668327, -0.33221568662526835, 0.0], [0.0, 0.0, 1.0]]","[0.0, 0.0, 0.0]",[0.0],"[0.0, 0.0, 0.8161543011665344, 0.5778338313102722]",[0.44],"[0.0, 0.0, -9.81]","[461.6871032714844, 469.4288635253906, 449.73565673828125, 488.16448974609375]"
8.7476165294647,"[7.474620342254639, 2.7216615676879883, 0.6677572727203369]","[7.474620342254639, 2.7216615676879883, 0.6677572727203369]","[0.0, 0.0, 0.0]","[0.0, 0.0, 0.0]","[0.0, 0.0, 0.8161543011665344, 0.5778338313102722]","[[-0.33221568662526835, -0.9432031335668327, 0.0], [0.9432031335668327, -0.33221568662526835, 0.0], [0.0, 0.0, 1.0]]","[0.0, 0.0, 0.0]",[0.0],"[0.0, 0.0, 0.8161543011665344, 0.5778338313102722]",[0.44],"[0.0, 0.0, -9.81]","[461.6871032714844, 469.4288635253906, 449.73565673828125, 488.16448974609375]"
8.7786178588867,"[7.474620342254639, 2.7216615676879883, 0.6677572727203369]","[7.474620342254639, 2.7216615676879883, 0.6677572727203369]","[0.0, 0.0, 0.0]","[0.0, 0.0, 0.0]","[0.0, 0.0, 0.8161543011665344, 0.5778338313102722]","[[-0.33221568662526835, -0.9432031335668327, 0.0], [0.9432031335668327, -0.33221568662526835, 0.0], [0.0, 0.0, 1.0]]","[0.0, 0.0, 0.0]",[0.0],"[0.0, 0.0, 0.8161543011665344, 0.5778338313102722]",[0.44],"[0.0, 0.0, -9.81]","[461.6871032714844, 469.4288635253906, 449.73565673828125, 488.16448974609375]"
8.8101193904877,"[7.474620342254639, 2.7216615676879883, 0.6677572727203369]","[7.474620342254639, 2.7216615676879883, 0.6677572727203369]","[0.0, 0.0, 0.0]","[0.0, 0.0, 0.0]","[0.0, 0.0, 0.8161543011665344, 0.5778338313102722]","[[-0.33221568662526835, -0.9432031335668327, 0.0], [0.9432031335668327, -0.33221568662526835, 0.0], [0.0, 0.0, 1.0]]","[0.0, 0.0, 0.0]",[0.0],"[0.0, 0.0, 0.8161543011665344, 0.5778338313102722]",[0.44],"[0.0, 0.0, -9.81]","[461.6871032714844, 469.4288635253906, 449.73565673828125, 488.16448974609375]"
8.8411555290222,"[7.474620342254639, 2.7216615676879883, 0.6677572727203369]","[7.474620342254639, 2.7216615676879883, 0.6677572727203369]","[0.0, 0.0, 0.0]","[0.0, 0.0, 0.0]","[0.0, 0.0, 0.8161543011665344, 0.5778338313102722]","[[-0.33221568662526835, -0.9432031335668327, 0.0], [0.9432031335668327, -0.33221568662526835, 0.0], [0.0, 0.0, 1.0]]","[0.0, 0.0, 0.0]",[0.0],"[0.0, 0.0, 0.8161543011665344, 0.5778338313102722]",[0.44],"[0.0, 0.0, -9.81]","[461.6871032714844, 469.4288635253906, 449.73565673828125, 488.16448974609375]"
8.8731284141541,"[7.474620342254639, 2.7216615676879883, 0.6677572727203369]","[7.474620342254639, 2.7216615676879883, 0.6677572727203369]","[0.0, 0.0, 0.0]","[0.0, 0.0, 0.0]","[0.0, 0.0, 0.8161543011665344, 0.5778338313102722]","[[-0.33221568662526835, -0.9432031335668327, 0.0], [0.9432031335668327, -0.33221568662526835, 0.0], [0.0, 0.0, 1.0]]","[0.0, 0.0, 0.0]",[0.0],"[0.0, 0.0, 0.8161543011665344, 0.5778338313102722]",[0.44],"[0.0, 0.0, -9.81]","[473.6607360839844, 473.6607360839844, 473.6607360839844, 473.6607971191406]"
8.9037177562714,"[7.474620342254639, 2.7216615676879883, 0.6677572727203369]","[7.474620342254639, 2.7216615676879883, 0.6677572727203369]","[0.0, 0.0, 0.0]","[0.0, 0.0, 0.0]","[0.0, 0.0, 0.8161543011665344, 0.5778338313102722]","[[-0.33221568662526835, -0.9432031335668327, 0.0], [0.9432031335668327, -0.33221568662526835, 0.0], [0.0, 0.0, 1.0]]","[0.0, 0.0, 0.0]",[0.0],"[0.0, 0.0, 0.8161543011665344, 0.5778338313102722]",[0.44],"[0.0, 0.0, -9.81]","[473.6607360839844, 473.6607360839844, 473.6607360839844, 473.6607971191406]"
8.9348077774048,"[7.474620342254639, 2.7216615676879883, 0.6677572727203369]","[7.474620342254639, 2.7216615676879883, 0.6677572727203369]","[0.0, 0.0, 0.0]","[0.0, 0.0, 0.0]","[0.0, 0.0, 0.8161543011665344, 0.5778338313102722]","[[-0.33221568662526835, -0.9432031335668327, 0.0], [0.9432031335668327, -0.33221568662526835, 0.0], [0.0, 0.0, 1.0]]","[0.0, 0.0, 0.0]",[0.0],"[0.0, 0.0, 0.8161543011665344, 0.5778338313102722]",[0.44],"[0.0, 0.0, -9.81]","[473.6607360839844, 473.6607360839844, 473.6607360839844, 473.6607971191406]"
8.9660873413086,"[7.474620342254639, 2.7216615676879883, 0.6677572727203369]","[7.474620342254639, 2.7216615676879883, 0.6677572727203369]","[0.0, 0.0, 0.0]","[0.0, 0.0, 0.0]","[0.0, 0.0, 0.8161543011665344, 0.5778338313102722]","[[-0.33221568662526835, -0.9432031335668327, 0.0], [0.9432031335668327, -0.33221568662526835, 0.0], [0.0, 0.0, 1.0]]","[0.0, 0.0, 0.0]",[0.0],"[0.0, 0.0, 0.8161543011665344, 0.5778338313102722]",[0.44],"[0.0, 0.0, -9.81]","[473.6607360839844, 473.6607360839844, 473.6607360839844, 473.6607971191406]"
8.997127532959,"[7.474620342254639, 2.7216615676879883, 0.6677572727203369]","[7.474620342254639, 2.7216615676879883, 0.6677572727203369]","[0.0, 0.0, 0.0]","[0.0, 0.0, 0.0]","[0.0, 0.0, 0.8161543011665344, 0.5778338313102722]","[[-0.33221568662526835, -0.9432031335668327, 0.0], [0.9432031335668327, -0.33221568662526835, 0.0], [0.0, 0.0, 1.0]]","[0.0, 0.0, 0.0]",[0.0],"[0.0, 0.0, 0.8161543011665344, 0.5778338313102722]",[0.44],"[0.0, 0.0, -9.81]","[473.6607360839844, 473.6607360839844, 473.6607360839844, 473.6607971191406]"
9.0280959606171,"[7.474620342254639, 2.7216615676879883, 0.6677572727203369]","[7.474620342254639, 2.7216615676879883, 0.6677572727203369]","[0.0, 0.0, 0.0]","[0.0, 0.0, 0.0]","[0.0, 0.0, 0.8161543011665344, 0.5778338313102722]","[[-0.33221568662526835, -0.9432031335668327, 0.0], [0.9432031335668327, -0.33221568662526835, 0.0], [0.0, 0.0, 1.0]]","[0.0, 0.0, 0.0]",[0.0],"[0.0, 0.0, 0.8161543011665344, 0.5778338313102722]",[0.44],"[0.0, 0.0, -9.81]","[473.6607360839844, 473.6607360839844, 473.6607360839844, 473.6607971191406]"
9.0591089725494,"[7.474620342254639, 2.7216615676879883, 0.6677572727203369]","[7.474620342254639, 2.7216615676879883, 0.6677572727203369]","[0.0, 0.0, 0.0]","[0.0, 0.0, 0.0]","[0.0, 0.0, 0.8161543011665344, 0.5778338313102722]","[[-0.33221568662526835, -0.9432031335668327, 0.0], [0.9432031335668327, -0.33221568662526835, 0.0], [0.0, 0.0, 1.0]]","[0.0, 0.0, 0.0]",[0.0],"[0.0, 0.0, 0.8161543011665344, 0.5778338313102722]",[0.44],"[0.0, 0.0, -9.81]","[473.6607360839844, 473.6607360839844, 473.6607360839844, 473.6607971191406]"
9.0901260375977,"[7.474620342254639, 2.7216615676879883, 0.6677572727203369]","[7.474620342254639, 2.7216615676879883, 0.6677572727203369]","[0.0, 0.0, 0.0]","[0.0, 0.0, 0.0]","[0.0, 0.0, 0.8161543011665344, 0.5778338313102722]","[[-0.33221568662526835, -0.9432031335668327, 0.0], [0.9432031335668327, -0.33221568662526835, 0.0], [0.0, 0.0, 1.0]]","[0.0, 0.0, 0.0]",[0.0],"[0.0, 0.0, 0.8161543011665344, 0.5778338313102722]",[0.44],"[0.0, 0.0, -9.81]","[473.6607360839844, 473.6607360839844, 473.6607360839844, 473.6607971191406]"
9.1208460330963,"[7.474620342254639, 2.7216615676879883, 0.6677572727203369]","[7.474620342254639, 2.7216615676879883, 0.6677572727203369]","[0.0, 0.0, 0.0]","[0.0, 0.0, 0.0]","[0.0, 0.0, 0.8161543011665344, 0.5778338313102722]","[[-0.33221568662526835, -0.9432031335668327, 0.0], [0.9432031335668327, -0.33221568662526835, 0.0], [0.0, 0.0, 1.0]]","[0.0, 0.0, 0.0]",[0.0],"[0.0, 0.0, 0.8161543011665344, 0.5778338313102722]",[0.44],"[0.0, 0.0, -9.81]","[473.6607360839844, 473.6607360839844, 473.6607360839844, 473.6607971191406]"
9.1517632007599,"[7.474620342254639, 2.7216615676879883, 0.6677572727203369]","[7.474620342254639, 2.7216615676879883, 0.6677572727203369]","[0.0, 0.0, 0.0]","[0.0, 0.0, 0.0]","[0.0, 0.0, 0.8161543011665344, 0.5778338313102722]","[[-0.33221568662526835, -0.9432031335668327, 0.0], [0.9432031335668327, -0.33221568662526835, 0.0], [0.0, 0.0, 1.0]]","[0.0, 0.0, 0.0]",[0.0],"[0.0, 0.0, 0.8161543011665344, 0.5778338313102722]",[0.44],"[0.0, 0.0, -9.81]","[473.6607360839844, 473.6607360839844, 473.6607360839844, 473.6607971191406]"
9.1838173866272,"[7.474620342254639, 2.7216615676879883, 0.6677572727203369]","[7.474620342254639, 2.7216615676879883, 0.6677572727203369]","[0.0, 0.0, 0.0]","[0.0, 0.0, 0.0]","[0.0, 0.0, 0.8161543011665344, 0.5778338313102722]","[[-0.33221568662526835, -0.9432031335668327, 0.0], [0.9432031335668327, -0.33221568662526835, 0.0], [0.0, 0.0, 1.0]]","[0.0, 0.0, 0.0]",[0.0],"[0.0, 0.0, 0.8161543011665344, 0.5778338313102722]",[0.44],"[0.0, 0.0, -9.81]","[473.6607360839844, 473.6607360839844, 473.6607360839844, 473.6607971191406]"
9.2154195308685,"[7.474620342254639, 2.7216615676879883, 0.6677572727203369]","[7.474620342254639, 2.7216615676879883, 0.6677572727203369]","[0.0, 0.0, 0.0]","[0.0, 0.0, 0.0]","[0.0, 0.0, 0.8161543011665344, 0.5778338313102722]","[[-0.33221568662526835, -0.9432031335668327, 0.0], [0.9432031335668327, -0.33221568662526835, 0.0], [0.0, 0.0, 1.0]]","[0.0, 0.0, 0.0]",[0.0],"[0.0, 0.0, 0.8161543011665344, 0.5778338313102722]",[0.44],"[0.0, 0.0, -9.81]","[473.6607360839844, 473.6607360839844, 473.6607360839844, 473.6607971191406]"
9.2459580898285,"[7.474620342254639, 2.7216615676879883, 0.6677572727203369]","[7.474620342254639, 2.7216615676879883, 0.6677572727203369]","[0.0, 0.0, 0.0]","[0.0, 0.0, 0.0]","[0.0, 0.0, 0.8161543011665344, 0.5778338313102722]","[[-0.33221568662526835, -0.9432031335668327, 0.0], [0.9432031335668327, -0.33221568662526835, 0.0], [0.0, 0.0, 1.0]]","[0.0, 0.0, 0.0]",[0.0],"[0.0, 0.0, 0.8161543011665344, 0.5778338313102722]",[0.44],"[0.0, 0.0, -9.81]","[473.6607360839844, 473.6607360839844, 473.6607360839844, 473.6607971191406]"
0.3432080745697,"[7.8530097007751465, 3.2069814205169678, 0.6611301898956299]","[7.8530097007751465, 3.2069814205169678, 0.6611301898956299]","[0.0, 0.0, 0.0]","[0.0, 0.0, 0.0]","[0.0, 0.0, 0.9226877689361572, 0.38554778695106506]","[[-0.7027054378887669, -0.7114804547203022, 0.0], [0.7114804547203022, -0.7027054378887669, 0.0], [0.0, 0.0, 1.0]]","[0.0, 0.0, 0.0]",[0.0],"[0.0, 0.0, 0.9226877689361572, 0.38554778695106506]",[0.44],"[0.0, 0.0, -9.81]","[473.6607360839844, 473.6607360839844, 473.6607971191406, 473.6607971191406]"
0.37424254417419,"[7.8530097007751465, 3.2069814205169678, 0.6611301898956299]","[7.8530097007751465, 3.2069814205169678, 0.6611301898956299]","[0.0, 0.0, 0.0]","[0.0, 0.0, 0.0]","[0.0, 0.0, 0.9226877689361572, 0.38554778695106506]","[[-0.7027054378887669, -0.7114804547203022, 0.0], [0.7114804547203022, -0.7027054378887669, 0.0], [0.0, 0.0, 1.0]]","[0.0, 0.0, 0.0]",[0.0],"[0.0, 0.0, 0.9226877689361572, 0.38554778695106506]",[0.44],"[0.0, 0.0, -9.81]","[473.6607360839844, 473.6607360839844, 473.6607971191406, 473.6607971191406]"
0.40524125099182,"[7.8530097007751465, 3.2069814205169678, 0.6611301898956299]","[7.8530097007751465, 3.2069814205169678, 0.6611301898956299]","[0.0, 0.0, 0.0]","[0.0, 0.0, 0.0]","[0.0, 0.0, 0.9226877689361572, 0.38554778695106506]","[[-0.7027054378887669, -0.7114804547203022, 0.0], [0.7114804547203022, -0.7027054378887669, 0.0], [0.0, 0.0, 1.0]]","[0.0, 0.0, 0.0]",[0.0],"[0.0, 0.0, 0.9226877689361572, 0.38554778695106506]",[0.44],"[0.0, 0.0, -9.81]","[473.6607360839844, 473.6607360839844, 473.6607971191406, 473.6607971191406]"
0.43527913093567,"[7.8530097007751465, 3.2069814205169678, 0.6611301898956299]","[7.8530097007751465, 3.2069814205169678, 0.6611301898956299]","[0.0, 0.0, 0.0]","[0.0, 0.0, 0.0]","[0.0, 0.0, 0.9226877689361572, 0.38554778695106506]","[[-0.7027054378887669, -0.7114804547203022, 0.0], [0.7114804547203022, -0.7027054378887669, 0.0], [0.0, 0.0, 1.0]]","[0.0, 0.0, 0.0]",[0.0],"[0.0, 0.0, 0.9226877689361572, 0.38554778695106506]",[0.44],"[0.0, 0.0, -9.81]","[473.6607360839844, 473.6607360839844, 473.6607971191406, 473.6607971191406]"
0.46678733825684,"[7.8530097007751465, 3.2069814205169678, 0.6611301898956299]","[7.8530097007751465, 3.2069814205169678, 0.6611301898956299]","[0.0, 0.0, 0.0]","[0.0, 0.0, 0.0]","[0.0, 0.0, 0.9226877689361572, 0.38554778695106506]","[[-0.7027054378887669, -0.7114804547203022, 0.0], [0.7114804547203022, -0.7027054378887669, 0.0], [0.0, 0.0, 1.0]]","[0.0, 0.0, 0.0]",[0.0],"[0.0, 0.0, 0.9226877689361572, 0.38554778695106506]",[0.44],"[0.0, 0.0, -9.81]","[473.6607360839844, 473.6607360839844, 473.6607971191406, 473.6607971191406]"
0.49879860877991,"[7.8530097007751465, 3.2069814205169678, 0.6611301898956299]","[7.8530097007751465, 3.2069814205169678, 0.6611301898956299]","[0.0, 0.0, 0.0]","[0.0, 0.0, 0.0]","[0.0, 0.0, 0.9226877689361572, 0.38554778695106506]","[[-0.7027054378887669, -0.7114804547203022, 0.0], [0.7114804547203022, -0.7027054378887669, 0.0], [0.0, 0.0, 1.0]]","[0.0, 0.0, 0.0]",[0.0],"[0.0, 0.0, 0.9226877689361572, 0.38554778695106506]",[0.44],"[0.0, 0.0, -9.81]","[473.6607360839844, 473.6607360839844, 473.6607971191406, 473.6607971191406]"
0.52910351753235,"[7.8530097007751465, 3.2069814205169678, 0.6611301898956299]","[7.8530097007751465, 3.2069814205169678, 0.6611301898956299]","[0.0, 0.0, 0.0]","[0.0, 0.0, 0.0]","[0.0, 0.0, 0.9226877689361572, 0.38554778695106506]","[[-0.7027054378887669, -0.7114804547203022, 0.0], [0.7114804547203022, -0.7027054378887669, 0.0], [0.0, 0.0, 1.0]]","[0.0, 0.0, 0.0]",[0.0],"[0.0, 0.0, 0.9226877689361572, 0.38554778695106506]",[0.44],"[0.0, 0.0, -9.81]","[473.6607360839844, 473.6607360839844, 473.6607971191406, 473.6607971191406]"
0.56016540527344,"[7.8530097007751465, 3.2069814205169678, 0.6611301898956299]","[7.8530097007751465, 3.2069814205169678, 0.6611301898956299]","[0.0, 0.0, 0.0]","[0.0, 0.0, 0.0]","[0.0, 0.0, 0.9226877689361572, 0.38554778695106506]","[[-0.7027054378887669, -0.7114804547203022, 0.0], [0.7114804547203022, -0.7027054378887669, 0.0], [0.0, 0.0, 1.0]]","[0.0, 0.0, 0.0]",[0.0],"[0.0, 0.0, 0.9226877689361572, 0.38554778695106506]",[0.44],"[0.0, 0.0, -9.81]","[473.6607360839844, 473.6607360839844, 473.6607971191406, 473.6607971191406]"
0.59140372276306,"[7.8530097007751465, 3.2069814205169678, 0.6611301898956299]","[7.8530097007751465, 3.2069814205169678, 0.6611301898956299]","[0.0, 0.0, 0.0]","[0.0, 0.0, 0.0]","[0.0, 0.0, 0.9226877689361572, 0.38554778695106506]","[[-0.7027054378887669, -0.7114804547203022, 0.0], [0.7114804547203022, -0.7027054378887669, 0.0], [0.0, 0.0, 1.0]]","[0.0, 0.0, 0.0]",[0.0],"[0.0, 0.0, 0.9226877689361572, 0.38554778695106506]",[0.44],"[0.0, 0.0, -9.81]","[473.6607360839844, 473.6607360839844, 473.6607971191406, 473.6607971191406]"
0.62345314025879,"[7.8530097007751465, 3.2069814205169678, 0.6611301898956299]","[7.8530097007751465, 3.2069814205169678, 0.6611301898956299]","[0.0, 0.0, 0.0]","[0.0, 0.0, 0.0]","[0.0, 0.0, 0.9226877689361572, 0.38554778695106506]","[[-0.7027054378887669, -0.7114804547203022, 0.0], [0.7114804547203022, -0.7027054378887669, 0.0], [0.0, 0.0, 1.0]]","[0.0, 0.0, 0.0]",[0.0],"[0.0, 0.0, 0.9226877689361572, 0.38554778695106506]",[0.44],"[0.0, 0.0, -9.81]","[473.6607360839844, 473.6607360839844, 473.6607971191406, 473.6607971191406]"
0.65443873405457,"[7.8530097007751465, 3.2069814205169678, 0.6611301898956299]","[7.8530097007751465, 3.2069814205169678, 0.6611301898956299]","[0.0, 0.0, 0.0]","[0.0, 0.0, 0.0]","[0.0, 0.0, 0.9226877689361572, 0.38554778695106506]","[[-0.7027054378887669, -0.7114804547203022, 0.0], [0.7114804547203022, -0.7027054378887669, 0.0], [0.0, 0.0, 1.0]]","[0.0, 0.0, 0.0]",[0.0],"[0.0, 0.0, 0.9226877689361572, 0.38554778695106506]",[0.44],"[0.0, 0.0, -9.81]","[473.6607360839844, 473.6607360839844, 473.6607971191406, 473.6607971191406]"
0.68643546104431,"[7.8530097007751465, 3.2069814205169678, 0.6611301898956299]","[7.8530097007751465, 3.2069814205169678, 0.6611301898956299]","[0.0, 0.0, 0.0]","[0.0, 0.0, 0.0]","[0.0, 0.0, 0.9226877689361572, 0.38554778695106506]","[[-0.7027054378887669, -0.7114804547203022, 0.0], [0.7114804547203022, -0.7027054378887669, 0.0], [0.0, 0.0, 1.0]]","[0.0, 0.0, 0.0]",[0.0],"[0.0, 0.0, 0.9226877689361572, 0.38554778695106506]",[0.44],"[0.0, 0.0, -9.81]","[473.6607360839844, 473.6607360839844, 473.6607971191406, 473.6607971191406]"
0.71743988990784,"[7.8530097007751465, 3.2069814205169678, 0.6611301898956299]","[7.8530097007751465, 3.2069814205169678, 0.6611301898956299]","[0.0, 0.0, 0.0]","[0.0, 0.0, 0.0]","[0.0, 0.0, 0.9226877689361572, 0.38554778695106506]","[[-0.7027054378887669, -0.7114804547203022, 0.0], [0.7114804547203022, -0.7027054378887669, 0.0], [0.0, 0.0, 1.0]]","[0.0, 0.0, 0.0]",[0.0],"[0.0, 0.0, 0.9226877689361572, 0.38554778695106506]",[0.44],"[0.0, 0.0, -9.81]","[473.6607360839844, 473.6607360839844, 473.6607971191406, 473.6607971191406]"
0.74844002723694,"[7.8530097007751465, 3.2069814205169678, 0.6611301898956299]","[7.8530097007751465, 3.2069814205169678, 0.6611301898956299]","[0.0, 0.0, 0.0]","[0.0, 0.0, 0.0]","[0.0, 0.0, 0.9226877689361572, 0.38554778695106506]","[[-0.7027054378887669, -0.7114804547203022, 0.0], [0.7114804547203022, -0.7027054378887669, 0.0], [0.0, 0.0, 1.0]]","[0.0, 0.0, 0.0]",[0.0],"[0.0, 0.0, 0.9226877689361572, 0.38554778695106506]",[0.44],"[0.0, 0.0, -9.81]","[473.6607360839844, 473.6607360839844, 473.6607971191406, 473.6607971191406]"
0.77940678596497,"[7.8530097007751465, 3.2069814205169678, 0.6611301898956299]","[7.8530097007751465, 3.2069814205169678, 0.6611301898956299]","[0.0, 0.0, 0.0]","[0.0, 0.0, 0.0]","[0.0, 0.0, 0.9226877689361572, 0.38554778695106506]","[[-0.7027054378887669, -0.7114804547203022, 0.0], [0.7114804547203022, -0.7027054378887669, 0.0], [0.0, 0.0, 1.0]]","[0.0, 0.0, 0.0]",[0.0],"[0.0, 0.0, 0.9226877689361572, 0.38554778695106506]",[0.44],"[0.0, 0.0, -9.81]","[473.6607360839844, 473.6607360839844, 473.6607971191406, 473.6607971191406]"
0.81040692329407,"[7.8530097007751465, 3.2069814205169678, 0.6611301898956299]","[7.8530097007751465, 3.2069814205169678, 0.6611301898956299]","[0.0, 0.0, 0.0]","[0.0, 0.0, 0.0]","[0.0, 0.0, 0.9226877689361572, 0.38554778695106506]","[[-0.7027054378887669, -0.7114804547203022, 0.0], [0.7114804547203022, -0.7027054378887669, 0.0], [0.0, 0.0, 1.0]]","[0.0, 0.0, 0.0]",[0.0],"[0.0, 0.0, 0.9226877689361572, 0.38554778695106506]",[0.44],"[0.0, 0.0, -9.81]","[473.6607360839844, 473.6607360839844, 473.6607971191406, 473.6607971191406]"
0.84144020080566,"[7.8530097007751465, 3.2069814205169678, 0.6611301898956299]","[7.8530097007751465, 3.2069814205169678, 0.6611301898956299]","[0.0, 0.0, 0.0]","[0.0, 0.0, 0.0]","[0.0, 0.0, 0.9226877689361572, 0.38554778695106506]","[[-0.7027054378887669, -0.7114804547203022, 0.0], [0.7114804547203022, -0.7027054378887669, 0.0], [0.0, 0.0, 1.0]]","[0.0, 0.0, 0.0]",[0.0],"[0.0, 0.0, 0.9226877689361572, 0.38554778695106506]",[0.44],"[0.0, 0.0, -9.81]","[473.6607360839844, 473.6607360839844, 473.6607971191406, 473.6607971191406]"
0.87283611297607,"[7.8530097007751465, 3.2069814205169678, 0.6611301898956299]","[7.8530097007751465, 3.2069814205169678, 0.6611301898956299]","[0.0, 0.0, 0.0]","[0.0, 0.0, 0.0]","[0.0, 0.0, 0.9226877689361572, 0.38554778695106506]","[[-0.7027054378887669, -0.7114804547203022, 0.0], [0.7114804547203022, -0.7027054378887669, 0.0], [0.0, 0.0, 1.0]]","[0.0, 0.0, 0.0]",[0.0],"[0.0, 0.0, 0.9226877689361572, 0.38554778695106506]",[0.44],"[0.0, 0.0, -9.81]","[473.6607360839844, 473.6607360839844, 473.6607971191406, 473.6607971191406]"
0.9036111831665,"[7.8530097007751465, 3.2069814205169678, 0.6611301898956299]","[7.8530097007751465, 3.2069814205169678, 0.6611301898956299]","[0.0, 0.0, 0.0]","[0.0, 0.0, 0.0]","[0.0, 0.0, 0.9226877689361572, 0.38554778695106506]","[[-0.7027054378887669, -0.7114804547203022, 0.0], [0.7114804547203022, -0.7027054378887669, 0.0], [0.0, 0.0, 1.0]]","[0.0, 0.0, 0.0]",[0.0],"[0.0, 0.0, 0.9226877689361572, 0.38554778695106506]",[0.44],"[0.0, 0.0, -9.81]","[473.6607360839844, 473.6607360839844, 473.6607971191406, 473.6607971191406]"
0.93458104133606,"[7.8530097007751465, 3.2069814205169678, 0.6611301898956299]","[7.8530097007751465, 3.2069814205169678, 0.6611301898956299]","[0.0, 0.0, 0.0]","[0.0, 0.0, 0.0]","[0.0, 0.0, 0.9226877689361572, 0.38554778695106506]","[[-0.7027054378887669, -0.7114804547203022, 0.0], [0.7114804547203022, -0.7027054378887669, 0.0], [0.0, 0.0, 1.0]]","[0.0, 0.0, 0.0]",[0.0],"[0.0, 0.0, 0.9226877689361572, 0.38554778695106506]",[0.44],"[0.0, 0.0, -9.81]","[473.6607360839844, 473.6607360839844, 473.6607971191406, 473.6607971191406]"
0.96558046340942,"[7.8530097007751465, 3.2069814205169678, 0.6611301898956299]","[7.8530097007751465, 3.2069814205169678, 0.6611301898956299]","[0.0, 0.0, 0.0]","[0.0, 0.0, 0.0]","[0.0, 0.0, 0.9226877689361572, 0.38554778695106506]","[[-0.7027054378887669, -0.7114804547203022, 0.0], [0.7114804547203022, -0.7027054378887669, 0.0], [0.0, 0.0, 1.0]]","[0.0, 0.0, 0.0]",[0.0],"[0.0, 0.0, 0.9226877689361572, 0.38554778695106506]",[0.44],"[0.0, 0.0, -9.81]","[473.6607360839844, 473.6607360839844, 473.6607971191406, 473.6607971191406]"
0.99761486053467,"[7.8530097007751465, 3.2069814205169678, 0.6611301898956299]","[7.8530097007751465, 3.2069814205169678, 0.6611301898956299]","[0.0, 0.0, 0.0]","[0.0, 0.0, 0.0]","[0.0, 0.0, 0.9226877689361572, 0.38554778695106506]","[[-0.7027054378887669, -0.7114804547203022, 0.0], [0.7114804547203022, -0.7027054378887669, 0.0], [0.0, 0.0, 1.0]]","[0.0, 0.0, 0.0]",[0.0],"[0.0, 0.0, 0.9226877689361572, 0.38554778695106506]",[0.44],"[0.0, 0.0, -9.81]","[473.6607360839844, 473.6607360839844, 473.6607971191406, 473.6607971191406]"
1.0286090373993,"[7.8530097007751465, 3.2069814205169678, 0.6611301898956299]","[7.8530097007751465, 3.2069814205169678, 0.6611301898956299]","[0.0, 0.0, 0.0]","[0.0, 0.0, 0.0]","[0.0, 0.0, 0.9226877689361572, 0.38554778695106506]","[[-0.7027054378887669, -0.7114804547203022, 0.0], [0.7114804547203022, -0.7027054378887669, 0.0], [0.0, 0.0, 1.0]]","[0.0, 0.0, 0.0]",[0.0],"[0.0, 0.0, 0.9226877689361572, 0.38554778695106506]",[0.44],"[0.0, 0.0, -9.81]","[473.6607360839844, 473.6607360839844, 473.6607971191406, 473.6607971191406]"
1.0585803985596,"[7.8530097007751465, 3.2069814205169678, 0.6611301898956299]","[7.8530097007751465, 3.2069814205169678, 0.6611301898956299]","[0.0, 0.0, 0.0]","[0.0, 0.0, 0.0]","[0.0, 0.0, 0.9226877689361572, 0.38554778695106506]","[[-0.7027054378887669, -0.7114804547203022, 0.0], [0.7114804547203022, -0.7027054378887669, 0.0], [0.0, 0.0, 1.0]]","[0.0, 0.0, 0.0]",[0.0],"[0.0, 0.0, 0.9226877689361572, 0.38554778695106506]",[0.44],"[0.0, 0.0, -9.81]","[473.6607360839844, 473.6607360839844, 473.6607971191406, 473.6607971191406]"
1.0905787944794,"[7.8530097007751465, 3.2069814205169678, 0.6611301898956299]","[7.8530097007751465, 3.2069814205169678, 0.6611301898956299]","[0.0, 0.0, 0.0]","[0.0, 0.0, 0.0]","[0.0, 0.0, 0.9226877689361572, 0.38554778695106506]","[[-0.7027054378887669, -0.7114804547203022, 0.0], [0.7114804547203022, -0.7027054378887669, 0.0], [0.0, 0.0, 1.0]]","[0.0, 0.0, 0.0]",[0.0],"[0.0, 0.0, 0.9226877689361572, 0.38554778695106506]",[0.44],"[0.0, 0.0, -9.81]","[473.6607360839844, 473.6607360839844, 473.6607971191406, 473.6607971191406]"
1.1226222515106,"[7.8530097007751465, 3.2069814205169678, 0.6611301898956299]","[7.8530097007751465, 3.2069814205169678, 0.6611301898956299]","[0.0, 0.0, 0.0]","[0.0, 0.0, 0.0]","[0.0, 0.0, 0.9226877689361572, 0.38554778695106506]","[[-0.7027054378887669, -0.7114804547203022, 0.0], [0.7114804547203022, -0.7027054378887669, 0.0], [0.0, 0.0, 1.0]]","[0.0, 0.0, 0.0]",[0.0],"[0.0, 0.0, 0.9226877689361572, 0.38554778695106506]",[0.44],"[0.0, 0.0, -9.81]","[473.6607360839844, 473.6607360839844, 473.6607971191406, 473.6607971191406]"
0.34315538406372,"[11.657543182373047, 4.613116264343262, -15.254204750061035]","[11.657543182373047, 4.613116264343262, -15.254204750061035]","[2.1057417392730713, 0.6838252544403076, -1.6918132305145264]","[2.1057417392730713, 0.6838252544403076, -1.6918132305145264]","[6.541033599205548e-06, -1.3582101928477641e-05, 0.8434509634971619, 0.5372061729431152]","[[-0.42281905601752845, -0.906214128508669, -3.5586958120071015e-06], [0.906214128153305, -0.42281905573415157, -2.993944116962534e-05], [2.5626860178076013e-05, -1.5883906661939167e-05, 0.9999999995454828]]","[0.00010588281293166801, 0.00017339606711175293, -0.0027672452852129936]",[0.0],"[6.541033599205548e-06, -1.3582101928477641e-05, 0.8434509634971619, 0.5372061729431152]",[0.44],"[0.9198665618896484, 0.1510828733444214, -6.586336431503296]","[474.8411560058594, 474.85443115234375, 472.4508361816406, 472.4906311035156]"
0.37415432929993,"[11.720967292785645, 4.633672714233398, -15.304091453552246]","[11.720967292785645, 4.633672714233398, -15.304091453552246]","[2.122405767440796, 0.6865525841712952, -1.6340272426605225]","[2.122405767440796, 0.6865525841712952, -1.6340272426605225]","[5.330028216121718e-06, -1.1097147762484383e-05, 0.8434299826622009, 0.537239134311676]","[[-0.42274827155341455, -0.9062471875942018, -2.9326329026665597e-06], [0.9062471873576092, -0.42274827136393944, -2.4446333779196247e-05], [2.091465532631689e-05, -1.2992334800452092e-05, 0.9999999996968882]]","[8.6752072093077e-05, 0.00014286566874943674, -0.0024511897936463356]",[0.0],"[5.330028216121718e-06, -1.1097147762484383e-05, 0.8434299826622009, 0.537239134311676]",[0.44],"[0.8332014083862305, 0.13636648654937744, -6.920700607299805]","[473.9693603515625, 473.97052001953125, 473.3493957519531, 473.3533630371094]"
0.40515160560608,"[11.784890174865723, 4.65431022644043, -15.352254867553711]","[11.784890174865723, 4.65431022644043, -15.352254867553711]","[2.139012098312378, 0.6892614364624023, -1.5769902467727661]","[2.139012098312378, 0.6892614364624023, -1.5769902467727661]","[4.333845936344005e-06, -9.067471182788722e-06, 0.8434113264083862, 0.5372684001922607]","[[-0.42268533119234486, -0.9062765081655266, -2.432901973089662e-06], [0.9062765080083386, -0.42268533106547124, -1.9952092740689858e-05], [1.705376097157563e-05, -1.0638338849092762e-05, 0.9999999997979975]]","[7.114997424650937e-05, 0.00011468907177913934, -0.0021712316665798426]",[0.0],"[4.333845936344005e-06, -9.067471182788722e-06, 0.8434113264083862, 0.5372684001922607]",[0.44],"[0.8303165435791016, 0.1354426145553589, -6.958150205612183]","[473.9693603515625, 473.97052001953125, 473.3493957519531, 473.3533630371094]"
0.43615484237671,"[11.855780601501465, 4.677104949951172, -15.40327262878418]","[11.855780601501465, 4.677104949951172, -15.40327262878418]","[2.157212972640991, 0.6922203898429871, -1.515072226524353]","[2.157212972640991, 0.6922203898429871, -1.515072226524353]","[3.4678080282901647e-06, -7.271085451066028e-06, 0.8433933258056641, 0.5372967720031738]","[[-0.42262460413281544, -0.9063050230192382, -1.9640091911635876e-06], [0.9063050229183793, -0.42262460405112945, -1.5991254000637502e-05], [1.3662913776104485e-05, -8.538285762529517e-06, 0.9999999998702113]]","[5.649044396704994e-05, 9.242919622920454e-05, -0.0019000667380169034]",[0.0],"[3.4678080282901647e-06, -7.271085451066028e-06, 0.8433933258056641, 0.5372967720031738]",[0.44],"[0.9100437164306641, 0.14794766902923584, -6.714098987579346]","[473.9693603515625, 473.97052001953125, 473.3493957519531, 473.3533630371094]"
0.4671196937561,"[11.920745849609375, 4.697911739349365, -15.447890281677246]","[11.920745849609375, 4.697911739349365, -15.447890281677246]","[2.1736996173858643, 0.6948915719985962, -1.4594943523406982]","[2.1736996173858643, 0.6948915719985962, -1.4594943523406982]","[2.825421461238875e-06, -5.940572464169236e-06, 0.8433788418769836, 0.5373194217681885]","[[-0.42257574192210523, -0.9063276633312999, -1.6181685632508382e-06], [0.9063276632641614, -0.4225757418674905, -1.3056613901443303e-05], [1.1149771282426907e-05, -6.983998598226093e-06, 0.9999999999134532]]","[4.73292384413071e-05, 7.536914199590683e-05, -0.0016830554232001305]",[0.0],"[2.825421461238875e-06, -5.940572464169236e-06, 0.8433788418769836, 0.5373194217681885]",[0.44],"[0.8243322372436523, 0.13355910778045654, -7.031106290817261]","[473.9693603515625, 473.97052001953125, 473.3493957519531, 473.3533630371094]"
0.49912023544312,"[11.992777824401855, 4.720891952514648, -15.49505615234375]","[11.992777824401855, 4.720891952514648, -15.49505615234375]","[2.1917691230773926, 0.697809636592865, -1.3991010189056396]","[2.1917691230773926, 0.697809636592865, -1.3991010189056396]","[2.263341684738407e-06, -4.761218860949157e-06, 0.8433647751808167, 0.5373413562774658]","[[-0.4225282880769172, -0.9063495442861527, -1.299154298338987e-06], [0.9063495442430476, -0.4225282880418242, -1.046326272969542e-05], [8.934444902766096e-06, -5.598514367308779e-06, 0.9999999999444161]]","[3.7149449781281874e-05, 6.0372323787305504e-05, -0.0014728636015206575]",[0.0],"[2.263341684738407e-06, -4.761218860949157e-06, 0.8433647751808167, 0.5373413562774658]",[0.44],"[0.903475284576416, 0.14590322971343994, -6.790333328247071]","[473.9693603515625, 473.97052001953125, 473.3493957519531, 473.3533630371094]"
0.52998614311218,"[12.058777809143066, 4.741865634918213, -15.536213874816895]","[12.058777809143066, 4.741865634918213, -15.536213874816895]","[2.208136796951294, 0.7004441618919373, -1.3448387384414673]","[2.208136796951294, 0.7004441618919373, -1.3448387384414673]","[1.8395983261143556e-06, -3.889079380314797e-06, 0.8433536291122437, 0.5373589992523193]","[[-0.42249068750383345, -0.9063673243254425, -1.0767997587628783e-06], [0.9063673242968252, -0.4224906874803518, -8.536787849682263e-06], [7.28252745651228e-06, -4.582688987494056e-06, 0.9999999999629818]]","[3.0992538086138666e-05, 4.940709186485037e-05, -0.0013046467211097479]",[0.0],"[1.8395983261143556e-06, -3.889079380314797e-06, 0.8433536291122437, 0.5373589992523193]",[0.44],"[0.8183836936950684, 0.13172626495361328, -7.096885976791382]","[473.9693603515625, 473.97052001953125, 473.3493957519531, 473.3533630371094]"
0.56144905090332,"[12.12526798248291, 4.762918949127197, -15.575752258300781]","[12.12526798248291, 4.762918949127197, -15.575752258300781]","[2.2244482040405273, 0.7030614614486694, -1.2911556959152222]","[2.2244482040405273, 0.7030614614486694, -1.2911556959152222]","[1.499806444371643e-06, -3.180335625074804e-06, 0.8433436751365662, 0.5373746156692505]","[[-0.42245710880592924, -0.9063829666167508, -8.883587108678219e-07], [0.9063829665976711, -0.42245710879019893, -6.9761476916816204e-06], [5.947767826027371e-06, -3.7523160451917133e-06, 0.9999999999752721]]","[2.4968037905637175e-05, 4.024359441245906e-05, -0.001155642792582512]",[0.0],"[1.499806444371643e-06, -3.180335625074804e-06, 0.8433436751365662, 0.5373746156692505]",[0.44],"[0.8155703544616699, 0.1308649778366089, -7.125847873687745]","[473.9693603515625, 473.97052001953125, 473.3493957519531, 473.3533630371094]"
0.59212493896484,"[12.198970794677734, 4.786167621612549, -15.617396354675293]","[12.198970794677734, 4.786167621612549, -15.617396354675293]","[2.242326259613037, 0.7059208750724792, -1.2327390909194946]","[2.242326259613037, 0.7059208750724792, -1.2327390909194946]","[1.2004904874629574e-06, -2.547935309848981e-06, 0.8433340787887573, 0.5373897552490234]","[[-0.42242473690594795, -0.9063981883930194, -7.136395864216984e-07], [0.9063981883807843, -0.42242473689584625, -5.587783933162674e-06], [4.763297743778656e-06, -3.0072587762166756e-06, 0.9999999999841337]]","[1.9994102331111208e-05, 3.168076364090666e-05, -0.001011317828670144]",[0.0],"[1.2004904874629574e-06, -2.547935309848981e-06, 0.8433340787887573, 0.5373897552490234]",[0.44],"[0.8939027786254883, 0.14297068119049072, -6.8891697502136235]","[473.9693603515625, 473.97052001953125, 473.3493957519531, 473.3533630371094]"
0.62411141395569,"[12.266485214233398, 4.807384490966797, -15.653589248657227]","[12.266485214233398, 4.807384490966797, -15.653589248657227]","[2.2585201263427734, 0.7085026502609253, -1.1801797151565552]","[2.2585201263427734, 0.7085026502609253, -1.1801797151565552]","[9.78247840066615e-07, -2.084755578835029e-06, 0.8433263897895813, 0.5374017953872681]","[[-0.42239879943975, -0.9064102319448469, -5.907383434534675e-07], [0.9064102319366892, -0.42239879943297165, -4.5676830829563e-06], [3.890667220584804e-06, -2.464834500614236e-06, 0.9999999999893936]]","[1.661604255787097e-05, 2.6531917683314532e-05, -0.000895816134288907]",[0.0],"[9.78247840066615e-07, -2.084755578835029e-06, 0.8433263897895813, 0.5374017953872681]",[0.44],"[0.8096933364868164, 0.12908875942230225, -7.182031211853028]","[473.9693603515625, 473.97052001953125, 473.3493957519531, 473.3533630371094]"
0.65508413314819,"[12.34131145477295, 4.830811977386475, -15.691590309143066]","[12.34131145477295, 4.830811977386475, -15.691590309143066]","[2.2762699127197266, 0.7113232612609863, -1.1229324340820312]","[2.2762699127197266, 0.7113232612609863, -1.1229324340820312]","[7.814042533027532e-07, -1.6722808595659444e-06, 0.8433189392089844, 0.537413477897644]","[[-0.42237366646272645, -0.9064219281971178, -4.79466533544659e-07], [0.9064219281918908, -0.4223736664583546, -3.66040659592017e-06], [3.1153585574993244e-06, -1.980657886274393e-06, 0.9999999999931858]]","[1.3996057532494888e-05, 2.1049587303423323e-05, -0.0007839422905817628]",[0.0],"[7.814042533027532e-07, -1.6722808595659444e-06, 0.8433189392089844, 0.537413477897644]",[0.44],"[0.8874893188476562, 0.14103055000305176, -6.947635946273804]","[473.9693603515625, 473.97052001953125, 473.3493957519531, 473.3533630371094]"
0.68608164787292,"[12.409842491149902, 4.8521904945373535, -15.724504470825195]","[12.409842491149902, 4.8521904945373535, -15.724504470825195]","[2.2923479080200195, 0.7138700485229492, -1.0713779926300049]","[2.2923479080200195, 0.7138700485229492, -1.0713779926300049]","[6.359011308632034e-07, -1.3645837952935835e-06, 0.8433129787445068, 0.5374228358268738]","[[-0.4223535602415902, -0.9064313050546975, -3.941896322696547e-07], [0.9064313050512265, -0.42235356023867476, -2.98503802841907e-06], [2.539244339690649e-06, -1.618046872202995e-06, 0.9999999999954671]]","[1.0870362530113198e-05, 1.7213083992828615e-05, -0.0006944081978872418]",[0.0],"[6.359011308632034e-07, -1.3645837952935835e-06, 0.8433129787445068, 0.5374228358268738]",[0.44],"[0.8038997650146484, 0.12733936309814453, -7.232277927398682]","[473.9693603515625, 473.97052001953125, 473.3493957519531, 473.3533630371094]"
0.71711325645447,"[12.47885513305664, 4.873645305633545, -15.755880355834961]","[12.47885513305664, 4.873645305633545, -15.755880355834961]","[2.308371067047119, 0.7164004445075989, -1.020262598991394]","[2.308371067047119, 0.7164004445075989, -1.020262598991394]","[5.186544171920104e-07, -1.116368594011874e-06, 0.8433077335357666, 0.5374310612678528]","[[-0.4223358668849555, -0.9064395404201874, -3.2517175439078765e-07], [0.9064395404178712, -0.42233586688300107, -2.4403665253388513e-06], [2.0747128785928207e-06, -1.325402549887804e-06, 0.9999999999969694]]","[7.884229489718564e-06, 1.3993787433719262e-05, -0.000615102588199079]",[0.0],"[5.186544171920104e-07, -1.116368594011874e-06, 0.8433077335357666, 0.5374310612678528]",[0.44],"[0.8011579513549805, 0.1265197992324829, -7.2542303180694585]","[473.7412414550781, 473.7412109375, 473.5798645019531, 473.5807189941406]"
0.74807620048523,"[12.555319786071777, 4.897332668304443, -15.788631439208984]","[12.555319786071777, 4.897332668304443, -15.788631439208984]","[2.3259334564208984, 0.7191649675369263, -0.9645137190818787]","[2.3259334564208984, 0.7191649675369263, -0.9645137190818787]","[4.193065024082898e-07, -8.859283866513579e-07, 0.8433026075363159, 0.5374391674995422]","[[-0.422318575756669, -0.9064477026897646, -2.4506069549655e-07], [0.9064477026882787, -0.42231857575545106, -1.9449149122699753e-06], [1.6594697628479233e-06, -1.043507961944151e-06, 0.9999999999980786]]","[8.190414519049227e-06, 1.1013593393727206e-05, -0.0005382858798839152]",[0.0],"[4.193065024082898e-07, -8.859283866513579e-07, 0.8433026075363159, 0.5374391674995422]",[0.44],"[0.8781194686889648, 0.13822615146636963, -7.0225560045242315]","[473.7412414550781, 473.7412109375, 473.5798645019531, 473.5807189941406]"
0.77907729148865,"[12.625333786010742, 4.9189453125, -15.816812515258789]","[12.625333786010742, 4.9189453125, -15.816812515258789]","[2.3418421745300293, 0.7216611504554749, -0.9142417907714844]","[2.3418421745300293, 0.7216611504554749, -0.9142417907714844]","[3.3272627320002357e-07, -7.367081593656621e-07, 0.8432984948158264, 0.537445604801178]","[[-0.4223047027183624, -0.90645413914892, -2.3070599379396316e-07], [0.9064541391479395, -0.4223047027174982, -1.600174310089659e-06], [1.3530562552950004e-06, -8.848852175567444e-07, 0.9999999999986932]]","[4.938089659844991e-06, 8.450454515696038e-06, -0.0004768091603182256]",[0.0],"[3.3272627320002357e-07, -7.367081593656621e-07, 0.8432984948158264, 0.537445604801178]",[0.44],"[0.795435905456543, 0.1248091459274292, -7.296403584480286]","[473.7412414550781, 473.7412109375, 473.5798645019531, 473.5807189941406]"
0.81068754196167,"[12.702899932861328, 4.942805767059326, -15.846076011657715]","[12.702899932861328, 4.942805767059326, -15.846076011657715]","[2.3592796325683594, 0.7243884205818176, -0.8593639731407166]","[2.3592796325683594, 0.7243884205818176, -0.8593639731407166]","[2.719954181884532e-07, -5.730165639761253e-07, 0.8432945013046265, 0.5374518036842346]","[[-0.4222912318618939, -0.906460301526649, -1.5719309062307244e-07], [0.9064603015260255, -0.4222912318613852, -1.258812291313538e-06], [1.0746820527765723e-06, -6.740745789166107e-07, 0.9999999999991953]]","[6.135434432508191e-06, 8.583800990891177e-06, -0.00041726318886503577]",[0.0],"[2.719954181884532e-07, -5.730165639761253e-07, 0.8432945013046265, 0.5374518036842346]",[0.44],"[0.8718729019165039, 0.13636350631713867, -7.066109118461609]","[473.7412414550781, 473.7412109375, 473.5798645019531, 473.5807189941406]"
0.8416953086853,"[12.77391529083252, 4.964574813842773, -15.871113777160645]","[12.77391529083252, 4.964574813842773, -15.871113777160645]","[2.375075340270996, 0.7268511056900024, -0.8098342418670654]","[2.375075340270996, 0.7268511056900024, -0.8098342418670654]","[2.1919676385095954e-07, -4.867084157922363e-07, 0.8432914018630981, 0.537456750869751]","[[-0.4222807769129324, -0.9064653137636898, -1.5347595500185798e-07], [0.906465313763263, -0.4222807769125547, -1.0564916055050069e-06], [8.928629400887786e-07, -5.852564835030037e-07, 0.9999999999994301]]","[1.3332867183635244e-06, 4.7919947974151e-06, -0.00036960624856874347]",[0.0],"[2.1919676385095954e-07, -4.867084157922363e-07, 0.8432914018630981, 0.537456750869751]",[0.44],"[0.7897853851318359, 0.12313425540924072, -7.333513436317444]","[473.7412414550781, 473.7412109375, 473.5798645019531, 473.5807189941406]"
0.87328147888184,"[12.845407485961914, 4.986417770385742, -15.894669532775879]","[12.845407485961914, 4.986417770385742, -15.894669532775879]","[2.390817642211914, 0.7292978763580322, -0.7606236338615417]","[2.390817642211914, 0.7292978763580322, -0.7606236338615417]","[1.7154160047994083e-07, -4.0105118159772246e-07, 0.8432884812355042, 0.5374612212181091]","[[-0.4222709251692882, -0.9064697139281347, -1.4178080419008128e-07], [0.9064697139278596, -0.4222709251690253, -8.607975998218114e-07], [7.20417027139829e-07, -4.920097674871795e-07, 0.9999999999996194]]","[3.820917299890425e-06, 6.337584181892453e-06, -0.00032739315065555274]",[0.0],"[1.7154160047994083e-07, -4.0105118159772246e-07, 0.8432884812355042, 0.5374612212181091]",[0.44],"[0.7871150970458984, 0.12233853340148926, -7.349469599723816]","[473.7412414550781, 473.7412109375, 473.5798645019531, 473.5807189941406]"
0.90428376197815,"[12.924589157104492, 5.010529041290283, -15.918882369995117]","[12.924589157104492, 5.010529041290283, -15.918882369995117]","[2.4080724716186523, 0.7319710850715637, -0.7068355083465576]","[2.4080724716186523, 0.7319710850715637, -0.7068355083465576]","[1.3112470753640082e-07, -3.19634011702874e-07, 0.8432857990264893, 0.537465512752533]","[[-0.42226187767969314, -0.9064740687414868, -1.224333084521716e-07], [0.9064740687413192, -0.4222618776795233, -6.800356622509558e-07], [5.647357235199655e-07, -3.981356295686454e-07, 0.9999999999997613]]","[2.710201897571096e-06, 1.8730540887190728e-06, -0.0002865118149202317]",[0.0],"[1.3112470753640082e-07, -3.19634011702874e-07, 0.8432857990264893, 0.537465512752533]",[0.44],"[0.8627414703369141, 0.1336604356765747, -7.120593724250794]","[473.7412414550781, 473.7412109375, 473.5798645019531, 473.5807189941406]"
0.93527865409851,"[12.99706745147705, 5.032525539398193, -15.939358711242676]","[12.99706745147705, 5.032525539398193, -15.939358711242676]","[2.423703193664551, 0.7343848943710327, -0.6582269072532654]","[2.423703193664551, 0.7343848943710327, -0.6582269072532654]","[1.2787153025328735e-07, -2.619437964312965e-07, 0.843283474445343, 0.5374689698219299]","[[-0.4222540365453562, -0.9064774005560595, -6.590942820907862e-08], [0.9064774005559256, -0.4222540365452516, -5.792397087975509e-07], [4.972372214676184e-07, -3.043317902583985e-07, 0.99999999999983]]","[3.1292483981815167e-06, 3.3797305150073953e-06, -0.00025379250291734934]",[0.0],"[1.2787153025328735e-07, -2.619437964312965e-07, 0.843283474445343, 0.5374689698219299]",[0.44],"[0.7815361022949219, 0.12069046497344971, -7.379569945335389]","[473.7412414550781, 473.7412109375, 473.5798645019531, 473.5807189941406]"
0.96632194519043,"[13.070013999938965, 5.054593563079834, -15.958379745483398]","[13.070013999938965, 5.054593563079834, -15.958379745483398]","[2.4392812252044678, 0.7367832064628601, -0.609873354434967]","[2.4392812252044678, 0.7367832064628601, -0.609873354434967]","[1.0930906313433297e-07, -1.986368829420826e-07, 0.8432815670967102, 0.5374719500541687]","[[-0.42224760281024554, -0.9064803766244517, -2.9166869539538455e-08], [0.9064803766243649, -0.4222476028101907, -4.5251475450401876e-07], [3.9788014177071263e-07, -2.1751253321840202e-07, 0.9999999999998972]]","[2.9629891287186183e-06, 2.873771336453501e-06, -0.00022480727056972682]",[0.0],"[1.0930906313433297e-07, -1.986368829420826e-07, 0.8432815670967102, 0.5374719500541687]",[0.44],"[0.7789015769958496, 0.11991560459136963, -7.3923223590850835]","[473.7412414550781, 473.7412109375, 473.5798645019531, 473.5807189941406]"
0.99727845191956,"[13.15079402923584, 5.078950881958008, -15.977632522583008]","[13.15079402923584, 5.078950881958008, -15.977632522583008]","[2.4563565254211426, 0.7394035458564758, -0.5569552183151245]","[2.4563565254211426, 0.7394035458564758, -0.5569552183151245]","[7.232074494822882e-08, -1.6978140138235176e-07, 0.8432797193527222, 0.5374749898910522]","[[-0.42224137014326946, -0.906483517268892, -6.053327897669199e-08], [0.9064835172688429, -0.42224137014322216, -3.6408760833796824e-07], [3.044797489899808e-07, -2.0860524169811763e-07, 0.9999999999999319]]","[-1.4334826801132294e-06, 3.0683600016345736e-06, -0.00019673703354783356]",[0.0],"[7.232074494822882e-08, -1.6978140138235176e-07, 0.8432797193527222, 0.5374749898910522]",[0.44],"[0.8537650108337402, 0.13101696968078613, -7.164093194007874]","[473.7412414550781, 473.7412109375, 473.5798645019531, 473.5807189941406]"
1.0287330150604,"[13.224719047546387, 5.101169109344482, -15.993621826171875]","[13.224719047546387, 5.101169109344482, -15.993621826171875]","[2.471824884414673, 0.7417696118354797, -0.5090728402137756]","[2.471824884414673, 0.7417696118354797, -0.5090728402137756]","[3.426901074021771e-08, -1.445010440193073e-07, 0.8432782292366028, 0.537477433681488]","[[-0.42223634380888253, -0.9064860370591276, -9.753547921818422e-08], [0.9064860370591078, -0.42223634380884323, -2.8054680894179483e-07], [2.1312872199698787e-07, -2.0687152915197257e-07, 0.9999999999999559]]","[6.949398994038347e-07, 2.9015668587817345e-06, -0.00017426841077394783]",[0.0],"[3.426901074021771e-08, -1.445010440193073e-07, 0.8432782292366028, 0.537477433681488]",[0.44],"[0.7734179496765137, 0.11830329895019531, -7.415881094932557]","[473.7412414550781, 473.7412109375, 473.5798645019531, 473.5807189941406]"
1.0597636699677,"[13.306571006774902, 5.125690937042236, -16.009553909301758]","[13.306571006774902, 5.125690937042236, -16.009553909301758]","[2.4887802600860596, 0.7443546652793884, -0.4566263258457184]","[2.4887802600860596, 0.7443546652793884, -0.4566263258457184]","[2.6191667501507254e-08, -1.417860886476774e-07, 0.8432767391204834, 0.5374796390533447]","[[-0.4222313174833918, -0.9064881547291254, -1.0824062357268041e-07], [0.9064881547291105, -0.42223131748335296, -2.6728479696475303e-07], [1.9658791942387631e-07, -2.1097484498509168e-07, 0.9999999999999584]]","[-1.763729073900322e-07, -1.2515876051111263e-06, -0.0001525071420473978]",[0.0],"[2.6191667501507254e-08, -1.417860886476774e-07, 0.8432767391204834, 0.5374796390533447]",[0.44],"[0.8477687835693359, 0.12925267219543457, -7.187674281597138]","[473.68121337890625, 473.6816711425781, 473.6396789550781, 473.64044189453125]"
1.0913133621216,"[13.381465911865234, 5.148056983947754, -16.022541046142578]","[13.381465911865234, 5.148056983947754, -16.022541046142578]","[2.5041401386260986, 0.7466889023780823, -0.40913084149360657]","[2.5041401386260986, 0.7466889023780823, -0.40913084149360657]","[3.0091506175722316e-08, -1.417061668007591e-07, 0.8432756066322327, 0.5374814867973328]","[[-0.4222274974819602, -0.9064900536652388, -1.0157801619122604e-07], [0.9064900536652217, -0.4222274974819218, -2.7134196250347365e-07], [2.030797486904653e-07, -2.0664745258628024e-07, 0.999999999999958]]","[8.30253270578396e-08, 4.6638351136607525e-07, -0.00013508889242075384]",[0.0],"[3.0091506175722316e-08, -1.417061668007591e-07, 0.8432756066322327, 0.5374814867973328]",[0.44],"[0.7679939270019531, 0.11671185493469238, -7.43522578239441]","[473.68121337890625, 473.6816711425781, 473.6396789550781, 473.64044189453125]"
1.1223132610321,"[13.45682144165039, 5.170493125915527, -16.03410530090332]","[13.45682144165039, 5.170493125915527, -16.03410530090332]","[2.519448757171631, 0.7490081191062927, -0.36179065704345703]","[2.519448757171631, 0.7490081191062927, -0.36179065704345703]","[2.864303638716592e-08, -1.419797968083003e-07, 0.8432744145393372, 0.537483274936676]","[[-0.4222234764333641, -0.9064917879938302, -1.043156528467056e-07], [0.906491787993814, -0.42222347643332525, -2.702461660628756e-07], [2.009314118067707e-07, -2.0866555405685835e-07, 0.999999999999958]]","[-1.3646619834162266e-07, -2.285886750996724e-07, -0.00011966162855969742]",[0.0],"[2.864303638716592e-08, -1.419797968083003e-07, 0.8432744145393372, 0.537483274936676]",[0.44],"[0.7654309272766113, 0.11596083641052246, -7.442990777492524]","[473.68121337890625, 473.6816711425781, 473.6396789550781, 473.64044189453125]"
1.1533141136169,"[13.540241241455078, 5.195252895355225, -16.04518699645996]","[13.540241241455078, 5.195252895355225, -16.04518699645996]","[2.536229372024536, 0.7515420317649841, -0.30987411737442017]","[2.536229372024536, 0.7515420317649841, -0.30987411737442017]","[2.9000897683317817e-08, -1.4281931726145558e-07, 0.8432734608650208, 0.5374847650527954]","[[-0.4222202595985802, -0.906493275976595, -1.0461503965134065e-07], [0.9064932759765784, -0.42222025959854115, -2.7204656124617056e-07], [2.0243778908175576e-07, -2.0969639853561762e-07, 0.9999999999999575]]","[2.3164078655213416e-08, 1.0499820035647645e-07, -0.00010471846326254308]",[0.0],"[2.9000897683317817e-08, -1.4281931726145558e-07, 0.8432734608650208, 0.5374847650527954]",[0.44],"[0.8390307426452637, 0.1266956329345703, -7.214173016548157]","[473.68121337890625, 473.6816711425781, 473.6396789550781, 473.64044189453125]"
1.18434715271,"[13.616558074951172, 5.217833995819092, -16.053775787353516]","[13.616558074951172, 5.217833995819092, -16.053775787353516]","[2.551431179046631, 0.7538301944732666, -0.2628008723258972]","[2.551431179046631, 0.7538301944732666, -0.2628008723258972]","[2.8067161039757593e-08, -1.4228525913040357e-07, 0.8432726860046387, 0.5374858975410461]","[[-0.42221764592299627, -0.906494353018112, -1.0561609986408833e-07], [0.906494353018096, -0.4222176459229574, -2.701419517772893e-07], [2.0028918097817286e-07, -2.0979913880575654e-07, 0.9999999999999579]]","[-3.004587867394548e-08, 3.8280855818584314e-08, -9.274937474401668e-05]",[0.0],"[2.8067161039757593e-08, -1.4228525913040357e-07, 0.8432726860046387, 0.5374858975410461]",[0.44],"[0.7600903511047363, 0.11440813541412354, -7.456337747573853]","[473.68121337890625, 473.6816711425781, 473.6396789550781, 473.64044189453125]"
1.2163617610931,"[13.701032638549805, 5.242752552032471, -16.061595916748047]","[13.701032638549805, 5.242752552032471, -16.061595916748047]","[2.568094491958618, 0.756330132484436, -0.2111341506242752]","[2.568094491958618, 0.756330132484436, -0.2111341506242752]","[2.7344016828578788e-08, -1.4215183341548254e-07, 0.8432719111442566, 0.5374871492385864]","[[-0.4222150322498144, -0.9064956311078098, -1.0669268474425959e-07], [0.9064956311077943, -0.4222150322497755, -2.691394117817174e-07], [1.9892645006184498e-07, -2.1035118116601843e-07, 0.9999999999999581]]","[-3.440681739519391e-09, 3.828090200386214e-08, -8.116734534269199e-05]",[0.0],"[2.7344016828578788e-08, -1.4215183341548254e-07, 0.8432719111442566, 0.5374871492385864]",[0.44],"[0.8331656455993652, 0.12499690055847168, -7.2266639149189]","[473.68121337890625, 473.6816711425781, 473.6396789550781, 473.64044189453125]"
1.2472696304321,"[13.778304100036621, 5.265477180480957, -16.06722640991211]","[13.778304100036621, 5.265477180480957, -16.06722640991211]","[2.583190441131592, 0.7585874795913696, -0.1642487496137619]","[2.583190441131592, 0.7585874795913696, -0.1642487496137619]","[2.683220223786975e-08, -1.4188665886649687e-07, 0.8432712554931641, 0.5374883413314819]","[[-0.42221282068207455, -0.9064969368150818, -1.072712001248886e-07], [0.9064969368150665, -0.4222128206820357, -2.681418736703692e-07], [1.9777849959998824e-07, -2.104538901699552e-07, 0.9999999999999583]]","[-3.440599805060174e-09, 3.828090200386214e-08, -7.189976167865098e-05]",[0.0],"[2.683220223786975e-08, -1.4188665886649687e-07, 0.8432712554931641, 0.5374883413314819]",[0.44],"[0.7547974586486816, 0.11286735534667969, -7.465729949474335]","[473.68121337890625, 473.6816711425781, 473.6396789550781, 473.64044189453125]"
1.2792692184448,"[13.863824844360352, 5.290551662445068, -16.071796417236328]","[13.863824844360352, 5.290551662445068, -16.071796417236328]","[2.599738359451294, 0.7610538601875305, -0.11274587363004684]","[2.599738359451294, 0.7610538601875305, -0.11274587363004684]","[2.623912820354235e-08, -1.4136284676169453e-07, 0.8432706594467163, 0.537489116191864]","[[-0.42221081016743955, -0.9064976029130992, -1.0770860924960201e-07], [0.9064976029130843, -0.4222108101674009, -2.666207736755325e-07], [1.9621535702363437e-07, -2.1020779036446452e-07, 0.9999999999999587]]","[9.86203918529327e-09, 4.940043751844314e-08, -6.29237329121679e-05]",[0.0],"[2.623912820354235e-08, -1.4136284676169453e-07, 0.8432706594467163, 0.537489116191864]",[0.44],"[0.8273959159851074, 0.12331902980804443, -7.234856200814248]","[473.68121337890625, 473.6816711425781, 473.6396789550781, 473.64044189453125]"
1.3100342750549,"[13.94204330444336, 5.313417434692383, -16.074478149414062]","[13.94204330444336, 5.313417434692383, -16.074478149414062]","[2.6147301197052, 0.7632809281349182, -0.06598902493715286]","[2.6147301197052, 0.7632809281349182, -0.06598902493715286]","[2.5614763643488914e-08, -1.4102603529408952e-07, 0.8432702422142029, 0.5374898910522461]","[[-0.42220940280804053, -0.9064984612306334, -1.0839980080769187e-07], [0.906498461230619, -0.4222094028080021, -2.65381470922047e-07], [1.948004725753097e-07, -2.1031076484177541e-07, 0.9999999999999589]]","[-1.674296612463877e-08, 4.940044817658418e-08, -5.5736181820975617e-05]",[0.0],"[2.5614763643488914e-08, -1.4102603529408952e-07, 0.8432702422142029, 0.5374898910522461]",[0.44],"[0.7495880126953125, 0.11135339736938477, -7.472157565355301]","[473.68121337890625, 473.6816711425781, 473.6396789550781, 473.64044189453125]"
1.3410329818726,"[14.020710945129395, 5.3363494873046875, -16.075756072998047]","[14.020710945129395, 5.3363494873046875, -16.075756072998047]","[2.629671812057495, 0.7654936909675598, -0.019248198717832565]","[2.629671812057495, 0.7654936909675598, -0.019248198717832565]","[2.4844979407134815e-08, -1.4076223919801123e-07, 0.8432697653770447, 0.5374906063079834]","[[-0.4222077943981515, -0.9064991549474043, -1.0941472267271272e-07], [0.9064991549473903, -0.4222077943981133, -2.6410896693540925e-07], [1.9321880249452105e-07, -2.1069319475440824e-07, 0.9999999999999591]]","[-3.440350671013448e-09, 6.0520029876443e-08, -4.937437188345939e-05]",[0.0],"[2.4844979407134815e-08, -1.4076223919801123e-07, 0.8432697653770447, 0.5374906063079834]",[0.44],"[0.7470846176147461, 0.11063814163208008, -7.472958689033986]","[473.68121337890625, 473.6816711425781, 473.6396789550781, 473.64044189453125]"
1.3710343837738,"[14.09982681274414, 5.359347820281982, -16.075632095336914]","[14.09982681274414, 5.359347820281982, -16.075632095336914]","[2.644564628601074, 0.7676922082901001, 0.027492623776197433]","[2.644564628601074, 0.7676922082901001, 0.027492623776197433]","[2.4374077867150845e-08, -1.4021561867139098e-07, 0.8432692885398865, 0.5374913215637207]","[[-0.4222061859891719, -0.9064998486628111, -1.0962153376342513e-07], [0.9064998486627973, -0.42220618598913373, -2.626807606478317e-07], [1.9183717897081748e-07, -2.102773393489839e-07, 0.9999999999999595]]","[9.862253236292418e-09, 4.9400455282011535e-08, -4.3733438360504806e-05]",[0.0],"[2.4374077867150845e-08, -1.4021561867139098e-07, 0.8432692885398865, 0.5374913215637207]",[0.44],"[0.7446408271789551, 0.10992586612701416, -7.472958875298501]","[473.6662902832031, 473.666259765625, 473.6552429199219, 473.6552429199219]"
1.4020438194275,"[14.187369346618652, 5.3847222328186035, -16.07285499572754]","[14.187369346618652, 5.3847222328186035, -16.07285499572754]","[2.6608946323394775, 0.7701143026351929, 0.18427419662475586]","[2.6608946323394775, 0.7701143026351929, 0.18427419662475586]","[0.00029552317573688924, -0.0008450954919680953, 0.8432903289794922, 0.5374576449394226]","[[-0.4222785862734615, -0.9064661679176248, -0.00040998239354773924], [0.9064651689364104, -0.42227733256857514, -0.001742984090994857], [0.0014068297379006417, -0.0011076593307685866, 0.9999983969593241]]","[-0.09538786858320236, -0.12461560219526291, 0.008222315460443497]",[0.0],"[0.00029552317573688924, -0.0008450954919680953, 0.8432903289794922, 0.5374576449394226]",[0.44],"[0.816500186920166, 0.12110471725463867, -1.9709213575720792]","[275.87060546875, 285.3321228027344, 206.7139434814453, 249.7646026611328]"
1.4330360889435,"[14.267420768737793, 5.40786075592041, -16.063758850097656]","[14.267420768737793, 5.40786075592041, -16.063758850097656]","[2.6757144927978516, 0.7724391222000122, 0.4290963411331177]","[2.6757144927978516, 0.7724391222000122, 0.4290963411331177]","[0.0011245579225942492, -0.002606851514428854, 0.8434092402458191, 0.5372642874717712]","[[-0.4226918844136962, -0.906273192126603, -0.0009042113566733873], [0.9062614659045087, -0.4226808223251022, -0.0056056549324428745], [0.004698061529103917, -0.003188915688429536, 0.9999838793893209]]","[-0.027277136221528053, -0.06492813676595688, 0.022175578400492668]",[0.0],"[0.0011245579225942492, -0.002606851514428854, 0.8434092402458191, 0.5372642874717712]",[0.44],"[0.7409930229187012, 0.1162409782409668, 2.4311072254180903]","[215.98756408691406, 206.74925231933594, 147.21371459960938, 105.54454040527344]"
1.4640326499939,"[14.347915649414062, 5.431069850921631, -16.046987533569336]","[14.347915649414062, 5.431069850921631, -16.046987533569336]","[2.6904759407043457, 0.7747983336448669, 0.6889852285385132]","[2.6904759407043457, 0.7747983336448669, 0.6889852285385132]","[0.001526996260508895, -0.0034882822073996067, 0.8436427116394043, 0.5368914604187012]","[[-0.42349038603009115, -0.9058997882351185, -0.0011691793256087823], [0.9058784818595733, -0.4234707132397333, -0.007525390225545214], [0.0063221363891246, -0.00424606521611115, 0.9999710003393238]]","[-0.05183831974864006, -0.061941664665937424, 0.036316100507974625]",[0.0],"[0.001526996260508895, -0.0034882822073996067, 0.8436427116394043, 0.5368914604187012]",[0.44],"[0.738072395324707, 0.11796057224273682, 3.184444370269775]","[208.49090576171875, 208.0255126953125, 117.23544311523438, 138.5262451171875]"
1.4950726032257,"[14.436970710754395, 5.4566826820373535, -16.019559860229492]","[14.436970710754395, 5.4566826820373535, -16.019559860229492]","[2.7066617012023926, 0.7774813175201416, 0.9709262251853943]","[2.7066617012023926, 0.7774813175201416, 0.9709262251853943]","[0.0020069589372724295, -0.004564145114272833, 0.8440788388252258, 0.5361959934234619]","[[-0.4249798351463314, -0.9052017031268845, -0.0015064895086670804], [0.9051650629195721, -0.42494622807343485, -0.009857243298832252], [0.008282615786038366, -0.0055527499343087094, 0.9999502813903999]]","[-0.024036830291152, -0.047892797738313675, 0.06677863746881485]",[0.0],"[0.0020069589372724295, -0.004564145114272833, 0.8440788388252258, 0.5361959934234619]",[0.44],"[0.8092880249023438, 0.1341491937637329, 4.287049832344055]","[232.30784606933594, 236.48385620117188, 77.85282897949219, 60.86198806762695]"
1.5260097980499,"[14.518392562866211, 5.480046272277832, -15.986761093139648]","[14.518392562866211, 5.480046272277832, -15.986761093139648]","[2.7213246822357178, 0.7800711989402771, 1.2159324884414673]","[2.7213246822357178, 0.7800711989402771, 1.2159324884414673]","[0.002308380091562867, -0.005245363339781761, 0.8447781801223755, 0.5350860953330994]","[[-0.42735537489487796, -0.9040823322331804, -0.001713303710612013], [0.904033899063954, -0.4273110044590396, -0.011332701172000997], [0.009513580241736819, -0.006391972813044849, 0.9999343150895731]]","[-0.03024359978735447, -0.03948240727186203, 0.10771350562572479]",[0.0],"[0.002308380091562867, -0.005245363339781761, 0.8447781801223755, 0.5350860953330994]",[0.44],"[0.7331490516662598, 0.1294940710067749, 2.4403131628036494]","[287.2601013183594, 284.04351806640625, 18.139076232910156, 22.398887634277344]"
1.5570693016052,"[14.600253105163574, 5.503488063812256, -15.946585655212402]","[14.600253105163574, 5.503488063812256, -15.946585655212402]","[2.7359113693237305, 0.7826679944992065, 1.4626587629318237]","[2.7359113693237305, 0.7826679944992065, 1.4626587629318237]","[0.0025746477767825127, -0.005852974019944668, 0.8457887768745422, 0.5334796905517578]","[[-0.4307858247836247, -0.902452408611457, -0.001889669149919837], [0.9023921312252651, -0.43073056779621743, -0.012647804073290358], [0.0106001019259504, -0.007153714876339534, 0.9999182277678947]]","[-0.01842190884053707, -0.0329863615334034, 0.144560769200325]",[0.0],"[0.0025746477767825127, -0.005852974019944668, 0.8457887768745422, 0.5334796905517578]",[0.44],"[0.7293343544006348, 0.12983977794647217, 2.5263137245178218]","[269.0624084472656, 270.0443115234375, 43.19142150878906, 2.1372811794281006]"
1.5878949165344,"[14.690802574157715, 5.529363632202148, -15.893804550170898]","[14.690802574157715, 5.529363632202148, -15.893804550170898]","[2.7518484592437744, 0.7854984998703003, 1.7364494800567627]","[2.7518484592437744, 0.7854984998703003, 1.7364494800567627]","[0.0028007947839796543, -0.00637137982994318, 0.8472158312797546, 0.5312032103538513]","[[-0.43563051850396617, -0.900123228731614, -0.0020232394777925378], [0.900051849022036, -0.43556501844493534, -0.013771450079633374], [0.011514750202405832, -0.007820285356464118, 0.9999031221352812]]","[-0.01785801351070404, -0.02615361660718918, 0.18025532364845276]",[0.0],"[0.0028007947839796543, -0.00637137982994318, 0.8472158312797546, 0.5312032103538513]",[0.44],"[0.7968544960021973, 0.1415252685546875, 3.8795358562469477]","[244.1707000732422, 244.2510528564453, 30.429506301879883, 14.099783897399902]"
1.6198825836182,"[14.773576736450195, 5.552967548370361, -15.837989807128906]","[14.773576736450195, 5.552967548370361, -15.837989807128906]","[2.7662343978881836, 0.78807532787323, 1.9839297533035278]","[2.7662343978881836, 0.78807532787323, 1.9839297533035278]","[0.0029709874652326107, -0.0067590754479169846, 0.8487622737884521, 0.5287231206893921]","[[-0.44088616501490807, -0.8975606384985739, -0.0021040347748197963], [0.8974803139848446, -0.440812448346124, -0.014615356020057146], [0.012190683080371079, -0.008332036963469736, 0.9998909762651416]]","[-0.012332365848124027, -0.021850034594535828, 0.20882220566272736]",[0.0],"[0.0029709874652326107, -0.0067590754479169846, 0.8487622737884521, 0.5287231206893921]",[0.44],"[0.719296932220459, 0.12884140014648438, 2.5640136623382563]","[237.71435546875, 237.25482177734375, 61.29902648925781, 55.70989990234375]"
1.650886297226,"[14.865123748779297, 5.57902193069458, -15.768086433410645]","[14.865123748779297, 5.57902193069458, -15.768086433410645]","[2.781942129135132, 0.7909409403800964, 2.251707077026367]","[2.781942129135132, 0.7909409403800964, 2.251707077026367]","[0.003119691042229533, -0.0071028233505785465, 0.8506993651390076, 0.5255953073501587]","[[-0.4474797198949201, -0.8942915057944057, -0.0021585828658934048], [0.8942028713368805, -0.4473982846402189, -0.015364124574419713], [0.012774259622111456, -0.00880534468570704, 0.999879634856503]]","[-0.010369423776865005, -0.017704684287309647, 0.23649285733699799]",[0.0],"[0.003119691042229533, -0.0071028233505785465, 0.8506993651390076, 0.5255953073501587]",[0.44],"[0.7853865623474121, 0.14328062534332275, 3.5788661861419673]","[230.46710205078125, 230.36163330078125, 83.62845611572266, 80.50137329101562]"
1.6818964481354,"[14.948797225952148, 5.602789878845215, -15.696938514709473]","[14.948797225952148, 5.602789878845215, -15.696938514709473]","[2.796109437942505, 0.7935724854469299, 2.4906222820281982]","[2.796109437942505, 0.7935724854469299, 2.4906222820281982]","[0.0032323976047337055, -0.0073538534343242645, 0.8526451587677002, 0.522428572177887]","[[-0.45411569186066036, -0.890939926895248, -0.0021715499616219436], [0.8908448445823414, -0.45402843032854356, -0.015917848788832123], [0.01319590263717596, -0.009163061327423117, 0.9998709448907828]]","[-0.007423853501677513, -0.014901885762810707, 0.258637934923172]",[0.0],"[0.0032323976047337055, -0.0073538534343242645, 0.8526451587677002, 0.522428572177887]",[0.44],"[0.7083654403686523, 0.1315772533416748, 2.1357602500915522]","[224.19113159179688, 223.89988708496094, 99.06134033203125, 97.2099838256836]"
1.712878704071,"[15.032894134521484, 5.6266374588012695, -15.618693351745605]","[15.032894134521484, 5.6266374588012695, -15.618693351745605]","[2.810163974761963, 0.7962269186973572, 2.724855422973633]","[2.810163974761963, 0.7962269186973572, 2.724855422973633]","[0.0033255256712436676, -0.007558991201221943, 0.8547420501708984, 0.5189872980117798]","[[-0.46128222135666164, -0.8872508094690641, -0.002161107578164456], [0.8871502589919107, -0.4611900629026815, -0.016373786438287574], [0.013530974098703519, -0.009470164107937329, 0.9998636050620595]]","[-0.005736698862165213, -0.012567014433443546, 0.2782541811466217]",[0.0],"[0.0033255256712436676, -0.007558991201221943, 0.8547420501708984, 0.5189872980117798]",[0.44],"[0.7027268409729004, 0.1327216625213623, 1.901657047271728]","[218.34388732910156, 218.2953338623047, 111.0604248046875, 109.51904296875]"
1.7448859214783,"[15.125884056091309, 5.652961730957031, -15.524599075317383]","[15.125884056091309, 5.652961730957031, -15.524599075317383]","[2.8254902362823486, 0.7991708517074585, 2.9767065048217773]","[2.8254902362823486, 0.7991708517074585, 2.9767065048217773]","[0.0034127947874367237, -0.007738905027508736, 0.8571972250938416, 0.5149189233779907]","[[-0.46969394671921383, -0.8828269671253208, -0.002118940846567663], [0.8827213219463674, -0.4695974597536865, -0.01678216106500441], [0.013820693732989608, -0.009752910594376663, 0.999856924361428]]","[-0.003708949312567711, -0.010603447444736958, 0.2972548305988312]",[0.0],"[0.0034127947874367237, -0.007738905027508736, 0.8571972250938416, 0.5149189233779907]",[0.44],"[0.7663130760192871, 0.14719665050506592, 2.782554092407226]","[214.58558654785156, 214.47067260742188, 118.04800415039062, 116.9434585571289]"
1.7768790721893,"[15.219378471374512, 5.679383754730225, -15.422298431396484]","[15.219378471374512, 5.679383754730225, -15.422298431396484]","[2.8406717777252197, 0.8021368980407715, 3.2220959663391113]","[2.8406717777252197, 0.8021368980407715, 3.2220959663391113]","[0.0034869390074163675, -0.007881340570747852, 0.8597831130027771, 0.5105866193771362]","[[-0.47857823386787657, -0.8780424696390102, -0.0020521915270615143], [0.8779325426235428, -0.4784783202967753, -0.017113255860647325], [0.014044236625650547, -0.009991718261563365, 0.9998514514543329]]","[-0.0022038454189896584, -0.009060910902917385, 0.3138827979564667]",[0.0],"[0.0034869390074163675, -0.007881340570747852, 0.8597831130027771, 0.5105866193771362]",[0.44],"[0.7590770721435547, 0.14830231666564941, 2.4594730758666987]","[209.80369567871094, 209.77035522460938, 126.20580291748047, 125.326171875]"
1.807421207428,"[15.304805755615234, 5.703489303588867, -15.322360038757324]","[15.304805755615234, 5.703489303588867, -15.322360038757324]","[2.8543450832366943, 0.8048496842384338, 3.4392812252044678]","[2.8543450832366943, 0.8048496842384338, 3.4392812252044678]","[0.003546643303707242, -0.007983168587088585, 0.8622286915779114, 0.5064438581466675]","[[-0.48700409512169385, -0.8733974772377644, -0.001970018168462734], [0.8732842234321174, -0.4869017905177615, -0.017358985447381625], [0.014202088629458959, -0.01017428257458347, 0.9998473806811727]]","[-0.0009816591627895832, -0.007976188324391842, 0.3271901607513428]",[0.0],"[0.003546643303707242, -0.007983168587088585, 0.8622286915779114, 0.5064438581466675]",[0.44],"[0.6836652755737305, 0.13563930988311768, 1.0492629432678218]","[205.20477294921875, 205.1676483154297, 133.44281005859375, 132.83824157714844]"
1.8384058475494,"[15.390641212463379, 5.727675914764404, -15.215993881225586]","[15.390641212463379, 5.727675914764404, -15.215993881225586]","[2.8678948879241943, 0.807574987411499, 3.6506237983703613]","[2.8678948879241943, 0.807574987411499, 3.6506237983703613]","[0.0036005156580358744, -0.008064113557338715, 0.8647487759590149, 0.5021270513534546]","[[-0.49571095090016026, -0.8684855760018813, -0.0018713361084362334], [0.8683694361333558, -0.49560681847123655, -0.017562697277249295], [0.014325502140867391, -0.010331032034363308, 0.9998440127190612]]","[3.5129654861520976e-05, -0.0071238987147808075, 0.3389778137207031]",[0.0],"[0.0036005156580358744, -0.008064113557338715, 0.8647487759590149, 0.5021270513534546]",[0.44],"[0.677490234375, 0.13626515865325928, 0.7571286582946772]","[201.44020080566406, 201.44586181640625, 138.98219299316406, 138.49588012695312]"
1.8684203624725,"[15.476881980895996, 5.7519450187683105, -15.103379249572754]","[15.476881980895996, 5.7519450187683105, -15.103379249572754]","[2.8813202381134033, 0.8103094100952148, 3.8559415340423584]","[2.8813202381134033, 0.8103094100952148, 3.8559415340423584]","[0.003650463419035077, -0.00812721997499466, 0.867328941822052, 0.49765560030937195]","[[-0.5046510900533647, -0.8633215466547256, -0.0017568079222209654], [0.8632028741778569, -0.5045456384106684, -0.01773129333014893], [0.014421418219788179, -0.010464599073319716, 0.9998412448246087]]","[0.000918475619982928, -0.006458867806941271, 0.3487320840358734]",[0.0],"[0.003650463419035077, -0.00812721997499466, 0.867328941822052, 0.49765560030937195]",[0.44],"[0.6712675094604492, 0.13672113418579102, 0.455886783599853]","[195.1472625732422, 195.15321350097656, 147.64520263671875, 147.2732391357422]"
1.8994135856628,"[15.563523292541504, 5.776296138763428, -14.984695434570312]","[15.563523292541504, 5.776296138763428, -14.984695434570312]","[2.894620418548584, 0.8130494952201843, 4.0550856590271]","[2.894620418548584, 0.8130494952201843, 4.0550856590271]","[0.003697668667882681, -0.008175726048648357, 0.8699474930763245, 0.4930627942085266]","[[-0.5137509664124082, -0.8579379457539253, -0.00162873748475717], [0.8578170212497362, -0.5136446269267181, -0.017871270451087995], [0.014495847836162812, -0.010578539069313775, 0.9998389695000001]]","[0.001665495103225112, -0.005944877862930298, 0.3554003834724426]",[0.0],"[0.003697668667882681, -0.008175726048648357, 0.8699474930763245, 0.4930627942085266]",[0.44],"[0.6650090217590332, 0.13700425624847412, 0.14720624923706005]","[183.5167694091797, 183.54269409179688, 161.82977294921875, 161.556640625]"
1.9304127693176,"[15.659286499023438, 5.8031768798828125, -14.847359657287598]","[15.659286499023438, 5.8031768798828125, -14.847359657287598]","[2.909106969833374, 0.816066324710846, 4.266878604888916]","[2.909106969833374, 0.816066324710846, 4.266878604888916]","[0.003747969400137663, -0.008214798755943775, 0.8728363513946533, 0.4879295229911804]","[[-0.5238215584690629, -0.8518268267994422, -0.0014737578042024468], [0.8517036715419799, -0.5237146871811102, -0.017997839790348025], [0.014559213549622307, -0.010682860103969183, 0.9998369396135499]]","[0.002357272431254387, -0.005507132038474083, 0.3583053946495056]",[0.0],"[0.003747969400137663, -0.008214798755943775, 0.8728363513946533, 0.4879295229911804]",[0.44],"[0.724327564239502, 0.15084147453308105, 0.7796472930908198]","[179.21762084960938, 179.2423858642578, 166.54808044433594, 166.34512329101562]"
1.9614140987396,"[15.746757507324219, 5.827700614929199, -14.716546058654785]","[15.746757507324219, 5.827700614929199, -14.716546058654785]","[2.922147274017334, 0.8188084959983826, 4.452725410461426]","[2.922147274017334, 0.8188084959983826, 4.452725410461426]","[0.0037928270176053047, -0.008239668793976307, 0.8754541277885437, 0.4832161068916321]","[[-0.5329756440076685, -0.8461295740612148, -0.0013221892163024496], [0.846004567507543, -0.5328686307975705, -0.01809241432571529], [0.014603973490504352, -0.010761393903472749, 0.9998354446427602]]","[0.0028763930313289165, -0.005198612809181213, 0.3604401648044586]",[0.0],"[0.0037928270176053047, -0.008239668793976307, 0.8754541277885437, 0.4832161068916321]",[0.44],"[0.652015209197998, 0.13710856437683105, -0.5176597213745122]","[178.56991577148438, 178.59815979003906, 167.22305297851562, 167.055908203125]"
1.991929769516,"[15.834619522094727, 5.852306365966797, -14.580254554748535]","[15.834619522094727, 5.852306365966797, -14.580254554748535]","[2.935065984725952, 0.8215473890304565, 4.632147312164307]","[2.935065984725952, 0.8215473890304565, 4.632147312164307]","[0.003837181953713298, -0.008256152272224426, 0.8780609965324402, 0.4784621298313141]","[[-0.5421185553637682, -0.840301229762447, -0.0011619527804526963], [0.8401745083284227, -0.5420116751937756, -0.018170703083593795], [0.014639072021067873, -0.010826918083098006, 0.9998342239686239]]","[0.0033104114700108767, -0.004956199321895838, 0.3623306155204773]",[0.0],"[0.003837181953713298, -0.008256152272224426, 0.8780609965324402, 0.4784621298313141]",[0.44],"[0.6459355354309082, 0.13694465160369873, -0.8389049148559575]","[177.87722778320312, 177.9044647216797, 167.93995666503906, 167.81422424316406]"
2.0225255489349,"[15.922863006591797, 5.8769941329956055, -14.438673973083496]","[15.922863006591797, 5.8769941329956055, -14.438673973083496]","[2.9478654861450195, 0.8242801427841187, 4.805126190185547]","[2.9478654861450195, 0.8242801427841187, 4.805126190185547]","[0.00388129404745996, -0.008265706710517406, 0.8806500434875488, 0.4736793637275696]","[[-0.551225642004092, -0.8343556678081844, -0.0009944658474260182], [0.8342273412551701, -0.551119127076209, -0.01823536773782583], [0.01466671293416033, -0.010881412158464082, 0.9998332272981857]]","[0.0036719052586704493, -0.004766159225255251, 0.3621399700641632]",[0.0],"[0.00388129404745996, -0.008265706710517406, 0.8806500434875488, 0.4736793637275696]",[0.44],"[0.6399750709533691, 0.13663768768310547, -1.1610560989379888]","[167.7762451171875, 167.8042755126953, 178.01858520507812, 177.9269256591797]"
2.0535233020782,"[16.020374298095703, 5.904245376586914, -14.277060508728027]","[16.020374298095703, 5.904245376586914, -14.277060508728027]","[2.961808204650879, 0.8272759318351746, 4.987972259521484]","[2.961808204650879, 0.8272759318351746, 4.987972259521484]","[0.00393010675907135, -0.008269409649074078, 0.8834502100944519, 0.46843570470809937]","[[-0.5611053137037507, -0.8277442428057368, -0.000803266188977525], [0.8276142441547153, -0.5609994389101378, -0.018293228042190468], [0.014691480756958364, -0.010929218725135859, 0.9998323422498362]]","[0.003994319122284651, -0.00459997309371829, 0.3564862310886383]",[0.0],"[0.00393010675907135, -0.008269409649074078, 0.8834502100944519, 0.46843570470809937]",[0.44],"[0.6971359252929688, 0.1497894525527954, -0.6676965332031255]","[142.97972106933594, 143.00579833984375, 198.47637939453125, 198.416259765625]"
2.0842332839966,"[16.109420776367188, 5.929104804992676, -14.125009536743164]","[16.109420776367188, 5.929104804992676, -14.125009536743164]","[2.974363088607788, 0.829988420009613, 5.147477626800537]","[2.974363088607788, 0.829988420009613, 5.147477626800537]","[0.003975427243858576, -0.008267395198345184, 0.8859085440635681, 0.46376922726631165]","[[-0.5698045965363931, -0.8217799746741828, -0.0006245970420087343], [0.8216485089617539, -0.5696995049332045, -0.018335673728603702], [0.014712056888558311, -0.010960950444852763, 0.9998316923097263]]","[0.004216768313199282, -0.0044702826999127865, 0.3461862802505493]",[0.0],"[0.003975427243858576, -0.008267395198345184, 0.8859085440635681, 0.46376922726631165]",[0.44],"[0.627744197845459, 0.13562440872192383, -1.8347316360473638]","[133.44334411621094, 133.45529174804688, 205.00941467285156, 204.96206665039062]"
2.1152503490448,"[16.198837280273438, 5.95404577255249, -13.968270301818848]","[16.198837280273438, 5.95404577255249, -13.968270301818848]","[2.986807346343994, 0.8326907157897949, 5.300642013549805]","[2.986807346343994, 0.8326907157897949, 5.300642013549805]","[0.004021700005978346, -0.008261086419224739, 0.8882604241371155, 0.45924827456474304]","[[-0.5781496532741484, -0.8159305815208374, -0.0004431454619932551], [0.815797687075631, -0.5780455103183728, -0.018369909830273007], [0.014732413274243517, -0.010982074676022718, 0.9998311607604721]]","[0.004368099849671125, -0.004343500826507807, 0.3333452045917511]",[0.0],"[0.004021700005978346, -0.008261086419224739, 0.8882604241371155, 0.45924827456474304]",[0.44],"[0.6222128868103027, 0.13511478900909424, -2.1517806625366216]","[134.19009399414062, 134.18528747558594, 204.51995849609375, 204.48634338378906]"
2.1461329460144,"[16.297630310058594, 5.981574058532715, -13.790665626525879]","[16.297630310058594, 5.981574058532715, -13.790665626525879]","[3.000372886657715, 0.8356526494026184, 5.461895942687988]","[3.000372886657715, 0.8356526494026184, 5.461895942687988]","[0.004073259886354208, -0.00825019832700491, 0.8907235264778137, 0.4544523060321808]","[[-0.5869129327870148, -0.8096499316937171, -0.00024234648939236436], [0.8095155108861176, -0.5868099841343486, -0.01839949619278644], [0.01475494013032852, -0.010995086799098247, 0.9998306855629266]]","[0.004465607926249504, -0.004203350283205509, 0.3192460536956787]",[0.0],"[0.004073259886354208, -0.00825019832700491, 0.8907235264778137, 0.4544523060321808]",[0.44],"[0.6782770156860352, 0.14809668064117432, -1.7473035430908208]","[118.54578399658203, 118.51922607421875, 213.96917724609375, 213.94631958007812]"
2.1771242618561,"[16.387828826904297, 6.00668478012085, -13.624687194824219]","[16.387828826904297, 6.00668478012085, -13.624687194824219]","[3.012596845626831, 0.8383371233940125, 5.602024078369141]","[3.012596845626831, 0.8383371233940125, 5.602024078369141]","[0.004120690748095512, -0.008237318135797977, 0.8928310871124268, 0.4502975046634674]","[[-0.5944304070488562, -0.8041471081066559, -6.032600278543798e-05], [0.8040113343441307, -0.5943286604131985, -0.018420140934865326], [0.01477664920389038, -0.010997993889436342, 0.9998303329953764]]","[0.004503757692873478, -0.004074430093169212, 0.3013143539428711]",[0.0],"[0.004120690748095512, -0.008237318135797977, 0.8928310871124268, 0.4502975046634674]",[0.44],"[0.6111979484558105, 0.13422369956970215, -2.8035932159423833]","[106.7974853515625, 106.7509765625, 220.06961059570312, 220.05372619628906]"
2.2077505588531,"[16.478389739990234, 6.031875133514404, -13.454596519470215]","[16.478389739990234, 6.031875133514404, -13.454596519470215]","[3.0247228145599365, 0.8410164713859558, 5.736110687255859]","[3.0247228145599365, 0.8410164713859558, 5.736110687255859]","[0.0041685765609145164, -0.008222091943025589, 0.8947954773902893, 0.4463811218738556]","[[-0.6014530983080706, -0.7989081669297698, 0.0001196736563674472], [0.7987710692507483, -0.6013526467773198, -0.018435729134369028], [0.014800420159078453, -0.010992633606856705, 0.9998300403470725]]","[0.004483616445213556, -0.003931793384253979, 0.2831035852432251]",[0.0],"[0.0041685765609145164, -0.008222091943025589, 0.8947954773902893, 0.4463811218738556]",[0.44],"[0.6062984466552734, 0.13396739959716797, -3.105669555664063]","[114.83283233642578, 114.76324462890625, 215.98973083496094, 215.9791717529297]"
2.2386665344238,"[16.56931495666504, 6.0571465492248535, -13.280571937561035]","[16.56931495666504, 6.0571465492248535, -13.280571937561035]","[3.0367541313171387, 0.8436939716339111, 5.864283561706543]","[3.0367541313171387, 0.8436939716339111, 5.864283561706543]","[0.0042162202298641205, -0.008205227553844452, 0.8966284990310669, 0.44268760085105896]","[[-0.6080199820678285, -0.7939218282743044, 0.00029606143207816515], [0.7937834480886918, -0.6079208835754613, -0.018447018568060303], [0.01482547143307178, -0.010981144895187311, 0.9998297954555259]]","[0.00442021619528532, -0.003778003389015794, 0.26691335439682007]",[0.0],"[0.0042162202298641205, -0.008205227553844452, 0.8966284990310669, 0.44268760085105896]",[0.44],"[0.6015658378601074, 0.1338750123977661, -3.401356277465821]","[123.60209655761719, 123.52339172363281, 211.0961456298828, 211.08920288085938]"
2.2696645259857,"[16.66974449157715, 6.0850372314453125, -13.084810256958008]","[16.66974449157715, 6.0850372314453125, -13.084810256958008]","[3.049884080886841, 0.84663987159729, 5.998610973358154]","[3.049884080886841, 0.84663987159729, 5.998610973358154]","[0.0042676785960793495, -0.008185443468391895, 0.8985117673873901, 0.4388524293899536]","[[-0.6147807952367714, -0.7886980095906131, 0.00048471537253336194], [0.7885582782230551, -0.6146832184284219, -0.0184551967947586], [0.014853522379485007, -0.010963672315778883, 0.9998295708692526]]","[0.004319176543504, -0.003604171797633171, 0.25123128294944763]",[0.0],"[0.0042676785960793495, -0.008185443468391895, 0.8985117673873901, 0.4388524293899536]",[0.44],"[0.6564974784851074, 0.1472949981689453, -3.093629417419434]","[128.9681854248047, 128.8865509033203, 207.86195373535156, 207.8572235107422]"
2.3006565570831,"[16.76142120361328, 6.110477447509766, -12.903092384338379]","[16.76142120361328, 6.110477447509766, -12.903092384338379]","[3.0617289543151855, 0.8493205904960632, 6.114831447601318]","[3.0617289543151855, 0.8493205904960632, 6.114831447601318]","[0.004313147626817226, -0.00816680584102869, 0.9001176953315735, 0.43554890155792236]","[[-0.6205571243333368, -0.7841609962274947, 0.000650594376357394], [0.7840200976705671, -0.6204609373829482, -0.01845934632592916], [0.014878767629544876, -0.01094499948145955, 0.9998294000798085]]","[0.004203361459076405, -0.0034450097009539604, 0.23868122696876526]",[0.0],"[0.004313147626817226, -0.00816680584102869, 0.9001176953315735, 0.43554890155792236]",[0.44],"[0.5922436714172363, 0.13403594493865967, -3.9989762878417974]","[135.25502014160156, 135.17135620117188, 203.8272705078125, 203.82583618164062]"
2.3316705226898,"[16.853452682495117, 6.135997772216797, -12.717968940734863]","[16.853452682495117, 6.135997772216797, -12.717968940734863]","[3.0734894275665283, 0.8520050644874573, 6.22559928894043]","[3.0734894275665283, 0.8520050644874573, 6.22559928894043]","[0.004357111640274525, -0.008147911168634892, 0.9016348719596863, 0.4323994219303131]","[[-0.6260236615803436, -0.779803797572354, 0.0008107434332714214], [0.7796617921379669, -0.6259288535112113, -0.018460906795623122], [0.014903351750300498, -0.01092485657746095, 0.9998292542434845]]","[0.004080645274370909, -0.003291153348982334, 0.22756464779376984]",[0.0],"[0.004357111640274525, -0.008147911168634892, 0.9016348719596863, 0.4323994219303131]",[0.44],"[0.5880236625671387, 0.13422369956970215, -4.271607933044434]","[140.52316284179688, 140.4435272216797, 200.23086547851562, 200.23036193847656]"
2.3626923561096,"[16.955093383789062, 6.164163112640381, -12.51059341430664]","[16.955093383789062, 6.164163112640381, -12.51059341430664]","[3.086332321166992, 0.8549632430076599, 6.341342449188232]","[3.086332321166992, 0.8549632430076599, 6.341342449188232]","[0.004403550643473864, -0.008127061650156975, 0.9032135009765625, 0.42909207940101624]","[[-0.6317213549548086, -0.7751950944093282, 0.0009801772210670245], [0.7750519426990918, -0.6316280392092171, -0.018460001016093047], [0.014929208352611467, -0.010901886206669514, 0.9998291192213298]]","[0.003935971762984991, -0.003125435207039118, 0.21679727733135223]",[0.0],"[0.004403550643473864, -0.008127061650156975, 0.9032135009765625, 0.42909207940101624]",[0.44],"[0.6421446800231934, 0.14790892601013184, -4.022841987609864]","[145.3459930419922, 145.27027893066406, 196.7562713623047, 196.7582550048828]"
2.3936929702759,"[17.04785919189453, 6.189852714538574, -12.31883716583252]","[17.04785919189453, 6.189852714538574, -12.31883716583252]","[3.0979254245758057, 0.8576576113700867, 6.441202640533447]","[3.0979254245758057, 0.8576576113700867, 6.441202640533447]","[0.0044439397752285, -0.008108272217214108, 0.904576301574707, 0.42621147632598877]","[[-0.6366480588978476, -0.7711536672341464, 0.0011280878682902173], [0.7710095365404885, -0.6365560679426023, -0.018457218053424818], [0.01495144255689751, -0.01088098552420913, 0.9998290146418514]]","[0.003805705113336444, -0.0029852634761482477, 0.20818039774894714]",[0.0],"[0.0044439397752285, -0.008108272217214108, 0.904576301574707, 0.42621147632598877]",[0.44],"[0.5796551704406738, 0.1347184181213379, -4.816990432739258]","[148.11856079101562, 148.045654296875, 194.67735290527344, 194.67884826660156]"
2.4246938228607,"[17.140972137451172, 6.215623378753662, -12.124159812927246]","[17.140972137451172, 6.215623378753662, -12.124159812927246]","[3.1094424724578857, 0.8603566884994507, 6.536136627197266]","[3.1094424724578857, 0.8603566884994507, 6.536136627197266]","[0.004482566379010677, -0.008089755661785603, 0.9058784246444702, 0.4234369397163391]","[[-0.641362328766029, -0.7672373015065134, 0.0012703175786060728], [0.7670922500395377, -0.6412716272753787, -0.018452838608521316], [0.014972323100523766, -0.010860501850106785, 0.9998289249039808]]","[0.00367425917647779, -0.0028514903970062733, 0.20054778456687927]",[0.0],"[0.004482566379010677, -0.008089755661785603, 0.9058784246444702, 0.4234369397163391]",[0.44],"[0.5758523941040039, 0.13495385646820068, -5.0633006668090825]","[151.4471435546875, 151.37896728515625, 192.0973663330078, 192.10028076171875]"
2.4556932449341,"[17.24379539489746, 6.244064807891846, -11.906814575195312]","[17.24379539489746, 6.244064807891846, -11.906814575195312]","[3.122025728225708, 0.863330602645874, 6.635083198547363]","[3.122025728225708, 0.863330602645874, 6.635083198547363]","[0.004523102194070816, -0.008069785311818123, 0.907246470451355, 0.4204976260662079]","[[-0.6463225591628403, -0.7630629750907807, 0.0014204858691561073], [0.7629169732361825, -0.6462332331997986, -0.018446475953017627], [0.014993788135090003, -0.01083866101277109, 0.9998288402231263]]","[0.003537572920322418, -0.0027153578121215105, 0.19215500354766846]",[0.0],"[0.004523102194070816, -0.008069785311818123, 0.907246470451355, 0.4204976260662079]",[0.44],"[0.6291627883911133, 0.148695707321167, -4.862671432495118]","[146.2233428955078, 146.15708923339844, 196.10081481933594, 196.10470581054688]"
2.4857006072998,"[17.337629318237305, 6.270005702972412, -11.706469535827637]","[17.337629318237305, 6.270005702972412, -11.706469535827637]","[3.133389949798584, 0.8660381436347961, 6.720245838165283]","[3.133389949798584, 0.8660381436347961, 6.720245838165283]","[0.004558444023132324, -0.008051950484514236, 0.9084271192550659, 0.4179408848285675]","[[-0.6506093298093256, -0.7594110767785791, 0.001551549724251755], [0.7592642593163363, -0.6505212208199396, -0.018439540623002237], [0.015012506964626526, -0.010818900109124563, 0.9998287733629658]]","[0.0034137803595513105, -0.0025985667016357183, 0.18306735157966614]",[0.0],"[0.004558444023132324, -0.008051950484514236, 0.9084271192550659, 0.4179408848285675]",[0.44],"[0.5682110786437988, 0.13537704944610596, -5.551868019104004]","[143.55406188964844, 143.48699951171875, 198.0634307861328, 198.06649780273438]"
2.5158264636993,"[17.43180274963379, 6.296028137207031, -11.50363540649414]","[17.43180274963379, 6.296028137207031, -11.50363540649414]","[3.144684314727783, 0.8687495589256287, 6.801031589508057]","[3.144684314727783, 0.8687495589256287, 6.801031589508057]","[0.004592505283653736, -0.00803436990827322, 0.9095422625541687, 0.415508508682251]","[[-0.6546633569439586, -0.7559188939672351, 0.0016774571753964684], [0.7557713024222169, -0.6545764369538736, -0.01843164801218855], [0.015030853410549105, -0.010798747926083263, 0.9998287155907933]]","[0.0032882315572351217, -0.0024822568520903587, 0.17363028228282928]",[0.0],"[0.004592505283653736, -0.00803436990827322, 0.9095422625541687, 0.415508508682251]",[0.44],"[0.5647182464599609, 0.13557076454162598, -5.770712432861329]","[144.6945037841797, 144.62744140625, 197.23126220703125, 197.23587036132812]"
2.5467023849487,"[17.52631378173828, 6.322132110595703, -11.298439979553223]","[17.52631378173828, 6.322132110595703, -11.298439979553223]","[3.155911684036255, 0.8714650273323059, 6.877616882324219]","[3.155911684036255, 0.8714650273323059, 6.877616882324219]","[0.004625304602086544, -0.008017117157578468, 0.9105936288833618, 0.41319915652275085]","[[-0.658490062260976, -0.7525872019969607, 0.001798213710098806], [0.752438875561423, -0.6584043008112634, -0.018423015531890796], [0.015048877899120794, -0.010778327690918965, 0.9998286647796392]]","[0.003161064116284251, -0.002369874157011509, 0.164556622505188]",[0.0],"[0.004625304602086544, -0.008017117157578468, 0.9105936288833618, 0.41319915652275085]",[0.44],"[0.561368465423584, 0.1357734203338623, -5.980735359191895]","[145.01031494140625, 144.94363403320312, 196.9989776611328, 197.00381469726562]"
2.5768721103668,"[17.62116241455078, 6.3483171463012695, -11.091008186340332]","[17.62116241455078, 6.3483171463012695, -11.091008186340332]","[3.1670737266540527, 0.874184787273407, 6.950177192687988]","[3.1670737266540527, 0.874184787273407, 6.950177192687988]","[0.004656847100704908, -0.008000247180461884, 0.9115833044052124, 0.4110111892223358]","[[-0.6620962496505491, -0.7494163878934004, 0.001913825920912271], [0.7492673641818512, -0.662011614190491, -0.018413816051422477], [0.015066590351769382, -0.010757750991873233, 0.9998286196402644]]","[0.0030317786149680614, -0.0022589846048504114, 0.1556263417005539]",[0.0],"[0.004656847100704908, -0.008000247180461884, 0.9115833044052124, 0.4110111892223358]",[0.44],"[0.5581021308898926, 0.1359879970550537, -6.181984481811524]","[146.54202270507812, 146.47637939453125, 195.86239624023438, 195.86672973632812]"
2.6076197624207,"[17.71634292602539, 6.374584197998047, -10.881458282470703]","[17.71634292602539, 6.374584197998047, -10.881458282470703]","[3.1781723499298096, 0.8769090175628662, 7.018884181976318]","[3.1781723499298096, 0.8769090175628662, 7.018884181976318]","[0.004687090869992971, -0.007983816787600517, 0.9125152826309204, 0.40893787145614624]","[[-0.6654957647309732, -0.7463989564501303, 0.0020243140134624804], [0.7462492729510388, -0.6654122197116243, -0.01840416759221447], [0.015083854186331291, -0.010737251737428621, 0.999828579697357]]","[0.0029027622658759356, -0.002150209853425622, 0.14753779768943787]",[0.0],"[0.004687090869992971, -0.007983816787600517, 0.9125152826309204, 0.40893787145614624]",[0.44],"[0.5549311637878418, 0.13621151447296143, -6.374650535583497]","[150.05902099609375, 149.99444580078125, 193.1810760498047, 193.1858367919922]"
2.63862657547,"[17.821426391601562, 6.403572082519531, -10.648642539978027]","[17.821426391601562, 6.403572082519531, -10.648642539978027]","[3.190309762954712, 0.8799108862876892, 7.090214252471924]","[3.190309762954712, 0.8799108862876892, 7.090214252471924]","[0.00471877958625555, -0.00796635914593935, 0.9134815335273743, 0.4067749083042145]","[[-0.6690239499471309, -0.7432379170622111, 0.0021400060034449386], [0.7430875510905525, -0.6689415579526141, -0.018393206205538803], [0.015102066047876617, -0.010715281671511201, 0.9998285404823485]]","[0.0027639814652502537, -0.0020349971018731594, 0.1397019624710083]",[0.0],"[0.00471877958625555, -0.00796635914593935, 0.9134815335273743, 0.4067749083042145]",[0.44],"[0.6068706512451172, 0.1500934362411499, -6.243496475219727]","[153.10910034179688, 153.0497283935547, 190.77130126953125, 190.77587890625]"
2.6696326732635,"[17.91730308532715, 6.430010795593262, -10.435005187988281]","[17.91730308532715, 6.430010795593262, -10.435005187988281]","[3.2012810707092285, 0.8826443552970886, 7.1513800621032715]","[3.2012810707092285, 0.8826443552970886, 7.1513800621032715]","[0.00474614417180419, -0.007951069623231888, 0.9143120646476746, 0.4049046039581299]","[[-0.6720595421368938, -0.7404938027061172, 0.002240064359999183], [0.7403428550151097, -0.671978154889586, -0.018382989019174234], [0.015117763147352081, -0.010696046514323987, 0.9998285092146939]]","[0.0026402834337204695, -0.0019342227606102824, 0.13284610211849213]",[0.0],"[0.00474614417180419, -0.007951069623231888, 0.9143120646476746, 0.4049046039581299]",[0.44],"[0.5485653877258301, 0.1366734504699707, -6.751709518432618]","[149.9233856201172, 149.86447143554688, 193.28379821777344, 193.2892608642578]"
2.7003004550934,"[18.013507843017578, 6.456532001495361, -10.219583511352539]","[18.013507843017578, 6.456532001495361, -10.219583511352539]","[3.2121944427490234, 0.885381817817688, 7.209205150604248]","[3.2121944427490234, 0.885381817817688, 7.209205150604248]","[0.004772336687892675, -0.007936274632811546, 0.9150924682617188, 0.40313780307769775]","[[-0.6749144198487442, -0.737892483685145, 0.0023354340780135097], [0.7377409853867636, -0.6748340013335747, -0.018372668940893067], [0.015133083358385147, -0.010677031629276468, 0.99982848069498]]","[0.0025225761346518993, -0.0018393628997728229, 0.12414215505123138]",[0.0],"[0.004772336687892675, -0.007936274632811546, 0.9150924682617188, 0.40313780307769775]",[0.44],"[0.5456686019897461, 0.13687312602996826, -6.918745574951172]","[140.3943328857422, 140.33242797851562, 200.31280517578125, 200.316650390625]"
2.7323009967804,"[18.119709014892578, 6.485799789428711, -9.980674743652344]","[18.119709014892578, 6.485799789428711, -9.980674743652344]","[3.2241342067718506, 0.8883982300758362, 7.2691450119018555]","[3.2241342067718506, 0.8883982300758362, 7.2691450119018555]","[0.004800204653292894, -0.007920339703559875, 0.9158751368522644, 0.40135639905929565]","[[-0.6777799961703477, -0.7352607323329303, 0.0024350181420126904], [0.7351086553269275, -0.6777006165377351, -0.01836127012861527], [0.015150534233001334, -0.010654898711042027, 0.9998284525085335]]","[0.0023886878043413162, -0.0017334093572571874, 0.11169211566448212]",[0.0],"[0.004800204653292894, -0.007920339703559875, 0.9158751368522644, 0.40135639905929565]",[0.44],"[0.5969882011413574, 0.15082061290740967, -6.813006935119629]","[139.04925537109375, 138.98342895507812, 201.24977111816406, 201.25404357910156]"
2.7630438804626,"[18.216596603393555, 6.512493133544922, -9.761818885803223]","[18.216596603393555, 6.512493133544922, -9.761818885803223]","[3.234931707382202, 0.8911464810371399, 7.3204665184021]","[3.234931707382202, 0.8911464810371399, 7.3204665184021]","[0.00482471939176321, -0.007906169630587101, 0.9165120720863342, 0.39989975094795227]","[[-0.6801137715964272, -0.733102188836096, 0.002520476601511945], [0.7329496086363709, -0.6800353123943903, -0.01835100798711059], [0.015167177666408127, -0.010633391654471136, 0.9998284291291263]]","[0.002256460255011916, -0.0016319635324180126, 0.10013724118471146]",[0.0],"[0.00482471939176321, -0.007906169630587101, 0.9165120720863342, 0.39989975094795227]",[0.44],"[0.5398750305175781, 0.13741254806518555, -7.2439246749877935]","[137.7738800048828, 137.7027130126953, 202.1263885498047, 202.13113403320312]"
2.7937304973602,"[18.31380844116211, 6.53926944732666, -9.541464805603027]","[18.31380844116211, 6.53926944732666, -9.541464805603027]","[3.245676279067993, 0.8939021825790405, 7.368921279907227]","[3.245676279067993, 0.8939021825790405, 7.368921279907227]","[0.0048483130522072315, -0.007892419584095478, 0.9170792102813721, 0.3985975682735443]","[[-0.6821931364343929, -0.7311676161065207, 0.002600775702200242], [0.7310145564229885, -0.6821155681395146, -0.018340999424460408], [0.015184372718260064, -0.010610896253105656, 0.9998284071473128]]","[0.0021167751401662827, -0.0015252386219799519, 0.08941444009542465]",[0.0],"[0.0048483130522072315, -0.007892419584095478, 0.9170792102813721, 0.3985975682735443]",[0.44],"[0.5372285842895508, 0.13778507709503174, -7.387261924743653]","[141.37661743164062, 141.30490112304688, 199.62428283691406, 199.6283416748047]"
2.8246283531189,"[18.421112060546875, 6.568819046020508, -9.29744815826416]","[18.421112060546875, 6.568819046020508, -9.29744815826416]","[3.257436513900757, 0.8969437479972839, 7.41908073425293]","[3.257436513900757, 0.8969437479972839, 7.41908073425293]","[0.004873135592788458, -0.007877822034060955, 0.9176217913627625, 0.39734676480293274]","[[-0.6841836241276109, -0.7293048796112265, 0.002682936626561605], [0.7291513208314351, -0.6841069988686217, -0.01833037165834514], [0.015203845022271123, -0.010585073009383078, 0.999828384938988]]","[0.0019589310977607965, -0.0014064073329791427, 0.07513681799173355]",[0.0],"[0.004873135592788458, -0.007877822034060955, 0.9176217913627625, 0.39734676480293274]",[0.44],"[0.5880117416381836, 0.1520782709121704, -7.302027282714844]","[126.7323989868164, 126.65127563476562, 209.2277069091797, 209.2316131591797]"
2.8566293716431,"[18.51899528503418, 6.595769882202148, -9.074220657348633]","[18.51899528503418, 6.595769882202148, -9.074220657348633]","[3.2680749893188477, 0.8997203707695007, 7.461972236633301]","[3.2680749893188477, 0.8997203707695007, 7.461972236633301]","[0.004894936457276344, -0.007864894345402718, 0.9180248379707336, 0.3964146673679352]","[[-0.6856629193885122, -0.7279140178754698, 0.0027518275445027607], [0.727760025243214, -0.685587127068225, -0.0183211859291873], [0.015222865447769851, -0.010559487499193776, 0.9998283660680297]]","[0.0018030350329354405, -0.0012906320625916123, 0.06036888808012009]",[0.0],"[0.004894936457276344, -0.007864894345402718, 0.9180248379707336, 0.3964146673679352]",[0.44],"[0.531923770904541, 0.13883113861083984, -7.665424880981446]","[126.3803482055664, 126.28730010986328, 209.4437713623047, 209.44827270507812]"
2.8872985839844,"[18.627038955688477, 6.62551212310791, -8.827232360839844]","[18.627038955688477, 6.62551212310791, -8.827232360839844]","[3.279722213745117, 0.9027909636497498, 7.5063371658325195]","[3.279722213745117, 0.9027909636497498, 7.5063371658325195]","[0.004917839076370001, -0.007851227186620235, 0.9183686375617981, 0.39561760425567627]","[[-0.6869251924508983, -0.7267228225752077, 0.0028206109645527166], [0.7265683782877844, -0.6868502791965887, -0.018311809056146044], [0.01524494572470364, -0.010529474202112254, 0.999828346180966]]","[0.00161823071539402, -0.0011567905312404037, 0.04498644173145294]",[0.0],"[0.004917839076370001, -0.007851227186620235, 0.9183686375617981, 0.39561760425567627]",[0.44],"[0.5823612213134766, 0.15352964401245117, -7.591753540039063]","[129.20962524414062, 129.11502075195312, 207.7115020751953, 207.7158203125]"
2.9193773269653,"[18.725587844848633, 6.6526384353637695, -8.601461410522461]","[18.725587844848633, 6.6526384353637695, -8.601461410522461]","[3.2902629375457764, 0.9056001305580139, 7.544243812561035]","[3.2902629375457764, 0.9056001305580139, 7.544243812561035]","[0.004937456455081701, -0.007839451543986797, 0.918596088886261, 0.39508911967277527]","[[-0.687760463035292, -0.7259320540871149, 0.002876492358906302], [0.7257772262845942, -0.6876863059867626, -0.018304049703161046], [0.015265620395830792, -0.010501108406117482, 0.9998283290464873]]","[0.0014410462463274598, -0.0010275559034198523, 0.03197106346487999]",[0.0],"[0.004937456455081701, -0.007839451543986797, 0.918596088886261, 0.39508911967277527]",[0.44],"[0.527036190032959, 0.140458345413208, -7.914667663574219]","[133.58384704589844, 133.48846435546875, 204.92636108398438, 204.93197631835938]"
2.9508881568909,"[18.834360122680664, 6.682575225830078, -8.351842880249023]","[18.834360122680664, 6.682575225830078, -8.351842880249023]","[3.301806688308716, 0.9087127447128296, 7.583423137664795]","[3.301806688308716, 0.9087127447128296, 7.583423137664795]","[0.004957402125000954, -0.007827425375580788, 0.9187620282173157, 0.39470306038856506]","[[-0.6883698661640116, -0.7253539760027398, 0.0029303281606997134], [0.7251987612219789, -0.688296480659649, -0.01829648600820588], [0.015288363163519114, -0.010469678846947272, 0.9998283111523215]]","[0.00124360213521868, -0.0008852039463818073, 0.01898503303527832]",[0.0],"[0.004957402125000954, -0.007827425375580788, 0.9187620282173157, 0.39470306038856506]",[0.44],"[0.5771875381469727, 0.1556307077407837, -7.851033744812012]","[134.8210906982422, 134.72830200195312, 204.11451721191406, 204.1190185546875]"
2.9828987121582,"[18.943511962890625, 6.712615013122559, -8.100973129272461]","[18.943511962890625, 6.712615013122559, -8.100973129272461]","[3.3132987022399902, 0.9118518829345703, 7.620108127593994]","[3.3132987022399902, 0.9118518829345703, 7.620108127593994]","[0.0049756309017539024, -0.007816365920007229, 0.9188417196273804, 0.3945176303386688]","[[-0.6886624026079939, -0.7250762984710253, 0.002976246186755016], [0.7249207330637812, -0.688589725261344, -0.018289954431952193], [0.01531102282923974, -0.01043805798075298, 0.9998282950418681]]","[0.0010467079700902104, -0.0007439120672643185, 0.005092687904834747]",[0.0],"[0.0049756309017539024, -0.007816365920007229, 0.9188417196273804, 0.3945176303386688]",[0.44],"[0.5746006965637207, 0.15695691108703613, -7.97575050354004]","[130.46768188476562, 130.37156677246094, 206.92388916015625, 206.92919921875]"
3.01389503479,"[19.043067932128906, 6.740014553070068, -7.87189245223999]","[19.043067932128906, 6.740014553070068, -7.87189245223999]","[3.3237037658691406, 0.9147313833236694, 7.6514177322387695]","[3.3237037658691406, 0.9147313833236694, 7.6514177322387695]","[0.004990800749510527, -0.007807108573615551, 0.9188347458839417, 0.3945337235927582]","[[-0.6886364823757758, -0.7251005147666358, 0.0030111070447848], [0.7249446598733531, -0.6885643966714579, -0.018284963651480607], [0.015331777508950761, -0.010408806837824941, 0.999828281927197]]","[0.0008672995609231293, -0.0006145612569525838, -0.006963059771806002]",[0.0],"[0.004990800749510527, -0.007807108573615551, 0.9188347458839417, 0.3945337235927582]",[0.44],"[0.5202531814575195, 0.14397501945495605, -8.244519767761231]","[139.81869506835938, 139.72647094726562, 200.72474670410156, 200.73011779785156]"
3.0448899269104,"[19.14293670654297, 6.767500400543213, -7.6418986320495605]","[19.14293670654297, 6.767500400543213, -7.6418986320495605]","[3.3340697288513184, 0.9176377654075623, 7.680890083312988]","[3.3340697288513184, 0.9176377654075623, 7.680890083312988]","[0.005004372447729111, -0.007798783015459776, 0.9187633991241455, 0.39469996094703674]","[[-0.6883740091733523, -0.7253498115374307, 0.003039309777844862], [0.7251936994780371, -0.688302454627499, -0.018280924003997168], [0.01535202718439041, -0.010380021565264741, 0.9998282704797644]]","[0.0006820477428846061, -0.00048550229985266924, -0.01695135235786438]",[0.0],"[0.005004372447729111, -0.007798783015459776, 0.9187633991241455, 0.39469996094703674]",[0.44],"[0.5182981491088867, 0.1453191041946411, -8.336382446289063]","[143.82872009277344, 143.7401123046875, 197.87045288085938, 197.87649536132812]"
3.075888633728,"[19.253150939941406, 6.7978363037109375, -7.387916088104248]","[19.253150939941406, 6.7978363037109375, -7.387916088104248]","[3.3454301357269287, 0.9208681583404541, 7.711307048797607]","[3.3454301357269287, 0.9208681583404541, 7.711307048797607]","[0.005017335992306471, -0.0077908155508339405, 0.918620765209198, 0.39503172039985657]","[[-0.6878496141609591, -0.7258468608297897, 0.0030628195164006666], [0.7256905042726991, -0.6877785678679844, -0.01827762362355148], [0.015373296597856217, -0.010349596148091694, 0.9998282590651864]]","[0.0004923469969071448, -0.0003514845739118755, -0.02661207504570484]",[0.0],"[0.005017335992306471, -0.0077908155508339405, 0.918620765209198, 0.39503172039985657]",[0.44],"[0.5680203437805176, 0.16151964664459229, -8.289151725769043]","[147.78684997558594, 147.70750427246094, 194.9298095703125, 194.9350128173828]"
3.1079256534576,"[19.353670120239258, 6.825507640838623, -7.156177997589111]","[19.353670120239258, 6.825507640838623, -7.156177997589111]","[3.3557207584381104, 0.9238365292549133, 7.73723840713501]","[3.3557207584381104, 0.9238365292549133, 7.73723840713501]","[0.005027350969612598, -0.007784644607454538, 0.9184396266937256, 0.39545273780822754]","[[-0.6871838971459487, -0.7264772020564313, 0.0030777186498147646], [0.7263206574939697, -0.6871132442781633, -0.01827561158414004], [0.015391554741342572, -0.010323292764715442, 0.999828250101128]]","[0.0003223387466277927, -0.00023353437427431345, -0.03434281051158905]",[0.0],"[0.005027350969612598, -0.007784644607454538, 0.9184396266937256, 0.39545273780822754]",[0.44],"[0.514531135559082, 0.14841854572296143, -8.513432083129883]","[151.16587829589844, 151.09022521972656, 192.3209228515625, 192.32533264160156]"
3.1388907432556,"[19.464597702026367, 6.856049060821533, -6.900397777557373]","[19.464597702026367, 6.856049060821533, -6.900397777557373]","[3.367002010345459, 0.9271380305290222, 7.763981342315674]","[3.367002010345459, 0.9271380305290222, 7.763981342315674]","[0.005036396440118551, -0.007779034785926342, 0.9181903600692749, 0.39603111147880554]","[[-0.6862681014126908, -0.727342254300926, 0.003087261736602731], [0.7271855410885124, -0.6861978052264934, -0.018274408862218344], [0.015410220906613536, -0.010296130142106147, 0.9998282426573947]]","[0.00015045440522953868, -0.00011337888281559572, -0.04183020815253258]",[0.0],"[0.005036396440118551, -0.007779034785926342, 0.9181903600692749, 0.39603111147880554]",[0.44],"[0.5640625953674316, 0.16507506370544434, -8.472853240966797]","[154.0590362548828, 153.9921112060547, 190.0077362060547, 190.0133056640625]"
3.1698892116547,"[19.565763473510742, 6.883909225463867, -6.667128562927246]","[19.565763473510742, 6.883909225463867, -6.667128562927246]","[3.377224922180176, 0.930173397064209, 7.786764621734619]","[3.377224922180176, 0.930173397064209, 7.786764621734619]","[0.00504294503480196, -0.0077749621123075485, 0.9179235100746155, 0.3966492712497711]","[[-0.6852880407671011, -0.7282658000814164, 0.0030902095032347976], [0.7281089652550963, -0.6852180032846535, -0.01827420197166668], [0.015425941726600279, -0.010273080079639285, 0.9998282373390563]]","[2.8535077944980003e-06, -1.176298701466294e-05, -0.047878995537757874]",[0.0],"[0.00504294503480196, -0.0077749621123075485, 0.9179235100746155, 0.3966492712497711]",[0.44],"[0.5111455917358398, 0.15176832675933838, -8.670836029052735]","[155.90646362304688, 155.8415069580078, 188.49472045898438, 188.4995574951172]"
3.199901342392,"[19.667234420776367, 6.911861419677734, -6.433196067810059]","[19.667234420776367, 6.911861419677734, -6.433196067810059]","[3.387417793273926, 0.9332420229911804, 7.808175563812256]","[3.387417793273926, 0.9332420229911804, 7.808175563812256]","[0.00504805613309145, -0.007771778851747513, 0.9176165461540222, 0.3973586857318878]","[[-0.6841610526443145, -0.7293242743229881, 0.0030879920066194666], [0.7291673448193977, -0.6840912172927192, -0.01827480363591888], [0.015440727327936554, -0.010251247833734822, 0.9998282331655134]]","[-0.00013607706932816654, 8.195231930585578e-05, -0.055055275559425354]",[0.0],"[0.00504805613309145, -0.007771778851747513, 0.9176165461540222, 0.3973586857318878]",[0.44],"[0.5096435546875, 0.15343129634857178, -8.739452896118165]","[152.7875213623047, 152.72708129882812, 191.02899169921875, 191.0342559814453]"
3.2318911552429,"[19.769010543823242, 6.939904689788818, -6.198641300201416]","[19.769010543823242, 6.939904689788818, -6.198641300201416]","[3.397582530975342, 0.9363448023796082, 7.828289985656738]","[3.397582530975342, 0.9363448023796082, 7.828289985656738]","[0.005051876418292522, -0.007769390009343624, 0.9172689318656921, 0.398160457611084]","[[-0.68288531357429, -0.7305189353244939, 0.0030809308092908383], [0.7303619353318029, -0.682815629642747, -0.0182761550032412], [0.015454786335207804, -0.010230325297233223, 0.999828230247074]]","[-0.00026839482598006725, 0.00017325481167063117, -0.061332620680332184]",[0.0],"[0.005051876418292522, -0.007769390009343624, 0.9172689318656921, 0.398160457611084]",[0.44],"[0.5082368850708008, 0.15513896942138672, -8.80427890777588]","[155.72445678710938, 155.66717529296875, 188.6417999267578, 188.64688110351562]"
3.2623693943024,"[19.881317138671875, 6.970861911773682, -5.939955711364746]","[19.881317138671875, 6.970861911773682, -5.939955711364746]","[3.4087331295013428, 0.9397982358932495, 7.849006175994873]","[3.4087331295013428, 0.9397982358932495, 7.849006175994873]","[0.005054585635662079, -0.007767698727548122, 0.9168451428413391, 0.399135559797287]","[[-0.6813307061905549, -0.7319695236676237, 0.0030678150183515718], [0.7318124736739821, -0.6812611295754074, -0.018278483433281312], [0.015469274138177946, -0.010208623964348074, 0.9998282280410596]]","[-0.00040729413740336895, 0.00026499753585085273, -0.06741049885749817]",[0.0],"[0.005054585635662079, -0.007767698727548122, 0.9168451428413391, 0.399135559797287]",[0.44],"[0.5575299263000488, 0.17267167568206787, -8.774190483093262]","[157.982666015625, 157.93055725097656, 186.75286865234375, 186.75794982910156]"
3.2933752536774,"[19.983734130859375, 6.999104976654053, -5.7042131423950195]","[19.983734130859375, 6.999104976654053, -5.7042131423950195]","[3.4188432693481445, 0.9429752230644226, 7.866631507873535]","[3.4188432693481445, 0.9429752230644226, 7.866631507873535]","[0.005055733025074005, -0.007766985334455967, 0.9164261817932129, 0.4000965356826782]","[[-0.6797945454745451, -0.7333964166972589, 0.0030513243746408403], [0.7332393454802162, -0.6797250142250153, -0.018281299965535958], [0.015481500074696841, -0.010190174890861492, 0.999828227004787]]","[-0.0005251987022347748, 0.00034462270559743047, -0.0722740963101387]",[0.0],"[0.005055733025074005, -0.007766985334455967, 0.9164261817932129, 0.4000965356826782]",[0.44],"[0.5055069923400879, 0.15884935855865479, -8.928733406066895]","[159.42877197265625, 159.37942504882812, 185.51858520507812, 185.52430725097656]"
3.3243715763092,"[20.08645248413086, 7.0274434089660645, -5.467957973480225]","[20.08645248413086, 7.0274434089660645, -5.467957973480225]","[3.4289302825927734, 0.9461886286735535, 7.883174419403076]","[3.4289302825927734, 0.9461886286735535, 7.883174419403076]","[0.005055680871009827, -0.007767023053020239, 0.9159786701202393, 0.4011200964450836]","[[-0.6781545015246966, -0.7349134401802873, 0.0030307736093224957], [0.734756369820792, -0.6780849680486232, -0.01828472529094749], [0.01549280975379716, -0.010172984496647386, 0.9998282268876487]]","[-0.0006343228160403669, 0.00041715969564393163, -0.07658181339502335]",[0.0],"[0.005055680871009827, -0.007767023053020239, 0.9159786701202393, 0.4011200964450836]",[0.44],"[0.5043506622314453, 0.16067028045654297, -8.98285442352295]","[161.18276977539062, 161.1383056640625, 183.99517822265625, 184.00022888183594]"
3.3563697338104,"[20.199790954589844, 7.0587263107299805, -5.207522869110107]","[20.199790954589844, 7.0587263107299805, -5.207522869110107]","[3.4400010108947754, 0.9497655630111694, 7.90019416809082]","[3.4400010108947754, 0.9497655630111694, 7.90019416809082]","[0.005054314620792866, -0.007767893373966217, 0.9154568314552307, 0.40230950713157654]","[[-0.6762431008510399, -0.7366724960800828, 0.00300381898639579], [0.7365154505718716, -0.6761735127086732, -0.018289139758384587], [0.015504208405319742, -0.010155544462468191, 0.9998282274724895]]","[-0.0007466903189197183, 0.000491520157083869, -0.08075384050607681]",[0.0],"[0.005054314620792866, -0.007767893373966217, 0.9154568314552307, 0.40230950713157654]",[0.44],"[0.5535364151000977, 0.17884671688079834, -8.959012565612793]","[162.7021942138672, 162.66159057617188, 182.6517333984375, 182.65621948242188]"
3.3862590789795,"[20.303144454956055, 7.0872697830200195, -4.970292568206787]","[20.303144454956055, 7.0872697830200195, -4.970292568206787]","[3.4500434398651123, 0.9530560374259949, 7.9146599769592285]","[3.4500434398651123, 0.9530560374259949, 7.9146599769592285]","[0.005051946733146906, -0.0077693872153759, 0.9149585366249084, 0.40344151854515076]","[[-0.6744189742409927, -0.7383430239043265, 0.002975656827461093], [0.7381860217828815, -0.674349291817177, -0.018293664437365215], [0.015513630332807227, -0.01014100419084521, 0.999828228913006]]","[-0.0008409324218519032, 0.0005523401778191328, -0.08409231901168823]",[0.0],"[0.005051946733146906, -0.0077693872153759, 0.9149585366249084, 0.40344151854515076]",[0.44],"[0.5021214485168457, 0.16452372074127197, -9.08670955657959]","[163.79364013671875, 163.75689697265625, 181.67152404785156, 181.677001953125]"
3.4172756671906,"[20.40679931640625, 7.115911960601807, -4.73264217376709]","[20.40679931640625, 7.115911960601807, -4.73264217376709]","[3.460066795349121, 0.9563833475112915, 7.928224086761475]","[3.460066795349121, 0.9563833475112915, 7.928224086761475]","[0.005048597231507301, -0.007771509699523449, 0.9144396781921387, 0.4046160578727722]","[[-0.6725206428303039, -0.7400724259498065, 0.002944320018720137], [0.7399154850603918, -0.6724508267722962, -0.018298640676598366], [0.015522230492084899, -0.010127666638198862, 0.9998282306059685]]","[-0.0009253739262931049, 0.00060841761296615, -0.08704919368028641]",[0.0],"[0.005048597231507301, -0.007771509699523449, 0.9144396781921387, 0.4046160578727722]",[0.44],"[0.5011677742004395, 0.16636550426483154, -9.131794509887696]","[164.96783447265625, 164.93414306640625, 180.60531616210938, 180.60955810546875]"
3.4492783546448,"[20.52116584777832, 7.147533893585205, -4.4707722663879395]","[20.52116584777832, 7.147533893585205, -4.4707722663879395]","[3.471071720123291, 0.9600860476493835, 7.942163944244385]","[3.471071720123291, 0.9600860476493835, 7.942163944244385]","[0.005043862387537956, -0.007774501107633114, 0.9138477444648743, 0.40595126152038574]","[[-0.6703562858620216, -0.742033716433587, 0.002906507467814956], [0.7418768623787123, -0.6702862812226451, -0.018304545201412892], [0.015530781597156151, -0.01011429600478786, 0.999828233169486]]","[-0.0010119305225089192, 0.0006641019135713577, -0.08991290628910065]",[0.0],"[0.005043862387537956, -0.007774501107633114, 0.9138477444648743, 0.40595126152038574]",[0.44],"[0.5502462387084961, 0.18513500690460205, -9.113007125854493]","[165.988037109375, 165.95779418945312, 179.66612243652344, 179.67140197753906]"
3.4802770614624,"[20.625450134277344, 7.176388740539551, -4.232323169708252]","[20.625450134277344, 7.176388740539551, -4.232323169708252]","[3.4810590744018555, 0.963490903377533, 7.954000949859619]","[3.4810590744018555, 0.963490903377533, 7.954000949859619]","[0.0050386711955070496, -0.007777784951031208, 0.9132922291755676, 0.4071994423866272]","[[-0.6683263796224441, -0.7438625523146569, 0.0028693391063286944], [0.7437057935106666, -0.6682561681597878, -0.018310269314311012], [0.015537777886580728, -0.010103292909590889, 0.9998282357076782]]","[-0.0010829312959685922, 0.0007098382920958102, -0.09220445156097412]",[0.0],"[0.0050386711955070496, -0.007777784951031208, 0.9132922291755676, 0.4071994423866272]",[0.44],"[0.49936771392822266, 0.1702427864074707, -9.218149719238282]","[166.8750457763672, 166.84890747070312, 178.84161376953125, 178.84515380859375]"
3.511278629303,"[20.740509033203125, 7.20824670791626, -3.969633102416992]","[20.740509033203125, 7.20824670791626, -3.969633102416992]","[3.4920270442962646, 0.9672785401344299, 7.966156959533691]","[3.4920270442962646, 0.9672785401344299, 7.966156959533691]","[0.0050320811569690704, -0.007781947031617165, 0.912663996219635, 0.40860557556152344]","[[-0.6660322573903936, -0.7459175137172527, 0.0028257047043553918], [0.7457608761611634, -0.6659617836727285, -0.018316878587321783], [0.015544692487728273, -0.010092332917659208, 0.9998282389192535]]","[-0.001154058612883091, 0.000755388755351305, -0.09442377835512161]",[0.0],"[0.0050320811569690704, -0.007781947031617165, 0.912663996219635, 0.40860557556152344]",[0.44],"[0.548398494720459, 0.18938183784484863, -9.202199516296387]","[167.44815063476562, 167.42269897460938, 178.3043212890625, 178.30892944335938]"
3.5425291061401,"[20.845420837402344, 7.23731803894043, -3.7304868698120117]","[20.845420837402344, 7.23731803894043, -3.7304868698120117]","[3.5019826889038086, 0.9707601070404053, 7.97646951675415]","[3.5019826889038086, 0.9707601070404053, 7.97646951675415]","[0.005025353282690048, -0.007786207366734743, 0.9120787382125854, 0.40991032123565674]","[[-0.6638964994492396, -0.747819234031367, 0.002783742236485476], [0.7476627202603665, -0.6638257577501556, -0.018323156737886204], [0.015550329288108178, -0.010083380024165645, 0.9998282415984527]]","[-0.00121186429169029, 0.0007916413014754653, -0.09619966894388199]",[0.0],"[0.005025353282690048, -0.007786207366734743, 0.9120787382125854, 0.40991032123565674]",[0.44],"[0.49778223037719727, 0.1740783452987671, -9.294372138977051]","[168.1460723876953, 168.1251220703125, 177.64471435546875, 177.6483612060547]"
3.5738015174866,"[20.950632095336914, 7.266494274139404, -3.491041421890259]","[20.950632095336914, 7.266494274139404, -3.491041421890259]","[3.511924982070923, 0.9742779731750488, 7.986121654510498]","[3.511924982070923, 0.9742779731750488, 7.986121654510498]","[0.005018006078898907, -0.007790846284478903, 0.9114813208580017, 0.41123709082603455]","[[-0.6617177911177516, -0.7497480424918626, 0.002739867695532666], [0.7495916644358014, -0.6616467573161107, -0.018329602167224457], [0.015555407539940364, -0.010075241280689484, 0.9998282446583275]]","[-0.0012632575817406178, 0.0008247796795330942, -0.09777253866195679]",[0.0],"[0.005018006078898907, -0.007790846284478903, 0.9114813208580017, 0.41123709082603455]",[0.44],"[0.4971146583557129, 0.17589330673217773, -9.327393112182618]","[168.7554931640625, 168.7362518310547, 177.06446838378906, 177.06942749023438]"
3.6049797534943,"[21.066707611083984, 7.298710823059082, -3.227328300476074]","[21.066707611083984, 7.298710823059082, -3.227328300476074]","[3.5228474140167236, 0.9781889319419861, 7.996023178100586]","[3.5228474140167236, 0.9781889319419861, 7.996023178100586]","[0.0050092702731490135, -0.007796378806233406, 0.9108113646507263, 0.4127187430858612]","[[-0.6592762509988173, -0.7518959515511161, 0.0026895772637225424], [0.751739734876747, -0.6592048695311756, -0.018336900301501757], [0.015560423909842136, -0.01006722137785604, 0.9998282473776805]]","[-0.0013164577540010214, 0.0008563435985706747, -0.09929583221673965]",[0.0],"[0.0050092702731490135, -0.007796378806233406, 0.9108113646507263, 0.4127187430858612]",[0.44],"[0.5461215972900391, 0.1955479383468628, -9.314923820495606]","[169.33169555664062, 169.31414794921875, 176.513671875, 176.5167694091797]"
3.6359758377075,"[21.172544479370117, 7.328111171722412, -2.9873151779174805]","[21.172544479370117, 7.328111171722412, -2.9873151779174805]","[3.532764434814453, 0.9817816615104675, 8.004413604736328]","[3.532764434814453, 0.9817816615104675, 8.004413604736328]","[0.00500076450407505, -0.007801739498972893, 0.9101917147636414, 0.41408342123031616]","[[-0.6570196495271754, -0.7538686277735464, 0.002642166871621665], [0.7537125691257204, -0.6569479305400061, -0.018343624654647783], [0.015564450804751218, -0.010060689956189695, 0.9998282504303299]]","[-0.001357599045149982, 0.0008849331643432379, -0.10051475465297699]",[0.0],"[0.00500076450407505, -0.007801739498972893, 0.9101917147636414, 0.41408342123031616]",[0.44],"[0.4958510398864746, 0.17963647842407227, -9.390478668212891]","[169.6699981689453, 169.6551055908203, 176.18675231933594, 176.1908416748047]"
3.6669766902924,"[21.289306640625, 7.360576152801514, -2.723020553588867]","[21.289306640625, 7.360576152801514, -2.723020553588867]","[3.543661117553711, 0.9857742190361023, 8.01301383972168]","[3.543661117553711, 0.9857742190361023, 8.01301383972168]","[0.004990871995687485, -0.007807966787368059, 0.9094995856285095, 0.41560155153274536]","[[-0.6545009212075663, -0.7560568149367598, 0.002588385801712778], [0.7559009406856304, -0.6544288101234157, -0.018351113405242925], [0.01556839824629802, -0.010054256825606733, 0.9998282537027401]]","[-0.0013999029761180282, 0.0009093309054151177, -0.1016952320933342]",[0.0],"[0.004990871995687485, -0.007807966787368059, 0.9094995856285095, 0.41560155153274536]",[0.44],"[0.5448341369628906, 0.19962787628173828, -9.379988250732422]","[170.08468627929688, 170.07110595703125, 175.78619384765625, 175.78958129882812]"
3.6976103782654,"[21.395767211914062, 7.390204906463623, -2.4825148582458496]","[21.395767211914062, 7.390204906463623, -2.4825148582458496]","[3.5535569190979004, 0.9894402027130127, 8.020295143127441]","[3.5535569190979004, 0.9894402027130127, 8.020295143127441]","[0.004981514997780323, -0.007813851349055767, 0.9088577628135681, 0.4170033037662506]","[[-0.6521669785987783, -0.7580712291290941, 0.002538173497220464], [0.7579155298583511, -0.6520944970363143, -0.018357975335792254], [0.01557178080799898, -0.010048742488450169, 0.9998282564708435]]","[-0.001433100551366806, 0.0009311711764894426, -0.1042073667049408]",[0.0],"[0.004981514997780323, -0.007813851349055767, 0.9088577628135681, 0.4170033037662506]",[0.44],"[0.49479007720947266, 0.18329918384552002, -9.445934829711915]","[164.39881896972656, 164.38525390625, 181.11474609375, 181.1179656982422]"
3.7286107540131,"[21.50252342224121, 7.4199442863464355, -2.241797685623169]","[21.50252342224121, 7.4199442863464355, -2.241797685623169]","[3.563443660736084, 0.9931409358978271, 8.027095794677734]","[3.563443660736084, 0.9931409358978271, 8.027095794677734]","[0.004971974994987249, -0.007819839753210545, 0.9081957936286926, 0.41844308376312256]","[[-0.6497614989172336, -0.7601342571888088, 0.002486737831215169], [0.7599787369979376, -0.6496886402004032, -0.018364868240023702], [0.015575369274682671, -0.0100429140428413, 0.9998282591417667]]","[-0.001469662762247026, 0.0009524095803499222, -0.10701750963926315]",[0.0],"[0.004971974994987249, -0.007819839753210545, 0.9081957936286926, 0.41844308376312256]",[0.44],"[0.4943370819091797, 0.18503665924072266, -9.469967422485352]","[165.16680908203125, 165.1533966064453, 180.41427612304688, 180.4181671142578]"
3.7606117725372,"[21.620298385620117, 7.452786445617676, -1.9767813682556152]","[21.620298385620117, 7.452786445617676, -1.9767813682556152]","[3.574310064315796, 0.9972521066665649, 8.034056663513184]","[3.574310064315796, 0.9972521066665649, 8.034056663513184]","[0.00496120098978281, -0.00782659463584423, 0.9074457287788391, 0.42006710171699524]","[[-0.6470380125251045, -0.7624538531252949, 0.002428651445597785], [0.762298535889079, -0.646964728388439, -0.018372494387987548], [0.015579431145569256, -0.010036345104733335, 0.9998282618022903]]","[-0.0015103440964594483, 0.0009785721777006984, -0.10974198579788208]",[0.0],"[0.00496120098978281, -0.00782659463584423, 0.9074457287788391, 0.42006710171699524]",[0.44],"[0.5433201789855957, 0.20555853843688965, -9.46195655822754]","[166.16172790527344, 166.14723205566406, 179.49911499023438, 179.50262451171875]"
3.7921826839447,"[21.727678298950195, 7.482760906219482, -1.7356650829315186]","[21.727678298950195, 7.482760906219482, -1.7356650829315186]","[3.5841805934906006, 1.0010261535644531, 8.039941787719727]","[3.5841805934906006, 1.0010261535644531, 8.039941787719727]","[0.004951097071170807, -0.007832908071577549, 0.906745970249176, 0.4215755760669708]","[[-0.6444992180239548, -0.7646014724848255, 0.0023744491700833925], [0.7644463465319776, -0.6444255358506554, -0.018379438858355024], [0.015583100100303116, -0.010030392458585724, 0.9998282643778681]]","[-0.001547731808386743, 0.001001540687866509, -0.11192205548286438]",[0.0],"[0.004951097071170807, -0.007832908071577549, 0.906745970249176, 0.4215755760669708]",[0.44],"[0.4935264587402344, 0.18870234489440918, -9.515743789672852]","[167.0999755859375, 167.08627319335938, 178.62533569335938, 178.62954711914062]"
3.8231847286224,"[21.84613800048828, 7.515864372253418, -1.4702407121658325]","[21.84613800048828, 7.515864372253418, -1.4702407121658325]","[3.5950305461883545, 1.0052183866500854, 8.045960426330566]","[3.5950305461883545, 1.0052183866500854, 8.045960426330566]","[0.004939616657793522, -0.007840069010853767, 0.9059582948684692, 0.42326563596725464]","[[-0.6416437974461584, -0.766999481545593, 0.0023133097773846423], [0.7668445738036559, -0.6415696637074204, -0.01838709107763925], [0.015587036961009382, -0.010024011133257571, 0.9998282670103582]]","[-0.001588079729117453, 0.001026041922159493, -0.11403334140777588]",[0.0],"[0.004939616657793522, -0.007840069010853767, 0.9059582948684692, 0.42326563596725464]",[0.44],"[0.5424976348876953, 0.2096116542816162, -9.509068069458008]","[167.84420776367188, 167.8308868408203, 177.92613220214844, 177.93019104003906]"
3.8541829586029,"[21.954137802124023, 7.546079158782959, -1.2287797927856445]","[21.954137802124023, 7.546079158782959, -1.2287797927856445]","[3.604888677597046, 1.009066104888916, 8.051041603088379]","[3.604888677597046, 1.009066104888916, 8.051041603088379]","[0.004928830079734325, -0.007846777327358723, 0.9052274227142334, 0.4248264729976654]","[[-0.6389965174965571, -0.7692064973691491, 0.0022563868273888787], [0.769051795640669, -0.6389219603996166, -0.018394031030871505], [0.015590461772908293, -0.010018441035758163, 0.9998282694392399]]","[-0.0016230528708547354, 0.0010484763188287616, -0.11572273075580597]",[0.0],"[0.004928830079734325, -0.007846777327358723, 0.9052274227142334, 0.4248264729976654]",[0.44],"[0.4929065704345703, 0.19238591194152832, -9.555941162109375]","[168.49252319335938, 168.47987365722656, 177.3118896484375, 177.3162384033203]"
3.8860065937042,"[22.062435150146484, 7.576409816741943, -0.9871714115142822]","[22.062435150146484, 7.576409816741943, -0.9871714115142822]","[3.6147420406341553, 1.0129491090774536, 8.05577278137207]","[3.6147420406341553, 1.0129491090774536, 8.05577278137207]","[0.0049177007749676704, -0.007853677496314049, 0.9044836759567261, 0.4264076054096222]","[[-0.636304800644816, -0.7714346808654204, 0.0021982245186705773], [0.7712801927217805, -0.6362298077062079, -0.01840093620643951], [0.01559369577812142, -0.01001315616013948, 0.9998282719377436]]","[-0.0016570664010941982, 0.0010692786891013384, -0.11721894890069962]",[0.0],"[0.0049177007749676704, -0.007853677496314049, 0.9044836759567261, 0.4264076054096222]",[0.44],"[0.49266815185546875, 0.19415020942687988, -9.57344108581543]","[168.91128540039062, 168.89886474609375, 176.91290283203125, 176.9172821044922]"
3.9170074462891,"[22.181901931762695, 7.6099090576171875, -0.7212445139884949]","[22.181901931762695, 7.6099090576171875, -0.7212445139884949]","[3.6255764961242676, 1.0172605514526367, 8.060602188110352]","[3.6255764961242676, 1.0172605514526367, 8.060602188110352]","[0.004905074834823608, -0.007861482910811901, 0.903652012348175, 0.42816731333732605]","[[-0.6332975246689265, -0.773905630961953, 0.0021329014568742255], [0.7737513863139922, -0.6332220383600831, -0.018408475132281832], [0.015597021523952759, -0.01000770427730202, 0.9998282746546155]]","[-0.0016904340591281652, 0.0010908761760219932, -0.11866794526576996]",[0.0],"[0.004905074834823608, -0.007861482910811901, 0.903652012348175, 0.42816731333732605]",[0.44],"[0.5417227745056152, 0.21557211875915527, -9.568529663085938]","[169.42225646972656, 169.41180419921875, 176.42333984375, 176.42645263671875]"
3.9478869438171,"[22.29081916809082, 7.640486240386963, -0.4793594479560852]","[22.29081916809082, 7.640486240386963, -0.4793594479560852]","[3.635422468185425, 1.0212163925170898, 8.064671516418457]","[3.635422468185425, 1.0212163925170898, 8.064671516418457]","[0.004893271252512932, -0.007868741638958454, 0.9028845429420471, 0.42978328466415405]","[[-0.6305248299573001, -0.7761663768507636, 0.002072410701102867], [0.7760123613017422, -0.63044888397444, -0.01841522277975549], [0.01559982521216352, -0.010003038013124743, 0.9998282776029374]]","[-0.001720272353850305, 0.0011085099540650845, -0.11982737481594086]",[0.0],"[0.004893271252512932, -0.007868741638958454, 0.9028845429420471, 0.42978328466415405]",[0.44],"[0.49229860305786133, 0.19779205322265625, -9.606533584594727]","[169.86923217773438, 169.8582000732422, 175.9927215576172, 175.99700927734375]"
3.9786009788513,"[22.40003204345703, 7.671182632446289, -0.23735663294792175]","[22.40003204345703, 7.671182632446289, -0.23735663294792175]","[3.645266532897949, 1.0252065658569336, 8.068452835083008]","[3.645266532897949, 1.0252065658569336, 8.068452835083008]","[0.0048811486922204494, -0.007876193150877953, 0.9021071791648865, 0.43141263723373413]","[[-0.627718794238757, -0.7784377642018129, 0.0020108600384816655], [0.7782839847222206, -0.6276423766267683, -0.01842191923187425], [0.015602417072811792, -0.009998762311710985, 0.999828279937789]]","[-0.0017499467357993126, 0.001125804497860372, -0.1208542212843895]",[0.0],"[0.0048811486922204494, -0.007876193150877953, 0.9021071791648865, 0.43141263723373413]",[0.44],"[0.4922032356262207, 0.1995086669921875, -9.620934066772461]","[170.19158935546875, 170.1815643310547, 175.6804656982422, 175.68487548828125]"
4.0106179714203,"[22.5205078125, 7.705088138580322, 0.02897239662706852]","[22.5205078125, 7.705088138580322, 0.02897239662706852]","[3.656092643737793, 1.0296354293823242, 8.072301864624023]","[3.656092643737793, 1.0296354293823242, 8.072301864624023]","[0.004867480602115393, -0.007884574122726917, 0.9012414216995239, 0.4332183301448822]","[[-0.6245965333921517, -0.7809453635553314, 0.0019420662051880533], [0.780791851508938, -0.6245195851087821, -0.01842917322064544], [0.015605034346593272, -0.009994445946801295, 0.9998282822469825]]","[-0.0017762602074071765, 0.0011429915903136134, -0.12184866517782211]",[0.0],"[0.004867480602115393, -0.007884574122726917, 0.9012414216995239, 0.4332183301448822]",[0.44],"[0.5413055419921875, 0.22144317626953125, -9.61754852294922]","[170.5401611328125, 170.53076171875, 175.34262084960938, 175.34544372558594]"
4.0413851737976,"[22.630340576171875, 7.736038684844971, 0.27119573950767517]","[22.630340576171875, 7.736038684844971, 0.27119573950767517]","[3.6659345626831055, 1.0336970090866089, 8.075535774230957]","[3.6659345626831055, 1.0336970090866089, 8.075535774230957]","[0.00485475966706872, -0.007892332971096039, 0.9004454016685486, 0.4348704516887665]","[[-0.6217284206115208, -0.7832308278489233, 0.0018786072287985678], [0.7830775663297747, -0.6216509801549175, -0.018435612923038164], [0.015607176844873283, -0.009990846806003845, 0.9998282847776967]]","[-0.0018001768039539456, 0.0011561444262042642, -0.12264437228441238]",[0.0],"[0.00485475966706872, -0.007892332971096039, 0.9004454016685486, 0.4348704516887665]",[0.44],"[0.492095947265625, 0.2030789852142334, -9.64830451965332]","[170.84414672851562, 170.83615112304688, 175.04510498046875, 175.04928588867188]"
4.0723865032196,"[22.751497268676758, 7.770225524902344, 0.5377490520477295]","[22.751497268676758, 7.770225524902344, 0.5377490520477295]","[3.676760673522949, 1.0382037162780762, 8.078819274902344]","[3.676760673522949, 1.0382037162780762, 8.078819274902344]","[0.004840485751628876, -0.007901023142039776, 0.8995606303215027, 0.43669769167900085]","[[-0.6185435075822205, -0.7857485911532992, 0.001807903691532775], [0.7855956119935298, -0.6184655158534618, -0.018442556624359008], [0.015609337963657322, -0.009987240806993314, 0.9998282870619944]]","[-0.0018227531109005213, 0.001170452102087438, -0.12341494858264923]",[0.0],"[0.004840485751628876, -0.007901023142039776, 0.8995606303215027, 0.43669769167900085]",[0.44],"[0.5413055419921875, 0.22533535957336426, -9.645824966430665]","[171.10952758789062, 171.10301208496094, 174.7850341796875, 174.7891082763672]"
4.1043853759766,"[22.789445877075195, 7.780943393707275, 0.6210899353027344]","[22.789445877075195, 7.780943393707275, 0.6210899353027344]","[0.0, 0.0, 0.0]","[0.0, 0.0, 0.0]","[0.0, 0.0, 0.8990485072135925, 0.4378490149974823]","[[-0.6165764366459783, -0.7872950066368567, 0.0], [0.7872950066368567, -0.6165764366459783, 0.0], [0.0, 0.0, 1.0]]","[0.0, 0.0, 0.0]",[0.0],"[0.0, 0.0, 0.8990485072135925, 0.4378490149974823]",[0.44],"[-183.83803367614746, -51.91018581390381, -413.7509637451172]","[146.4909210205078, 157.19676208496094, 169.14854431152344, 211.8350830078125]"
4.1359360218048,"[22.789445877075195, 7.780943393707275, 0.6210899353027344]","[22.789445877075195, 7.780943393707275, 0.6210899353027344]","[0.0, 0.0, 0.0]","[0.0, 0.0, 0.0]","[0.0, 0.0, 0.8990485072135925, 0.4378490149974823]","[[-0.6165764366459783, -0.7872950066368567, 0.0], [0.7872950066368567, -0.6165764366459783, 0.0], [0.0, 0.0, 1.0]]","[0.0, 0.0, 0.0]",[0.0],"[0.0, 0.0, 0.8990485072135925, 0.4378490149974823]",[0.44],"[0.0, 0.0, -9.81]","[109.26873016357422, 138.25909423828125, 162.35894775390625, 249.47962951660156]"
4.1659381389618,"[22.789445877075195, 7.780943393707275, 0.6210899353027344]","[22.789445877075195, 7.780943393707275, 0.6210899353027344]","[0.0, 0.0, 0.0]","[0.0, 0.0, 0.0]","[0.0, 0.0, 0.8990485072135925, 0.4378490149974823]","[[-0.6165764366459783, -0.7872950066368567, 0.0], [0.7872950066368567, -0.6165764366459783, 0.0], [0.0, 0.0, 1.0]]","[0.0, 0.0, 0.0]",[0.0],"[0.0, 0.0, 0.8990485072135925, 0.4378490149974823]",[0.44],"[0.0, 0.0, -9.81]","[106.69441223144531, 136.35305786132812, 163.7644500732422, 250.7211456298828]"
4.1979384422302,"[22.789445877075195, 7.780943393707275, 0.6210899353027344]","[22.789445877075195, 7.780943393707275, 0.6210899353027344]","[0.0, 0.0, 0.0]","[0.0, 0.0, 0.0]","[0.0, 0.0, 0.8990485072135925, 0.4378490149974823]","[[-0.6165764366459783, -0.7872950066368567, 0.0], [0.7872950066368567, -0.6165764366459783, 0.0], [0.0, 0.0, 1.0]]","[0.0, 0.0, 0.0]",[0.0],"[0.0, 0.0, 0.8990485072135925, 0.4378490149974823]",[0.44],"[0.0, 0.0, -9.81]","[102.39022827148438, 133.01219177246094, 166.4892120361328, 252.5095672607422]"
4.2285389900208,"[22.789445877075195, 7.780943393707275, 0.6210899353027344]","[22.789445877075195, 7.780943393707275, 0.6210899353027344]","[0.0, 0.0, 0.0]","[0.0, 0.0, 0.0]","[0.0, 0.0, 0.8990485072135925, 0.4378490149974823]","[[-0.6165764366459783, -0.7872950066368567, 0.0], [0.7872950066368567, -0.6165764366459783, 0.0], [0.0, 0.0, 1.0]]","[0.0, 0.0, 0.0]",[0.0],"[0.0, 0.0, 0.8990485072135925, 0.4378490149974823]",[0.44],"[0.0, 0.0, -9.81]","[102.2314682006836, 132.8900146484375, 166.58676147460938, 252.57386779785156]"
4.2591621875763,"[22.789445877075195, 7.780943393707275, 0.6210899353027344]","[22.789445877075195, 7.780943393707275, 0.6210899353027344]","[0.0, 0.0, 0.0]","[0.0, 0.0, 0.0]","[0.0, 0.0, 0.8990485072135925, 0.4378490149974823]","[[-0.6165764366459783, -0.7872950066368567, 0.0], [0.7872950066368567, -0.6165764366459783, 0.0], [0.0, 0.0, 1.0]]","[0.0, 0.0, 0.0]",[0.0],"[0.0, 0.0, 0.8990485072135925, 0.4378490149974823]",[0.44],"[0.0, 0.0, -9.81]","[102.23014831542969, 132.88900756835938, 166.5875701904297, 252.57440185546875]"
4.2911531925201,"[22.789445877075195, 7.780943393707275, 0.6210899353027344]","[22.789445877075195, 7.780943393707275, 0.6210899353027344]","[0.0, 0.0, 0.0]","[0.0, 0.0, 0.0]","[0.0, 0.0, 0.8990485072135925, 0.4378490149974823]","[[-0.6165764366459783, -0.7872950066368567, 0.0], [0.7872950066368567, -0.6165764366459783, 0.0], [0.0, 0.0, 1.0]]","[0.0, 0.0, 0.0]",[0.0],"[0.0, 0.0, 0.8990485072135925, 0.4378490149974823]",[0.44],"[0.0, 0.0, -9.81]","[89.4369888305664, 123.31851959228516, 173.7913818359375, 257.3827209472656]"
4.322160243988,"[22.789445877075195, 7.780943393707275, 0.6210899353027344]","[22.789445877075195, 7.780943393707275, 0.6210899353027344]","[0.0, 0.0, 0.0]","[0.0, 0.0, 0.0]","[0.0, 0.0, 0.8990485072135925, 0.4378490149974823]","[[-0.6165764366459783, -0.7872950066368567, 0.0], [0.7872950066368567, -0.6165764366459783, 0.0], [0.0, 0.0, 1.0]]","[0.0, 0.0, 0.0]",[0.0],"[0.0, 0.0, 0.8990485072135925, 0.4378490149974823]",[0.44],"[0.0, 0.0, -9.81]","[89.35393524169922, 123.25830841064453, 173.83409118652344, 257.41156005859375]"
4.3531513214111,"[22.789445877075195, 7.780943393707275, 0.6210899353027344]","[22.789445877075195, 7.780943393707275, 0.6210899353027344]","[0.0, 0.0, 0.0]","[0.0, 0.0, 0.0]","[0.0, 0.0, 0.8990485072135925, 0.4378490149974823]","[[-0.6165764366459783, -0.7872950066368567, 0.0], [0.7872950066368567, -0.6165764366459783, 0.0], [0.0, 0.0, 1.0]]","[0.0, 0.0, 0.0]",[0.0],"[0.0, 0.0, 0.8990485072135925, 0.4378490149974823]",[0.44],"[0.0, 0.0, -9.81]","[89.35382080078125, 123.25823211669922, 173.8341522216797, 257.4115905761719]"
4.3841528892517,"[22.789445877075195, 7.780943393707275, 0.6210899353027344]","[22.789445877075195, 7.780943393707275, 0.6210899353027344]","[0.0, 0.0, 0.0]","[0.0, 0.0, 0.0]","[0.0, 0.0, 0.8990485072135925, 0.4378490149974823]","[[-0.6165764366459783, -0.7872950066368567, 0.0], [0.7872950066368567, -0.6165764366459783, 0.0], [0.0, 0.0, 1.0]]","[0.0, 0.0, 0.0]",[0.0],"[0.0, 0.0, 0.8990485072135925, 0.4378490149974823]",[0.44],"[0.0, 0.0, -9.81]","[89.35382080078125, 123.25823211669922, 173.8341522216797, 257.4115905761719]"
4.4151530265808,"[22.789445877075195, 7.780943393707275, 0.6210899353027344]","[22.789445877075195, 7.780943393707275, 0.6210899353027344]","[0.0, 0.0, 0.0]","[0.0, 0.0, 0.0]","[0.0, 0.0, 0.8990485072135925, 0.4378490149974823]","[[-0.6165764366459783, -0.7872950066368567, 0.0], [0.7872950066368567, -0.6165764366459783, 0.0], [0.0, 0.0, 1.0]]","[0.0, 0.0, 0.0]",[0.0],"[0.0, 0.0, 0.8990485072135925, 0.4378490149974823]",[0.44],"[0.0, 0.0, -9.81]","[89.35382080078125, 123.25823211669922, 173.8341522216797, 257.4115905761719]"
4.447154045105,"[22.789445877075195, 7.780943393707275, 0.6210899353027344]","[22.789445877075195, 7.780943393707275, 0.6210899353027344]","[0.0, 0.0, 0.0]","[0.0, 0.0, 0.0]","[0.0, 0.0, 0.8990485072135925, 0.4378490149974823]","[[-0.6165764366459783, -0.7872950066368567, 0.0], [0.7872950066368567, -0.6165764366459783, 0.0], [0.0, 0.0, 1.0]]","[0.0, 0.0, 0.0]",[0.0],"[0.0, 0.0, 0.8990485072135925, 0.4378490149974823]",[0.44],"[0.0, 0.0, -9.81]","[89.35382080078125, 123.25823211669922, 173.8341522216797, 257.4115905761719]"
4.4781515598297,"[22.789445877075195, 7.780943393707275, 0.6210899353027344]","[22.789445877075195, 7.780943393707275, 0.6210899353027344]","[0.0, 0.0, 0.0]","[0.0, 0.0, 0.0]","[0.0, 0.0, 0.8990485072135925, 0.4378490149974823]","[[-0.6165764366459783, -0.7872950066368567, 0.0], [0.7872950066368567, -0.6165764366459783, 0.0], [0.0, 0.0, 1.0]]","[0.0, 0.0, 0.0]",[0.0],"[0.0, 0.0, 0.8990485072135925, 0.4378490149974823]",[0.44],"[0.0, 0.0, -9.81]","[89.35382080078125, 123.25823211669922, 173.8341522216797, 257.4115905761719]"
4.509152173996,"[22.789445877075195, 7.780943393707275, 0.6210899353027344]","[22.789445877075195, 7.780943393707275, 0.6210899353027344]","[0.0, 0.0, 0.0]","[0.0, 0.0, 0.0]","[0.0, 0.0, 0.8990485072135925, 0.4378490149974823]","[[-0.6165764366459783, -0.7872950066368567, 0.0], [0.7872950066368567, -0.6165764366459783, 0.0], [0.0, 0.0, 1.0]]","[0.0, 0.0, 0.0]",[0.0],"[0.0, 0.0, 0.8990485072135925, 0.4378490149974823]",[0.44],"[0.0, 0.0, -9.81]","[89.35382080078125, 123.25823211669922, 173.8341522216797, 257.4115905761719]"
4.5401546955109,"[22.789445877075195, 7.780943393707275, 0.6210899353027344]","[22.789445877075195, 7.780943393707275, 0.6210899353027344]","[0.0, 0.0, 0.0]","[0.0, 0.0, 0.0]","[0.0, 0.0, 0.8990485072135925, 0.4378490149974823]","[[-0.6165764366459783, -0.7872950066368567, 0.0], [0.7872950066368567, -0.6165764366459783, 0.0], [0.0, 0.0, 1.0]]","[0.0, 0.0, 0.0]",[0.0],"[0.0, 0.0, 0.8990485072135925, 0.4378490149974823]",[0.44],"[0.0, 0.0, -9.81]","[89.35382080078125, 123.25823211669922, 173.8341522216797, 257.4115905761719]"
4.5711531639099,"[22.789445877075195, 7.780943393707275, 0.6210899353027344]","[22.789445877075195, 7.780943393707275, 0.6210899353027344]","[0.0, 0.0, 0.0]","[0.0, 0.0, 0.0]","[0.0, 0.0, 0.8990485072135925, 0.4378490149974823]","[[-0.6165764366459783, -0.7872950066368567, 0.0], [0.7872950066368567, -0.6165764366459783, 0.0], [0.0, 0.0, 1.0]]","[0.0, 0.0, 0.0]",[0.0],"[0.0, 0.0, 0.8990485072135925, 0.4378490149974823]",[0.44],"[0.0, 0.0, -9.81]","[97.84777069091797, 129.54794311523438, 169.19879150390625, 254.3042449951172]"
4.6012983322144,"[22.789445877075195, 7.780943393707275, 0.6210899353027344]","[22.789445877075195, 7.780943393707275, 0.6210899353027344]","[0.0, 0.0, 0.0]","[0.0, 0.0, 0.0]","[0.0, 0.0, 0.8990485072135925, 0.4378490149974823]","[[-0.6165764366459783, -0.7872950066368567, 0.0], [0.7872950066368567, -0.6165764366459783, 0.0], [0.0, 0.0, 1.0]]","[0.0, 0.0, 0.0]",[0.0],"[0.0, 0.0, 0.8990485072135925, 0.4378490149974823]",[0.44],"[0.0, 0.0, -9.81]","[176.6369171142578, 195.9823455810547, 189.9681854248047, 268.5708923339844]"
4.6322999000549,"[22.789445877075195, 7.780943393707275, 0.6210899353027344]","[22.789445877075195, 7.780943393707275, 0.6210899353027344]","[0.0, 0.0, 0.0]","[0.0, 0.0, 0.0]","[0.0, 0.0, 0.8990485072135925, 0.4378490149974823]","[[-0.6165764366459783, -0.7872950066368567, 0.0], [0.7872950066368567, -0.6165764366459783, 0.0], [0.0, 0.0, 1.0]]","[0.0, 0.0, 0.0]",[0.0],"[0.0, 0.0, 0.8990485072135925, 0.4378490149974823]",[0.44],"[0.0, 0.0, -9.81]","[309.2284851074219, 320.67230224609375, 296.83380126953125, 352.3531494140625]"
4.6643004417419,"[22.789445877075195, 7.780943393707275, 0.6210899353027344]","[22.789445877075195, 7.780943393707275, 0.6210899353027344]","[0.0, 0.0, 0.0]","[0.0, 0.0, 0.0]","[0.0, 0.0, 0.8990485072135925, 0.4378490149974823]","[[-0.6165764366459783, -0.7872950066368567, 0.0], [0.7872950066368567, -0.6165764366459783, 0.0], [0.0, 0.0, 1.0]]","[0.0, 0.0, 0.0]",[0.0],"[0.0, 0.0, 0.8990485072135925, 0.4378490149974823]",[0.44],"[0.0, 0.0, -9.81]","[455.19915771484375, 463.0494384765625, 460.32574462890625, 497.9380187988281]"
4.695298910141,"[22.789445877075195, 7.780943393707275, 0.6210899353027344]","[22.789445877075195, 7.780943393707275, 0.6210899353027344]","[0.0, 0.0, 0.0]","[0.0, 0.0, 0.0]","[0.0, 0.0, 0.8990485072135925, 0.4378490149974823]","[[-0.6165764366459783, -0.7872950066368567, 0.0], [0.7872950066368567, -0.6165764366459783, 0.0], [0.0, 0.0, 1.0]]","[0.0, 0.0, 0.0]",[0.0],"[0.0, 0.0, 0.8990485072135925, 0.4378490149974823]",[0.44],"[0.0, 0.0, -9.81]","[455.6805725097656, 463.522705078125, 460.7150573730469, 498.29791259765625]"
4.7263023853302,"[22.789445877075195, 7.780943393707275, 0.6210899353027344]","[22.789445877075195, 7.780943393707275, 0.6210899353027344]","[0.0, 0.0, 0.0]","[0.0, 0.0, 0.0]","[0.0, 0.0, 0.8990485072135925, 0.4378490149974823]","[[-0.6165764366459783, -0.7872950066368567, 0.0], [0.7872950066368567, -0.6165764366459783, 0.0], [0.0, 0.0, 1.0]]","[0.0, 0.0, 0.0]",[0.0],"[0.0, 0.0, 0.8990485072135925, 0.4378490149974823]",[0.44],"[0.0, 0.0, -9.81]","[455.6805725097656, 463.522705078125, 460.7150573730469, 498.29791259765625]"
4.7573001384735,"[22.789445877075195, 7.780943393707275, 0.6210899353027344]","[22.789445877075195, 7.780943393707275, 0.6210899353027344]","[0.0, 0.0, 0.0]","[0.0, 0.0, 0.0]","[0.0, 0.0, 0.8990485072135925, 0.4378490149974823]","[[-0.6165764366459783, -0.7872950066368567, 0.0], [0.7872950066368567, -0.6165764366459783, 0.0], [0.0, 0.0, 1.0]]","[0.0, 0.0, 0.0]",[0.0],"[0.0, 0.0, 0.8990485072135925, 0.4378490149974823]",[0.44],"[0.0, 0.0, -9.81]","[455.6805725097656, 463.522705078125, 460.7150573730469, 498.29791259765625]"
4.787326335907,"[22.789445877075195, 7.780943393707275, 0.6210899353027344]","[22.789445877075195, 7.780943393707275, 0.6210899353027344]","[0.0, 0.0, 0.0]","[0.0, 0.0, 0.0]","[0.0, 0.0, 0.8990485072135925, 0.4378490149974823]","[[-0.6165764366459783, -0.7872950066368567, 0.0], [0.7872950066368567, -0.6165764366459783, 0.0], [0.0, 0.0, 1.0]]","[0.0, 0.0, 0.0]",[0.0],"[0.0, 0.0, 0.8990485072135925, 0.4378490149974823]",[0.44],"[0.0, 0.0, -9.81]","[455.6805725097656, 463.522705078125, 460.7150573730469, 498.29791259765625]"
4.8173832893372,"[22.789445877075195, 7.780943393707275, 0.6210899353027344]","[22.789445877075195, 7.780943393707275, 0.6210899353027344]","[0.0, 0.0, 0.0]","[0.0, 0.0, 0.0]","[0.0, 0.0, 0.8990485072135925, 0.4378490149974823]","[[-0.6165764366459783, -0.7872950066368567, 0.0], [0.7872950066368567, -0.6165764366459783, 0.0], [0.0, 0.0, 1.0]]","[0.0, 0.0, 0.0]",[0.0],"[0.0, 0.0, 0.8990485072135925, 0.4378490149974823]",[0.44],"[0.0, 0.0, -9.81]","[455.6805725097656, 463.522705078125, 460.7150573730469, 498.29791259765625]"
4.8484880924225,"[22.789445877075195, 7.780943393707275, 0.6210899353027344]","[22.789445877075195, 7.780943393707275, 0.6210899353027344]","[0.0, 0.0, 0.0]","[0.0, 0.0, 0.0]","[0.0, 0.0, 0.8990485072135925, 0.4378490149974823]","[[-0.6165764366459783, -0.7872950066368567, 0.0], [0.7872950066368567, -0.6165764366459783, 0.0], [0.0, 0.0, 1.0]]","[0.0, 0.0, 0.0]",[0.0],"[0.0, 0.0, 0.8990485072135925, 0.4378490149974823]",[0.44],"[0.0, 0.0, -9.81]","[455.6805725097656, 463.522705078125, 460.7150573730469, 498.29791259765625]"
4.8791215419769,"[22.789445877075195, 7.780943393707275, 0.6210899353027344]","[22.789445877075195, 7.780943393707275, 0.6210899353027344]","[0.0, 0.0, 0.0]","[0.0, 0.0, 0.0]","[0.0, 0.0, 0.8990485072135925, 0.4378490149974823]","[[-0.6165764366459783, -0.7872950066368567, 0.0], [0.7872950066368567, -0.6165764366459783, 0.0], [0.0, 0.0, 1.0]]","[0.0, 0.0, 0.0]",[0.0],"[0.0, 0.0, 0.8990485072135925, 0.4378490149974823]",[0.44],"[0.0, 0.0, -9.81]","[455.6805725097656, 463.522705078125, 460.7150573730469, 498.29791259765625]"
4.9100301265717,"[22.789445877075195, 7.780943393707275, 0.6210899353027344]","[22.789445877075195, 7.780943393707275, 0.6210899353027344]","[0.0, 0.0, 0.0]","[0.0, 0.0, 0.0]","[0.0, 0.0, 0.8990485072135925, 0.4378490149974823]","[[-0.6165764366459783, -0.7872950066368567, 0.0], [0.7872950066368567, -0.6165764366459783, 0.0], [0.0, 0.0, 1.0]]","[0.0, 0.0, 0.0]",[0.0],"[0.0, 0.0, 0.8990485072135925, 0.4378490149974823]",[0.44],"[0.0, 0.0, -9.81]","[455.6805725097656, 463.522705078125, 460.7150573730469, 498.29791259765625]"
4.9410700798035,"[22.789445877075195, 7.780943393707275, 0.6210899353027344]","[22.789445877075195, 7.780943393707275, 0.6210899353027344]","[0.0, 0.0, 0.0]","[0.0, 0.0, 0.0]","[0.0, 0.0, 0.8990485072135925, 0.4378490149974823]","[[-0.6165764366459783, -0.7872950066368567, 0.0], [0.7872950066368567, -0.6165764366459783, 0.0], [0.0, 0.0, 1.0]]","[0.0, 0.0, 0.0]",[0.0],"[0.0, 0.0, 0.8990485072135925, 0.4378490149974823]",[0.44],"[0.0, 0.0, -9.81]","[455.6805725097656, 463.522705078125, 460.7150573730469, 498.29791259765625]"
4.9720320701599,"[22.789445877075195, 7.780943393707275, 0.6210899353027344]","[22.789445877075195, 7.780943393707275, 0.6210899353027344]","[0.0, 0.0, 0.0]","[0.0, 0.0, 0.0]","[0.0, 0.0, 0.8990485072135925, 0.4378490149974823]","[[-0.6165764366459783, -0.7872950066368567, 0.0], [0.7872950066368567, -0.6165764366459783, 0.0], [0.0, 0.0, 1.0]]","[0.0, 0.0, 0.0]",[0.0],"[0.0, 0.0, 0.8990485072135925, 0.4378490149974823]",[0.44],"[0.0, 0.0, -9.81]","[455.6805725097656, 463.522705078125, 460.7150573730469, 498.29791259765625]"
5.0036852359772,"[22.789445877075195, 7.780943393707275, 0.6210899353027344]","[22.789445877075195, 7.780943393707275, 0.6210899353027344]","[0.0, 0.0, 0.0]","[0.0, 0.0, 0.0]","[0.0, 0.0, 0.8990485072135925, 0.4378490149974823]","[[-0.6165764366459783, -0.7872950066368567, 0.0], [0.7872950066368567, -0.6165764366459783, 0.0], [0.0, 0.0, 1.0]]","[0.0, 0.0, 0.0]",[0.0],"[0.0, 0.0, 0.8990485072135925, 0.4378490149974823]",[0.44],"[0.0, 0.0, -9.81]","[455.6805725097656, 463.522705078125, 460.7150573730469, 498.29791259765625]"
5.0348935127258,"[22.789445877075195, 7.780943393707275, 0.6210899353027344]","[22.789445877075195, 7.780943393707275, 0.6210899353027344]","[0.0, 0.0, 0.0]","[0.0, 0.0, 0.0]","[0.0, 0.0, 0.8990485072135925, 0.4378490149974823]","[[-0.6165764366459783, -0.7872950066368567, 0.0], [0.7872950066368567, -0.6165764366459783, 0.0], [0.0, 0.0, 1.0]]","[0.0, 0.0, 0.0]",[0.0],"[0.0, 0.0, 0.8990485072135925, 0.4378490149974823]",[0.44],"[0.0, 0.0, -9.81]","[456.4539489746094, 464.2829895019531, 459.95001220703125, 497.5906677246094]"
5.0659284591675,"[22.789445877075195, 7.780943393707275, 0.6210899353027344]","[22.789445877075195, 7.780943393707275, 0.6210899353027344]","[0.0, 0.0, 0.0]","[0.0, 0.0, 0.0]","[0.0, 0.0, 0.8990485072135925, 0.4378490149974823]","[[-0.6165764366459783, -0.7872950066368567, 0.0], [0.7872950066368567, -0.6165764366459783, 0.0], [0.0, 0.0, 1.0]]","[0.0, 0.0, 0.0]",[0.0],"[0.0, 0.0, 0.8990485072135925, 0.4378490149974823]",[0.44],"[0.0, 0.0, -9.81]","[456.4539489746094, 464.2829895019531, 459.95001220703125, 497.5906677246094]"
5.096893787384,"[22.789445877075195, 7.780943393707275, 0.6210899353027344]","[22.789445877075195, 7.780943393707275, 0.6210899353027344]","[0.0, 0.0, 0.0]","[0.0, 0.0, 0.0]","[0.0, 0.0, 0.8990485072135925, 0.4378490149974823]","[[-0.6165764366459783, -0.7872950066368567, 0.0], [0.7872950066368567, -0.6165764366459783, 0.0], [0.0, 0.0, 1.0]]","[0.0, 0.0, 0.0]",[0.0],"[0.0, 0.0, 0.8990485072135925, 0.4378490149974823]",[0.44],"[0.0, 0.0, -9.81]","[456.4539489746094, 464.2829895019531, 459.95001220703125, 497.5906677246094]"
5.1278946399689,"[22.789445877075195, 7.780943393707275, 0.6210899353027344]","[22.789445877075195, 7.780943393707275, 0.6210899353027344]","[0.0, 0.0, 0.0]","[0.0, 0.0, 0.0]","[0.0, 0.0, 0.8990485072135925, 0.4378490149974823]","[[-0.6165764366459783, -0.7872950066368567, 0.0], [0.7872950066368567, -0.6165764366459783, 0.0], [0.0, 0.0, 1.0]]","[0.0, 0.0, 0.0]",[0.0],"[0.0, 0.0, 0.8990485072135925, 0.4378490149974823]",[0.44],"[0.0, 0.0, -9.81]","[456.4539489746094, 464.2829895019531, 459.95001220703125, 497.5906677246094]"
5.1588666439056,"[22.789445877075195, 7.780943393707275, 0.6210899353027344]","[22.789445877075195, 7.780943393707275, 0.6210899353027344]","[0.0, 0.0, 0.0]","[0.0, 0.0, 0.0]","[0.0, 0.0, 0.8990485072135925, 0.4378490149974823]","[[-0.6165764366459783, -0.7872950066368567, 0.0], [0.7872950066368567, -0.6165764366459783, 0.0], [0.0, 0.0, 1.0]]","[0.0, 0.0, 0.0]",[0.0],"[0.0, 0.0, 0.8990485072135925, 0.4378490149974823]",[0.44],"[0.0, 0.0, -9.81]","[456.4539489746094, 464.2829895019531, 459.95001220703125, 497.5906677246094]"
5.1908922195435,"[22.789445877075195, 7.780943393707275, 0.6210899353027344]","[22.789445877075195, 7.780943393707275, 0.6210899353027344]","[0.0, 0.0, 0.0]","[0.0, 0.0, 0.0]","[0.0, 0.0, 0.8990485072135925, 0.4378490149974823]","[[-0.6165764366459783, -0.7872950066368567, 0.0], [0.7872950066368567, -0.6165764366459783, 0.0], [0.0, 0.0, 1.0]]","[0.0, 0.0, 0.0]",[0.0],"[0.0, 0.0, 0.8990485072135925, 0.4378490149974823]",[0.44],"[0.0, 0.0, -9.81]","[456.4539489746094, 464.2829895019531, 459.95001220703125, 497.5906677246094]"
5.2222292423248,"[22.789445877075195, 7.780943393707275, 0.6210899353027344]","[22.789445877075195, 7.780943393707275, 0.6210899353027344]","[0.0, 0.0, 0.0]","[0.0, 0.0, 0.0]","[0.0, 0.0, 0.8990485072135925, 0.4378490149974823]","[[-0.6165764366459783, -0.7872950066368567, 0.0], [0.7872950066368567, -0.6165764366459783, 0.0], [0.0, 0.0, 1.0]]","[0.0, 0.0, 0.0]",[0.0],"[0.0, 0.0, 0.8990485072135925, 0.4378490149974823]",[0.44],"[0.0, 0.0, -9.81]","[456.4539489746094, 464.2829895019531, 459.95001220703125, 497.5906677246094]"
5.2531979084015,"[22.789445877075195, 7.780943393707275, 0.6210899353027344]","[22.789445877075195, 7.780943393707275, 0.6210899353027344]","[0.0, 0.0, 0.0]","[0.0, 0.0, 0.0]","[0.0, 0.0, 0.8990485072135925, 0.4378490149974823]","[[-0.6165764366459783, -0.7872950066368567, 0.0], [0.7872950066368567, -0.6165764366459783, 0.0], [0.0, 0.0, 1.0]]","[0.0, 0.0, 0.0]",[0.0],"[0.0, 0.0, 0.8990485072135925, 0.4378490149974823]",[0.44],"[0.0, 0.0, -9.81]","[456.4539489746094, 464.2829895019531, 459.95001220703125, 497.5906677246094]"
5.2841980457306,"[22.789445877075195, 7.780943393707275, 0.6210899353027344]","[22.789445877075195, 7.780943393707275, 0.6210899353027344]","[0.0, 0.0, 0.0]","[0.0, 0.0, 0.0]","[0.0, 0.0, 0.8990485072135925, 0.4378490149974823]","[[-0.6165764366459783, -0.7872950066368567, 0.0], [0.7872950066368567, -0.6165764366459783, 0.0], [0.0, 0.0, 1.0]]","[0.0, 0.0, 0.0]",[0.0],"[0.0, 0.0, 0.8990485072135925, 0.4378490149974823]",[0.44],"[0.0, 0.0, -9.81]","[456.4539489746094, 464.2829895019531, 459.95001220703125, 497.5906677246094]"
5.3152017593384,"[22.789445877075195, 7.780943393707275, 0.6210899353027344]","[22.789445877075195, 7.780943393707275, 0.6210899353027344]","[0.0, 0.0, 0.0]","[0.0, 0.0, 0.0]","[0.0, 0.0, 0.8990485072135925, 0.4378490149974823]","[[-0.6165764366459783, -0.7872950066368567, 0.0], [0.7872950066368567, -0.6165764366459783, 0.0], [0.0, 0.0, 1.0]]","[0.0, 0.0, 0.0]",[0.0],"[0.0, 0.0, 0.8990485072135925, 0.4378490149974823]",[0.44],"[0.0, 0.0, -9.81]","[456.4539489746094, 464.2829895019531, 459.95001220703125, 497.5906677246094]"
5.3467960357666,"[22.789445877075195, 7.780943393707275, 0.6210899353027344]","[22.789445877075195, 7.780943393707275, 0.6210899353027344]","[0.0, 0.0, 0.0]","[0.0, 0.0, 0.0]","[0.0, 0.0, 0.8990485072135925, 0.4378490149974823]","[[-0.6165764366459783, -0.7872950066368567, 0.0], [0.7872950066368567, -0.6165764366459783, 0.0], [0.0, 0.0, 1.0]]","[0.0, 0.0, 0.0]",[0.0],"[0.0, 0.0, 0.8990485072135925, 0.4378490149974823]",[0.44],"[0.0, 0.0, -9.81]","[456.4539489746094, 464.2829895019531, 459.95001220703125, 497.5906677246094]"
5.3777706623077,"[22.789445877075195, 7.780943393707275, 0.6210899353027344]","[22.789445877075195, 7.780943393707275, 0.6210899353027344]","[0.0, 0.0, 0.0]","[0.0, 0.0, 0.0]","[0.0, 0.0, 0.8990485072135925, 0.4378490149974823]","[[-0.6165764366459783, -0.7872950066368567, 0.0], [0.7872950066368567, -0.6165764366459783, 0.0], [0.0, 0.0, 1.0]]","[0.0, 0.0, 0.0]",[0.0],"[0.0, 0.0, 0.8990485072135925, 0.4378490149974823]",[0.44],"[0.0, 0.0, -9.81]","[473.6607360839844, 473.6607360839844, 473.6607360839844, 473.6607971191406]"
0.34004426002502,"[24.085247039794922, 8.70131778717041, -2.5663931369781494]","[24.085247039794922, 8.70131778717041, -2.5663931369781494]","[0.7770503759384155, 0.3522161841392517, 2.640748977661133]","[0.7770503759384155, 0.3522161841392517, 2.640748977661133]","[-6.853183094790438e-06, -2.5898365493048914e-05, 0.19899673759937286, 0.9800001978874207]","[[0.920800595508162, -0.39003368409770056, -5.3488328772366306e-05], [0.39003368480764555, 0.9208005967556805, 3.1248610935608956e-06], [4.803328446022842e-05, -2.3739622062652526e-05, 0.9999999985646171]]","[0.00015760917449370027, 0.00032428582198917866, -0.008568705059587955]",[0.0],"[-6.853183094790438e-06, -2.5898365493048914e-05, 0.19899673759937286, 0.9800001978874207]",[0.44],"[0.5232363939285278, 0.08398443460464478, -8.870535430908204]","[476.14569091796875, 476.1611633300781, 471.1368103027344, 471.1730041503906]"
0.37207436561584,"[24.111087799072266, 8.712973594665527, -2.4789116382598877]","[24.111087799072266, 8.712973594665527, -2.4789116382598877]","[0.7892107367515564, 0.35418397188186646, 2.660963535308838]","[0.7892107367515564, 0.35418397188186646, 2.660963535308838]","[-5.506703928404022e-06, -2.072194911306724e-05, 0.1988670378923416, 0.9800265431404114]","[[0.9209038016210536, -0.38978995115219023, -4.280632411040526e-05], [0.3897899516086288, 0.9209038024192043, 2.5516067511599993e-06], [3.842591651523794e-05, -1.903525730904607e-05, 0.999999999080554]]","[0.0001272458757739514, 0.00026004548999480903, -0.0074972594156861305]",[0.0],"[-5.506703928404022e-06, -2.072194911306724e-05, 0.1988670378923416, 0.9800265431404114]",[0.44],"[0.6080180406570435, 0.0983893871307373, -8.799272117614747]","[476.14569091796875, 476.1611633300781, 471.1368103027344, 471.1730041503906]"
0.40304851531982,"[24.134939193725586, 8.723627090454102, -2.398810625076294]","[24.134939193725586, 8.723627090454102, -2.398810625076294]","[0.8009212613105774, 0.35609424114227295, 2.67893385887146]","[0.8009212613105774, 0.35609424114227295, 2.67893385887146]","[-4.518527475738665e-06, -1.692804289632477e-05, 0.19876326620578766, 0.9800475835800171]","[[0.920986327441297, -0.3895949173459281, -3.497680962960075e-05], [0.38959491765188736, 0.9209863279735802, 2.1273976747848006e-06], [3.1384340511527107e-05, -1.558609006096557e-05, 0.9999999993860486]]","[0.00010374075645813718, 0.00021143531193956733, -0.006639924831688404]",[0.0],"[-4.518527475738665e-06, -1.692804289632477e-05, 0.19876326620578766, 0.9800475835800171]",[0.44],"[0.5855262279510498, 0.09551346302032471, -8.911483821868897]","[476.14569091796875, 476.1611633300781, 471.1368103027344, 471.1730041503906]"
0.43304705619812,"[24.159149169921875, 8.73434066772461, -2.318175792694092]","[24.159149169921875, 8.73434066772461, -2.318175792694092]","[0.813277006149292, 0.3581239581108093, 2.6965224742889404]","[0.813277006149292, 0.3581239581108093, 2.6965224742889404]","[-3.7052136576676276e-06, -1.3823519111610949e-05, 0.198671355843544, 0.9800662398338318]","[[0.9210593843523964, -0.3894221772661045, -2.8568168436092996e-05], [0.38942217747098085, 0.9210593847071186, 1.77003506563676e-06], [2.562368915185762e-05, -1.275538420336832e-05, 0.9999999995903635]]","[8.510467887390405e-05, 0.00017341731290798634, -0.005880624987185001]",[0.0],"[-3.7052136576676276e-06, -1.3823519111610949e-05, 0.198671355843544, 0.9800662398338318]",[0.44],"[0.61778724193573, 0.10148584842681885, -8.930569229125977]","[476.14569091796875, 476.1611633300781, 471.1368103027344, 471.1730041503906]"
0.46369385719299,"[24.186220169067383, 8.746198654174805, -2.228875160217285]","[24.186220169067383, 8.746198654174805, -2.228875160217285]","[0.827552855014801, 0.36048299074172974, 2.7154359817504883]","[0.827552855014801, 0.36048299074172974, 2.7154359817504883]","[-2.9807997634634376e-06, -1.1056772564188577e-05, 0.19858230650424957, 0.980084240436554]","[[0.9211301348424001, -0.38925477800279673, -2.2857005265016763e-05], [0.38925477813462883, 0.9211301350691342, 1.4515109475560987e-06], [2.04892688959932e-05, -1.0234228540713993e-05, 0.9999999997377252]]","[6.841676804469898e-05, 0.00014019546506460756, -0.005145286675542593]",[0.0],"[-2.9807997634634376e-06, -1.1056772564188577e-05, 0.19858230650424957, 0.980084240436554]",[0.44],"[0.7137924432754517, 0.11795163154602051, -8.864324626922608]","[474.3167419433594, 474.3182373046875, 473.0013427734375, 473.0049133300781]"
0.49472403526306,"[24.211252212524414, 8.757046699523926, -2.1471569538116455]","[24.211252212524414, 8.757046699523926, -2.1471569538116455]","[0.8411976099014282, 0.36275067925453186, 2.732241153717041]","[0.8411976099014282, 0.36275067925453186, 2.732241153717041]","[-2.448670102239703e-06, -9.021377081808168e-06, 0.19851107895374298, 0.9800986647605896]","[[0.9211867029024712, -0.3891208868013142, -1.865585555235869e-05], [0.3891208868896757, 0.9211867030532497, 1.2181899989720008e-06], [1.671150297636919e-05, -8.381563191605236e-06, 0.9999999998252376]]","[5.556389078265056e-05, 0.0001121934037655592, -0.0045568980276584625]",[0.0],"[-2.448670102239703e-06, -9.021377081808168e-06, 0.19851107895374298, 0.9800986647605896]",[0.44],"[0.6822377443313599, 0.1133844256401062, -8.969741401672364]","[474.3167419433594, 474.3182373046875, 473.0013427734375, 473.0049133300781]"
0.52558827400208,"[24.2367000579834, 8.767964363098145, -2.0649404525756836]","[24.2367000579834, 8.767964363098145, -2.0649404525756836]","[0.8554462790489197, 0.3651295602321625, 2.7486820220947266]","[0.8554462790489197, 0.3651295602321625, 2.7486820220947266]","[-2.00371118808107e-06, -7.376075245701941e-06, 0.19844800233840942, 0.9801114797592163]","[[0.9212367806269763, -0.38900233042475874, -1.5254017012836127e-05], [0.3890023304838768, 0.9212367807277596, 1.0001858799057843e-06], [1.366348708268489e-05, -6.855255470335155e-06, 0.9999999998831574]]","[4.6337638195836917e-05, 9.242213127436116e-05, -0.004035785794258118]",[0.0],"[-2.00371118808107e-06, -7.376075245701941e-06, 0.19844800233840942, 0.9801114797592163]",[0.44],"[0.7124334573745728, 0.11894404888153076, -8.987956581115723]","[474.3167419433594, 474.3182373046875, 473.0013427734375, 473.0049133300781]"
0.55758190155029,"[24.265199661254883, 8.780058860778809, -1.9739391803741455]","[24.265199661254883, 8.780058860778809, -1.9739391803741455]","[0.8716982007026672, 0.36785197257995605, 2.766353130340576]","[0.8716982007026672, 0.36785197257995605, 2.766353130340576]","[-1.6112530829559546e-06, -5.900245469092624e-06, 0.19838687777519226, 0.9801238179206848]","[[0.9212852933835961, -0.3888874081217578, -1.2205245168539139e-05], [0.38888740815978495, 0.9212852934480296, 8.173924931655075e-07], [1.0926639294806e-05, -5.499517600047549e-06, 0.999999999925182]]","[3.6343906685942784e-05, 7.372525578830391e-05, -0.003531115595251322]",[0.0],"[-1.6112530829559546e-06, -5.900245469092624e-06, 0.19838687777519226, 0.9801238179206848]",[0.44],"[0.8125960826873779, 0.13612061738967896, -8.92644458770752]","[474.3167419433594, 474.3182373046875, 473.0013427734375, 473.0049133300781]"
0.58858013153076,"[24.291582107543945, 8.791132926940918, -1.8907105922698975]","[24.291582107543945, 8.791132926940918, -1.8907105922698975]","[0.8871043920516968, 0.37044280767440796, 2.7820470333099365]","[0.8871043920516968, 0.37044280767440796, 2.7820470333099365]","[-1.319557100032398e-06, -4.825579253520118e-06, 0.19833800196647644, 0.9801337122917175]","[[0.9213240739053196, -0.3887955242991138, -9.982862452823344e-06], [0.3887955243245843, 0.9213240739484095, 6.724933031231729e-07], [8.93598917801893e-06, -4.500876293019417e-06, 0.9999999999499452]]","[3.006471524713561e-05, 6.0272977862041444e-05, -0.003127305069938302]",[0.0],"[-1.319557100032398e-06, -4.825579253520118e-06, 0.19833800196647644, 0.9801337122917175]",[0.44],"[0.770309567451477, 0.12954175472259521, -9.025304851531983]","[474.3167419433594, 474.3182373046875, 473.0013427734375, 473.0049133300781]"
0.61961674690247,"[24.321147918701172, 8.80340576171875, -1.7986217737197876]","[24.321147918701172, 8.80340576171875, -1.7986217737197876]","[0.9045802354812622, 0.3733883202075958, 2.798910140991211]","[0.9045802354812622, 0.3733883202075958, 2.798910140991211]","[-1.063905074261129e-06, -3.857096999126952e-06, 0.1982906460762024, 0.9801433086395264]","[[0.9213616393276101, -0.3887064998265895, -7.982940478013737e-06], [0.3887064998430038, 0.9213616393551007, 5.559063672584382e-07], [7.13909077985778e-06, -3.6152113910002974e-06, 0.9999999999679818]]","[2.4130105884978548e-05, 4.842261114390567e-05, -0.002736235037446022]",[0.0],"[-1.063905074261129e-06, -3.857096999126952e-06, 0.1982906460762024, 0.9801433086395264]",[0.44],"[0.8737921714782715, 0.1472756266593933, -8.96684461593628]","[474.3167419433594, 474.3182373046875, 473.0013427734375, 473.0049133300781]"
0.64961695671082,"[24.34853172302246, 8.81464958190918, -1.7144273519515991]","[24.34853172302246, 8.81464958190918, -1.7144273519515991]","[0.9210182428359985, 0.3761661946773529, 2.8138821125030518]","[0.9210182428359985, 0.3761661946773529, 2.8138821125030518]","[-8.72129135132127e-07, -3.1497916097578127e-06, 0.19825276732444763, 0.9801509380340576]","[[0.9213916804765545, -0.3886352717163162, -6.5203464308402916e-06], [0.3886352717273043, 0.9213916804948756, 4.607265735135453e-07], [5.828738372823406e-06, -2.9585461860327973e-06, 0.9999999999786364]]","[1.9630391761893407e-05, 3.940859096474014e-05, -0.0024233260191977024]",[0.0],"[-8.72129135132127e-07, -3.1497916097578127e-06, 0.19825276732444763, 0.9801509380340576]",[0.44],"[0.8219003677368164, 0.138893723487854, -9.06140142440796]","[474.3167419433594, 474.3182373046875, 473.0013427734375, 473.0049133300781]"
0.68055391311646,"[24.37641716003418, 8.825977325439453, -1.6297886371612549]","[24.37641716003418, 8.825977325439453, -1.6297886371612549]","[0.9379107356071472, 0.37902578711509705, 2.828519105911255]","[0.9379107356071472, 0.37902578711509705, 2.828519105911255]","[-7.161367534536112e-07, -2.5723149974510306e-06, 0.1982192099094391, 0.980157732963562]","[[0.9214182896325218, -0.3885721828256442, -5.326452995652917e-06], [0.38857218283301276, 0.9214182896447297, 3.840894606480655e-07], [4.758644749826175e-06, -2.423618446379842e-06, 0.9999999999857407]]","[1.6819214579300024e-05, 3.2363190257456154e-05, -0.0021461891010403633]",[0.0],"[-7.161367534536112e-07, -2.5723149974510306e-06, 0.1982192099094391, 0.980157732963562]",[0.44],"[0.8446246385574341, 0.14297962188720703, -9.078150329589844]","[474.3167419433594, 474.3182373046875, 473.0013427734375, 473.0049133300781]"
0.71151351928711,"[24.404813766479492, 8.83739185333252, -1.5447157621383667]","[24.404813766479492, 8.83739185333252, -1.5447157621383667]","[0.9552364349365234, 0.3819628059864044, 2.842827081680298]","[0.9552364349365234, 0.3819628059864044, 2.842827081680298]","[-5.844549377798103e-07, -2.099215180351166e-06, 0.19818951189517975, 0.9801638126373291]","[[0.9214418347406874, -0.3885163752053675, -4.346815187124931e-06], [0.38851637521027516, 0.9214418347488176, 3.1363829634444495e-07], [3.883483831751698e-06, -1.9778080241714423e-06, 0.9999999999905034]]","[1.3136082998244092e-05, 2.6202091248705983e-05, -0.0019007471855729818]",[0.0],"[-5.844549377798103e-07, -2.099215180351166e-06, 0.19818951189517975, 0.9801638126373291]",[0.44],"[0.866284966468811, 0.14685094356536865, -9.094601211547852]","[474.3167419433594, 474.3182373046875, 473.0013427734375, 473.0049133300781]"
