t,p,p_d,v,v_d,q,R,w,T_sp,q_sp,hover_throttle,fa,pwm
0.34315538406372,"[11.657543182373047, 4.613116264343262, -15.254204750061035]","[11.657543182373047, 4.613116264343262, -15.254204750061035]","[2.1057417392730713, 0.6838252544403076, -1.6918132305145264]","[2.1057417392730713, 0.6838252544403076, -1.6918132305145264]","[6.541033599205548e-06, -1.3582101928477641e-05, 0.8434509634971619, 0.5372061729431152]","[[-0.42281905601752845, -0.906214128508669, -3.5586958120071015e-06], [0.906214128153305, -0.42281905573415157, -2.993944116962534e-05], [2.5626860178076013e-05, -1.5883906661939167e-05, 0.9999999995454828]]","[0.00010588281293166801, 0.00017339606711175293, -0.0027672452852129936]",[0.0],"[6.541033599205548e-06, -1.3582101928477641e-05, 0.8434509634971619, 0.5372061729431152]",[0.44],"[0.9198665618896484, 0.1510828733444214, -6.586336431503296]","[474.8411560058594, 474.85443115234375, 472.4508361816406, 472.4906311035156]"
0.37415432929993,"[11.720967292785645, 4.633672714233398, -15.304091453552246]","[11.720967292785645, 4.633672714233398, -15.304091453552246]","[2.122405767440796, 0.6865525841712952, -1.6340272426605225]","[2.122405767440796, 0.6865525841712952, -1.6340272426605225]","[5.330028216121718e-06, -1.1097147762484383e-05, 0.8434299826622009, 0.537239134311676]","[[-0.42274827155341455, -0.9062471875942018, -2.9326329026665597e-06], [0.9062471873576092, -0.42274827136393944, -2.4446333779196247e-05], [2.091465532631689e-05, -1.2992334800452092e-05, 0.9999999996968882]]","[8.6752072093077e-05, 0.00014286566874943674, -0.0024511897936463356]",[0.0],"[5.330028216121718e-06, -1.1097147762484383e-05, 0.8434299826622009, 0.537239134311676]",[0.44],"[0.8332014083862305, 0.13636648654937744, -6.920700607299805]","[473.9693603515625, 473.97052001953125, 473.3493957519531, 473.3533630371094]"
0.40515160560608,"[11.784890174865723, 4.65431022644043, -15.352254867553711]","[11.784890174865723, 4.65431022644043, -15.352254867553711]","[2.139012098312378, 0.6892614364624023, -1.5769902467727661]","[2.139012098312378, 0.6892614364624023, -1.5769902467727661]","[4.333845936344005e-06, -9.067471182788722e-06, 0.8434113264083862, 0.5372684001922607]","[[-0.42268533119234486, -0.9062765081655266, -2.432901973089662e-06], [0.9062765080083386, -0.42268533106547124, -1.9952092740689858e-05], [1.705376097157563e-05, -1.0638338849092762e-05, 0.9999999997979975]]","[7.114997424650937e-05, 0.00011468907177913934, -0.0021712316665798426]",[0.0],"[4.333845936344005e-06, -9.067471182788722e-06, 0.8434113264083862, 0.5372684001922607]",[0.44],"[0.8303165435791016, 0.1354426145553589, -6.958150205612183]","[473.9693603515625, 473.97052001953125, 473.3493957519531, 473.3533630371094]"
0.43615484237671,"[11.855780601501465, 4.677104949951172, -15.40327262878418]","[11.855780601501465, 4.677104949951172, -15.40327262878418]","[2.157212972640991, 0.6922203898429871, -1.515072226524353]","[2.157212972640991, 0.6922203898429871, -1.515072226524353]","[3.4678080282901647e-06, -7.271085451066028e-06, 0.8433933258056641, 0.5372967720031738]","[[-0.42262460413281544, -0.9063050230192382, -1.9640091911635876e-06], [0.9063050229183793, -0.42262460405112945, -1.5991254000637502e-05], [1.3662913776104485e-05, -8.538285762529517e-06, 0.9999999998702113]]","[5.649044396704994e-05, 9.242919622920454e-05, -0.0019000667380169034]",[0.0],"[3.4678080282901647e-06, -7.271085451066028e-06, 0.8433933258056641, 0.5372967720031738]",[0.44],"[0.9100437164306641, 0.14794766902923584, -6.714098987579346]","[473.9693603515625, 473.97052001953125, 473.3493957519531, 473.3533630371094]"
0.4671196937561,"[11.920745849609375, 4.697911739349365, -15.447890281677246]","[11.920745849609375, 4.697911739349365, -15.447890281677246]","[2.1736996173858643, 0.6948915719985962, -1.4594943523406982]","[2.1736996173858643, 0.6948915719985962, -1.4594943523406982]","[2.825421461238875e-06, -5.940572464169236e-06, 0.8433788418769836, 0.5373194217681885]","[[-0.42257574192210523, -0.9063276633312999, -1.6181685632508382e-06], [0.9063276632641614, -0.4225757418674905, -1.3056613901443303e-05], [1.1149771282426907e-05, -6.983998598226093e-06, 0.9999999999134532]]","[4.73292384413071e-05, 7.536914199590683e-05, -0.0016830554232001305]",[0.0],"[2.825421461238875e-06, -5.940572464169236e-06, 0.8433788418769836, 0.5373194217681885]",[0.44],"[0.8243322372436523, 0.13355910778045654, -7.031106290817261]","[473.9693603515625, 473.97052001953125, 473.3493957519531, 473.3533630371094]"
0.49912023544312,"[11.992777824401855, 4.720891952514648, -15.49505615234375]","[11.992777824401855, 4.720891952514648, -15.49505615234375]","[2.1917691230773926, 0.697809636592865, -1.3991010189056396]","[2.1917691230773926, 0.697809636592865, -1.3991010189056396]","[2.263341684738407e-06, -4.761218860949157e-06, 0.8433647751808167, 0.5373413562774658]","[[-0.4225282880769172, -0.9063495442861527, -1.299154298338987e-06], [0.9063495442430476, -0.4225282880418242, -1.046326272969542e-05], [8.934444902766096e-06, -5.598514367308779e-06, 0.9999999999444161]]","[3.7149449781281874e-05, 6.0372323787305504e-05, -0.0014728636015206575]",[0.0],"[2.263341684738407e-06, -4.761218860949157e-06, 0.8433647751808167, 0.5373413562774658]",[0.44],"[0.903475284576416, 0.14590322971343994, -6.790333328247071]","[473.9693603515625, 473.97052001953125, 473.3493957519531, 473.3533630371094]"
0.52998614311218,"[12.058777809143066, 4.741865634918213, -15.536213874816895]","[12.058777809143066, 4.741865634918213, -15.536213874816895]","[2.208136796951294, 0.7004441618919373, -1.3448387384414673]","[2.208136796951294, 0.7004441618919373, -1.3448387384414673]","[1.8395983261143556e-06, -3.889079380314797e-06, 0.8433536291122437, 0.5373589992523193]","[[-0.42249068750383345, -0.9063673243254425, -1.0767997587628783e-06], [0.9063673242968252, -0.4224906874803518, -8.536787849682263e-06], [7.28252745651228e-06, -4.582688987494056e-06, 0.9999999999629818]]","[3.0992538086138666e-05, 4.940709186485037e-05, -0.0013046467211097479]",[0.0],"[1.8395983261143556e-06, -3.889079380314797e-06, 0.8433536291122437, 0.5373589992523193]",[0.44],"[0.8183836936950684, 0.13172626495361328, -7.096885976791382]","[473.9693603515625, 473.97052001953125, 473.3493957519531, 473.3533630371094]"
0.56144905090332,"[12.12526798248291, 4.762918949127197, -15.575752258300781]","[12.12526798248291, 4.762918949127197, -15.575752258300781]","[2.2244482040405273, 0.7030614614486694, -1.2911556959152222]","[2.2244482040405273, 0.7030614614486694, -1.2911556959152222]","[1.499806444371643e-06, -3.180335625074804e-06, 0.8433436751365662, 0.5373746156692505]","[[-0.42245710880592924, -0.9063829666167508, -8.883587108678219e-07], [0.9063829665976711, -0.42245710879019893, -6.9761476916816204e-06], [5.947767826027371e-06, -3.7523160451917133e-06, 0.9999999999752721]]","[2.4968037905637175e-05, 4.024359441245906e-05, -0.001155642792582512]",[0.0],"[1.499806444371643e-06, -3.180335625074804e-06, 0.8433436751365662, 0.5373746156692505]",[0.44],"[0.8155703544616699, 0.1308649778366089, -7.125847873687745]","[473.9693603515625, 473.97052001953125, 473.3493957519531, 473.3533630371094]"
0.59212493896484,"[12.198970794677734, 4.786167621612549, -15.617396354675293]","[12.198970794677734, 4.786167621612549, -15.617396354675293]","[2.242326259613037, 0.7059208750724792, -1.2327390909194946]","[2.242326259613037, 0.7059208750724792, -1.2327390909194946]","[1.2004904874629574e-06, -2.547935309848981e-06, 0.8433340787887573, 0.5373897552490234]","[[-0.42242473690594795, -0.9063981883930194, -7.136395864216984e-07], [0.9063981883807843, -0.42242473689584625, -5.587783933162674e-06], [4.763297743778656e-06, -3.0072587762166756e-06, 0.9999999999841337]]","[1.9994102331111208e-05, 3.168076364090666e-05, -0.001011317828670144]",[0.0],"[1.2004904874629574e-06, -2.547935309848981e-06, 0.8433340787887573, 0.5373897552490234]",[0.44],"[0.8939027786254883, 0.14297068119049072, -6.8891697502136235]","[473.9693603515625, 473.97052001953125, 473.3493957519531, 473.3533630371094]"
0.62411141395569,"[12.266485214233398, 4.807384490966797, -15.653589248657227]","[12.266485214233398, 4.807384490966797, -15.653589248657227]","[2.2585201263427734, 0.7085026502609253, -1.1801797151565552]","[2.2585201263427734, 0.7085026502609253, -1.1801797151565552]","[9.78247840066615e-07, -2.084755578835029e-06, 0.8433263897895813, 0.5374017953872681]","[[-0.42239879943975, -0.9064102319448469, -5.907383434534675e-07], [0.9064102319366892, -0.42239879943297165, -4.5676830829563e-06], [3.890667220584804e-06, -2.464834500614236e-06, 0.9999999999893936]]","[1.661604255787097e-05, 2.6531917683314532e-05, -0.000895816134288907]",[0.0],"[9.78247840066615e-07, -2.084755578835029e-06, 0.8433263897895813, 0.5374017953872681]",[0.44],"[0.8096933364868164, 0.12908875942230225, -7.182031211853028]","[473.9693603515625, 473.97052001953125, 473.3493957519531, 473.3533630371094]"
0.65508413314819,"[12.34131145477295, 4.830811977386475, -15.691590309143066]","[12.34131145477295, 4.830811977386475, -15.691590309143066]","[2.2762699127197266, 0.7113232612609863, -1.1229324340820312]","[2.2762699127197266, 0.7113232612609863, -1.1229324340820312]","[7.814042533027532e-07, -1.6722808595659444e-06, 0.8433189392089844, 0.537413477897644]","[[-0.42237366646272645, -0.9064219281971178, -4.79466533544659e-07], [0.9064219281918908, -0.4223736664583546, -3.66040659592017e-06], [3.1153585574993244e-06, -1.980657886274393e-06, 0.9999999999931858]]","[1.3996057532494888e-05, 2.1049587303423323e-05, -0.0007839422905817628]",[0.0],"[7.814042533027532e-07, -1.6722808595659444e-06, 0.8433189392089844, 0.537413477897644]",[0.44],"[0.8874893188476562, 0.14103055000305176, -6.947635946273804]","[473.9693603515625, 473.97052001953125, 473.3493957519531, 473.3533630371094]"
0.68608164787292,"[12.409842491149902, 4.8521904945373535, -15.724504470825195]","[12.409842491149902, 4.8521904945373535, -15.724504470825195]","[2.2923479080200195, 0.7138700485229492, -1.0713779926300049]","[2.2923479080200195, 0.7138700485229492, -1.0713779926300049]","[6.359011308632034e-07, -1.3645837952935835e-06, 0.8433129787445068, 0.5374228358268738]","[[-0.4223535602415902, -0.9064313050546975, -3.941896322696547e-07], [0.9064313050512265, -0.42235356023867476, -2.98503802841907e-06], [2.539244339690649e-06, -1.618046872202995e-06, 0.9999999999954671]]","[1.0870362530113198e-05, 1.7213083992828615e-05, -0.0006944081978872418]",[0.0],"[6.359011308632034e-07, -1.3645837952935835e-06, 0.8433129787445068, 0.5374228358268738]",[0.44],"[0.8038997650146484, 0.12733936309814453, -7.232277927398682]","[473.9693603515625, 473.97052001953125, 473.3493957519531, 473.3533630371094]"
0.71711325645447,"[12.47885513305664, 4.873645305633545, -15.755880355834961]","[12.47885513305664, 4.873645305633545, -15.755880355834961]","[2.308371067047119, 0.7164004445075989, -1.020262598991394]","[2.308371067047119, 0.7164004445075989, -1.020262598991394]","[5.186544171920104e-07, -1.116368594011874e-06, 0.8433077335357666, 0.5374310612678528]","[[-0.4223358668849555, -0.9064395404201874, -3.2517175439078765e-07], [0.9064395404178712, -0.42233586688300107, -2.4403665253388513e-06], [2.0747128785928207e-06, -1.325402549887804e-06, 0.9999999999969694]]","[7.884229489718564e-06, 1.3993787433719262e-05, -0.000615102588199079]",[0.0],"[5.186544171920104e-07, -1.116368594011874e-06, 0.8433077335357666, 0.5374310612678528]",[0.44],"[0.8011579513549805, 0.1265197992324829, -7.2542303180694585]","[473.7412414550781, 473.7412109375, 473.5798645019531, 473.5807189941406]"
0.74807620048523,"[12.555319786071777, 4.897332668304443, -15.788631439208984]","[12.555319786071777, 4.897332668304443, -15.788631439208984]","[2.3259334564208984, 0.7191649675369263, -0.9645137190818787]","[2.3259334564208984, 0.7191649675369263, -0.9645137190818787]","[4.193065024082898e-07, -8.859283866513579e-07, 0.8433026075363159, 0.5374391674995422]","[[-0.422318575756669, -0.9064477026897646, -2.4506069549655e-07], [0.9064477026882787, -0.42231857575545106, -1.9449149122699753e-06], [1.6594697628479233e-06, -1.043507961944151e-06, 0.9999999999980786]]","[8.190414519049227e-06, 1.1013593393727206e-05, -0.0005382858798839152]",[0.0],"[4.193065024082898e-07, -8.859283866513579e-07, 0.8433026075363159, 0.5374391674995422]",[0.44],"[0.8781194686889648, 0.13822615146636963, -7.0225560045242315]","[473.7412414550781, 473.7412109375, 473.5798645019531, 473.5807189941406]"
0.77907729148865,"[12.625333786010742, 4.9189453125, -15.816812515258789]","[12.625333786010742, 4.9189453125, -15.816812515258789]","[2.3418421745300293, 0.7216611504554749, -0.9142417907714844]","[2.3418421745300293, 0.7216611504554749, -0.9142417907714844]","[3.3272627320002357e-07, -7.367081593656621e-07, 0.8432984948158264, 0.537445604801178]","[[-0.4223047027183624, -0.90645413914892, -2.3070599379396316e-07], [0.9064541391479395, -0.4223047027174982, -1.600174310089659e-06], [1.3530562552950004e-06, -8.848852175567444e-07, 0.9999999999986932]]","[4.938089659844991e-06, 8.450454515696038e-06, -0.0004768091603182256]",[0.0],"[3.3272627320002357e-07, -7.367081593656621e-07, 0.8432984948158264, 0.537445604801178]",[0.44],"[0.795435905456543, 0.1248091459274292, -7.296403584480286]","[473.7412414550781, 473.7412109375, 473.5798645019531, 473.5807189941406]"
0.81068754196167,"[12.702899932861328, 4.942805767059326, -15.846076011657715]","[12.702899932861328, 4.942805767059326, -15.846076011657715]","[2.3592796325683594, 0.7243884205818176, -0.8593639731407166]","[2.3592796325683594, 0.7243884205818176, -0.8593639731407166]","[2.719954181884532e-07, -5.730165639761253e-07, 0.8432945013046265, 0.5374518036842346]","[[-0.4222912318618939, -0.906460301526649, -1.5719309062307244e-07], [0.9064603015260255, -0.4222912318613852, -1.258812291313538e-06], [1.0746820527765723e-06, -6.740745789166107e-07, 0.9999999999991953]]","[6.135434432508191e-06, 8.583800990891177e-06, -0.00041726318886503577]",[0.0],"[2.719954181884532e-07, -5.730165639761253e-07, 0.8432945013046265, 0.5374518036842346]",[0.44],"[0.8718729019165039, 0.13636350631713867, -7.066109118461609]","[473.7412414550781, 473.7412109375, 473.5798645019531, 473.5807189941406]"
0.8416953086853,"[12.77391529083252, 4.964574813842773, -15.871113777160645]","[12.77391529083252, 4.964574813842773, -15.871113777160645]","[2.375075340270996, 0.7268511056900024, -0.8098342418670654]","[2.375075340270996, 0.7268511056900024, -0.8098342418670654]","[2.1919676385095954e-07, -4.867084157922363e-07, 0.8432914018630981, 0.537456750869751]","[[-0.4222807769129324, -0.9064653137636898, -1.5347595500185798e-07], [0.906465313763263, -0.4222807769125547, -1.0564916055050069e-06], [8.928629400887786e-07, -5.852564835030037e-07, 0.9999999999994301]]","[1.3332867183635244e-06, 4.7919947974151e-06, -0.00036960624856874347]",[0.0],"[2.1919676385095954e-07, -4.867084157922363e-07, 0.8432914018630981, 0.537456750869751]",[0.44],"[0.7897853851318359, 0.12313425540924072, -7.333513436317444]","[473.7412414550781, 473.7412109375, 473.5798645019531, 473.5807189941406]"
0.87328147888184,"[12.845407485961914, 4.986417770385742, -15.894669532775879]","[12.845407485961914, 4.986417770385742, -15.894669532775879]","[2.390817642211914, 0.7292978763580322, -0.7606236338615417]","[2.390817642211914, 0.7292978763580322, -0.7606236338615417]","[1.7154160047994083e-07, -4.0105118159772246e-07, 0.8432884812355042, 0.5374612212181091]","[[-0.4222709251692882, -0.9064697139281347, -1.4178080419008128e-07], [0.9064697139278596, -0.4222709251690253, -8.607975998218114e-07], [7.20417027139829e-07, -4.920097674871795e-07, 0.9999999999996194]]","[3.820917299890425e-06, 6.337584181892453e-06, -0.00032739315065555274]",[0.0],"[1.7154160047994083e-07, -4.0105118159772246e-07, 0.8432884812355042, 0.5374612212181091]",[0.44],"[0.7871150970458984, 0.12233853340148926, -7.349469599723816]","[473.7412414550781, 473.7412109375, 473.5798645019531, 473.5807189941406]"
0.90428376197815,"[12.924589157104492, 5.010529041290283, -15.918882369995117]","[12.924589157104492, 5.010529041290283, -15.918882369995117]","[2.4080724716186523, 0.7319710850715637, -0.7068355083465576]","[2.4080724716186523, 0.7319710850715637, -0.7068355083465576]","[1.3112470753640082e-07, -3.19634011702874e-07, 0.8432857990264893, 0.537465512752533]","[[-0.42226187767969314, -0.9064740687414868, -1.224333084521716e-07], [0.9064740687413192, -0.4222618776795233, -6.800356622509558e-07], [5.647357235199655e-07, -3.981356295686454e-07, 0.9999999999997613]]","[2.710201897571096e-06, 1.8730540887190728e-06, -0.0002865118149202317]",[0.0],"[1.3112470753640082e-07, -3.19634011702874e-07, 0.8432857990264893, 0.537465512752533]",[0.44],"[0.8627414703369141, 0.1336604356765747, -7.120593724250794]","[473.7412414550781, 473.7412109375, 473.5798645019531, 473.5807189941406]"
0.93527865409851,"[12.99706745147705, 5.032525539398193, -15.939358711242676]","[12.99706745147705, 5.032525539398193, -15.939358711242676]","[2.423703193664551, 0.7343848943710327, -0.6582269072532654]","[2.423703193664551, 0.7343848943710327, -0.6582269072532654]","[1.2787153025328735e-07, -2.619437964312965e-07, 0.843283474445343, 0.5374689698219299]","[[-0.4222540365453562, -0.9064774005560595, -6.590942820907862e-08], [0.9064774005559256, -0.4222540365452516, -5.792397087975509e-07], [4.972372214676184e-07, -3.043317902583985e-07, 0.99999999999983]]","[3.1292483981815167e-06, 3.3797305150073953e-06, -0.00025379250291734934]",[0.0],"[1.2787153025328735e-07, -2.619437964312965e-07, 0.843283474445343, 0.5374689698219299]",[0.44],"[0.7815361022949219, 0.12069046497344971, -7.379569945335389]","[473.7412414550781, 473.7412109375, 473.5798645019531, 473.5807189941406]"
0.96632194519043,"[13.070013999938965, 5.054593563079834, -15.958379745483398]","[13.070013999938965, 5.054593563079834, -15.958379745483398]","[2.4392812252044678, 0.7367832064628601, -0.609873354434967]","[2.4392812252044678, 0.7367832064628601, -0.609873354434967]","[1.0930906313433297e-07, -1.986368829420826e-07, 0.8432815670967102, 0.5374719500541687]","[[-0.42224760281024554, -0.9064803766244517, -2.9166869539538455e-08], [0.9064803766243649, -0.4222476028101907, -4.5251475450401876e-07], [3.9788014177071263e-07, -2.1751253321840202e-07, 0.9999999999998972]]","[2.9629891287186183e-06, 2.873771336453501e-06, -0.00022480727056972682]",[0.0],"[1.0930906313433297e-07, -1.986368829420826e-07, 0.8432815670967102, 0.5374719500541687]",[0.44],"[0.7789015769958496, 0.11991560459136963, -7.3923223590850835]","[473.7412414550781, 473.7412109375, 473.5798645019531, 473.5807189941406]"
0.99727845191956,"[13.15079402923584, 5.078950881958008, -15.977632522583008]","[13.15079402923584, 5.078950881958008, -15.977632522583008]","[2.4563565254211426, 0.7394035458564758, -0.5569552183151245]","[2.4563565254211426, 0.7394035458564758, -0.5569552183151245]","[7.232074494822882e-08, -1.6978140138235176e-07, 0.8432797193527222, 0.5374749898910522]","[[-0.42224137014326946, -0.906483517268892, -6.053327897669199e-08], [0.9064835172688429, -0.42224137014322216, -3.6408760833796824e-07], [3.044797489899808e-07, -2.0860524169811763e-07, 0.9999999999999319]]","[-1.4334826801132294e-06, 3.0683600016345736e-06, -0.00019673703354783356]",[0.0],"[7.232074494822882e-08, -1.6978140138235176e-07, 0.8432797193527222, 0.5374749898910522]",[0.44],"[0.8537650108337402, 0.13101696968078613, -7.164093194007874]","[473.7412414550781, 473.7412109375, 473.5798645019531, 473.5807189941406]"
1.0287330150604,"[13.224719047546387, 5.101169109344482, -15.993621826171875]","[13.224719047546387, 5.101169109344482, -15.993621826171875]","[2.471824884414673, 0.7417696118354797, -0.5090728402137756]","[2.471824884414673, 0.7417696118354797, -0.5090728402137756]","[3.426901074021771e-08, -1.445010440193073e-07, 0.8432782292366028, 0.537477433681488]","[[-0.42223634380888253, -0.9064860370591276, -9.753547921818422e-08], [0.9064860370591078, -0.42223634380884323, -2.8054680894179483e-07], [2.1312872199698787e-07, -2.0687152915197257e-07, 0.9999999999999559]]","[6.949398994038347e-07, 2.9015668587817345e-06, -0.00017426841077394783]",[0.0],"[3.426901074021771e-08, -1.445010440193073e-07, 0.8432782292366028, 0.537477433681488]",[0.44],"[0.7734179496765137, 0.11830329895019531, -7.415881094932557]","[473.7412414550781, 473.7412109375, 473.5798645019531, 473.5807189941406]"
1.0597636699677,"[13.306571006774902, 5.125690937042236, -16.009553909301758]","[13.306571006774902, 5.125690937042236, -16.009553909301758]","[2.4887802600860596, 0.7443546652793884, -0.4566263258457184]","[2.4887802600860596, 0.7443546652793884, -0.4566263258457184]","[2.6191667501507254e-08, -1.417860886476774e-07, 0.8432767391204834, 0.5374796390533447]","[[-0.4222313174833918, -0.9064881547291254, -1.0824062357268041e-07], [0.9064881547291105, -0.42223131748335296, -2.6728479696475303e-07], [1.9658791942387631e-07, -2.1097484498509168e-07, 0.9999999999999584]]","[-1.763729073900322e-07, -1.2515876051111263e-06, -0.0001525071420473978]",[0.0],"[2.6191667501507254e-08, -1.417860886476774e-07, 0.8432767391204834, 0.5374796390533447]",[0.44],"[0.8477687835693359, 0.12925267219543457, -7.187674281597138]","[473.68121337890625, 473.6816711425781, 473.6396789550781, 473.64044189453125]"
1.0913133621216,"[13.381465911865234, 5.148056983947754, -16.022541046142578]","[13.381465911865234, 5.148056983947754, -16.022541046142578]","[2.5041401386260986, 0.7466889023780823, -0.40913084149360657]","[2.5041401386260986, 0.7466889023780823, -0.40913084149360657]","[3.0091506175722316e-08, -1.417061668007591e-07, 0.8432756066322327, 0.5374814867973328]","[[-0.4222274974819602, -0.9064900536652388, -1.0157801619122604e-07], [0.9064900536652217, -0.4222274974819218, -2.7134196250347365e-07], [2.030797486904653e-07, -2.0664745258628024e-07, 0.999999999999958]]","[8.30253270578396e-08, 4.6638351136607525e-07, -0.00013508889242075384]",[0.0],"[3.0091506175722316e-08, -1.417061668007591e-07, 0.8432756066322327, 0.5374814867973328]",[0.44],"[0.7679939270019531, 0.11671185493469238, -7.43522578239441]","[473.68121337890625, 473.6816711425781, 473.6396789550781, 473.64044189453125]"
1.1223132610321,"[13.45682144165039, 5.170493125915527, -16.03410530090332]","[13.45682144165039, 5.170493125915527, -16.03410530090332]","[2.519448757171631, 0.7490081191062927, -0.36179065704345703]","[2.519448757171631, 0.7490081191062927, -0.36179065704345703]","[2.864303638716592e-08, -1.419797968083003e-07, 0.8432744145393372, 0.537483274936676]","[[-0.4222234764333641, -0.9064917879938302, -1.043156528467056e-07], [0.906491787993814, -0.42222347643332525, -2.702461660628756e-07], [2.009314118067707e-07, -2.0866555405685835e-07, 0.999999999999958]]","[-1.3646619834162266e-07, -2.285886750996724e-07, -0.00011966162855969742]",[0.0],"[2.864303638716592e-08, -1.419797968083003e-07, 0.8432744145393372, 0.537483274936676]",[0.44],"[0.7654309272766113, 0.11596083641052246, -7.442990777492524]","[473.68121337890625, 473.6816711425781, 473.6396789550781, 473.64044189453125]"
1.1533141136169,"[13.540241241455078, 5.195252895355225, -16.04518699645996]","[13.540241241455078, 5.195252895355225, -16.04518699645996]","[2.536229372024536, 0.7515420317649841, -0.30987411737442017]","[2.536229372024536, 0.7515420317649841, -0.30987411737442017]","[2.9000897683317817e-08, -1.4281931726145558e-07, 0.8432734608650208, 0.5374847650527954]","[[-0.4222202595985802, -0.906493275976595, -1.0461503965134065e-07], [0.9064932759765784, -0.42222025959854115, -2.7204656124617056e-07], [2.0243778908175576e-07, -2.0969639853561762e-07, 0.9999999999999575]]","[2.3164078655213416e-08, 1.0499820035647645e-07, -0.00010471846326254308]",[0.0],"[2.9000897683317817e-08, -1.4281931726145558e-07, 0.8432734608650208, 0.5374847650527954]",[0.44],"[0.8390307426452637, 0.1266956329345703, -7.214173016548157]","[473.68121337890625, 473.6816711425781, 473.6396789550781, 473.64044189453125]"
1.18434715271,"[13.616558074951172, 5.217833995819092, -16.053775787353516]","[13.616558074951172, 5.217833995819092, -16.053775787353516]","[2.551431179046631, 0.7538301944732666, -0.2628008723258972]","[2.551431179046631, 0.7538301944732666, -0.2628008723258972]","[2.8067161039757593e-08, -1.4228525913040357e-07, 0.8432726860046387, 0.5374858975410461]","[[-0.42221764592299627, -0.906494353018112, -1.0561609986408833e-07], [0.906494353018096, -0.4222176459229574, -2.701419517772893e-07], [2.0028918097817286e-07, -2.0979913880575654e-07, 0.9999999999999579]]","[-3.004587867394548e-08, 3.8280855818584314e-08, -9.274937474401668e-05]",[0.0],"[2.8067161039757593e-08, -1.4228525913040357e-07, 0.8432726860046387, 0.5374858975410461]",[0.44],"[0.7600903511047363, 0.11440813541412354, -7.456337747573853]","[473.68121337890625, 473.6816711425781, 473.6396789550781, 473.64044189453125]"
1.2163617610931,"[13.701032638549805, 5.242752552032471, -16.061595916748047]","[13.701032638549805, 5.242752552032471, -16.061595916748047]","[2.568094491958618, 0.756330132484436, -0.2111341506242752]","[2.568094491958618, 0.756330132484436, -0.2111341506242752]","[2.7344016828578788e-08, -1.4215183341548254e-07, 0.8432719111442566, 0.5374871492385864]","[[-0.4222150322498144, -0.9064956311078098, -1.0669268474425959e-07], [0.9064956311077943, -0.4222150322497755, -2.691394117817174e-07], [1.9892645006184498e-07, -2.1035118116601843e-07, 0.9999999999999581]]","[-3.440681739519391e-09, 3.828090200386214e-08, -8.116734534269199e-05]",[0.0],"[2.7344016828578788e-08, -1.4215183341548254e-07, 0.8432719111442566, 0.5374871492385864]",[0.44],"[0.8331656455993652, 0.12499690055847168, -7.2266639149189]","[473.68121337890625, 473.6816711425781, 473.6396789550781, 473.64044189453125]"
1.2472696304321,"[13.778304100036621, 5.265477180480957, -16.06722640991211]","[13.778304100036621, 5.265477180480957, -16.06722640991211]","[2.583190441131592, 0.7585874795913696, -0.1642487496137619]","[2.583190441131592, 0.7585874795913696, -0.1642487496137619]","[2.683220223786975e-08, -1.4188665886649687e-07, 0.8432712554931641, 0.5374883413314819]","[[-0.42221282068207455, -0.9064969368150818, -1.072712001248886e-07], [0.9064969368150665, -0.4222128206820357, -2.681418736703692e-07], [1.9777849959998824e-07, -2.104538901699552e-07, 0.9999999999999583]]","[-3.440599805060174e-09, 3.828090200386214e-08, -7.189976167865098e-05]",[0.0],"[2.683220223786975e-08, -1.4188665886649687e-07, 0.8432712554931641, 0.5374883413314819]",[0.44],"[0.7547974586486816, 0.11286735534667969, -7.465729949474335]","[473.68121337890625, 473.6816711425781, 473.6396789550781, 473.64044189453125]"
1.2792692184448,"[13.863824844360352, 5.290551662445068, -16.071796417236328]","[13.863824844360352, 5.290551662445068, -16.071796417236328]","[2.599738359451294, 0.7610538601875305, -0.11274587363004684]","[2.599738359451294, 0.7610538601875305, -0.11274587363004684]","[2.623912820354235e-08, -1.4136284676169453e-07, 0.8432706594467163, 0.537489116191864]","[[-0.42221081016743955, -0.9064976029130992, -1.0770860924960201e-07], [0.9064976029130843, -0.4222108101674009, -2.666207736755325e-07], [1.9621535702363437e-07, -2.1020779036446452e-07, 0.9999999999999587]]","[9.86203918529327e-09, 4.940043751844314e-08, -6.29237329121679e-05]",[0.0],"[2.623912820354235e-08, -1.4136284676169453e-07, 0.8432706594467163, 0.537489116191864]",[0.44],"[0.8273959159851074, 0.12331902980804443, -7.234856200814248]","[473.68121337890625, 473.6816711425781, 473.6396789550781, 473.64044189453125]"
1.3100342750549,"[13.94204330444336, 5.313417434692383, -16.074478149414062]","[13.94204330444336, 5.313417434692383, -16.074478149414062]","[2.6147301197052, 0.7632809281349182, -0.06598902493715286]","[2.6147301197052, 0.7632809281349182, -0.06598902493715286]","[2.5614763643488914e-08, -1.4102603529408952e-07, 0.8432702422142029, 0.5374898910522461]","[[-0.42220940280804053, -0.9064984612306334, -1.0839980080769187e-07], [0.906498461230619, -0.4222094028080021, -2.65381470922047e-07], [1.948004725753097e-07, -2.1031076484177541e-07, 0.9999999999999589]]","[-1.674296612463877e-08, 4.940044817658418e-08, -5.5736181820975617e-05]",[0.0],"[2.5614763643488914e-08, -1.4102603529408952e-07, 0.8432702422142029, 0.5374898910522461]",[0.44],"[0.7495880126953125, 0.11135339736938477, -7.472157565355301]","[473.68121337890625, 473.6816711425781, 473.6396789550781, 473.64044189453125]"
1.3410329818726,"[14.020710945129395, 5.3363494873046875, -16.075756072998047]","[14.020710945129395, 5.3363494873046875, -16.075756072998047]","[2.629671812057495, 0.7654936909675598, -0.019248198717832565]","[2.629671812057495, 0.7654936909675598, -0.019248198717832565]","[2.4844979407134815e-08, -1.4076223919801123e-07, 0.8432697653770447, 0.5374906063079834]","[[-0.4222077943981515, -0.9064991549474043, -1.0941472267271272e-07], [0.9064991549473903, -0.4222077943981133, -2.6410896693540925e-07], [1.9321880249452105e-07, -2.1069319475440824e-07, 0.9999999999999591]]","[-3.440350671013448e-09, 6.0520029876443e-08, -4.937437188345939e-05]",[0.0],"[2.4844979407134815e-08, -1.4076223919801123e-07, 0.8432697653770447, 0.5374906063079834]",[0.44],"[0.7470846176147461, 0.11063814163208008, -7.472958689033986]","[473.68121337890625, 473.6816711425781, 473.6396789550781, 473.64044189453125]"
1.3710343837738,"[14.09982681274414, 5.359347820281982, -16.075632095336914]","[14.09982681274414, 5.359347820281982, -16.075632095336914]","[2.644564628601074, 0.7676922082901001, 0.027492623776197433]","[2.644564628601074, 0.7676922082901001, 0.027492623776197433]","[2.4374077867150845e-08, -1.4021561867139098e-07, 0.8432692885398865, 0.5374913215637207]","[[-0.4222061859891719, -0.9064998486628111, -1.0962153376342513e-07], [0.9064998486627973, -0.42220618598913373, -2.626807606478317e-07], [1.9183717897081748e-07, -2.102773393489839e-07, 0.9999999999999595]]","[9.862253236292418e-09, 4.9400455282011535e-08, -4.3733438360504806e-05]",[0.0],"[2.4374077867150845e-08, -1.4021561867139098e-07, 0.8432692885398865, 0.5374913215637207]",[0.44],"[0.7446408271789551, 0.10992586612701416, -7.472958875298501]","[473.6662902832031, 473.666259765625, 473.6552429199219, 473.6552429199219]"
1.4020438194275,"[14.187369346618652, 5.3847222328186035, -16.07285499572754]","[14.187369346618652, 5.3847222328186035, -16.07285499572754]","[2.6608946323394775, 0.7701143026351929, 0.18427419662475586]","[2.6608946323394775, 0.7701143026351929, 0.18427419662475586]","[0.00029552317573688924, -0.0008450954919680953, 0.8432903289794922, 0.5374576449394226]","[[-0.4222785862734615, -0.9064661679176248, -0.00040998239354773924], [0.9064651689364104, -0.42227733256857514, -0.001742984090994857], [0.0014068297379006417, -0.0011076593307685866, 0.9999983969593241]]","[-0.09538786858320236, -0.12461560219526291, 0.008222315460443497]",[0.0],"[0.00029552317573688924, -0.0008450954919680953, 0.8432903289794922, 0.5374576449394226]",[0.44],"[0.816500186920166, 0.12110471725463867, -1.9709213575720792]","[275.87060546875, 285.3321228027344, 206.7139434814453, 249.7646026611328]"
1.4330360889435,"[14.267420768737793, 5.40786075592041, -16.063758850097656]","[14.267420768737793, 5.40786075592041, -16.063758850097656]","[2.6757144927978516, 0.7724391222000122, 0.4290963411331177]","[2.6757144927978516, 0.7724391222000122, 0.4290963411331177]","[0.0011245579225942492, -0.002606851514428854, 0.8434092402458191, 0.5372642874717712]","[[-0.4226918844136962, -0.906273192126603, -0.0009042113566733873], [0.9062614659045087, -0.4226808223251022, -0.0056056549324428745], [0.004698061529103917, -0.003188915688429536, 0.9999838793893209]]","[-0.027277136221528053, -0.06492813676595688, 0.022175578400492668]",[0.0],"[0.0011245579225942492, -0.002606851514428854, 0.8434092402458191, 0.5372642874717712]",[0.44],"[0.7409930229187012, 0.1162409782409668, 2.4311072254180903]","[215.98756408691406, 206.74925231933594, 147.21371459960938, 105.54454040527344]"
1.4640326499939,"[14.347915649414062, 5.431069850921631, -16.046987533569336]","[14.347915649414062, 5.431069850921631, -16.046987533569336]","[2.6904759407043457, 0.7747983336448669, 0.6889852285385132]","[2.6904759407043457, 0.7747983336448669, 0.6889852285385132]","[0.001526996260508895, -0.0034882822073996067, 0.8436427116394043, 0.5368914604187012]","[[-0.42349038603009115, -0.9058997882351185, -0.0011691793256087823], [0.9058784818595733, -0.4234707132397333, -0.007525390225545214], [0.0063221363891246, -0.00424606521611115, 0.9999710003393238]]","[-0.05183831974864006, -0.061941664665937424, 0.036316100507974625]",[0.0],"[0.001526996260508895, -0.0034882822073996067, 0.8436427116394043, 0.5368914604187012]",[0.44],"[0.738072395324707, 0.11796057224273682, 3.184444370269775]","[208.49090576171875, 208.0255126953125, 117.23544311523438, 138.5262451171875]"
1.4950726032257,"[14.436970710754395, 5.4566826820373535, -16.019559860229492]","[14.436970710754395, 5.4566826820373535, -16.019559860229492]","[2.7066617012023926, 0.7774813175201416, 0.9709262251853943]","[2.7066617012023926, 0.7774813175201416, 0.9709262251853943]","[0.0020069589372724295, -0.004564145114272833, 0.8440788388252258, 0.5361959934234619]","[[-0.4249798351463314, -0.9052017031268845, -0.0015064895086670804], [0.9051650629195721, -0.42494622807343485, -0.009857243298832252], [0.008282615786038366, -0.0055527499343087094, 0.9999502813903999]]","[-0.024036830291152, -0.047892797738313675, 0.06677863746881485]",[0.0],"[0.0020069589372724295, -0.004564145114272833, 0.8440788388252258, 0.5361959934234619]",[0.44],"[0.8092880249023438, 0.1341491937637329, 4.287049832344055]","[232.30784606933594, 236.48385620117188, 77.85282897949219, 60.86198806762695]"
1.5260097980499,"[14.518392562866211, 5.480046272277832, -15.986761093139648]","[14.518392562866211, 5.480046272277832, -15.986761093139648]","[2.7213246822357178, 0.7800711989402771, 1.2159324884414673]","[2.7213246822357178, 0.7800711989402771, 1.2159324884414673]","[0.002308380091562867, -0.005245363339781761, 0.8447781801223755, 0.5350860953330994]","[[-0.42735537489487796, -0.9040823322331804, -0.001713303710612013], [0.904033899063954, -0.4273110044590396, -0.011332701172000997], [0.009513580241736819, -0.006391972813044849, 0.9999343150895731]]","[-0.03024359978735447, -0.03948240727186203, 0.10771350562572479]",[0.0],"[0.002308380091562867, -0.005245363339781761, 0.8447781801223755, 0.5350860953330994]",[0.44],"[0.7331490516662598, 0.1294940710067749, 2.4403131628036494]","[287.2601013183594, 284.04351806640625, 18.139076232910156, 22.398887634277344]"
1.5570693016052,"[14.600253105163574, 5.503488063812256, -15.946585655212402]","[14.600253105163574, 5.503488063812256, -15.946585655212402]","[2.7359113693237305, 0.7826679944992065, 1.4626587629318237]","[2.7359113693237305, 0.7826679944992065, 1.4626587629318237]","[0.0025746477767825127, -0.005852974019944668, 0.8457887768745422, 0.5334796905517578]","[[-0.4307858247836247, -0.902452408611457, -0.001889669149919837], [0.9023921312252651, -0.43073056779621743, -0.012647804073290358], [0.0106001019259504, -0.007153714876339534, 0.9999182277678947]]","[-0.01842190884053707, -0.0329863615334034, 0.144560769200325]",[0.0],"[0.0025746477767825127, -0.005852974019944668, 0.8457887768745422, 0.5334796905517578]",[0.44],"[0.7293343544006348, 0.12983977794647217, 2.5263137245178218]","[269.0624084472656, 270.0443115234375, 43.19142150878906, 2.1372811794281006]"
1.5878949165344,"[14.690802574157715, 5.529363632202148, -15.893804550170898]","[14.690802574157715, 5.529363632202148, -15.893804550170898]","[2.7518484592437744, 0.7854984998703003, 1.7364494800567627]","[2.7518484592437744, 0.7854984998703003, 1.7364494800567627]","[0.0028007947839796543, -0.00637137982994318, 0.8472158312797546, 0.5312032103538513]","[[-0.43563051850396617, -0.900123228731614, -0.0020232394777925378], [0.900051849022036, -0.43556501844493534, -0.013771450079633374], [0.011514750202405832, -0.007820285356464118, 0.9999031221352812]]","[-0.01785801351070404, -0.02615361660718918, 0.18025532364845276]",[0.0],"[0.0028007947839796543, -0.00637137982994318, 0.8472158312797546, 0.5312032103538513]",[0.44],"[0.7968544960021973, 0.1415252685546875, 3.8795358562469477]","[244.1707000732422, 244.2510528564453, 30.429506301879883, 14.099783897399902]"
1.6198825836182,"[14.773576736450195, 5.552967548370361, -15.837989807128906]","[14.773576736450195, 5.552967548370361, -15.837989807128906]","[2.7662343978881836, 0.78807532787323, 1.9839297533035278]","[2.7662343978881836, 0.78807532787323, 1.9839297533035278]","[0.0029709874652326107, -0.0067590754479169846, 0.8487622737884521, 0.5287231206893921]","[[-0.44088616501490807, -0.8975606384985739, -0.0021040347748197963], [0.8974803139848446, -0.440812448346124, -0.014615356020057146], [0.012190683080371079, -0.008332036963469736, 0.9998909762651416]]","[-0.012332365848124027, -0.021850034594535828, 0.20882220566272736]",[0.0],"[0.0029709874652326107, -0.0067590754479169846, 0.8487622737884521, 0.5287231206893921]",[0.44],"[0.719296932220459, 0.12884140014648438, 2.5640136623382563]","[237.71435546875, 237.25482177734375, 61.29902648925781, 55.70989990234375]"
1.650886297226,"[14.865123748779297, 5.57902193069458, -15.768086433410645]","[14.865123748779297, 5.57902193069458, -15.768086433410645]","[2.781942129135132, 0.7909409403800964, 2.251707077026367]","[2.781942129135132, 0.7909409403800964, 2.251707077026367]","[0.003119691042229533, -0.0071028233505785465, 0.8506993651390076, 0.5255953073501587]","[[-0.4474797198949201, -0.8942915057944057, -0.0021585828658934048], [0.8942028713368805, -0.4473982846402189, -0.015364124574419713], [0.012774259622111456, -0.00880534468570704, 0.999879634856503]]","[-0.010369423776865005, -0.017704684287309647, 0.23649285733699799]",[0.0],"[0.003119691042229533, -0.0071028233505785465, 0.8506993651390076, 0.5255953073501587]",[0.44],"[0.7853865623474121, 0.14328062534332275, 3.5788661861419673]","[230.46710205078125, 230.36163330078125, 83.62845611572266, 80.50137329101562]"
1.6818964481354,"[14.948797225952148, 5.602789878845215, -15.696938514709473]","[14.948797225952148, 5.602789878845215, -15.696938514709473]","[2.796109437942505, 0.7935724854469299, 2.4906222820281982]","[2.796109437942505, 0.7935724854469299, 2.4906222820281982]","[0.0032323976047337055, -0.0073538534343242645, 0.8526451587677002, 0.522428572177887]","[[-0.45411569186066036, -0.890939926895248, -0.0021715499616219436], [0.8908448445823414, -0.45402843032854356, -0.015917848788832123], [0.01319590263717596, -0.009163061327423117, 0.9998709448907828]]","[-0.007423853501677513, -0.014901885762810707, 0.258637934923172]",[0.0],"[0.0032323976047337055, -0.0073538534343242645, 0.8526451587677002, 0.522428572177887]",[0.44],"[0.7083654403686523, 0.1315772533416748, 2.1357602500915522]","[224.19113159179688, 223.89988708496094, 99.06134033203125, 97.2099838256836]"
1.712878704071,"[15.032894134521484, 5.6266374588012695, -15.618693351745605]","[15.032894134521484, 5.6266374588012695, -15.618693351745605]","[2.810163974761963, 0.7962269186973572, 2.724855422973633]","[2.810163974761963, 0.7962269186973572, 2.724855422973633]","[0.0033255256712436676, -0.007558991201221943, 0.8547420501708984, 0.5189872980117798]","[[-0.46128222135666164, -0.8872508094690641, -0.002161107578164456], [0.8871502589919107, -0.4611900629026815, -0.016373786438287574], [0.013530974098703519, -0.009470164107937329, 0.9998636050620595]]","[-0.005736698862165213, -0.012567014433443546, 0.2782541811466217]",[0.0],"[0.0033255256712436676, -0.007558991201221943, 0.8547420501708984, 0.5189872980117798]",[0.44],"[0.7027268409729004, 0.1327216625213623, 1.901657047271728]","[218.34388732910156, 218.2953338623047, 111.0604248046875, 109.51904296875]"
1.7448859214783,"[15.125884056091309, 5.652961730957031, -15.524599075317383]","[15.125884056091309, 5.652961730957031, -15.524599075317383]","[2.8254902362823486, 0.7991708517074585, 2.9767065048217773]","[2.8254902362823486, 0.7991708517074585, 2.9767065048217773]","[0.0034127947874367237, -0.007738905027508736, 0.8571972250938416, 0.5149189233779907]","[[-0.46969394671921383, -0.8828269671253208, -0.002118940846567663], [0.8827213219463674, -0.4695974597536865, -0.01678216106500441], [0.013820693732989608, -0.009752910594376663, 0.999856924361428]]","[-0.003708949312567711, -0.010603447444736958, 0.2972548305988312]",[0.0],"[0.0034127947874367237, -0.007738905027508736, 0.8571972250938416, 0.5149189233779907]",[0.44],"[0.7663130760192871, 0.14719665050506592, 2.782554092407226]","[214.58558654785156, 214.47067260742188, 118.04800415039062, 116.9434585571289]"
1.7768790721893,"[15.219378471374512, 5.679383754730225, -15.422298431396484]","[15.219378471374512, 5.679383754730225, -15.422298431396484]","[2.8406717777252197, 0.8021368980407715, 3.2220959663391113]","[2.8406717777252197, 0.8021368980407715, 3.2220959663391113]","[0.0034869390074163675, -0.007881340570747852, 0.8597831130027771, 0.5105866193771362]","[[-0.47857823386787657, -0.8780424696390102, -0.0020521915270615143], [0.8779325426235428, -0.4784783202967753, -0.017113255860647325], [0.014044236625650547, -0.009991718261563365, 0.9998514514543329]]","[-0.0022038454189896584, -0.009060910902917385, 0.3138827979564667]",[0.0],"[0.0034869390074163675, -0.007881340570747852, 0.8597831130027771, 0.5105866193771362]",[0.44],"[0.7590770721435547, 0.14830231666564941, 2.4594730758666987]","[209.80369567871094, 209.77035522460938, 126.20580291748047, 125.326171875]"
1.807421207428,"[15.304805755615234, 5.703489303588867, -15.322360038757324]","[15.304805755615234, 5.703489303588867, -15.322360038757324]","[2.8543450832366943, 0.8048496842384338, 3.4392812252044678]","[2.8543450832366943, 0.8048496842384338, 3.4392812252044678]","[0.003546643303707242, -0.007983168587088585, 0.8622286915779114, 0.5064438581466675]","[[-0.48700409512169385, -0.8733974772377644, -0.001970018168462734], [0.8732842234321174, -0.4869017905177615, -0.017358985447381625], [0.014202088629458959, -0.01017428257458347, 0.9998473806811727]]","[-0.0009816591627895832, -0.007976188324391842, 0.3271901607513428]",[0.0],"[0.003546643303707242, -0.007983168587088585, 0.8622286915779114, 0.5064438581466675]",[0.44],"[0.6836652755737305, 0.13563930988311768, 1.0492629432678218]","[205.20477294921875, 205.1676483154297, 133.44281005859375, 132.83824157714844]"
1.8384058475494,"[15.390641212463379, 5.727675914764404, -15.215993881225586]","[15.390641212463379, 5.727675914764404, -15.215993881225586]","[2.8678948879241943, 0.807574987411499, 3.6506237983703613]","[2.8678948879241943, 0.807574987411499, 3.6506237983703613]","[0.0036005156580358744, -0.008064113557338715, 0.8647487759590149, 0.5021270513534546]","[[-0.49571095090016026, -0.8684855760018813, -0.0018713361084362334], [0.8683694361333558, -0.49560681847123655, -0.017562697277249295], [0.014325502140867391, -0.010331032034363308, 0.9998440127190612]]","[3.5129654861520976e-05, -0.0071238987147808075, 0.3389778137207031]",[0.0],"[0.0036005156580358744, -0.008064113557338715, 0.8647487759590149, 0.5021270513534546]",[0.44],"[0.677490234375, 0.13626515865325928, 0.7571286582946772]","[201.44020080566406, 201.44586181640625, 138.98219299316406, 138.49588012695312]"
1.8684203624725,"[15.476881980895996, 5.7519450187683105, -15.103379249572754]","[15.476881980895996, 5.7519450187683105, -15.103379249572754]","[2.8813202381134033, 0.8103094100952148, 3.8559415340423584]","[2.8813202381134033, 0.8103094100952148, 3.8559415340423584]","[0.003650463419035077, -0.00812721997499466, 0.867328941822052, 0.49765560030937195]","[[-0.5046510900533647, -0.8633215466547256, -0.0017568079222209654], [0.8632028741778569, -0.5045456384106684, -0.01773129333014893], [0.014421418219788179, -0.010464599073319716, 0.9998412448246087]]","[0.000918475619982928, -0.006458867806941271, 0.3487320840358734]",[0.0],"[0.003650463419035077, -0.00812721997499466, 0.867328941822052, 0.49765560030937195]",[0.44],"[0.6712675094604492, 0.13672113418579102, 0.455886783599853]","[195.1472625732422, 195.15321350097656, 147.64520263671875, 147.2732391357422]"
1.8994135856628,"[15.563523292541504, 5.776296138763428, -14.984695434570312]","[15.563523292541504, 5.776296138763428, -14.984695434570312]","[2.894620418548584, 0.8130494952201843, 4.0550856590271]","[2.894620418548584, 0.8130494952201843, 4.0550856590271]","[0.003697668667882681, -0.008175726048648357, 0.8699474930763245, 0.4930627942085266]","[[-0.5137509664124082, -0.8579379457539253, -0.00162873748475717], [0.8578170212497362, -0.5136446269267181, -0.017871270451087995], [0.014495847836162812, -0.010578539069313775, 0.9998389695000001]]","[0.001665495103225112, -0.005944877862930298, 0.3554003834724426]",[0.0],"[0.003697668667882681, -0.008175726048648357, 0.8699474930763245, 0.4930627942085266]",[0.44],"[0.6650090217590332, 0.13700425624847412, 0.14720624923706005]","[183.5167694091797, 183.54269409179688, 161.82977294921875, 161.556640625]"
1.9304127693176,"[15.659286499023438, 5.8031768798828125, -14.847359657287598]","[15.659286499023438, 5.8031768798828125, -14.847359657287598]","[2.909106969833374, 0.816066324710846, 4.266878604888916]","[2.909106969833374, 0.816066324710846, 4.266878604888916]","[0.003747969400137663, -0.008214798755943775, 0.8728363513946533, 0.4879295229911804]","[[-0.5238215584690629, -0.8518268267994422, -0.0014737578042024468], [0.8517036715419799, -0.5237146871811102, -0.017997839790348025], [0.014559213549622307, -0.010682860103969183, 0.9998369396135499]]","[0.002357272431254387, -0.005507132038474083, 0.3583053946495056]",[0.0],"[0.003747969400137663, -0.008214798755943775, 0.8728363513946533, 0.4879295229911804]",[0.44],"[0.724327564239502, 0.15084147453308105, 0.7796472930908198]","[179.21762084960938, 179.2423858642578, 166.54808044433594, 166.34512329101562]"
1.9614140987396,"[15.746757507324219, 5.827700614929199, -14.716546058654785]","[15.746757507324219, 5.827700614929199, -14.716546058654785]","[2.922147274017334, 0.8188084959983826, 4.452725410461426]","[2.922147274017334, 0.8188084959983826, 4.452725410461426]","[0.0037928270176053047, -0.008239668793976307, 0.8754541277885437, 0.4832161068916321]","[[-0.5329756440076685, -0.8461295740612148, -0.0013221892163024496], [0.846004567507543, -0.5328686307975705, -0.01809241432571529], [0.014603973490504352, -0.010761393903472749, 0.9998354446427602]]","[0.0028763930313289165, -0.005198612809181213, 0.3604401648044586]",[0.0],"[0.0037928270176053047, -0.008239668793976307, 0.8754541277885437, 0.4832161068916321]",[0.44],"[0.652015209197998, 0.13710856437683105, -0.5176597213745122]","[178.56991577148438, 178.59815979003906, 167.22305297851562, 167.055908203125]"
1.991929769516,"[15.834619522094727, 5.852306365966797, -14.580254554748535]","[15.834619522094727, 5.852306365966797, -14.580254554748535]","[2.935065984725952, 0.8215473890304565, 4.632147312164307]","[2.935065984725952, 0.8215473890304565, 4.632147312164307]","[0.003837181953713298, -0.008256152272224426, 0.8780609965324402, 0.4784621298313141]","[[-0.5421185553637682, -0.840301229762447, -0.0011619527804526963], [0.8401745083284227, -0.5420116751937756, -0.018170703083593795], [0.014639072021067873, -0.010826918083098006, 0.9998342239686239]]","[0.0033104114700108767, -0.004956199321895838, 0.3623306155204773]",[0.0],"[0.003837181953713298, -0.008256152272224426, 0.8780609965324402, 0.4784621298313141]",[0.44],"[0.6459355354309082, 0.13694465160369873, -0.8389049148559575]","[177.87722778320312, 177.9044647216797, 167.93995666503906, 167.81422424316406]"
2.0225255489349,"[15.922863006591797, 5.8769941329956055, -14.438673973083496]","[15.922863006591797, 5.8769941329956055, -14.438673973083496]","[2.9478654861450195, 0.8242801427841187, 4.805126190185547]","[2.9478654861450195, 0.8242801427841187, 4.805126190185547]","[0.00388129404745996, -0.008265706710517406, 0.8806500434875488, 0.4736793637275696]","[[-0.551225642004092, -0.8343556678081844, -0.0009944658474260182], [0.8342273412551701, -0.551119127076209, -0.01823536773782583], [0.01466671293416033, -0.010881412158464082, 0.9998332272981857]]","[0.0036719052586704493, -0.004766159225255251, 0.3621399700641632]",[0.0],"[0.00388129404745996, -0.008265706710517406, 0.8806500434875488, 0.4736793637275696]",[0.44],"[0.6399750709533691, 0.13663768768310547, -1.1610560989379888]","[167.7762451171875, 167.8042755126953, 178.01858520507812, 177.9269256591797]"
2.0535233020782,"[16.020374298095703, 5.904245376586914, -14.277060508728027]","[16.020374298095703, 5.904245376586914, -14.277060508728027]","[2.961808204650879, 0.8272759318351746, 4.987972259521484]","[2.961808204650879, 0.8272759318351746, 4.987972259521484]","[0.00393010675907135, -0.008269409649074078, 0.8834502100944519, 0.46843570470809937]","[[-0.5611053137037507, -0.8277442428057368, -0.000803266188977525], [0.8276142441547153, -0.5609994389101378, -0.018293228042190468], [0.014691480756958364, -0.010929218725135859, 0.9998323422498362]]","[0.003994319122284651, -0.00459997309371829, 0.3564862310886383]",[0.0],"[0.00393010675907135, -0.008269409649074078, 0.8834502100944519, 0.46843570470809937]",[0.44],"[0.6971359252929688, 0.1497894525527954, -0.6676965332031255]","[142.97972106933594, 143.00579833984375, 198.47637939453125, 198.416259765625]"
2.0842332839966,"[16.109420776367188, 5.929104804992676, -14.125009536743164]","[16.109420776367188, 5.929104804992676, -14.125009536743164]","[2.974363088607788, 0.829988420009613, 5.147477626800537]","[2.974363088607788, 0.829988420009613, 5.147477626800537]","[0.003975427243858576, -0.008267395198345184, 0.8859085440635681, 0.46376922726631165]","[[-0.5698045965363931, -0.8217799746741828, -0.0006245970420087343], [0.8216485089617539, -0.5696995049332045, -0.018335673728603702], [0.014712056888558311, -0.010960950444852763, 0.9998316923097263]]","[0.004216768313199282, -0.0044702826999127865, 0.3461862802505493]",[0.0],"[0.003975427243858576, -0.008267395198345184, 0.8859085440635681, 0.46376922726631165]",[0.44],"[0.627744197845459, 0.13562440872192383, -1.8347316360473638]","[133.44334411621094, 133.45529174804688, 205.00941467285156, 204.96206665039062]"
2.1152503490448,"[16.198837280273438, 5.95404577255249, -13.968270301818848]","[16.198837280273438, 5.95404577255249, -13.968270301818848]","[2.986807346343994, 0.8326907157897949, 5.300642013549805]","[2.986807346343994, 0.8326907157897949, 5.300642013549805]","[0.004021700005978346, -0.008261086419224739, 0.8882604241371155, 0.45924827456474304]","[[-0.5781496532741484, -0.8159305815208374, -0.0004431454619932551], [0.815797687075631, -0.5780455103183728, -0.018369909830273007], [0.014732413274243517, -0.010982074676022718, 0.9998311607604721]]","[0.004368099849671125, -0.004343500826507807, 0.3333452045917511]",[0.0],"[0.004021700005978346, -0.008261086419224739, 0.8882604241371155, 0.45924827456474304]",[0.44],"[0.6222128868103027, 0.13511478900909424, -2.1517806625366216]","[134.19009399414062, 134.18528747558594, 204.51995849609375, 204.48634338378906]"
2.1461329460144,"[16.297630310058594, 5.981574058532715, -13.790665626525879]","[16.297630310058594, 5.981574058532715, -13.790665626525879]","[3.000372886657715, 0.8356526494026184, 5.461895942687988]","[3.000372886657715, 0.8356526494026184, 5.461895942687988]","[0.004073259886354208, -0.00825019832700491, 0.8907235264778137, 0.4544523060321808]","[[-0.5869129327870148, -0.8096499316937171, -0.00024234648939236436], [0.8095155108861176, -0.5868099841343486, -0.01839949619278644], [0.01475494013032852, -0.010995086799098247, 0.9998306855629266]]","[0.004465607926249504, -0.004203350283205509, 0.3192460536956787]",[0.0],"[0.004073259886354208, -0.00825019832700491, 0.8907235264778137, 0.4544523060321808]",[0.44],"[0.6782770156860352, 0.14809668064117432, -1.7473035430908208]","[118.54578399658203, 118.51922607421875, 213.96917724609375, 213.94631958007812]"
2.1771242618561,"[16.387828826904297, 6.00668478012085, -13.624687194824219]","[16.387828826904297, 6.00668478012085, -13.624687194824219]","[3.012596845626831, 0.8383371233940125, 5.602024078369141]","[3.012596845626831, 0.8383371233940125, 5.602024078369141]","[0.004120690748095512, -0.008237318135797977, 0.8928310871124268, 0.4502975046634674]","[[-0.5944304070488562, -0.8041471081066559, -6.032600278543798e-05], [0.8040113343441307, -0.5943286604131985, -0.018420140934865326], [0.01477664920389038, -0.010997993889436342, 0.9998303329953764]]","[0.004503757692873478, -0.004074430093169212, 0.3013143539428711]",[0.0],"[0.004120690748095512, -0.008237318135797977, 0.8928310871124268, 0.4502975046634674]",[0.44],"[0.6111979484558105, 0.13422369956970215, -2.8035932159423833]","[106.7974853515625, 106.7509765625, 220.06961059570312, 220.05372619628906]"
2.2077505588531,"[16.478389739990234, 6.031875133514404, -13.454596519470215]","[16.478389739990234, 6.031875133514404, -13.454596519470215]","[3.0247228145599365, 0.8410164713859558, 5.736110687255859]","[3.0247228145599365, 0.8410164713859558, 5.736110687255859]","[0.0041685765609145164, -0.008222091943025589, 0.8947954773902893, 0.4463811218738556]","[[-0.6014530983080706, -0.7989081669297698, 0.0001196736563674472], [0.7987710692507483, -0.6013526467773198, -0.018435729134369028], [0.014800420159078453, -0.010992633606856705, 0.9998300403470725]]","[0.004483616445213556, -0.003931793384253979, 0.2831035852432251]",[0.0],"[0.0041685765609145164, -0.008222091943025589, 0.8947954773902893, 0.4463811218738556]",[0.44],"[0.6062984466552734, 0.13396739959716797, -3.105669555664063]","[114.83283233642578, 114.76324462890625, 215.98973083496094, 215.9791717529297]"
2.2386665344238,"[16.56931495666504, 6.0571465492248535, -13.280571937561035]","[16.56931495666504, 6.0571465492248535, -13.280571937561035]","[3.0367541313171387, 0.8436939716339111, 5.864283561706543]","[3.0367541313171387, 0.8436939716339111, 5.864283561706543]","[0.0042162202298641205, -0.008205227553844452, 0.8966284990310669, 0.44268760085105896]","[[-0.6080199820678285, -0.7939218282743044, 0.00029606143207816515], [0.7937834480886918, -0.6079208835754613, -0.018447018568060303], [0.01482547143307178, -0.010981144895187311, 0.9998297954555259]]","[0.00442021619528532, -0.003778003389015794, 0.26691335439682007]",[0.0],"[0.0042162202298641205, -0.008205227553844452, 0.8966284990310669, 0.44268760085105896]",[0.44],"[0.6015658378601074, 0.1338750123977661, -3.401356277465821]","[123.60209655761719, 123.52339172363281, 211.0961456298828, 211.08920288085938]"
2.2696645259857,"[16.66974449157715, 6.0850372314453125, -13.084810256958008]","[16.66974449157715, 6.0850372314453125, -13.084810256958008]","[3.049884080886841, 0.84663987159729, 5.998610973358154]","[3.049884080886841, 0.84663987159729, 5.998610973358154]","[0.0042676785960793495, -0.008185443468391895, 0.8985117673873901, 0.4388524293899536]","[[-0.6147807952367714, -0.7886980095906131, 0.00048471537253336194], [0.7885582782230551, -0.6146832184284219, -0.0184551967947586], [0.014853522379485007, -0.010963672315778883, 0.9998295708692526]]","[0.004319176543504, -0.003604171797633171, 0.25123128294944763]",[0.0],"[0.0042676785960793495, -0.008185443468391895, 0.8985117673873901, 0.4388524293899536]",[0.44],"[0.6564974784851074, 0.1472949981689453, -3.093629417419434]","[128.9681854248047, 128.8865509033203, 207.86195373535156, 207.8572235107422]"
2.3006565570831,"[16.76142120361328, 6.110477447509766, -12.903092384338379]","[16.76142120361328, 6.110477447509766, -12.903092384338379]","[3.0617289543151855, 0.8493205904960632, 6.114831447601318]","[3.0617289543151855, 0.8493205904960632, 6.114831447601318]","[0.004313147626817226, -0.00816680584102869, 0.9001176953315735, 0.43554890155792236]","[[-0.6205571243333368, -0.7841609962274947, 0.000650594376357394], [0.7840200976705671, -0.6204609373829482, -0.01845934632592916], [0.014878767629544876, -0.01094499948145955, 0.9998294000798085]]","[0.004203361459076405, -0.0034450097009539604, 0.23868122696876526]",[0.0],"[0.004313147626817226, -0.00816680584102869, 0.9001176953315735, 0.43554890155792236]",[0.44],"[0.5922436714172363, 0.13403594493865967, -3.9989762878417974]","[135.25502014160156, 135.17135620117188, 203.8272705078125, 203.82583618164062]"
2.3316705226898,"[16.853452682495117, 6.135997772216797, -12.717968940734863]","[16.853452682495117, 6.135997772216797, -12.717968940734863]","[3.0734894275665283, 0.8520050644874573, 6.22559928894043]","[3.0734894275665283, 0.8520050644874573, 6.22559928894043]","[0.004357111640274525, -0.008147911168634892, 0.9016348719596863, 0.4323994219303131]","[[-0.6260236615803436, -0.779803797572354, 0.0008107434332714214], [0.7796617921379669, -0.6259288535112113, -0.018460906795623122], [0.014903351750300498, -0.01092485657746095, 0.9998292542434845]]","[0.004080645274370909, -0.003291153348982334, 0.22756464779376984]",[0.0],"[0.004357111640274525, -0.008147911168634892, 0.9016348719596863, 0.4323994219303131]",[0.44],"[0.5880236625671387, 0.13422369956970215, -4.271607933044434]","[140.52316284179688, 140.4435272216797, 200.23086547851562, 200.23036193847656]"
2.3626923561096,"[16.955093383789062, 6.164163112640381, -12.51059341430664]","[16.955093383789062, 6.164163112640381, -12.51059341430664]","[3.086332321166992, 0.8549632430076599, 6.341342449188232]","[3.086332321166992, 0.8549632430076599, 6.341342449188232]","[0.004403550643473864, -0.008127061650156975, 0.9032135009765625, 0.42909207940101624]","[[-0.6317213549548086, -0.7751950944093282, 0.0009801772210670245], [0.7750519426990918, -0.6316280392092171, -0.018460001016093047], [0.014929208352611467, -0.010901886206669514, 0.9998291192213298]]","[0.003935971762984991, -0.003125435207039118, 0.21679727733135223]",[0.0],"[0.004403550643473864, -0.008127061650156975, 0.9032135009765625, 0.42909207940101624]",[0.44],"[0.6421446800231934, 0.14790892601013184, -4.022841987609864]","[145.3459930419922, 145.27027893066406, 196.7562713623047, 196.7582550048828]"
2.3936929702759,"[17.04785919189453, 6.189852714538574, -12.31883716583252]","[17.04785919189453, 6.189852714538574, -12.31883716583252]","[3.0979254245758057, 0.8576576113700867, 6.441202640533447]","[3.0979254245758057, 0.8576576113700867, 6.441202640533447]","[0.0044439397752285, -0.008108272217214108, 0.904576301574707, 0.42621147632598877]","[[-0.6366480588978476, -0.7711536672341464, 0.0011280878682902173], [0.7710095365404885, -0.6365560679426023, -0.018457218053424818], [0.01495144255689751, -0.01088098552420913, 0.9998290146418514]]","[0.003805705113336444, -0.0029852634761482477, 0.20818039774894714]",[0.0],"[0.0044439397752285, -0.008108272217214108, 0.904576301574707, 0.42621147632598877]",[0.44],"[0.5796551704406738, 0.1347184181213379, -4.816990432739258]","[148.11856079101562, 148.045654296875, 194.67735290527344, 194.67884826660156]"
2.4246938228607,"[17.140972137451172, 6.215623378753662, -12.124159812927246]","[17.140972137451172, 6.215623378753662, -12.124159812927246]","[3.1094424724578857, 0.8603566884994507, 6.536136627197266]","[3.1094424724578857, 0.8603566884994507, 6.536136627197266]","[0.004482566379010677, -0.008089755661785603, 0.9058784246444702, 0.4234369397163391]","[[-0.641362328766029, -0.7672373015065134, 0.0012703175786060728], [0.7670922500395377, -0.6412716272753787, -0.018452838608521316], [0.014972323100523766, -0.010860501850106785, 0.9998289249039808]]","[0.00367425917647779, -0.0028514903970062733, 0.20054778456687927]",[0.0],"[0.004482566379010677, -0.008089755661785603, 0.9058784246444702, 0.4234369397163391]",[0.44],"[0.5758523941040039, 0.13495385646820068, -5.0633006668090825]","[151.4471435546875, 151.37896728515625, 192.0973663330078, 192.10028076171875]"
2.4556932449341,"[17.24379539489746, 6.244064807891846, -11.906814575195312]","[17.24379539489746, 6.244064807891846, -11.906814575195312]","[3.122025728225708, 0.863330602645874, 6.635083198547363]","[3.122025728225708, 0.863330602645874, 6.635083198547363]","[0.004523102194070816, -0.008069785311818123, 0.907246470451355, 0.4204976260662079]","[[-0.6463225591628403, -0.7630629750907807, 0.0014204858691561073], [0.7629169732361825, -0.6462332331997986, -0.018446475953017627], [0.014993788135090003, -0.01083866101277109, 0.9998288402231263]]","[0.003537572920322418, -0.0027153578121215105, 0.19215500354766846]",[0.0],"[0.004523102194070816, -0.008069785311818123, 0.907246470451355, 0.4204976260662079]",[0.44],"[0.6291627883911133, 0.148695707321167, -4.862671432495118]","[146.2233428955078, 146.15708923339844, 196.10081481933594, 196.10470581054688]"
2.4857006072998,"[17.337629318237305, 6.270005702972412, -11.706469535827637]","[17.337629318237305, 6.270005702972412, -11.706469535827637]","[3.133389949798584, 0.8660381436347961, 6.720245838165283]","[3.133389949798584, 0.8660381436347961, 6.720245838165283]","[0.004558444023132324, -0.008051950484514236, 0.9084271192550659, 0.4179408848285675]","[[-0.6506093298093256, -0.7594110767785791, 0.001551549724251755], [0.7592642593163363, -0.6505212208199396, -0.018439540623002237], [0.015012506964626526, -0.010818900109124563, 0.9998287733629658]]","[0.0034137803595513105, -0.0025985667016357183, 0.18306735157966614]",[0.0],"[0.004558444023132324, -0.008051950484514236, 0.9084271192550659, 0.4179408848285675]",[0.44],"[0.5682110786437988, 0.13537704944610596, -5.551868019104004]","[143.55406188964844, 143.48699951171875, 198.0634307861328, 198.06649780273438]"
2.5158264636993,"[17.43180274963379, 6.296028137207031, -11.50363540649414]","[17.43180274963379, 6.296028137207031, -11.50363540649414]","[3.144684314727783, 0.8687495589256287, 6.801031589508057]","[3.144684314727783, 0.8687495589256287, 6.801031589508057]","[0.004592505283653736, -0.00803436990827322, 0.9095422625541687, 0.415508508682251]","[[-0.6546633569439586, -0.7559188939672351, 0.0016774571753964684], [0.7557713024222169, -0.6545764369538736, -0.01843164801218855], [0.015030853410549105, -0.010798747926083263, 0.9998287155907933]]","[0.0032882315572351217, -0.0024822568520903587, 0.17363028228282928]",[0.0],"[0.004592505283653736, -0.00803436990827322, 0.9095422625541687, 0.415508508682251]",[0.44],"[0.5647182464599609, 0.13557076454162598, -5.770712432861329]","[144.6945037841797, 144.62744140625, 197.23126220703125, 197.23587036132812]"
2.5467023849487,"[17.52631378173828, 6.322132110595703, -11.298439979553223]","[17.52631378173828, 6.322132110595703, -11.298439979553223]","[3.155911684036255, 0.8714650273323059, 6.877616882324219]","[3.155911684036255, 0.8714650273323059, 6.877616882324219]","[0.004625304602086544, -0.008017117157578468, 0.9105936288833618, 0.41319915652275085]","[[-0.658490062260976, -0.7525872019969607, 0.001798213710098806], [0.752438875561423, -0.6584043008112634, -0.018423015531890796], [0.015048877899120794, -0.010778327690918965, 0.9998286647796392]]","[0.003161064116284251, -0.002369874157011509, 0.164556622505188]",[0.0],"[0.004625304602086544, -0.008017117157578468, 0.9105936288833618, 0.41319915652275085]",[0.44],"[0.561368465423584, 0.1357734203338623, -5.980735359191895]","[145.01031494140625, 144.94363403320312, 196.9989776611328, 197.00381469726562]"
2.5768721103668,"[17.62116241455078, 6.3483171463012695, -11.091008186340332]","[17.62116241455078, 6.3483171463012695, -11.091008186340332]","[3.1670737266540527, 0.874184787273407, 6.950177192687988]","[3.1670737266540527, 0.874184787273407, 6.950177192687988]","[0.004656847100704908, -0.008000247180461884, 0.9115833044052124, 0.4110111892223358]","[[-0.6620962496505491, -0.7494163878934004, 0.001913825920912271], [0.7492673641818512, -0.662011614190491, -0.018413816051422477], [0.015066590351769382, -0.010757750991873233, 0.9998286196402644]]","[0.0030317786149680614, -0.0022589846048504114, 0.1556263417005539]",[0.0],"[0.004656847100704908, -0.008000247180461884, 0.9115833044052124, 0.4110111892223358]",[0.44],"[0.5581021308898926, 0.1359879970550537, -6.181984481811524]","[146.54202270507812, 146.47637939453125, 195.86239624023438, 195.86672973632812]"
2.6076197624207,"[17.71634292602539, 6.374584197998047, -10.881458282470703]","[17.71634292602539, 6.374584197998047, -10.881458282470703]","[3.1781723499298096, 0.8769090175628662, 7.018884181976318]","[3.1781723499298096, 0.8769090175628662, 7.018884181976318]","[0.004687090869992971, -0.007983816787600517, 0.9125152826309204, 0.40893787145614624]","[[-0.6654957647309732, -0.7463989564501303, 0.0020243140134624804], [0.7462492729510388, -0.6654122197116243, -0.01840416759221447], [0.015083854186331291, -0.010737251737428621, 0.999828579697357]]","[0.0029027622658759356, -0.002150209853425622, 0.14753779768943787]",[0.0],"[0.004687090869992971, -0.007983816787600517, 0.9125152826309204, 0.40893787145614624]",[0.44],"[0.5549311637878418, 0.13621151447296143, -6.374650535583497]","[150.05902099609375, 149.99444580078125, 193.1810760498047, 193.1858367919922]"
2.63862657547,"[17.821426391601562, 6.403572082519531, -10.648642539978027]","[17.821426391601562, 6.403572082519531, -10.648642539978027]","[3.190309762954712, 0.8799108862876892, 7.090214252471924]","[3.190309762954712, 0.8799108862876892, 7.090214252471924]","[0.00471877958625555, -0.00796635914593935, 0.9134815335273743, 0.4067749083042145]","[[-0.6690239499471309, -0.7432379170622111, 0.0021400060034449386], [0.7430875510905525, -0.6689415579526141, -0.018393206205538803], [0.015102066047876617, -0.010715281671511201, 0.9998285404823485]]","[0.0027639814652502537, -0.0020349971018731594, 0.1397019624710083]",[0.0],"[0.00471877958625555, -0.00796635914593935, 0.9134815335273743, 0.4067749083042145]",[0.44],"[0.6068706512451172, 0.1500934362411499, -6.243496475219727]","[153.10910034179688, 153.0497283935547, 190.77130126953125, 190.77587890625]"
2.6696326732635,"[17.91730308532715, 6.430010795593262, -10.435005187988281]","[17.91730308532715, 6.430010795593262, -10.435005187988281]","[3.2012810707092285, 0.8826443552970886, 7.1513800621032715]","[3.2012810707092285, 0.8826443552970886, 7.1513800621032715]","[0.00474614417180419, -0.007951069623231888, 0.9143120646476746, 0.4049046039581299]","[[-0.6720595421368938, -0.7404938027061172, 0.002240064359999183], [0.7403428550151097, -0.671978154889586, -0.018382989019174234], [0.015117763147352081, -0.010696046514323987, 0.9998285092146939]]","[0.0026402834337204695, -0.0019342227606102824, 0.13284610211849213]",[0.0],"[0.00474614417180419, -0.007951069623231888, 0.9143120646476746, 0.4049046039581299]",[0.44],"[0.5485653877258301, 0.1366734504699707, -6.751709518432618]","[149.9233856201172, 149.86447143554688, 193.28379821777344, 193.2892608642578]"
2.7003004550934,"[18.013507843017578, 6.456532001495361, -10.219583511352539]","[18.013507843017578, 6.456532001495361, -10.219583511352539]","[3.2121944427490234, 0.885381817817688, 7.209205150604248]","[3.2121944427490234, 0.885381817817688, 7.209205150604248]","[0.004772336687892675, -0.007936274632811546, 0.9150924682617188, 0.40313780307769775]","[[-0.6749144198487442, -0.737892483685145, 0.0023354340780135097], [0.7377409853867636, -0.6748340013335747, -0.018372668940893067], [0.015133083358385147, -0.010677031629276468, 0.99982848069498]]","[0.0025225761346518993, -0.0018393628997728229, 0.12414215505123138]",[0.0],"[0.004772336687892675, -0.007936274632811546, 0.9150924682617188, 0.40313780307769775]",[0.44],"[0.5456686019897461, 0.13687312602996826, -6.918745574951172]","[140.3943328857422, 140.33242797851562, 200.31280517578125, 200.316650390625]"
2.7323009967804,"[18.119709014892578, 6.485799789428711, -9.980674743652344]","[18.119709014892578, 6.485799789428711, -9.980674743652344]","[3.2241342067718506, 0.8883982300758362, 7.2691450119018555]","[3.2241342067718506, 0.8883982300758362, 7.2691450119018555]","[0.004800204653292894, -0.007920339703559875, 0.9158751368522644, 0.40135639905929565]","[[-0.6777799961703477, -0.7352607323329303, 0.0024350181420126904], [0.7351086553269275, -0.6777006165377351, -0.01836127012861527], [0.015150534233001334, -0.010654898711042027, 0.9998284525085335]]","[0.0023886878043413162, -0.0017334093572571874, 0.11169211566448212]",[0.0],"[0.004800204653292894, -0.007920339703559875, 0.9158751368522644, 0.40135639905929565]",[0.44],"[0.5969882011413574, 0.15082061290740967, -6.813006935119629]","[139.04925537109375, 138.98342895507812, 201.24977111816406, 201.25404357910156]"
2.7630438804626,"[18.216596603393555, 6.512493133544922, -9.761818885803223]","[18.216596603393555, 6.512493133544922, -9.761818885803223]","[3.234931707382202, 0.8911464810371399, 7.3204665184021]","[3.234931707382202, 0.8911464810371399, 7.3204665184021]","[0.00482471939176321, -0.007906169630587101, 0.9165120720863342, 0.39989975094795227]","[[-0.6801137715964272, -0.733102188836096, 0.002520476601511945], [0.7329496086363709, -0.6800353123943903, -0.01835100798711059], [0.015167177666408127, -0.010633391654471136, 0.9998284291291263]]","[0.002256460255011916, -0.0016319635324180126, 0.10013724118471146]",[0.0],"[0.00482471939176321, -0.007906169630587101, 0.9165120720863342, 0.39989975094795227]",[0.44],"[0.5398750305175781, 0.13741254806518555, -7.2439246749877935]","[137.7738800048828, 137.7027130126953, 202.1263885498047, 202.13113403320312]"
2.7937304973602,"[18.31380844116211, 6.53926944732666, -9.541464805603027]","[18.31380844116211, 6.53926944732666, -9.541464805603027]","[3.245676279067993, 0.8939021825790405, 7.368921279907227]","[3.245676279067993, 0.8939021825790405, 7.368921279907227]","[0.0048483130522072315, -0.007892419584095478, 0.9170792102813721, 0.3985975682735443]","[[-0.6821931364343929, -0.7311676161065207, 0.002600775702200242], [0.7310145564229885, -0.6821155681395146, -0.018340999424460408], [0.015184372718260064, -0.010610896253105656, 0.9998284071473128]]","[0.0021167751401662827, -0.0015252386219799519, 0.08941444009542465]",[0.0],"[0.0048483130522072315, -0.007892419584095478, 0.9170792102813721, 0.3985975682735443]",[0.44],"[0.5372285842895508, 0.13778507709503174, -7.387261924743653]","[141.37661743164062, 141.30490112304688, 199.62428283691406, 199.6283416748047]"
2.8246283531189,"[18.421112060546875, 6.568819046020508, -9.29744815826416]","[18.421112060546875, 6.568819046020508, -9.29744815826416]","[3.257436513900757, 0.8969437479972839, 7.41908073425293]","[3.257436513900757, 0.8969437479972839, 7.41908073425293]","[0.004873135592788458, -0.007877822034060955, 0.9176217913627625, 0.39734676480293274]","[[-0.6841836241276109, -0.7293048796112265, 0.002682936626561605], [0.7291513208314351, -0.6841069988686217, -0.01833037165834514], [0.015203845022271123, -0.010585073009383078, 0.999828384938988]]","[0.0019589310977607965, -0.0014064073329791427, 0.07513681799173355]",[0.0],"[0.004873135592788458, -0.007877822034060955, 0.9176217913627625, 0.39734676480293274]",[0.44],"[0.5880117416381836, 0.1520782709121704, -7.302027282714844]","[126.7323989868164, 126.65127563476562, 209.2277069091797, 209.2316131591797]"
2.8566293716431,"[18.51899528503418, 6.595769882202148, -9.074220657348633]","[18.51899528503418, 6.595769882202148, -9.074220657348633]","[3.2680749893188477, 0.8997203707695007, 7.461972236633301]","[3.2680749893188477, 0.8997203707695007, 7.461972236633301]","[0.004894936457276344, -0.007864894345402718, 0.9180248379707336, 0.3964146673679352]","[[-0.6856629193885122, -0.7279140178754698, 0.0027518275445027607], [0.727760025243214, -0.685587127068225, -0.0183211859291873], [0.015222865447769851, -0.010559487499193776, 0.9998283660680297]]","[0.0018030350329354405, -0.0012906320625916123, 0.06036888808012009]",[0.0],"[0.004894936457276344, -0.007864894345402718, 0.9180248379707336, 0.3964146673679352]",[0.44],"[0.531923770904541, 0.13883113861083984, -7.665424880981446]","[126.3803482055664, 126.28730010986328, 209.4437713623047, 209.44827270507812]"
2.8872985839844,"[18.627038955688477, 6.62551212310791, -8.827232360839844]","[18.627038955688477, 6.62551212310791, -8.827232360839844]","[3.279722213745117, 0.9027909636497498, 7.5063371658325195]","[3.279722213745117, 0.9027909636497498, 7.5063371658325195]","[0.004917839076370001, -0.007851227186620235, 0.9183686375617981, 0.39561760425567627]","[[-0.6869251924508983, -0.7267228225752077, 0.0028206109645527166], [0.7265683782877844, -0.6868502791965887, -0.018311809056146044], [0.01524494572470364, -0.010529474202112254, 0.999828346180966]]","[0.00161823071539402, -0.0011567905312404037, 0.04498644173145294]",[0.0],"[0.004917839076370001, -0.007851227186620235, 0.9183686375617981, 0.39561760425567627]",[0.44],"[0.5823612213134766, 0.15352964401245117, -7.591753540039063]","[129.20962524414062, 129.11502075195312, 207.7115020751953, 207.7158203125]"
2.9193773269653,"[18.725587844848633, 6.6526384353637695, -8.601461410522461]","[18.725587844848633, 6.6526384353637695, -8.601461410522461]","[3.2902629375457764, 0.9056001305580139, 7.544243812561035]","[3.2902629375457764, 0.9056001305580139, 7.544243812561035]","[0.004937456455081701, -0.007839451543986797, 0.918596088886261, 0.39508911967277527]","[[-0.687760463035292, -0.7259320540871149, 0.002876492358906302], [0.7257772262845942, -0.6876863059867626, -0.018304049703161046], [0.015265620395830792, -0.010501108406117482, 0.9998283290464873]]","[0.0014410462463274598, -0.0010275559034198523, 0.03197106346487999]",[0.0],"[0.004937456455081701, -0.007839451543986797, 0.918596088886261, 0.39508911967277527]",[0.44],"[0.527036190032959, 0.140458345413208, -7.914667663574219]","[133.58384704589844, 133.48846435546875, 204.92636108398438, 204.93197631835938]"
2.9508881568909,"[18.834360122680664, 6.682575225830078, -8.351842880249023]","[18.834360122680664, 6.682575225830078, -8.351842880249023]","[3.301806688308716, 0.9087127447128296, 7.583423137664795]","[3.301806688308716, 0.9087127447128296, 7.583423137664795]","[0.004957402125000954, -0.007827425375580788, 0.9187620282173157, 0.39470306038856506]","[[-0.6883698661640116, -0.7253539760027398, 0.0029303281606997134], [0.7251987612219789, -0.688296480659649, -0.01829648600820588], [0.015288363163519114, -0.010469678846947272, 0.9998283111523215]]","[0.00124360213521868, -0.0008852039463818073, 0.01898503303527832]",[0.0],"[0.004957402125000954, -0.007827425375580788, 0.9187620282173157, 0.39470306038856506]",[0.44],"[0.5771875381469727, 0.1556307077407837, -7.851033744812012]","[134.8210906982422, 134.72830200195312, 204.11451721191406, 204.1190185546875]"
2.9828987121582,"[18.943511962890625, 6.712615013122559, -8.100973129272461]","[18.943511962890625, 6.712615013122559, -8.100973129272461]","[3.3132987022399902, 0.9118518829345703, 7.620108127593994]","[3.3132987022399902, 0.9118518829345703, 7.620108127593994]","[0.0049756309017539024, -0.007816365920007229, 0.9188417196273804, 0.3945176303386688]","[[-0.6886624026079939, -0.7250762984710253, 0.002976246186755016], [0.7249207330637812, -0.688589725261344, -0.018289954431952193], [0.01531102282923974, -0.01043805798075298, 0.9998282950418681]]","[0.0010467079700902104, -0.0007439120672643185, 0.005092687904834747]",[0.0],"[0.0049756309017539024, -0.007816365920007229, 0.9188417196273804, 0.3945176303386688]",[0.44],"[0.5746006965637207, 0.15695691108703613, -7.97575050354004]","[130.46768188476562, 130.37156677246094, 206.92388916015625, 206.92919921875]"
3.01389503479,"[19.043067932128906, 6.740014553070068, -7.87189245223999]","[19.043067932128906, 6.740014553070068, -7.87189245223999]","[3.3237037658691406, 0.9147313833236694, 7.6514177322387695]","[3.3237037658691406, 0.9147313833236694, 7.6514177322387695]","[0.004990800749510527, -0.007807108573615551, 0.9188347458839417, 0.3945337235927582]","[[-0.6886364823757758, -0.7251005147666358, 0.0030111070447848], [0.7249446598733531, -0.6885643966714579, -0.018284963651480607], [0.015331777508950761, -0.010408806837824941, 0.999828281927197]]","[0.0008672995609231293, -0.0006145612569525838, -0.006963059771806002]",[0.0],"[0.004990800749510527, -0.007807108573615551, 0.9188347458839417, 0.3945337235927582]",[0.44],"[0.5202531814575195, 0.14397501945495605, -8.244519767761231]","[139.81869506835938, 139.72647094726562, 200.72474670410156, 200.73011779785156]"
3.0448899269104,"[19.14293670654297, 6.767500400543213, -7.6418986320495605]","[19.14293670654297, 6.767500400543213, -7.6418986320495605]","[3.3340697288513184, 0.9176377654075623, 7.680890083312988]","[3.3340697288513184, 0.9176377654075623, 7.680890083312988]","[0.005004372447729111, -0.007798783015459776, 0.9187633991241455, 0.39469996094703674]","[[-0.6883740091733523, -0.7253498115374307, 0.003039309777844862], [0.7251936994780371, -0.688302454627499, -0.018280924003997168], [0.01535202718439041, -0.010380021565264741, 0.9998282704797644]]","[0.0006820477428846061, -0.00048550229985266924, -0.01695135235786438]",[0.0],"[0.005004372447729111, -0.007798783015459776, 0.9187633991241455, 0.39469996094703674]",[0.44],"[0.5182981491088867, 0.1453191041946411, -8.336382446289063]","[143.82872009277344, 143.7401123046875, 197.87045288085938, 197.87649536132812]"
3.075888633728,"[19.253150939941406, 6.7978363037109375, -7.387916088104248]","[19.253150939941406, 6.7978363037109375, -7.387916088104248]","[3.3454301357269287, 0.9208681583404541, 7.711307048797607]","[3.3454301357269287, 0.9208681583404541, 7.711307048797607]","[0.005017335992306471, -0.0077908155508339405, 0.918620765209198, 0.39503172039985657]","[[-0.6878496141609591, -0.7258468608297897, 0.0030628195164006666], [0.7256905042726991, -0.6877785678679844, -0.01827762362355148], [0.015373296597856217, -0.010349596148091694, 0.9998282590651864]]","[0.0004923469969071448, -0.0003514845739118755, -0.02661207504570484]",[0.0],"[0.005017335992306471, -0.0077908155508339405, 0.918620765209198, 0.39503172039985657]",[0.44],"[0.5680203437805176, 0.16151964664459229, -8.289151725769043]","[147.78684997558594, 147.70750427246094, 194.9298095703125, 194.9350128173828]"
3.1079256534576,"[19.353670120239258, 6.825507640838623, -7.156177997589111]","[19.353670120239258, 6.825507640838623, -7.156177997589111]","[3.3557207584381104, 0.9238365292549133, 7.73723840713501]","[3.3557207584381104, 0.9238365292549133, 7.73723840713501]","[0.005027350969612598, -0.007784644607454538, 0.9184396266937256, 0.39545273780822754]","[[-0.6871838971459487, -0.7264772020564313, 0.0030777186498147646], [0.7263206574939697, -0.6871132442781633, -0.01827561158414004], [0.015391554741342572, -0.010323292764715442, 0.999828250101128]]","[0.0003223387466277927, -0.00023353437427431345, -0.03434281051158905]",[0.0],"[0.005027350969612598, -0.007784644607454538, 0.9184396266937256, 0.39545273780822754]",[0.44],"[0.514531135559082, 0.14841854572296143, -8.513432083129883]","[151.16587829589844, 151.09022521972656, 192.3209228515625, 192.32533264160156]"
3.1388907432556,"[19.464597702026367, 6.856049060821533, -6.900397777557373]","[19.464597702026367, 6.856049060821533, -6.900397777557373]","[3.367002010345459, 0.9271380305290222, 7.763981342315674]","[3.367002010345459, 0.9271380305290222, 7.763981342315674]","[0.005036396440118551, -0.007779034785926342, 0.9181903600692749, 0.39603111147880554]","[[-0.6862681014126908, -0.727342254300926, 0.003087261736602731], [0.7271855410885124, -0.6861978052264934, -0.018274408862218344], [0.015410220906613536, -0.010296130142106147, 0.9998282426573947]]","[0.00015045440522953868, -0.00011337888281559572, -0.04183020815253258]",[0.0],"[0.005036396440118551, -0.007779034785926342, 0.9181903600692749, 0.39603111147880554]",[0.44],"[0.5640625953674316, 0.16507506370544434, -8.472853240966797]","[154.0590362548828, 153.9921112060547, 190.0077362060547, 190.0133056640625]"
3.1698892116547,"[19.565763473510742, 6.883909225463867, -6.667128562927246]","[19.565763473510742, 6.883909225463867, -6.667128562927246]","[3.377224922180176, 0.930173397064209, 7.786764621734619]","[3.377224922180176, 0.930173397064209, 7.786764621734619]","[0.00504294503480196, -0.0077749621123075485, 0.9179235100746155, 0.3966492712497711]","[[-0.6852880407671011, -0.7282658000814164, 0.0030902095032347976], [0.7281089652550963, -0.6852180032846535, -0.01827420197166668], [0.015425941726600279, -0.010273080079639285, 0.9998282373390563]]","[2.8535077944980003e-06, -1.176298701466294e-05, -0.047878995537757874]",[0.0],"[0.00504294503480196, -0.0077749621123075485, 0.9179235100746155, 0.3966492712497711]",[0.44],"[0.5111455917358398, 0.15176832675933838, -8.670836029052735]","[155.90646362304688, 155.8415069580078, 188.49472045898438, 188.4995574951172]"
3.199901342392,"[19.667234420776367, 6.911861419677734, -6.433196067810059]","[19.667234420776367, 6.911861419677734, -6.433196067810059]","[3.387417793273926, 0.9332420229911804, 7.808175563812256]","[3.387417793273926, 0.9332420229911804, 7.808175563812256]","[0.00504805613309145, -0.007771778851747513, 0.9176165461540222, 0.3973586857318878]","[[-0.6841610526443145, -0.7293242743229881, 0.0030879920066194666], [0.7291673448193977, -0.6840912172927192, -0.01827480363591888], [0.015440727327936554, -0.010251247833734822, 0.9998282331655134]]","[-0.00013607706932816654, 8.195231930585578e-05, -0.055055275559425354]",[0.0],"[0.00504805613309145, -0.007771778851747513, 0.9176165461540222, 0.3973586857318878]",[0.44],"[0.5096435546875, 0.15343129634857178, -8.739452896118165]","[152.7875213623047, 152.72708129882812, 191.02899169921875, 191.0342559814453]"
3.2318911552429,"[19.769010543823242, 6.939904689788818, -6.198641300201416]","[19.769010543823242, 6.939904689788818, -6.198641300201416]","[3.397582530975342, 0.9363448023796082, 7.828289985656738]","[3.397582530975342, 0.9363448023796082, 7.828289985656738]","[0.005051876418292522, -0.007769390009343624, 0.9172689318656921, 0.398160457611084]","[[-0.68288531357429, -0.7305189353244939, 0.0030809308092908383], [0.7303619353318029, -0.682815629642747, -0.0182761550032412], [0.015454786335207804, -0.010230325297233223, 0.999828230247074]]","[-0.00026839482598006725, 0.00017325481167063117, -0.061332620680332184]",[0.0],"[0.005051876418292522, -0.007769390009343624, 0.9172689318656921, 0.398160457611084]",[0.44],"[0.5082368850708008, 0.15513896942138672, -8.80427890777588]","[155.72445678710938, 155.66717529296875, 188.6417999267578, 188.64688110351562]"
3.2623693943024,"[19.881317138671875, 6.970861911773682, -5.939955711364746]","[19.881317138671875, 6.970861911773682, -5.939955711364746]","[3.4087331295013428, 0.9397982358932495, 7.849006175994873]","[3.4087331295013428, 0.9397982358932495, 7.849006175994873]","[0.005054585635662079, -0.007767698727548122, 0.9168451428413391, 0.399135559797287]","[[-0.6813307061905549, -0.7319695236676237, 0.0030678150183515718], [0.7318124736739821, -0.6812611295754074, -0.018278483433281312], [0.015469274138177946, -0.010208623964348074, 0.9998282280410596]]","[-0.00040729413740336895, 0.00026499753585085273, -0.06741049885749817]",[0.0],"[0.005054585635662079, -0.007767698727548122, 0.9168451428413391, 0.399135559797287]",[0.44],"[0.5575299263000488, 0.17267167568206787, -8.774190483093262]","[157.982666015625, 157.93055725097656, 186.75286865234375, 186.75794982910156]"
3.2933752536774,"[19.983734130859375, 6.999104976654053, -5.7042131423950195]","[19.983734130859375, 6.999104976654053, -5.7042131423950195]","[3.4188432693481445, 0.9429752230644226, 7.866631507873535]","[3.4188432693481445, 0.9429752230644226, 7.866631507873535]","[0.005055733025074005, -0.007766985334455967, 0.9164261817932129, 0.4000965356826782]","[[-0.6797945454745451, -0.7333964166972589, 0.0030513243746408403], [0.7332393454802162, -0.6797250142250153, -0.018281299965535958], [0.015481500074696841, -0.010190174890861492, 0.999828227004787]]","[-0.0005251987022347748, 0.00034462270559743047, -0.0722740963101387]",[0.0],"[0.005055733025074005, -0.007766985334455967, 0.9164261817932129, 0.4000965356826782]",[0.44],"[0.5055069923400879, 0.15884935855865479, -8.928733406066895]","[159.42877197265625, 159.37942504882812, 185.51858520507812, 185.52430725097656]"
3.3243715763092,"[20.08645248413086, 7.0274434089660645, -5.467957973480225]","[20.08645248413086, 7.0274434089660645, -5.467957973480225]","[3.4289302825927734, 0.9461886286735535, 7.883174419403076]","[3.4289302825927734, 0.9461886286735535, 7.883174419403076]","[0.005055680871009827, -0.007767023053020239, 0.9159786701202393, 0.4011200964450836]","[[-0.6781545015246966, -0.7349134401802873, 0.0030307736093224957], [0.734756369820792, -0.6780849680486232, -0.01828472529094749], [0.01549280975379716, -0.010172984496647386, 0.9998282268876487]]","[-0.0006343228160403669, 0.00041715969564393163, -0.07658181339502335]",[0.0],"[0.005055680871009827, -0.007767023053020239, 0.9159786701202393, 0.4011200964450836]",[0.44],"[0.5043506622314453, 0.16067028045654297, -8.98285442352295]","[161.18276977539062, 161.1383056640625, 183.99517822265625, 184.00022888183594]"
3.3563697338104,"[20.199790954589844, 7.0587263107299805, -5.207522869110107]","[20.199790954589844, 7.0587263107299805, -5.207522869110107]","[3.4400010108947754, 0.9497655630111694, 7.90019416809082]","[3.4400010108947754, 0.9497655630111694, 7.90019416809082]","[0.005054314620792866, -0.007767893373966217, 0.9154568314552307, 0.40230950713157654]","[[-0.6762431008510399, -0.7366724960800828, 0.00300381898639579], [0.7365154505718716, -0.6761735127086732, -0.018289139758384587], [0.015504208405319742, -0.010155544462468191, 0.9998282274724895]]","[-0.0007466903189197183, 0.000491520157083869, -0.08075384050607681]",[0.0],"[0.005054314620792866, -0.007767893373966217, 0.9154568314552307, 0.40230950713157654]",[0.44],"[0.5535364151000977, 0.17884671688079834, -8.959012565612793]","[162.7021942138672, 162.66159057617188, 182.6517333984375, 182.65621948242188]"
3.3862590789795,"[20.303144454956055, 7.0872697830200195, -4.970292568206787]","[20.303144454956055, 7.0872697830200195, -4.970292568206787]","[3.4500434398651123, 0.9530560374259949, 7.9146599769592285]","[3.4500434398651123, 0.9530560374259949, 7.9146599769592285]","[0.005051946733146906, -0.0077693872153759, 0.9149585366249084, 0.40344151854515076]","[[-0.6744189742409927, -0.7383430239043265, 0.002975656827461093], [0.7381860217828815, -0.674349291817177, -0.018293664437365215], [0.015513630332807227, -0.01014100419084521, 0.999828228913006]]","[-0.0008409324218519032, 0.0005523401778191328, -0.08409231901168823]",[0.0],"[0.005051946733146906, -0.0077693872153759, 0.9149585366249084, 0.40344151854515076]",[0.44],"[0.5021214485168457, 0.16452372074127197, -9.08670955657959]","[163.79364013671875, 163.75689697265625, 181.67152404785156, 181.677001953125]"
3.4172756671906,"[20.40679931640625, 7.115911960601807, -4.73264217376709]","[20.40679931640625, 7.115911960601807, -4.73264217376709]","[3.460066795349121, 0.9563833475112915, 7.928224086761475]","[3.460066795349121, 0.9563833475112915, 7.928224086761475]","[0.005048597231507301, -0.007771509699523449, 0.9144396781921387, 0.4046160578727722]","[[-0.6725206428303039, -0.7400724259498065, 0.002944320018720137], [0.7399154850603918, -0.6724508267722962, -0.018298640676598366], [0.015522230492084899, -0.010127666638198862, 0.9998282306059685]]","[-0.0009253739262931049, 0.00060841761296615, -0.08704919368028641]",[0.0],"[0.005048597231507301, -0.007771509699523449, 0.9144396781921387, 0.4046160578727722]",[0.44],"[0.5011677742004395, 0.16636550426483154, -9.131794509887696]","[164.96783447265625, 164.93414306640625, 180.60531616210938, 180.60955810546875]"
3.4492783546448,"[20.52116584777832, 7.147533893585205, -4.4707722663879395]","[20.52116584777832, 7.147533893585205, -4.4707722663879395]","[3.471071720123291, 0.9600860476493835, 7.942163944244385]","[3.471071720123291, 0.9600860476493835, 7.942163944244385]","[0.005043862387537956, -0.007774501107633114, 0.9138477444648743, 0.40595126152038574]","[[-0.6703562858620216, -0.742033716433587, 0.002906507467814956], [0.7418768623787123, -0.6702862812226451, -0.018304545201412892], [0.015530781597156151, -0.01011429600478786, 0.999828233169486]]","[-0.0010119305225089192, 0.0006641019135713577, -0.08991290628910065]",[0.0],"[0.005043862387537956, -0.007774501107633114, 0.9138477444648743, 0.40595126152038574]",[0.44],"[0.5502462387084961, 0.18513500690460205, -9.113007125854493]","[165.988037109375, 165.95779418945312, 179.66612243652344, 179.67140197753906]"
3.4802770614624,"[20.625450134277344, 7.176388740539551, -4.232323169708252]","[20.625450134277344, 7.176388740539551, -4.232323169708252]","[3.4810590744018555, 0.963490903377533, 7.954000949859619]","[3.4810590744018555, 0.963490903377533, 7.954000949859619]","[0.0050386711955070496, -0.007777784951031208, 0.9132922291755676, 0.4071994423866272]","[[-0.6683263796224441, -0.7438625523146569, 0.0028693391063286944], [0.7437057935106666, -0.6682561681597878, -0.018310269314311012], [0.015537777886580728, -0.010103292909590889, 0.9998282357076782]]","[-0.0010829312959685922, 0.0007098382920958102, -0.09220445156097412]",[0.0],"[0.0050386711955070496, -0.007777784951031208, 0.9132922291755676, 0.4071994423866272]",[0.44],"[0.49936771392822266, 0.1702427864074707, -9.218149719238282]","[166.8750457763672, 166.84890747070312, 178.84161376953125, 178.84515380859375]"
3.511278629303,"[20.740509033203125, 7.20824670791626, -3.969633102416992]","[20.740509033203125, 7.20824670791626, -3.969633102416992]","[3.4920270442962646, 0.9672785401344299, 7.966156959533691]","[3.4920270442962646, 0.9672785401344299, 7.966156959533691]","[0.0050320811569690704, -0.007781947031617165, 0.912663996219635, 0.40860557556152344]","[[-0.6660322573903936, -0.7459175137172527, 0.0028257047043553918], [0.7457608761611634, -0.6659617836727285, -0.018316878587321783], [0.015544692487728273, -0.010092332917659208, 0.9998282389192535]]","[-0.001154058612883091, 0.000755388755351305, -0.09442377835512161]",[0.0],"[0.0050320811569690704, -0.007781947031617165, 0.912663996219635, 0.40860557556152344]",[0.44],"[0.548398494720459, 0.18938183784484863, -9.202199516296387]","[167.44815063476562, 167.42269897460938, 178.3043212890625, 178.30892944335938]"
3.5425291061401,"[20.845420837402344, 7.23731803894043, -3.7304868698120117]","[20.845420837402344, 7.23731803894043, -3.7304868698120117]","[3.5019826889038086, 0.9707601070404053, 7.97646951675415]","[3.5019826889038086, 0.9707601070404053, 7.97646951675415]","[0.005025353282690048, -0.007786207366734743, 0.9120787382125854, 0.40991032123565674]","[[-0.6638964994492396, -0.747819234031367, 0.002783742236485476], [0.7476627202603665, -0.6638257577501556, -0.018323156737886204], [0.015550329288108178, -0.010083380024165645, 0.9998282415984527]]","[-0.00121186429169029, 0.0007916413014754653, -0.09619966894388199]",[0.0],"[0.005025353282690048, -0.007786207366734743, 0.9120787382125854, 0.40991032123565674]",[0.44],"[0.49778223037719727, 0.1740783452987671, -9.294372138977051]","[168.1460723876953, 168.1251220703125, 177.64471435546875, 177.6483612060547]"
3.5738015174866,"[20.950632095336914, 7.266494274139404, -3.491041421890259]","[20.950632095336914, 7.266494274139404, -3.491041421890259]","[3.511924982070923, 0.9742779731750488, 7.986121654510498]","[3.511924982070923, 0.9742779731750488, 7.986121654510498]","[0.005018006078898907, -0.007790846284478903, 0.9114813208580017, 0.41123709082603455]","[[-0.6617177911177516, -0.7497480424918626, 0.002739867695532666], [0.7495916644358014, -0.6616467573161107, -0.018329602167224457], [0.015555407539940364, -0.010075241280689484, 0.9998282446583275]]","[-0.0012632575817406178, 0.0008247796795330942, -0.09777253866195679]",[0.0],"[0.005018006078898907, -0.007790846284478903, 0.9114813208580017, 0.41123709082603455]",[0.44],"[0.4971146583557129, 0.17589330673217773, -9.327393112182618]","[168.7554931640625, 168.7362518310547, 177.06446838378906, 177.06942749023438]"
3.6049797534943,"[21.066707611083984, 7.298710823059082, -3.227328300476074]","[21.066707611083984, 7.298710823059082, -3.227328300476074]","[3.5228474140167236, 0.9781889319419861, 7.996023178100586]","[3.5228474140167236, 0.9781889319419861, 7.996023178100586]","[0.0050092702731490135, -0.007796378806233406, 0.9108113646507263, 0.4127187430858612]","[[-0.6592762509988173, -0.7518959515511161, 0.0026895772637225424], [0.751739734876747, -0.6592048695311756, -0.018336900301501757], [0.015560423909842136, -0.01006722137785604, 0.9998282473776805]]","[-0.0013164577540010214, 0.0008563435985706747, -0.09929583221673965]",[0.0],"[0.0050092702731490135, -0.007796378806233406, 0.9108113646507263, 0.4127187430858612]",[0.44],"[0.5461215972900391, 0.1955479383468628, -9.314923820495606]","[169.33169555664062, 169.31414794921875, 176.513671875, 176.5167694091797]"
3.6359758377075,"[21.172544479370117, 7.328111171722412, -2.9873151779174805]","[21.172544479370117, 7.328111171722412, -2.9873151779174805]","[3.532764434814453, 0.9817816615104675, 8.004413604736328]","[3.532764434814453, 0.9817816615104675, 8.004413604736328]","[0.00500076450407505, -0.007801739498972893, 0.9101917147636414, 0.41408342123031616]","[[-0.6570196495271754, -0.7538686277735464, 0.002642166871621665], [0.7537125691257204, -0.6569479305400061, -0.018343624654647783], [0.015564450804751218, -0.010060689956189695, 0.9998282504303299]]","[-0.001357599045149982, 0.0008849331643432379, -0.10051475465297699]",[0.0],"[0.00500076450407505, -0.007801739498972893, 0.9101917147636414, 0.41408342123031616]",[0.44],"[0.4958510398864746, 0.17963647842407227, -9.390478668212891]","[169.6699981689453, 169.6551055908203, 176.18675231933594, 176.1908416748047]"
3.6669766902924,"[21.289306640625, 7.360576152801514, -2.723020553588867]","[21.289306640625, 7.360576152801514, -2.723020553588867]","[3.543661117553711, 0.9857742190361023, 8.01301383972168]","[3.543661117553711, 0.9857742190361023, 8.01301383972168]","[0.004990871995687485, -0.007807966787368059, 0.9094995856285095, 0.41560155153274536]","[[-0.6545009212075663, -0.7560568149367598, 0.002588385801712778], [0.7559009406856304, -0.6544288101234157, -0.018351113405242925], [0.01556839824629802, -0.010054256825606733, 0.9998282537027401]]","[-0.0013999029761180282, 0.0009093309054151177, -0.1016952320933342]",[0.0],"[0.004990871995687485, -0.007807966787368059, 0.9094995856285095, 0.41560155153274536]",[0.44],"[0.5448341369628906, 0.19962787628173828, -9.379988250732422]","[170.08468627929688, 170.07110595703125, 175.78619384765625, 175.78958129882812]"
3.6976103782654,"[21.395767211914062, 7.390204906463623, -2.4825148582458496]","[21.395767211914062, 7.390204906463623, -2.4825148582458496]","[3.5535569190979004, 0.9894402027130127, 8.020295143127441]","[3.5535569190979004, 0.9894402027130127, 8.020295143127441]","[0.004981514997780323, -0.007813851349055767, 0.9088577628135681, 0.4170033037662506]","[[-0.6521669785987783, -0.7580712291290941, 0.002538173497220464], [0.7579155298583511, -0.6520944970363143, -0.018357975335792254], [0.01557178080799898, -0.010048742488450169, 0.9998282564708435]]","[-0.001433100551366806, 0.0009311711764894426, -0.1042073667049408]",[0.0],"[0.004981514997780323, -0.007813851349055767, 0.9088577628135681, 0.4170033037662506]",[0.44],"[0.49479007720947266, 0.18329918384552002, -9.445934829711915]","[164.39881896972656, 164.38525390625, 181.11474609375, 181.1179656982422]"
3.7286107540131,"[21.50252342224121, 7.4199442863464355, -2.241797685623169]","[21.50252342224121, 7.4199442863464355, -2.241797685623169]","[3.563443660736084, 0.9931409358978271, 8.027095794677734]","[3.563443660736084, 0.9931409358978271, 8.027095794677734]","[0.004971974994987249, -0.007819839753210545, 0.9081957936286926, 0.41844308376312256]","[[-0.6497614989172336, -0.7601342571888088, 0.002486737831215169], [0.7599787369979376, -0.6496886402004032, -0.018364868240023702], [0.015575369274682671, -0.0100429140428413, 0.9998282591417667]]","[-0.001469662762247026, 0.0009524095803499222, -0.10701750963926315]",[0.0],"[0.004971974994987249, -0.007819839753210545, 0.9081957936286926, 0.41844308376312256]",[0.44],"[0.4943370819091797, 0.18503665924072266, -9.469967422485352]","[165.16680908203125, 165.1533966064453, 180.41427612304688, 180.4181671142578]"
3.7606117725372,"[21.620298385620117, 7.452786445617676, -1.9767813682556152]","[21.620298385620117, 7.452786445617676, -1.9767813682556152]","[3.574310064315796, 0.9972521066665649, 8.034056663513184]","[3.574310064315796, 0.9972521066665649, 8.034056663513184]","[0.00496120098978281, -0.00782659463584423, 0.9074457287788391, 0.42006710171699524]","[[-0.6470380125251045, -0.7624538531252949, 0.002428651445597785], [0.762298535889079, -0.646964728388439, -0.018372494387987548], [0.015579431145569256, -0.010036345104733335, 0.9998282618022903]]","[-0.0015103440964594483, 0.0009785721777006984, -0.10974198579788208]",[0.0],"[0.00496120098978281, -0.00782659463584423, 0.9074457287788391, 0.42006710171699524]",[0.44],"[0.5433201789855957, 0.20555853843688965, -9.46195655822754]","[166.16172790527344, 166.14723205566406, 179.49911499023438, 179.50262451171875]"
3.7921826839447,"[21.727678298950195, 7.482760906219482, -1.7356650829315186]","[21.727678298950195, 7.482760906219482, -1.7356650829315186]","[3.5841805934906006, 1.0010261535644531, 8.039941787719727]","[3.5841805934906006, 1.0010261535644531, 8.039941787719727]","[0.004951097071170807, -0.007832908071577549, 0.906745970249176, 0.4215755760669708]","[[-0.6444992180239548, -0.7646014724848255, 0.0023744491700833925], [0.7644463465319776, -0.6444255358506554, -0.018379438858355024], [0.015583100100303116, -0.010030392458585724, 0.9998282643778681]]","[-0.001547731808386743, 0.001001540687866509, -0.11192205548286438]",[0.0],"[0.004951097071170807, -0.007832908071577549, 0.906745970249176, 0.4215755760669708]",[0.44],"[0.4935264587402344, 0.18870234489440918, -9.515743789672852]","[167.0999755859375, 167.08627319335938, 178.62533569335938, 178.62954711914062]"
3.8231847286224,"[21.84613800048828, 7.515864372253418, -1.4702407121658325]","[21.84613800048828, 7.515864372253418, -1.4702407121658325]","[3.5950305461883545, 1.0052183866500854, 8.045960426330566]","[3.5950305461883545, 1.0052183866500854, 8.045960426330566]","[0.004939616657793522, -0.007840069010853767, 0.9059582948684692, 0.42326563596725464]","[[-0.6416437974461584, -0.766999481545593, 0.0023133097773846423], [0.7668445738036559, -0.6415696637074204, -0.01838709107763925], [0.015587036961009382, -0.010024011133257571, 0.9998282670103582]]","[-0.001588079729117453, 0.001026041922159493, -0.11403334140777588]",[0.0],"[0.004939616657793522, -0.007840069010853767, 0.9059582948684692, 0.42326563596725464]",[0.44],"[0.5424976348876953, 0.2096116542816162, -9.509068069458008]","[167.84420776367188, 167.8308868408203, 177.92613220214844, 177.93019104003906]"
3.8541829586029,"[21.954137802124023, 7.546079158782959, -1.2287797927856445]","[21.954137802124023, 7.546079158782959, -1.2287797927856445]","[3.604888677597046, 1.009066104888916, 8.051041603088379]","[3.604888677597046, 1.009066104888916, 8.051041603088379]","[0.004928830079734325, -0.007846777327358723, 0.9052274227142334, 0.4248264729976654]","[[-0.6389965174965571, -0.7692064973691491, 0.0022563868273888787], [0.769051795640669, -0.6389219603996166, -0.018394031030871505], [0.015590461772908293, -0.010018441035758163, 0.9998282694392399]]","[-0.0016230528708547354, 0.0010484763188287616, -0.11572273075580597]",[0.0],"[0.004928830079734325, -0.007846777327358723, 0.9052274227142334, 0.4248264729976654]",[0.44],"[0.4929065704345703, 0.19238591194152832, -9.555941162109375]","[168.49252319335938, 168.47987365722656, 177.3118896484375, 177.3162384033203]"
3.8860065937042,"[22.062435150146484, 7.576409816741943, -0.9871714115142822]","[22.062435150146484, 7.576409816741943, -0.9871714115142822]","[3.6147420406341553, 1.0129491090774536, 8.05577278137207]","[3.6147420406341553, 1.0129491090774536, 8.05577278137207]","[0.0049177007749676704, -0.007853677496314049, 0.9044836759567261, 0.4264076054096222]","[[-0.636304800644816, -0.7714346808654204, 0.0021982245186705773], [0.7712801927217805, -0.6362298077062079, -0.01840093620643951], [0.01559369577812142, -0.01001315616013948, 0.9998282719377436]]","[-0.0016570664010941982, 0.0010692786891013384, -0.11721894890069962]",[0.0],"[0.0049177007749676704, -0.007853677496314049, 0.9044836759567261, 0.4264076054096222]",[0.44],"[0.49266815185546875, 0.19415020942687988, -9.57344108581543]","[168.91128540039062, 168.89886474609375, 176.91290283203125, 176.9172821044922]"
3.9170074462891,"[22.181901931762695, 7.6099090576171875, -0.7212445139884949]","[22.181901931762695, 7.6099090576171875, -0.7212445139884949]","[3.6255764961242676, 1.0172605514526367, 8.060602188110352]","[3.6255764961242676, 1.0172605514526367, 8.060602188110352]","[0.004905074834823608, -0.007861482910811901, 0.903652012348175, 0.42816731333732605]","[[-0.6332975246689265, -0.773905630961953, 0.0021329014568742255], [0.7737513863139922, -0.6332220383600831, -0.018408475132281832], [0.015597021523952759, -0.01000770427730202, 0.9998282746546155]]","[-0.0016904340591281652, 0.0010908761760219932, -0.11866794526576996]",[0.0],"[0.004905074834823608, -0.007861482910811901, 0.903652012348175, 0.42816731333732605]",[0.44],"[0.5417227745056152, 0.21557211875915527, -9.568529663085938]","[169.42225646972656, 169.41180419921875, 176.42333984375, 176.42645263671875]"
3.9478869438171,"[22.29081916809082, 7.640486240386963, -0.4793594479560852]","[22.29081916809082, 7.640486240386963, -0.4793594479560852]","[3.635422468185425, 1.0212163925170898, 8.064671516418457]","[3.635422468185425, 1.0212163925170898, 8.064671516418457]","[0.004893271252512932, -0.007868741638958454, 0.9028845429420471, 0.42978328466415405]","[[-0.6305248299573001, -0.7761663768507636, 0.002072410701102867], [0.7760123613017422, -0.63044888397444, -0.01841522277975549], [0.01559982521216352, -0.010003038013124743, 0.9998282776029374]]","[-0.001720272353850305, 0.0011085099540650845, -0.11982737481594086]",[0.0],"[0.004893271252512932, -0.007868741638958454, 0.9028845429420471, 0.42978328466415405]",[0.44],"[0.49229860305786133, 0.19779205322265625, -9.606533584594727]","[169.86923217773438, 169.8582000732422, 175.9927215576172, 175.99700927734375]"
3.9786009788513,"[22.40003204345703, 7.671182632446289, -0.23735663294792175]","[22.40003204345703, 7.671182632446289, -0.23735663294792175]","[3.645266532897949, 1.0252065658569336, 8.068452835083008]","[3.645266532897949, 1.0252065658569336, 8.068452835083008]","[0.0048811486922204494, -0.007876193150877953, 0.9021071791648865, 0.43141263723373413]","[[-0.627718794238757, -0.7784377642018129, 0.0020108600384816655], [0.7782839847222206, -0.6276423766267683, -0.01842191923187425], [0.015602417072811792, -0.009998762311710985, 0.999828279937789]]","[-0.0017499467357993126, 0.001125804497860372, -0.1208542212843895]",[0.0],"[0.0048811486922204494, -0.007876193150877953, 0.9021071791648865, 0.43141263723373413]",[0.44],"[0.4922032356262207, 0.1995086669921875, -9.620934066772461]","[170.19158935546875, 170.1815643310547, 175.6804656982422, 175.68487548828125]"
4.0106179714203,"[22.5205078125, 7.705088138580322, 0.02897239662706852]","[22.5205078125, 7.705088138580322, 0.02897239662706852]","[3.656092643737793, 1.0296354293823242, 8.072301864624023]","[3.656092643737793, 1.0296354293823242, 8.072301864624023]","[0.004867480602115393, -0.007884574122726917, 0.9012414216995239, 0.4332183301448822]","[[-0.6245965333921517, -0.7809453635553314, 0.0019420662051880533], [0.780791851508938, -0.6245195851087821, -0.01842917322064544], [0.015605034346593272, -0.009994445946801295, 0.9998282822469825]]","[-0.0017762602074071765, 0.0011429915903136134, -0.12184866517782211]",[0.0],"[0.004867480602115393, -0.007884574122726917, 0.9012414216995239, 0.4332183301448822]",[0.44],"[0.5413055419921875, 0.22144317626953125, -9.61754852294922]","[170.5401611328125, 170.53076171875, 175.34262084960938, 175.34544372558594]"
4.0413851737976,"[22.630340576171875, 7.736038684844971, 0.27119573950767517]","[22.630340576171875, 7.736038684844971, 0.27119573950767517]","[3.6659345626831055, 1.0336970090866089, 8.075535774230957]","[3.6659345626831055, 1.0336970090866089, 8.075535774230957]","[0.00485475966706872, -0.007892332971096039, 0.9004454016685486, 0.4348704516887665]","[[-0.6217284206115208, -0.7832308278489233, 0.0018786072287985678], [0.7830775663297747, -0.6216509801549175, -0.018435612923038164], [0.015607176844873283, -0.009990846806003845, 0.9998282847776967]]","[-0.0018001768039539456, 0.0011561444262042642, -0.12264437228441238]",[0.0],"[0.00485475966706872, -0.007892332971096039, 0.9004454016685486, 0.4348704516887665]",[0.44],"[0.492095947265625, 0.2030789852142334, -9.64830451965332]","[170.84414672851562, 170.83615112304688, 175.04510498046875, 175.04928588867188]"
4.0723865032196,"[22.751497268676758, 7.770225524902344, 0.5377490520477295]","[22.751497268676758, 7.770225524902344, 0.5377490520477295]","[3.676760673522949, 1.0382037162780762, 8.078819274902344]","[3.676760673522949, 1.0382037162780762, 8.078819274902344]","[0.004840485751628876, -0.007901023142039776, 0.8995606303215027, 0.43669769167900085]","[[-0.6185435075822205, -0.7857485911532992, 0.001807903691532775], [0.7855956119935298, -0.6184655158534618, -0.018442556624359008], [0.015609337963657322, -0.009987240806993314, 0.9998282870619944]]","[-0.0018227531109005213, 0.001170452102087438, -0.12341494858264923]",[0.0],"[0.004840485751628876, -0.007901023142039776, 0.8995606303215027, 0.43669769167900085]",[0.44],"[0.5413055419921875, 0.22533535957336426, -9.645824966430665]","[171.10952758789062, 171.10301208496094, 174.7850341796875, 174.7891082763672]"
4.1043853759766,"[22.789445877075195, 7.780943393707275, 0.6210899353027344]","[22.789445877075195, 7.780943393707275, 0.6210899353027344]","[0.0, 0.0, 0.0]","[0.0, 0.0, 0.0]","[0.0, 0.0, 0.8990485072135925, 0.4378490149974823]","[[-0.6165764366459783, -0.7872950066368567, 0.0], [0.7872950066368567, -0.6165764366459783, 0.0], [0.0, 0.0, 1.0]]","[0.0, 0.0, 0.0]",[0.0],"[0.0, 0.0, 0.8990485072135925, 0.4378490149974823]",[0.44],"[-183.83803367614746, -51.91018581390381, -413.7509637451172]","[146.4909210205078, 157.19676208496094, 169.14854431152344, 211.8350830078125]"
4.1359360218048,"[22.789445877075195, 7.780943393707275, 0.6210899353027344]","[22.789445877075195, 7.780943393707275, 0.6210899353027344]","[0.0, 0.0, 0.0]","[0.0, 0.0, 0.0]","[0.0, 0.0, 0.8990485072135925, 0.4378490149974823]","[[-0.6165764366459783, -0.7872950066368567, 0.0], [0.7872950066368567, -0.6165764366459783, 0.0], [0.0, 0.0, 1.0]]","[0.0, 0.0, 0.0]",[0.0],"[0.0, 0.0, 0.8990485072135925, 0.4378490149974823]",[0.44],"[0.0, 0.0, -9.81]","[109.26873016357422, 138.25909423828125, 162.35894775390625, 249.47962951660156]"
4.1659381389618,"[22.789445877075195, 7.780943393707275, 0.6210899353027344]","[22.789445877075195, 7.780943393707275, 0.6210899353027344]","[0.0, 0.0, 0.0]","[0.0, 0.0, 0.0]","[0.0, 0.0, 0.8990485072135925, 0.4378490149974823]","[[-0.6165764366459783, -0.7872950066368567, 0.0], [0.7872950066368567, -0.6165764366459783, 0.0], [0.0, 0.0, 1.0]]","[0.0, 0.0, 0.0]",[0.0],"[0.0, 0.0, 0.8990485072135925, 0.4378490149974823]",[0.44],"[0.0, 0.0, -9.81]","[106.69441223144531, 136.35305786132812, 163.7644500732422, 250.7211456298828]"
4.1979384422302,"[22.789445877075195, 7.780943393707275, 0.6210899353027344]","[22.789445877075195, 7.780943393707275, 0.6210899353027344]","[0.0, 0.0, 0.0]","[0.0, 0.0, 0.0]","[0.0, 0.0, 0.8990485072135925, 0.4378490149974823]","[[-0.6165764366459783, -0.7872950066368567, 0.0], [0.7872950066368567, -0.6165764366459783, 0.0], [0.0, 0.0, 1.0]]","[0.0, 0.0, 0.0]",[0.0],"[0.0, 0.0, 0.8990485072135925, 0.4378490149974823]",[0.44],"[0.0, 0.0, -9.81]","[102.39022827148438, 133.01219177246094, 166.4892120361328, 252.5095672607422]"
4.2285389900208,"[22.789445877075195, 7.780943393707275, 0.6210899353027344]","[22.789445877075195, 7.780943393707275, 0.6210899353027344]","[0.0, 0.0, 0.0]","[0.0, 0.0, 0.0]","[0.0, 0.0, 0.8990485072135925, 0.4378490149974823]","[[-0.6165764366459783, -0.7872950066368567, 0.0], [0.7872950066368567, -0.6165764366459783, 0.0], [0.0, 0.0, 1.0]]","[0.0, 0.0, 0.0]",[0.0],"[0.0, 0.0, 0.8990485072135925, 0.4378490149974823]",[0.44],"[0.0, 0.0, -9.81]","[102.2314682006836, 132.8900146484375, 166.58676147460938, 252.57386779785156]"
4.2591621875763,"[22.789445877075195, 7.780943393707275, 0.6210899353027344]","[22.789445877075195, 7.780943393707275, 0.6210899353027344]","[0.0, 0.0, 0.0]","[0.0, 0.0, 0.0]","[0.0, 0.0, 0.8990485072135925, 0.4378490149974823]","[[-0.6165764366459783, -0.7872950066368567, 0.0], [0.7872950066368567, -0.6165764366459783, 0.0], [0.0, 0.0, 1.0]]","[0.0, 0.0, 0.0]",[0.0],"[0.0, 0.0, 0.8990485072135925, 0.4378490149974823]",[0.44],"[0.0, 0.0, -9.81]","[102.23014831542969, 132.88900756835938, 166.5875701904297, 252.57440185546875]"
4.2911531925201,"[22.789445877075195, 7.780943393707275, 0.6210899353027344]","[22.789445877075195, 7.780943393707275, 0.6210899353027344]","[0.0, 0.0, 0.0]","[0.0, 0.0, 0.0]","[0.0, 0.0, 0.8990485072135925, 0.4378490149974823]","[[-0.6165764366459783, -0.7872950066368567, 0.0], [0.7872950066368567, -0.6165764366459783, 0.0], [0.0, 0.0, 1.0]]","[0.0, 0.0, 0.0]",[0.0],"[0.0, 0.0, 0.8990485072135925, 0.4378490149974823]",[0.44],"[0.0, 0.0, -9.81]","[89.4369888305664, 123.31851959228516, 173.7913818359375, 257.3827209472656]"
4.322160243988,"[22.789445877075195, 7.780943393707275, 0.6210899353027344]","[22.789445877075195, 7.780943393707275, 0.6210899353027344]","[0.0, 0.0, 0.0]","[0.0, 0.0, 0.0]","[0.0, 0.0, 0.8990485072135925, 0.4378490149974823]","[[-0.6165764366459783, -0.7872950066368567, 0.0], [0.7872950066368567, -0.6165764366459783, 0.0], [0.0, 0.0, 1.0]]","[0.0, 0.0, 0.0]",[0.0],"[0.0, 0.0, 0.8990485072135925, 0.4378490149974823]",[0.44],"[0.0, 0.0, -9.81]","[89.35393524169922, 123.25830841064453, 173.83409118652344, 257.41156005859375]"
4.3531513214111,"[22.789445877075195, 7.780943393707275, 0.6210899353027344]","[22.789445877075195, 7.780943393707275, 0.6210899353027344]","[0.0, 0.0, 0.0]","[0.0, 0.0, 0.0]","[0.0, 0.0, 0.8990485072135925, 0.4378490149974823]","[[-0.6165764366459783, -0.7872950066368567, 0.0], [0.7872950066368567, -0.6165764366459783, 0.0], [0.0, 0.0, 1.0]]","[0.0, 0.0, 0.0]",[0.0],"[0.0, 0.0, 0.8990485072135925, 0.4378490149974823]",[0.44],"[0.0, 0.0, -9.81]","[89.35382080078125, 123.25823211669922, 173.8341522216797, 257.4115905761719]"
4.3841528892517,"[22.789445877075195, 7.780943393707275, 0.6210899353027344]","[22.789445877075195, 7.780943393707275, 0.6210899353027344]","[0.0, 0.0, 0.0]","[0.0, 0.0, 0.0]","[0.0, 0.0, 0.8990485072135925, 0.4378490149974823]","[[-0.6165764366459783, -0.7872950066368567, 0.0], [0.7872950066368567, -0.6165764366459783, 0.0], [0.0, 0.0, 1.0]]","[0.0, 0.0, 0.0]",[0.0],"[0.0, 0.0, 0.8990485072135925, 0.4378490149974823]",[0.44],"[0.0, 0.0, -9.81]","[89.35382080078125, 123.25823211669922, 173.8341522216797, 257.4115905761719]"
4.4151530265808,"[22.789445877075195, 7.780943393707275, 0.6210899353027344]","[22.789445877075195, 7.780943393707275, 0.6210899353027344]","[0.0, 0.0, 0.0]","[0.0, 0.0, 0.0]","[0.0, 0.0, 0.8990485072135925, 0.4378490149974823]","[[-0.6165764366459783, -0.7872950066368567, 0.0], [0.7872950066368567, -0.6165764366459783, 0.0], [0.0, 0.0, 1.0]]","[0.0, 0.0, 0.0]",[0.0],"[0.0, 0.0, 0.8990485072135925, 0.4378490149974823]",[0.44],"[0.0, 0.0, -9.81]","[89.35382080078125, 123.25823211669922, 173.8341522216797, 257.4115905761719]"
4.447154045105,"[22.789445877075195, 7.780943393707275, 0.6210899353027344]","[22.789445877075195, 7.780943393707275, 0.6210899353027344]","[0.0, 0.0, 0.0]","[0.0, 0.0, 0.0]","[0.0, 0.0, 0.8990485072135925, 0.4378490149974823]","[[-0.6165764366459783, -0.7872950066368567, 0.0], [0.7872950066368567, -0.6165764366459783, 0.0], [0.0, 0.0, 1.0]]","[0.0, 0.0, 0.0]",[0.0],"[0.0, 0.0, 0.8990485072135925, 0.4378490149974823]",[0.44],"[0.0, 0.0, -9.81]","[89.35382080078125, 123.25823211669922, 173.8341522216797, 257.4115905761719]"
4.4781515598297,"[22.789445877075195, 7.780943393707275, 0.6210899353027344]","[22.789445877075195, 7.780943393707275, 0.6210899353027344]","[0.0, 0.0, 0.0]","[0.0, 0.0, 0.0]","[0.0, 0.0, 0.8990485072135925, 0.4378490149974823]","[[-0.6165764366459783, -0.7872950066368567, 0.0], [0.7872950066368567, -0.6165764366459783, 0.0], [0.0, 0.0, 1.0]]","[0.0, 0.0, 0.0]",[0.0],"[0.0, 0.0, 0.8990485072135925, 0.4378490149974823]",[0.44],"[0.0, 0.0, -9.81]","[89.35382080078125, 123.25823211669922, 173.8341522216797, 257.4115905761719]"
4.509152173996,"[22.789445877075195, 7.780943393707275, 0.6210899353027344]","[22.789445877075195, 7.780943393707275, 0.6210899353027344]","[0.0, 0.0, 0.0]","[0.0, 0.0, 0.0]","[0.0, 0.0, 0.8990485072135925, 0.4378490149974823]","[[-0.6165764366459783, -0.7872950066368567, 0.0], [0.7872950066368567, -0.6165764366459783, 0.0], [0.0, 0.0, 1.0]]","[0.0, 0.0, 0.0]",[0.0],"[0.0, 0.0, 0.8990485072135925, 0.4378490149974823]",[0.44],"[0.0, 0.0, -9.81]","[89.35382080078125, 123.25823211669922, 173.8341522216797, 257.4115905761719]"
4.5401546955109,"[22.789445877075195, 7.780943393707275, 0.6210899353027344]","[22.789445877075195, 7.780943393707275, 0.6210899353027344]","[0.0, 0.0, 0.0]","[0.0, 0.0, 0.0]","[0.0, 0.0, 0.8990485072135925, 0.4378490149974823]","[[-0.6165764366459783, -0.7872950066368567, 0.0], [0.7872950066368567, -0.6165764366459783, 0.0], [0.0, 0.0, 1.0]]","[0.0, 0.0, 0.0]",[0.0],"[0.0, 0.0, 0.8990485072135925, 0.4378490149974823]",[0.44],"[0.0, 0.0, -9.81]","[89.35382080078125, 123.25823211669922, 173.8341522216797, 257.4115905761719]"
4.5711531639099,"[22.789445877075195, 7.780943393707275, 0.6210899353027344]","[22.789445877075195, 7.780943393707275, 0.6210899353027344]","[0.0, 0.0, 0.0]","[0.0, 0.0, 0.0]","[0.0, 0.0, 0.8990485072135925, 0.4378490149974823]","[[-0.6165764366459783, -0.7872950066368567, 0.0], [0.7872950066368567, -0.6165764366459783, 0.0], [0.0, 0.0, 1.0]]","[0.0, 0.0, 0.0]",[0.0],"[0.0, 0.0, 0.8990485072135925, 0.4378490149974823]",[0.44],"[0.0, 0.0, -9.81]","[97.84777069091797, 129.54794311523438, 169.19879150390625, 254.3042449951172]"
4.6012983322144,"[22.789445877075195, 7.780943393707275, 0.6210899353027344]","[22.789445877075195, 7.780943393707275, 0.6210899353027344]","[0.0, 0.0, 0.0]","[0.0, 0.0, 0.0]","[0.0, 0.0, 0.8990485072135925, 0.4378490149974823]","[[-0.6165764366459783, -0.7872950066368567, 0.0], [0.7872950066368567, -0.6165764366459783, 0.0], [0.0, 0.0, 1.0]]","[0.0, 0.0, 0.0]",[0.0],"[0.0, 0.0, 0.8990485072135925, 0.4378490149974823]",[0.44],"[0.0, 0.0, -9.81]","[176.6369171142578, 195.9823455810547, 189.9681854248047, 268.5708923339844]"
4.6322999000549,"[22.789445877075195, 7.780943393707275, 0.6210899353027344]","[22.789445877075195, 7.780943393707275, 0.6210899353027344]","[0.0, 0.0, 0.0]","[0.0, 0.0, 0.0]","[0.0, 0.0, 0.8990485072135925, 0.4378490149974823]","[[-0.6165764366459783, -0.7872950066368567, 0.0], [0.7872950066368567, -0.6165764366459783, 0.0], [0.0, 0.0, 1.0]]","[0.0, 0.0, 0.0]",[0.0],"[0.0, 0.0, 0.8990485072135925, 0.4378490149974823]",[0.44],"[0.0, 0.0, -9.81]","[309.2284851074219, 320.67230224609375, 296.83380126953125, 352.3531494140625]"
4.6643004417419,"[22.789445877075195, 7.780943393707275, 0.6210899353027344]","[22.789445877075195, 7.780943393707275, 0.6210899353027344]","[0.0, 0.0, 0.0]","[0.0, 0.0, 0.0]","[0.0, 0.0, 0.8990485072135925, 0.4378490149974823]","[[-0.6165764366459783, -0.7872950066368567, 0.0], [0.7872950066368567, -0.6165764366459783, 0.0], [0.0, 0.0, 1.0]]","[0.0, 0.0, 0.0]",[0.0],"[0.0, 0.0, 0.8990485072135925, 0.4378490149974823]",[0.44],"[0.0, 0.0, -9.81]","[455.19915771484375, 463.0494384765625, 460.32574462890625, 497.9380187988281]"
4.695298910141,"[22.789445877075195, 7.780943393707275, 0.6210899353027344]","[22.789445877075195, 7.780943393707275, 0.6210899353027344]","[0.0, 0.0, 0.0]","[0.0, 0.0, 0.0]","[0.0, 0.0, 0.8990485072135925, 0.4378490149974823]","[[-0.6165764366459783, -0.7872950066368567, 0.0], [0.7872950066368567, -0.6165764366459783, 0.0], [0.0, 0.0, 1.0]]","[0.0, 0.0, 0.0]",[0.0],"[0.0, 0.0, 0.8990485072135925, 0.4378490149974823]",[0.44],"[0.0, 0.0, -9.81]","[455.6805725097656, 463.522705078125, 460.7150573730469, 498.29791259765625]"
4.7263023853302,"[22.789445877075195, 7.780943393707275, 0.6210899353027344]","[22.789445877075195, 7.780943393707275, 0.6210899353027344]","[0.0, 0.0, 0.0]","[0.0, 0.0, 0.0]","[0.0, 0.0, 0.8990485072135925, 0.4378490149974823]","[[-0.6165764366459783, -0.7872950066368567, 0.0], [0.7872950066368567, -0.6165764366459783, 0.0], [0.0, 0.0, 1.0]]","[0.0, 0.0, 0.0]",[0.0],"[0.0, 0.0, 0.8990485072135925, 0.4378490149974823]",[0.44],"[0.0, 0.0, -9.81]","[455.6805725097656, 463.522705078125, 460.7150573730469, 498.29791259765625]"
4.7573001384735,"[22.789445877075195, 7.780943393707275, 0.6210899353027344]","[22.789445877075195, 7.780943393707275, 0.6210899353027344]","[0.0, 0.0, 0.0]","[0.0, 0.0, 0.0]","[0.0, 0.0, 0.8990485072135925, 0.4378490149974823]","[[-0.6165764366459783, -0.7872950066368567, 0.0], [0.7872950066368567, -0.6165764366459783, 0.0], [0.0, 0.0, 1.0]]","[0.0, 0.0, 0.0]",[0.0],"[0.0, 0.0, 0.8990485072135925, 0.4378490149974823]",[0.44],"[0.0, 0.0, -9.81]","[455.6805725097656, 463.522705078125, 460.7150573730469, 498.29791259765625]"
4.787326335907,"[22.789445877075195, 7.780943393707275, 0.6210899353027344]","[22.789445877075195, 7.780943393707275, 0.6210899353027344]","[0.0, 0.0, 0.0]","[0.0, 0.0, 0.0]","[0.0, 0.0, 0.8990485072135925, 0.4378490149974823]","[[-0.6165764366459783, -0.7872950066368567, 0.0], [0.7872950066368567, -0.6165764366459783, 0.0], [0.0, 0.0, 1.0]]","[0.0, 0.0, 0.0]",[0.0],"[0.0, 0.0, 0.8990485072135925, 0.4378490149974823]",[0.44],"[0.0, 0.0, -9.81]","[455.6805725097656, 463.522705078125, 460.7150573730469, 498.29791259765625]"
4.8173832893372,"[22.789445877075195, 7.780943393707275, 0.6210899353027344]","[22.789445877075195, 7.780943393707275, 0.6210899353027344]","[0.0, 0.0, 0.0]","[0.0, 0.0, 0.0]","[0.0, 0.0, 0.8990485072135925, 0.4378490149974823]","[[-0.6165764366459783, -0.7872950066368567, 0.0], [0.7872950066368567, -0.6165764366459783, 0.0], [0.0, 0.0, 1.0]]","[0.0, 0.0, 0.0]",[0.0],"[0.0, 0.0, 0.8990485072135925, 0.4378490149974823]",[0.44],"[0.0, 0.0, -9.81]","[455.6805725097656, 463.522705078125, 460.7150573730469, 498.29791259765625]"
4.8484880924225,"[22.789445877075195, 7.780943393707275, 0.6210899353027344]","[22.789445877075195, 7.780943393707275, 0.6210899353027344]","[0.0, 0.0, 0.0]","[0.0, 0.0, 0.0]","[0.0, 0.0, 0.8990485072135925, 0.4378490149974823]","[[-0.6165764366459783, -0.7872950066368567, 0.0], [0.7872950066368567, -0.6165764366459783, 0.0], [0.0, 0.0, 1.0]]","[0.0, 0.0, 0.0]",[0.0],"[0.0, 0.0, 0.8990485072135925, 0.4378490149974823]",[0.44],"[0.0, 0.0, -9.81]","[455.6805725097656, 463.522705078125, 460.7150573730469, 498.29791259765625]"
4.8791215419769,"[22.789445877075195, 7.780943393707275, 0.6210899353027344]","[22.789445877075195, 7.780943393707275, 0.6210899353027344]","[0.0, 0.0, 0.0]","[0.0, 0.0, 0.0]","[0.0, 0.0, 0.8990485072135925, 0.4378490149974823]","[[-0.6165764366459783, -0.7872950066368567, 0.0], [0.7872950066368567, -0.6165764366459783, 0.0], [0.0, 0.0, 1.0]]","[0.0, 0.0, 0.0]",[0.0],"[0.0, 0.0, 0.8990485072135925, 0.4378490149974823]",[0.44],"[0.0, 0.0, -9.81]","[455.6805725097656, 463.522705078125, 460.7150573730469, 498.29791259765625]"
4.9100301265717,"[22.789445877075195, 7.780943393707275, 0.6210899353027344]","[22.789445877075195, 7.780943393707275, 0.6210899353027344]","[0.0, 0.0, 0.0]","[0.0, 0.0, 0.0]","[0.0, 0.0, 0.8990485072135925, 0.4378490149974823]","[[-0.6165764366459783, -0.7872950066368567, 0.0], [0.7872950066368567, -0.6165764366459783, 0.0], [0.0, 0.0, 1.0]]","[0.0, 0.0, 0.0]",[0.0],"[0.0, 0.0, 0.8990485072135925, 0.4378490149974823]",[0.44],"[0.0, 0.0, -9.81]","[455.6805725097656, 463.522705078125, 460.7150573730469, 498.29791259765625]"
4.9410700798035,"[22.789445877075195, 7.780943393707275, 0.6210899353027344]","[22.789445877075195, 7.780943393707275, 0.6210899353027344]","[0.0, 0.0, 0.0]","[0.0, 0.0, 0.0]","[0.0, 0.0, 0.8990485072135925, 0.4378490149974823]","[[-0.6165764366459783, -0.7872950066368567, 0.0], [0.7872950066368567, -0.6165764366459783, 0.0], [0.0, 0.0, 1.0]]","[0.0, 0.0, 0.0]",[0.0],"[0.0, 0.0, 0.8990485072135925, 0.4378490149974823]",[0.44],"[0.0, 0.0, -9.81]","[455.6805725097656, 463.522705078125, 460.7150573730469, 498.29791259765625]"
4.9720320701599,"[22.789445877075195, 7.780943393707275, 0.6210899353027344]","[22.789445877075195, 7.780943393707275, 0.6210899353027344]","[0.0, 0.0, 0.0]","[0.0, 0.0, 0.0]","[0.0, 0.0, 0.8990485072135925, 0.4378490149974823]","[[-0.6165764366459783, -0.7872950066368567, 0.0], [0.7872950066368567, -0.6165764366459783, 0.0], [0.0, 0.0, 1.0]]","[0.0, 0.0, 0.0]",[0.0],"[0.0, 0.0, 0.8990485072135925, 0.4378490149974823]",[0.44],"[0.0, 0.0, -9.81]","[455.6805725097656, 463.522705078125, 460.7150573730469, 498.29791259765625]"
5.0036852359772,"[22.789445877075195, 7.780943393707275, 0.6210899353027344]","[22.789445877075195, 7.780943393707275, 0.6210899353027344]","[0.0, 0.0, 0.0]","[0.0, 0.0, 0.0]","[0.0, 0.0, 0.8990485072135925, 0.4378490149974823]","[[-0.6165764366459783, -0.7872950066368567, 0.0], [0.7872950066368567, -0.6165764366459783, 0.0], [0.0, 0.0, 1.0]]","[0.0, 0.0, 0.0]",[0.0],"[0.0, 0.0, 0.8990485072135925, 0.4378490149974823]",[0.44],"[0.0, 0.0, -9.81]","[455.6805725097656, 463.522705078125, 460.7150573730469, 498.29791259765625]"
5.0348935127258,"[22.789445877075195, 7.780943393707275, 0.6210899353027344]","[22.789445877075195, 7.780943393707275, 0.6210899353027344]","[0.0, 0.0, 0.0]","[0.0, 0.0, 0.0]","[0.0, 0.0, 0.8990485072135925, 0.4378490149974823]","[[-0.6165764366459783, -0.7872950066368567, 0.0], [0.7872950066368567, -0.6165764366459783, 0.0], [0.0, 0.0, 1.0]]","[0.0, 0.0, 0.0]",[0.0],"[0.0, 0.0, 0.8990485072135925, 0.4378490149974823]",[0.44],"[0.0, 0.0, -9.81]","[456.4539489746094, 464.2829895019531, 459.95001220703125, 497.5906677246094]"
5.0659284591675,"[22.789445877075195, 7.780943393707275, 0.6210899353027344]","[22.789445877075195, 7.780943393707275, 0.6210899353027344]","[0.0, 0.0, 0.0]","[0.0, 0.0, 0.0]","[0.0, 0.0, 0.8990485072135925, 0.4378490149974823]","[[-0.6165764366459783, -0.7872950066368567, 0.0], [0.7872950066368567, -0.6165764366459783, 0.0], [0.0, 0.0, 1.0]]","[0.0, 0.0, 0.0]",[0.0],"[0.0, 0.0, 0.8990485072135925, 0.4378490149974823]",[0.44],"[0.0, 0.0, -9.81]","[456.4539489746094, 464.2829895019531, 459.95001220703125, 497.5906677246094]"
5.096893787384,"[22.789445877075195, 7.780943393707275, 0.6210899353027344]","[22.789445877075195, 7.780943393707275, 0.6210899353027344]","[0.0, 0.0, 0.0]","[0.0, 0.0, 0.0]","[0.0, 0.0, 0.8990485072135925, 0.4378490149974823]","[[-0.6165764366459783, -0.7872950066368567, 0.0], [0.7872950066368567, -0.6165764366459783, 0.0], [0.0, 0.0, 1.0]]","[0.0, 0.0, 0.0]",[0.0],"[0.0, 0.0, 0.8990485072135925, 0.4378490149974823]",[0.44],"[0.0, 0.0, -9.81]","[456.4539489746094, 464.2829895019531, 459.95001220703125, 497.5906677246094]"
5.1278946399689,"[22.789445877075195, 7.780943393707275, 0.6210899353027344]","[22.789445877075195, 7.780943393707275, 0.6210899353027344]","[0.0, 0.0, 0.0]","[0.0, 0.0, 0.0]","[0.0, 0.0, 0.8990485072135925, 0.4378490149974823]","[[-0.6165764366459783, -0.7872950066368567, 0.0], [0.7872950066368567, -0.6165764366459783, 0.0], [0.0, 0.0, 1.0]]","[0.0, 0.0, 0.0]",[0.0],"[0.0, 0.0, 0.8990485072135925, 0.4378490149974823]",[0.44],"[0.0, 0.0, -9.81]","[456.4539489746094, 464.2829895019531, 459.95001220703125, 497.5906677246094]"
5.1588666439056,"[22.789445877075195, 7.780943393707275, 0.6210899353027344]","[22.789445877075195, 7.780943393707275, 0.6210899353027344]","[0.0, 0.0, 0.0]","[0.0, 0.0, 0.0]","[0.0, 0.0, 0.8990485072135925, 0.4378490149974823]","[[-0.6165764366459783, -0.7872950066368567, 0.0], [0.7872950066368567, -0.6165764366459783, 0.0], [0.0, 0.0, 1.0]]","[0.0, 0.0, 0.0]",[0.0],"[0.0, 0.0, 0.8990485072135925, 0.4378490149974823]",[0.44],"[0.0, 0.0, -9.81]","[456.4539489746094, 464.2829895019531, 459.95001220703125, 497.5906677246094]"
5.1908922195435,"[22.789445877075195, 7.780943393707275, 0.6210899353027344]","[22.789445877075195, 7.780943393707275, 0.6210899353027344]","[0.0, 0.0, 0.0]","[0.0, 0.0, 0.0]","[0.0, 0.0, 0.8990485072135925, 0.4378490149974823]","[[-0.6165764366459783, -0.7872950066368567, 0.0], [0.7872950066368567, -0.6165764366459783, 0.0], [0.0, 0.0, 1.0]]","[0.0, 0.0, 0.0]",[0.0],"[0.0, 0.0, 0.8990485072135925, 0.4378490149974823]",[0.44],"[0.0, 0.0, -9.81]","[456.4539489746094, 464.2829895019531, 459.95001220703125, 497.5906677246094]"
5.2222292423248,"[22.789445877075195, 7.780943393707275, 0.6210899353027344]","[22.789445877075195, 7.780943393707275, 0.6210899353027344]","[0.0, 0.0, 0.0]","[0.0, 0.0, 0.0]","[0.0, 0.0, 0.8990485072135925, 0.4378490149974823]","[[-0.6165764366459783, -0.7872950066368567, 0.0], [0.7872950066368567, -0.6165764366459783, 0.0], [0.0, 0.0, 1.0]]","[0.0, 0.0, 0.0]",[0.0],"[0.0, 0.0, 0.8990485072135925, 0.4378490149974823]",[0.44],"[0.0, 0.0, -9.81]","[456.4539489746094, 464.2829895019531, 459.95001220703125, 497.5906677246094]"
5.2531979084015,"[22.789445877075195, 7.780943393707275, 0.6210899353027344]","[22.789445877075195, 7.780943393707275, 0.6210899353027344]","[0.0, 0.0, 0.0]","[0.0, 0.0, 0.0]","[0.0, 0.0, 0.8990485072135925, 0.4378490149974823]","[[-0.6165764366459783, -0.7872950066368567, 0.0], [0.7872950066368567, -0.6165764366459783, 0.0], [0.0, 0.0, 1.0]]","[0.0, 0.0, 0.0]",[0.0],"[0.0, 0.0, 0.8990485072135925, 0.4378490149974823]",[0.44],"[0.0, 0.0, -9.81]","[456.4539489746094, 464.2829895019531, 459.95001220703125, 497.5906677246094]"
5.2841980457306,"[22.789445877075195, 7.780943393707275, 0.6210899353027344]","[22.789445877075195, 7.780943393707275, 0.6210899353027344]","[0.0, 0.0, 0.0]","[0.0, 0.0, 0.0]","[0.0, 0.0, 0.8990485072135925, 0.4378490149974823]","[[-0.6165764366459783, -0.7872950066368567, 0.0], [0.7872950066368567, -0.6165764366459783, 0.0], [0.0, 0.0, 1.0]]","[0.0, 0.0, 0.0]",[0.0],"[0.0, 0.0, 0.8990485072135925, 0.4378490149974823]",[0.44],"[0.0, 0.0, -9.81]","[456.4539489746094, 464.2829895019531, 459.95001220703125, 497.5906677246094]"
5.3152017593384,"[22.789445877075195, 7.780943393707275, 0.6210899353027344]","[22.789445877075195, 7.780943393707275, 0.6210899353027344]","[0.0, 0.0, 0.0]","[0.0, 0.0, 0.0]","[0.0, 0.0, 0.8990485072135925, 0.4378490149974823]","[[-0.6165764366459783, -0.7872950066368567, 0.0], [0.7872950066368567, -0.6165764366459783, 0.0], [0.0, 0.0, 1.0]]","[0.0, 0.0, 0.0]",[0.0],"[0.0, 0.0, 0.8990485072135925, 0.4378490149974823]",[0.44],"[0.0, 0.0, -9.81]","[456.4539489746094, 464.2829895019531, 459.95001220703125, 497.5906677246094]"
5.3467960357666,"[22.789445877075195, 7.780943393707275, 0.6210899353027344]","[22.789445877075195, 7.780943393707275, 0.6210899353027344]","[0.0, 0.0, 0.0]","[0.0, 0.0, 0.0]","[0.0, 0.0, 0.8990485072135925, 0.4378490149974823]","[[-0.6165764366459783, -0.7872950066368567, 0.0], [0.7872950066368567, -0.6165764366459783, 0.0], [0.0, 0.0, 1.0]]","[0.0, 0.0, 0.0]",[0.0],"[0.0, 0.0, 0.8990485072135925, 0.4378490149974823]",[0.44],"[0.0, 0.0, -9.81]","[456.4539489746094, 464.2829895019531, 459.95001220703125, 497.5906677246094]"
5.3777706623077,"[22.789445877075195, 7.780943393707275, 0.6210899353027344]","[22.789445877075195, 7.780943393707275, 0.6210899353027344]","[0.0, 0.0, 0.0]","[0.0, 0.0, 0.0]","[0.0, 0.0, 0.8990485072135925, 0.4378490149974823]","[[-0.6165764366459783, -0.7872950066368567, 0.0], [0.7872950066368567, -0.6165764366459783, 0.0], [0.0, 0.0, 1.0]]","[0.0, 0.0, 0.0]",[0.0],"[0.0, 0.0, 0.8990485072135925, 0.4378490149974823]",[0.44],"[0.0, 0.0, -9.81]","[473.6607360839844, 473.6607360839844, 473.6607360839844, 473.6607971191406]"
